2026-05-08 17:23:56,125 [INFO] Activator:176 - 


2026-05-08 17:23:56,131 [INFO] Activator:177 - !SESSION log4j initialized
2026-05-08 17:24:04,751 [INFO] LogOutputStream:77 - [STDOUT_REDIRECT] 
2026-05-08 17:24:07,689 [INFO] ApplicationProperties:184 - Using Application install path: C:\ST\STM32CubeIDE_1.13.0\STM32CubeIDE\plugins\com.st.stm32cube.common.mx_6.9.0.202307051724
2026-05-08 17:24:07,723 [INFO] DbMcusXml:78 - Set database path to: C:\ST\STM32CubeIDE_1.13.0\STM32CubeIDE\plugins\com.st.stm32cube.common.mx_6.9.0.202307051724\\db\/mcu/
2026-05-08 17:24:07,723 [INFO] ApiDb:274 - Set plugin database path to: C:\ST\STM32CubeIDE_1.13.0\STM32CubeIDE\plugins\com.st.stm32cube.common.mx_6.9.0.202307051724\\db\/plugins/boardmanager/
2026-05-08 17:24:07,724 [WARN] ApiDb:259 - Overriding images path with different value:  => C:\ST\STM32CubeIDE_1.13.0\STM32CubeIDE\plugins\com.st.stm32cube.common.mx_6.9.0.202307051724\\db\/plugins/mcufinder/images/
2026-05-08 17:24:07,747 [INFO] ApiDb:250 - Set database path to: C:\Users\James Kennedy\.stmcufinder\plugins\mcufinder//mcu/
2026-05-08 17:24:07,748 [INFO] DbMcusAds:125 - Set database path to: C:\Users\James Kennedy\.stmcufinder\plugins\mcufinder//mcu/
2026-05-08 17:24:07,750 [INFO] CrossReferenceDbSqlite:203 - Set database path to: C:\Users\James Kennedy\.stmcufinder\plugins\mcufinder//mcu/cs/
2026-05-08 17:24:07,911 [INFO] RulesReader:64 - Compatibility file has been processed (293 Rules)
2026-05-08 17:24:08,041 [INFO] DbMcusXml:78 - Set database path to: C:\ST\STM32CubeIDE_1.13.0\STM32CubeIDE\plugins\com.st.stm32cube.common.mx_6.9.0.202307051724\\db\/mcu/
2026-05-08 17:24:08,041 [INFO] ApiDb:274 - Set plugin database path to: C:\ST\STM32CubeIDE_1.13.0\STM32CubeIDE\plugins\com.st.stm32cube.common.mx_6.9.0.202307051724\\db\/plugins/boardmanager/
2026-05-08 17:24:08,042 [INFO] ApiDb:261 - Set plugin images path to: C:\ST\STM32CubeIDE_1.13.0\STM32CubeIDE\plugins\com.st.stm32cube.common.mx_6.9.0.202307051724\\db\/plugins/mcufinder/images/
2026-05-08 17:24:08,042 [WARN] DbFile:41 - Overriding database path with different value: C:\Users\James Kennedy\.stmcufinder\plugins\mcufinder/ => C:\Users\James Kennedy\.stmcufinder\plugins\mcufinder
2026-05-08 17:24:08,042 [INFO] ApiDb:250 - Set database path to: C:\Users\James Kennedy\.stmcufinder\plugins\mcufinder//mcu/
2026-05-08 17:24:08,042 [WARN] DbFile:41 - Overriding database path with different value: C:\Users\James Kennedy\.stmcufinder\plugins\mcufinder/ => C:\Users\James Kennedy\.stmcufinder\plugins\mcufinder
2026-05-08 17:24:08,043 [INFO] DbMcusAds:125 - Set database path to: C:\Users\James Kennedy\.stmcufinder\plugins\mcufinder//mcu/
2026-05-08 17:24:08,043 [WARN] DbFile:41 - Overriding database path with different value: C:\Users\James Kennedy\.stmcufinder\plugins\mcufinder/ => C:\Users\James Kennedy\.stmcufinder\plugins\mcufinder
2026-05-08 17:24:08,043 [WARN] DbFile:41 - Overriding database path with different value: C:\Users\James Kennedy\.stmcufinder\plugins\mcufinder/ => C:\Users\James Kennedy\.stmcufinder\plugins\mcufinder
2026-05-08 17:24:08,043 [INFO] CrossReferenceDbSqlite:203 - Set database path to: C:\Users\James Kennedy\.stmcufinder\plugins\mcufinder//mcu/cs/
2026-05-08 17:24:08,165 [INFO] MainPanel:262 - HeapMemory: 268435456
2026-05-08 17:24:08,315 [INFO] DbMcusXml:78 - Set database path to: C:\ST\STM32CubeIDE_1.13.0\STM32CubeIDE\plugins\com.st.stm32cube.common.mx_6.9.0.202307051724\\db\/mcu/
2026-05-08 17:24:08,315 [INFO] ApiDb:274 - Set plugin database path to: C:\ST\STM32CubeIDE_1.13.0\STM32CubeIDE\plugins\com.st.stm32cube.common.mx_6.9.0.202307051724\\db\/plugins/boardmanager/
2026-05-08 17:24:08,316 [INFO] ApiDb:261 - Set plugin images path to: C:\ST\STM32CubeIDE_1.13.0\STM32CubeIDE\plugins\com.st.stm32cube.common.mx_6.9.0.202307051724\\db\/plugins/mcufinder/images/
2026-05-08 17:24:08,316 [WARN] DbFile:41 - Overriding database path with different value: C:\Users\James Kennedy\.stmcufinder\plugins\mcufinder/ => C:\Users\James Kennedy\.stmcufinder\plugins\mcufinder
2026-05-08 17:24:08,317 [INFO] ApiDb:250 - Set database path to: C:\Users\James Kennedy\.stmcufinder\plugins\mcufinder//mcu/
2026-05-08 17:24:08,317 [WARN] DbFile:41 - Overriding database path with different value: C:\Users\James Kennedy\.stmcufinder\plugins\mcufinder/ => C:\Users\James Kennedy\.stmcufinder\plugins\mcufinder
2026-05-08 17:24:08,317 [INFO] DbMcusAds:125 - Set database path to: C:\Users\James Kennedy\.stmcufinder\plugins\mcufinder//mcu/
2026-05-08 17:24:08,317 [WARN] DbFile:41 - Overriding database path with different value: C:\Users\James Kennedy\.stmcufinder\plugins\mcufinder/ => C:\Users\James Kennedy\.stmcufinder\plugins\mcufinder
2026-05-08 17:24:08,317 [WARN] DbFile:41 - Overriding database path with different value: C:\Users\James Kennedy\.stmcufinder\plugins\mcufinder/ => C:\Users\James Kennedy\.stmcufinder\plugins\mcufinder
2026-05-08 17:24:08,317 [INFO] CrossReferenceDbSqlite:203 - Set database path to: C:\Users\James Kennedy\.stmcufinder\plugins\mcufinder//mcu/cs/
2026-05-08 17:24:08,339 [INFO] ApplicationProperties:184 - Using Application install path: C:\ST\STM32CubeIDE_1.13.0\STM32CubeIDE\plugins\com.st.stm32cube.common.mx_6.9.0.202307051724
2026-05-08 17:24:08,340 [INFO] PluginManage:196 - Search for loadable plugins [exclusion list=, ]
2026-05-08 17:24:08,342 [INFO] PluginManage:310 - Check plugin analytics
2026-05-08 17:24:08,575 [INFO] AnalyticsPlugin:253 - Accepted Software Licenses: STM32CubeMX.6.16.1
2026-05-08 17:24:08,576 [INFO] AnalyticsPlugin:255 - Accepted CMSIS Pack Licenses: 
2026-05-08 17:24:08,576 [INFO] AnalyticsPlugin:257 - Accepted Firmware Licenses: 
2026-05-08 17:24:08,583 [INFO] PluginManage:359 - Loaded plugin analytics (category:tool,tabindex:-1)
2026-05-08 17:24:08,585 [INFO] PluginManage:310 - Check plugin cadmodel
2026-05-08 17:24:08,610 [INFO] CADModel:105 - Init CAD model plugin
2026-05-08 17:24:08,610 [INFO] PluginManage:359 - Loaded plugin cadmodel (category:power,tabindex:5)
2026-05-08 17:24:08,610 [INFO] PluginManage:310 - Check plugin clock
2026-05-08 17:24:08,634 [INFO] PluginManage:359 - Loaded plugin clock (category:base,tabindex:2)
2026-05-08 17:24:08,634 [INFO] PluginManage:310 - Check plugin ddr
2026-05-08 17:24:08,637 [INFO] PluginManage:359 - Loaded plugin ddr (category:tool,tabindex:6)
2026-05-08 17:24:08,637 [INFO] PluginManage:310 - Check plugin filemanager
2026-05-08 17:24:08,808 [INFO] PluginManage:359 - Loaded plugin filemanager (category:base,tabindex:10)
2026-05-08 17:24:08,808 [INFO] PluginManage:310 - Check plugin ipmanager
2026-05-08 17:24:08,817 [INFO] PluginManage:359 - Loaded plugin ipmanager (category:base,tabindex:5)
2026-05-08 17:24:08,817 [INFO] PluginManage:310 - Check plugin lpbam
2026-05-08 17:24:08,840 [INFO] PluginManage:359 - Loaded plugin lpbam (category:base,tabindex:0)
2026-05-08 17:24:08,840 [INFO] PluginManage:310 - Check plugin memorymap
2026-05-08 17:24:08,875 [INFO] PluginManage:359 - Loaded plugin memorymap (category:base,tabindex:4)
2026-05-08 17:24:08,876 [INFO] PluginManage:310 - Check plugin pinoutandconfiguration
2026-05-08 17:24:08,895 [INFO] PluginManage:359 - Loaded plugin pinoutandconfiguration (category:base,tabindex:1)
2026-05-08 17:24:08,895 [INFO] PluginManage:310 - Check plugin pinoutconfig
2026-05-08 17:24:09,156 [WARN] SupportedApi:132 - Cannot load RTOS API schema: s4s-elt-must-match.1: The content of 'definitions' must match (annotation?, (simpleType | complexType)?, (unique | key | keyref)*)). A problem was found starting at: attribute.
2026-05-08 17:24:09,362 [INFO] PluginManage:359 - Loaded plugin pinoutconfig (category:base,tabindex:0)
2026-05-08 17:24:09,362 [INFO] PluginManage:310 - Check plugin power
2026-05-08 17:24:09,402 [INFO] PluginManage:359 - Loaded plugin power (category:power,tabindex:4)
2026-05-08 17:24:09,402 [INFO] PluginManage:310 - Check plugin projectmanager
2026-05-08 17:24:09,428 [INFO] PluginManage:359 - Loaded plugin projectmanager (category:projectmanager,tabindex:3)
2026-05-08 17:24:09,429 [INFO] PluginManage:310 - Check plugin thirdparty
2026-05-08 17:24:09,852 [WARN] IntegrityCheckThread:84 - waiting for thirdparty lock release [integrity check]
2026-05-08 17:24:09,852 [INFO] IntegrityCheckThread:86 - entering critical section [integrity check]
2026-05-08 17:24:09,854 [INFO] ThirdPartyUpdaterWithRetryManager:70 - Updater plugin not ready yet. [1/15]
2026-05-08 17:24:09,855 [INFO] PluginManage:359 - Loaded plugin thirdparty (category:base,tabindex:-1)
2026-05-08 17:24:09,855 [INFO] PluginManage:310 - Check plugin tools
2026-05-08 17:24:09,898 [INFO] PluginManage:359 - Loaded plugin tools (category:base,tabindex:7)
2026-05-08 17:24:09,898 [INFO] PluginManage:310 - Check plugin tutovideos
2026-05-08 17:24:10,138 [INFO] PluginManage:359 - Loaded plugin tutovideos (category:base,tabindex:-1)
2026-05-08 17:24:10,138 [INFO] PluginManage:310 - Check plugin updater
2026-05-08 17:24:10,156 [INFO] PluginManage:359 - Loaded plugin updater (category:base,tabindex:12)
2026-05-08 17:24:10,156 [INFO] PluginManage:310 - Check plugin userauth
2026-05-08 17:24:10,164 [INFO] UserAuth:113 - Init User Auth plugin
2026-05-08 17:24:10,164 [INFO] PluginManage:359 - Loaded plugin userauth (category:base,tabindex:14)
2026-05-08 17:24:10,167 [INFO] PluginManage:283 - PluginManage : Loaded plugins [17]
2026-05-08 17:24:10,445 [INFO] PinOutPanel:1499 - setPackage(No Configuration,No Configuration)
2026-05-08 17:24:10,590 [INFO] CADModel:165 - CPN selected for project level
2026-05-08 17:24:10,590 [INFO] CADModel:114 - Register for checkConnection events
2026-05-08 17:24:10,626 [INFO] IPUIPlugin:80 - create IPUIPlugin
2026-05-08 17:24:10,626 [INFO] PluginManager:220 - loadIPPluginJar : add adc
2026-05-08 17:24:10,680 [INFO] IPUIPlugin:80 - create IPUIPlugin
2026-05-08 17:24:10,680 [INFO] PluginManager:220 - loadIPPluginJar : add aes
2026-05-08 17:24:10,732 [INFO] IPUIPlugin:80 - create IPUIPlugin
2026-05-08 17:24:10,732 [INFO] PluginManager:220 - loadIPPluginJar : add can
2026-05-08 17:24:10,761 [INFO] IPUIPlugin:80 - create IPUIPlugin
2026-05-08 17:24:10,761 [INFO] PluginManager:220 - loadIPPluginJar : add comp
2026-05-08 17:24:10,802 [INFO] IPUIPlugin:80 - create IPUIPlugin
2026-05-08 17:24:10,802 [INFO] PluginManager:220 - loadIPPluginJar : add cryp
2026-05-08 17:24:10,842 [INFO] IPUIPlugin:80 - create IPUIPlugin
2026-05-08 17:24:10,842 [INFO] PluginManager:220 - loadIPPluginJar : add dfsdm
2026-05-08 17:24:10,862 [INFO] IPUIPlugin:80 - create IPUIPlugin
2026-05-08 17:24:10,863 [INFO] PluginManager:220 - loadIPPluginJar : add dma
2026-05-08 17:24:10,916 [INFO] IPUIPlugin:80 - create IPUIPlugin
2026-05-08 17:24:10,917 [INFO] PluginManager:220 - loadIPPluginJar : add dma3
2026-05-08 17:24:10,942 [INFO] IPUIPlugin:80 - create IPUIPlugin
2026-05-08 17:24:10,942 [INFO] PluginManager:220 - loadIPPluginJar : add fatfs
2026-05-08 17:24:10,999 [INFO] IPUIPlugin:80 - create IPUIPlugin
2026-05-08 17:24:10,999 [INFO] PluginManager:220 - loadIPPluginJar : add fmc
2026-05-08 17:24:11,020 [INFO] IPUIPlugin:80 - create IPUIPlugin
2026-05-08 17:24:11,020 [INFO] PluginManager:220 - loadIPPluginJar : add freertos
2026-05-08 17:24:11,045 [INFO] IPUIPlugin:80 - create IPUIPlugin
2026-05-08 17:24:11,045 [INFO] PluginManager:220 - loadIPPluginJar : add genericplugin
2026-05-08 17:24:11,158 [INFO] IPUIPlugin:80 - create IPUIPlugin
2026-05-08 17:24:11,158 [INFO] PluginManager:220 - loadIPPluginJar : add gfxmmu
2026-05-08 17:24:11,304 [INFO] IPUIPlugin:80 - create IPUIPlugin
2026-05-08 17:24:11,305 [INFO] PluginManager:220 - loadIPPluginJar : add gic
2026-05-08 17:24:11,319 [INFO] IPUIPlugin:80 - create IPUIPlugin
2026-05-08 17:24:11,319 [INFO] PluginManager:220 - loadIPPluginJar : add gpio
2026-05-08 17:24:11,448 [INFO] IPUIPlugin:80 - create IPUIPlugin
2026-05-08 17:24:11,448 [INFO] PluginManager:220 - loadIPPluginJar : add gtzc
2026-05-08 17:24:11,485 [INFO] IPUIPlugin:80 - create IPUIPlugin
2026-05-08 17:24:11,485 [INFO] PluginManager:220 - loadIPPluginJar : add hash
2026-05-08 17:24:11,540 [INFO] IPUIPlugin:80 - create IPUIPlugin
2026-05-08 17:24:11,540 [INFO] PluginManager:220 - loadIPPluginJar : add i2c
2026-05-08 17:24:11,585 [INFO] IPUIPlugin:80 - create IPUIPlugin
2026-05-08 17:24:11,585 [INFO] PluginManager:220 - loadIPPluginJar : add i2s
2026-05-08 17:24:11,632 [INFO] IPUIPlugin:80 - create IPUIPlugin
2026-05-08 17:24:11,632 [INFO] PluginManager:220 - loadIPPluginJar : add i3c
2026-05-08 17:24:11,761 [INFO] IPUIPlugin:80 - create IPUIPlugin
2026-05-08 17:24:11,761 [INFO] PluginManager:220 - loadIPPluginJar : add ipddr
2026-05-08 17:24:11,864 [INFO] IPUIPlugin:80 - create IPUIPlugin
2026-05-08 17:24:11,864 [INFO] PluginManager:220 - loadIPPluginJar : add linkedlist
2026-05-08 17:24:11,904 [INFO] IPUIPlugin:80 - create IPUIPlugin
2026-05-08 17:24:11,904 [INFO] PluginManager:220 - loadIPPluginJar : add lorawan
2026-05-08 17:24:11,945 [INFO] IPUIPlugin:80 - create IPUIPlugin
2026-05-08 17:24:11,945 [INFO] PluginManager:220 - loadIPPluginJar : add ltdc
2026-05-08 17:24:11,963 [INFO] IPUIPlugin:80 - create IPUIPlugin
2026-05-08 17:24:11,963 [INFO] PluginManager:220 - loadIPPluginJar : add mdma
2026-05-08 17:24:11,978 [INFO] IPUIPlugin:80 - create IPUIPlugin
2026-05-08 17:24:11,978 [INFO] PluginManager:220 - loadIPPluginJar : add nvic
2026-05-08 17:24:12,022 [INFO] IPUIPlugin:80 - create IPUIPlugin
2026-05-08 17:24:12,023 [INFO] PluginManager:220 - loadIPPluginJar : add opamp
2026-05-08 17:24:12,098 [INFO] IPUIPlugin:80 - create IPUIPlugin
2026-05-08 17:24:12,099 [INFO] PluginManager:220 - loadIPPluginJar : add openamp
2026-05-08 17:24:12,153 [INFO] IPUIPlugin:80 - create IPUIPlugin
2026-05-08 17:24:12,153 [INFO] PluginManager:220 - loadIPPluginJar : add pdm2pcm
2026-05-08 17:24:12,170 [INFO] IPUIPlugin:80 - create IPUIPlugin
2026-05-08 17:24:12,172 [INFO] PluginManager:220 - loadIPPluginJar : add plateformsettings
2026-05-08 17:24:12,197 [INFO] IPUIPlugin:80 - create IPUIPlugin
2026-05-08 17:24:12,198 [INFO] PluginManager:220 - loadIPPluginJar : add quadspi
2026-05-08 17:24:12,212 [INFO] IPUIPlugin:80 - create IPUIPlugin
2026-05-08 17:24:12,212 [INFO] PluginManager:220 - loadIPPluginJar : add resmgrutility
2026-05-08 17:24:12,265 [INFO] IPUIPlugin:80 - create IPUIPlugin
2026-05-08 17:24:12,265 [INFO] PluginManager:220 - loadIPPluginJar : add sai
2026-05-08 17:24:12,309 [INFO] IPUIPlugin:80 - create IPUIPlugin
2026-05-08 17:24:12,309 [INFO] PluginManager:220 - loadIPPluginJar : add spi
2026-05-08 17:24:12,372 [INFO] IPUIPlugin:80 - create IPUIPlugin
2026-05-08 17:24:12,372 [INFO] PluginManager:220 - loadIPPluginJar : add stm32_wpan
2026-05-08 17:24:12,397 [INFO] IPUIPlugin:80 - create IPUIPlugin
2026-05-08 17:24:12,398 [INFO] PluginManager:220 - loadIPPluginJar : add tim
2026-05-08 17:24:12,452 [INFO] IPUIPlugin:80 - create IPUIPlugin
2026-05-08 17:24:12,452 [INFO] PluginManager:220 - loadIPPluginJar : add touchsensing
2026-05-08 17:24:12,477 [INFO] IPUIPlugin:80 - create IPUIPlugin
2026-05-08 17:24:12,477 [INFO] PluginManager:220 - loadIPPluginJar : add tracer_emb
2026-05-08 17:24:12,502 [INFO] IPUIPlugin:80 - create IPUIPlugin
2026-05-08 17:24:12,502 [INFO] PluginManager:220 - loadIPPluginJar : add ts
2026-05-08 17:24:12,525 [INFO] IPUIPlugin:80 - create IPUIPlugin
2026-05-08 17:24:12,526 [INFO] PluginManager:220 - loadIPPluginJar : add tsc
2026-05-08 17:24:12,549 [INFO] IPUIPlugin:80 - create IPUIPlugin
2026-05-08 17:24:12,549 [INFO] PluginManager:220 - loadIPPluginJar : add ucpd
2026-05-08 17:24:12,594 [INFO] IPUIPlugin:80 - create IPUIPlugin
2026-05-08 17:24:12,594 [INFO] PluginManager:220 - loadIPPluginJar : add usart
2026-05-08 17:24:12,648 [INFO] IPUIPlugin:80 - create IPUIPlugin
2026-05-08 17:24:12,649 [INFO] PluginManager:220 - loadIPPluginJar : add usbx
2026-05-08 17:24:12,802 [INFO] CADModel:165 - CPN selected for project level
2026-05-08 17:24:12,802 [INFO] CADModel:114 - Register for checkConnection events
2026-05-08 17:24:12,803 [FATAL] Updater:308 - Updater called before beeing initialized
2026-05-08 17:24:12,803 [ERROR] CADModel:125 - Updater not yet initialized, retry later 
2026-05-08 17:24:12,855 [INFO] ThirdPartyUpdaterWithRetryManager:70 - Updater plugin not ready yet. [2/15]
2026-05-08 17:24:13,039 [INFO] CADModel:165 - CPN selected for project level
2026-05-08 17:24:13,039 [INFO] CADModel:114 - Register for checkConnection events
2026-05-08 17:24:13,039 [FATAL] Updater:308 - Updater called before beeing initialized
2026-05-08 17:24:13,039 [ERROR] CADModel:125 - Updater not yet initialized, retry later 
2026-05-08 17:24:13,043 [FATAL] Updater:308 - Updater called before beeing initialized
2026-05-08 17:24:13,233 [FATAL] Updater:308 - Updater called before beeing initialized
2026-05-08 17:24:13,252 [INFO] DbMcusAds:53 - JSON generation date=Mon Apr 27 15:14:29 ICT 2026 (1777277669683)
2026-05-08 17:24:13,252 [FATAL] Updater:308 - Updater called before beeing initialized
2026-05-08 17:24:13,363 [WARN] DetailPanel:346 - Failed to get advertising image, set to default
2026-05-08 17:24:13,496 [FATAL] Updater:308 - Updater called before beeing initialized
2026-05-08 17:24:13,498 [FATAL] Updater:308 - Updater called before beeing initialized
2026-05-08 17:24:13,499 [FATAL] Updater:308 - Updater called before beeing initialized
2026-05-08 17:24:13,499 [WARN] DetailPanel:346 - Failed to get advertising image, set to default
2026-05-08 17:24:13,499 [FATAL] Updater:308 - Updater called before beeing initialized
2026-05-08 17:24:13,586 [ERROR] Updater:1120 - MainUpdater not yet initialized. External WinMGr cannot be set.
2026-05-08 17:24:13,603 [INFO] Updater:1056 - Updater Version found : 6.9.0
2026-05-08 17:24:13,626 [INFO] ApplicationProperties:184 - Using Application install path: C:\ST\STM32CubeIDE_1.13.0\STM32CubeIDE\plugins\com.st.stm32cube.common.mx_6.9.0.202307051724
2026-05-08 17:24:13,904 [INFO] MainUpdater:2868 - connection check result : 10
2026-05-08 17:24:13,906 [INFO] MainUpdater:285 - Updater Check For Update Now.
2026-05-08 17:24:13,906 [INFO] MicroXplorer:498 - Change Database Version : DB.6.0.90
2026-05-08 17:24:13,941 [INFO] McuFinderGlobals:63 - Set McuFinder mode to 2 (CubeIDE integrated)
2026-05-08 17:24:14,223 [INFO] CheckServerUpdateThread:120 - End of CheckServer Thread
2026-05-08 17:24:16,316 [WARN] PackLoader:240 - Cannot read IP mode file for STMicroelectronics.X-CUBE-AZRTOS-H7.3.5.0
2026-05-08 17:24:16,352 [WARN] PackLoader:240 - Cannot read IP mode file for STMicroelectronics.FP-SNS-MOTENVWB1.1.4.0
2026-05-08 17:24:16,378 [WARN] PackLoader:240 - Cannot read IP mode file for STMicroelectronics.FP-ATR-ASTRA1.2.0.2
2026-05-08 17:24:16,405 [WARN] PackLoader:240 - Cannot read IP mode file for STMicroelectronics.X-CUBE-SMBUS.2.1.0
2026-05-08 17:24:16,449 [WARN] PackLoader:240 - Cannot read IP mode file for STMicroelectronics.X-CUBE-AZRTOS-F7.1.1.0
2026-05-08 17:24:16,479 [ERROR] Engine:466 - C:\Users\James Kennedy\.stm32cubemx\thirdparties\pdsc\STMicroelectronics.FP-SNS-MOTENV1.5.1.0.pdsc: PDSC version is not supported
2026-05-08 17:24:16,499 [ERROR] Engine:466 - C:\Users\James Kennedy\.stm32cubemx\thirdparties\pdsc\WES.I-CUBE-Cesium.1.4.0.pdsc: PDSC version is not supported
2026-05-08 17:24:16,555 [WARN] PackLoader:240 - Cannot read IP mode file for STMicroelectronics.X-CUBE-AZRTOS-H7.3.4.0
2026-05-08 17:24:16,590 [WARN] PackLoader:240 - Cannot read IP mode file for STMicroelectronics.X-CUBE-DISPLAY.3.0.0
2026-05-08 17:24:16,627 [WARN] PackLoader:240 - Cannot read IP mode file for STMicroelectronics.X-CUBE-GNSS1.7.1.1
2026-05-08 17:24:16,660 [ERROR] Engine:466 - C:\Users\James Kennedy\.stm32cubemx\thirdparties\pdsc\STMicroelectronics.FP-SNS-MOTENVWB1.1.5.0.pdsc: PDSC version is not supported
2026-05-08 17:24:16,691 [WARN] PackLoader:240 - Cannot read IP mode file for STMicroelectronics.X-CUBE-NFC10.1.0.0
2026-05-08 17:24:16,716 [ERROR] Engine:466 - C:\Users\James Kennedy\.stm32cubemx\thirdparties\pdsc\STMicroelectronics.X-CUBE-ST60.1.1.0.pdsc: PDSC version is not supported
2026-05-08 17:24:16,743 [WARN] PackLoader:240 - Cannot read IP mode file for emotas.I-CUBE-CANOPEN.1.3.0
2026-05-08 17:24:16,768 [WARN] PackLoader:240 - Cannot read IP mode file for STMicroelectronics.X-CUBE-GNSS1.7.1.0
2026-05-08 17:24:16,795 [ERROR] Engine:466 - C:\Users\James Kennedy\.stm32cubemx\thirdparties\pdsc\STMicroelectronics.FP-SNS-STBOX1.2.1.0.pdsc: PDSC version is not supported
2026-05-08 17:24:16,817 [WARN] PackLoader:240 - Cannot read IP mode file for STMicroelectronics.FP-SNS-SMARTAG2.1.2.0
2026-05-08 17:24:16,838 [ERROR] Engine:466 - C:\Users\James Kennedy\.stm32cubemx\thirdparties\pdsc\STMicroelectronics.FP-SNS-FLIGHT1.5.1.0.pdsc: PDSC version is not supported
2026-05-08 17:24:16,865 [INFO] LogOutputStream:77 - [STDOUT_REDIRECT] 1 : Invalid condition id : UX_CORESTACK_Condition cause : null
2026-05-08 17:24:16,866 [INFO] LogOutputStream:77 - [STDOUT_REDIRECT] 1 : Invalid condition id : UX_CORESTACK_Condition cause : null
2026-05-08 17:24:16,867 [INFO] LogOutputStream:77 - [STDOUT_REDIRECT] 1 : Invalid condition id : UX_CORESTACK_Condition cause : null
2026-05-08 17:24:16,869 [INFO] LogOutputStream:77 - [STDOUT_REDIRECT] 1 : Invalid condition id : UX_CORESTACK_Condition cause : null
2026-05-08 17:24:16,870 [INFO] LogOutputStream:77 - [STDOUT_REDIRECT] 1 : Invalid condition id : UX_CORESTACK_Condition cause : null
2026-05-08 17:24:16,874 [WARN] PackLoader:240 - Cannot read IP mode file for STMicroelectronics.X-CUBE-AZRTOS-WL.2.0.0
2026-05-08 17:24:16,928 [WARN] PackLoader:240 - Cannot read IP mode file for STMicroelectronics.X-CUBE-AZRTOS-H7RS.1.2.0
2026-05-08 17:24:16,955 [WARN] PackLoader:240 - Cannot read IP mode file for STMicroelectronics.X-CUBE-BLE2.3.3.0
2026-05-08 17:24:16,973 [ERROR] Engine:466 - C:\Users\James Kennedy\.stm32cubemx\thirdparties\pdsc\Avnet-IOTCONNECT.X-CUBE-iotc-st67-sdk.1.0.0.pdsc: PDSC version is not supported
2026-05-08 17:24:17,000 [ERROR] Engine:466 - C:\Users\James Kennedy\.stm32cubemx\thirdparties\pdsc\Infineon.AIROC-Wi-Fi-Bluetooth-STM32.1.8.0.pdsc: PDSC version is not supported
2026-05-08 17:24:17,021 [WARN] PackLoader:240 - Cannot read IP mode file for STMicroelectronics.X-CUBE-NFC9.1.0.0
2026-05-08 17:24:17,044 [WARN] PackLoader:240 - Cannot read IP mode file for STMicroelectronics.X-CUBE-BLE1.7.1.0
2026-05-08 17:24:17,070 [WARN] PackLoader:240 - Cannot read IP mode file for wolfSSL.I-CUBE-wolfMQTT.1.19.2
2026-05-08 17:24:17,087 [ERROR] Engine:466 - C:\Users\James Kennedy\.stm32cubemx\thirdparties\pdsc\STMicroelectronics.X-CUBE-FREERTOS.1.4.0.pdsc: PDSC version is not supported
2026-05-08 17:24:17,114 [WARN] PackLoader:240 - Cannot read IP mode file for STMicroelectronics.X-CUBE-EEPRMA1.5.2.0
2026-05-08 17:24:17,139 [WARN] PackLoader:240 - Cannot read IP mode file for wolfSSL.I-CUBE-wolfSSL.5.8.4
2026-05-08 17:24:17,163 [ERROR] Engine:466 - C:\Users\James Kennedy\.stm32cubemx\thirdparties\pdsc\STMicroelectronics.FP-SNS-STAIOTCFT.1.1.0.pdsc: PDSC version is not supported
2026-05-08 17:24:17,243 [WARN] PackLoader:240 - Cannot read IP mode file for STMicroelectronics.X-CUBE-MEMS1.12.0.0
2026-05-08 17:24:17,392 [WARN] PackLoader:240 - Cannot read IP mode file for STMicroelectronics.X-CUBE-AZRTOS-G0.1.1.0
2026-05-08 17:24:17,414 [WARN] PackLoader:240 - Cannot read IP mode file for STMicroelectronics.X-CUBE-NFC4.3.0.0
2026-05-08 17:24:17,435 [ERROR] Engine:466 - C:\Users\James Kennedy\.stm32cubemx\thirdparties\pdsc\EmbeddedOffice.I-CUBE-FS-RTOS.1.0.1.pdsc: PDSC version is not supported
2026-05-08 17:24:17,467 [WARN] PackLoader:240 - Cannot read IP mode file for STMicroelectronics.X-CUBE-WB05N.2.0.0
2026-05-08 17:24:17,489 [WARN] PackLoader:240 - Cannot read IP mode file for wolfSSL.I-CUBE-wolfTPM.3.8.0
2026-05-08 17:24:17,511 [ERROR] Engine:466 - C:\Users\James Kennedy\.stm32cubemx\thirdparties\pdsc\STMicroelectronics.X-CUBE-TCPP.4.2.0.pdsc: PDSC version is not supported
2026-05-08 17:24:17,532 [ERROR] Engine:466 - C:\Users\James Kennedy\.stm32cubemx\thirdparties\pdsc\RealThread.X-CUBE-RT-Thread_Nano.4.1.1.pdsc: PDSC version is not supported
2026-05-08 17:24:17,551 [WARN] PackLoader:240 - Cannot read IP mode file for STMicroelectronics.FP-ATR-SIGFOX1.3.2.0
2026-05-08 17:24:17,569 [ERROR] Engine:466 - C:\Users\James Kennedy\.stm32cubemx\thirdparties\pdsc\STMicroelectronics.X-CUBE-FREERTOS.1.5.0.pdsc: PDSC version is not supported
2026-05-08 17:24:17,591 [WARN] PackLoader:240 - Cannot read IP mode file for ITTIA_DB.I-CUBE-ITTIADB.8.9.0
2026-05-08 17:24:17,613 [WARN] PackLoader:240 - Cannot read IP mode file for STMicroelectronics.X-CUBE-NFC6.3.2.0
2026-05-08 17:24:17,640 [ERROR] Engine:466 - C:\Users\James Kennedy\.stm32cubemx\thirdparties\pdsc\Cesanta.I-CUBE-Mongoose.7.21.5.pdsc: PDSC version is not supported
2026-05-08 17:24:17,662 [WARN] PackLoader:240 - Cannot read IP mode file for STMicroelectronics.X-CUBE-AI.10.2.0
2026-05-08 17:24:17,749 [WARN] PackLoader:240 - Cannot read IP mode file for STMicroelectronics.X-CUBE-MEMS1.12.1.0
2026-05-08 17:24:17,904 [WARN] PackLoader:240 - Cannot read IP mode file for SEGGER.I-CUBE-embOS.1.3.1
2026-05-08 17:24:17,967 [WARN] PackLoader:240 - Cannot read IP mode file for STMicroelectronics.X-CUBE-ALGOBUILD.1.4.0
2026-05-08 17:24:17,986 [WARN] PackLoader:240 - Cannot read IP mode file for STMicroelectronics.X-CUBE-PM33A1.1.0.0
2026-05-08 17:24:18,024 [WARN] PackLoader:240 - Cannot read IP mode file for STMicroelectronics.X-CUBE-AZRTOS-F4.1.1.0
2026-05-08 17:24:18,048 [WARN] PackLoader:240 - Cannot read IP mode file for STMicroelectronics.X-CUBE-ISPU.2.1.0
2026-05-08 17:24:18,070 [ERROR] Engine:466 - C:\Users\James Kennedy\.stm32cubemx\thirdparties\pdsc\STMicroelectronics.X-CUBE-IPS.3.2.0.pdsc: PDSC version is not supported
2026-05-08 17:24:18,087 [ERROR] Engine:466 - C:\Users\James Kennedy\.stm32cubemx\thirdparties\pdsc\STMicroelectronics.eDS-WB_DPC_TT-BIDIR.2.1.1.pdsc: PDSC version is not supported
2026-05-08 17:24:18,110 [WARN] PackLoader:240 - Cannot read IP mode file for STMicroelectronics.X-CUBE-NFC12.1.0.0
2026-05-08 17:24:18,149 [WARN] PackLoader:240 - Cannot read IP mode file for STMicroelectronics.X-CUBE-AZRTOS-L5.2.0.0
2026-05-08 17:24:18,169 [ERROR] Engine:466 - C:\Users\James Kennedy\.stm32cubemx\thirdparties\pdsc\STMicroelectronics.eDS-WB_DPC_VIENNA.1.2.0.pdsc: PDSC version is not supported
2026-05-08 17:24:18,186 [ERROR] Engine:466 - C:\Users\James Kennedy\.stm32cubemx\thirdparties\pdsc\STMicroelectronics.eDS-WB_DPC_3PH2L-BIDIR.1.1.1.pdsc: PDSC version is not supported
2026-05-08 17:24:18,205 [ERROR] Engine:466 - C:\Users\James Kennedy\.stm32cubemx\thirdparties\pdsc\STMicroelectronics.X-CUBE-ST67W61.1.3.0.pdsc: PDSC version is not supported
2026-05-08 17:24:18,228 [WARN] PackLoader:240 - Cannot read IP mode file for STMicroelectronics.X-CUBE-TOUCHGFX.4.26.0
2026-05-08 17:24:18,248 [WARN] PackLoader:240 - Cannot read IP mode file for STMicroelectronics.X-CUBE-TOUCHGFX.4.26.1
2026-05-08 17:24:18,265 [ERROR] Engine:466 - C:\Users\James Kennedy\.stm32cubemx\thirdparties\pdsc\STMicroelectronics.FP-SNS-STAIOTCFT.1.0.0.pdsc: PDSC version is not supported
2026-05-08 17:24:18,281 [ERROR] Engine:466 - C:\Users\James Kennedy\.stm32cubemx\thirdparties\pdsc\STMicroelectronics.X-CUBE-DPower.1.3.0.pdsc: PDSC version is not supported
2026-05-08 17:24:18,319 [WARN] ConditionMgr:438 - getConditionDescription Invalid condition id : LAN8742 Phy interface Condition cause : null
2026-05-08 17:24:18,320 [WARN] PackLoader:240 - Cannot read IP mode file for STMicroelectronics.X-CUBE-AZRTOS-L4.2.0.0
2026-05-08 17:24:18,321 [WARN] ConditionMgr:1039 - genDependencies : Invalid condition id : LAN8742 Phy interface Condition cause : null
2026-05-08 17:24:18,322 [WARN] ConditionMgr:1039 - genDependencies : Invalid condition id : LAN8742 Phy interface Condition cause : null
2026-05-08 17:24:18,322 [WARN] ConditionMgr:1039 - genDependencies : Invalid condition id : LAN8742 Phy interface Condition cause : null
2026-05-08 17:24:18,346 [WARN] PackLoader:240 - Cannot read IP mode file for STMicroelectronics.X-CUBE-SFXS2LP1.4.0.0
2026-05-08 17:24:18,366 [WARN] PackLoader:240 - Cannot read IP mode file for STMicroelectronics.X-CUBE-WB05N.2.1.0
2026-05-08 17:24:18,387 [ERROR] Engine:466 - C:\Users\James Kennedy\.stm32cubemx\thirdparties\pdsc\STMicroelectronics.X-CUBE-ST67W61.1.2.0.pdsc: PDSC version is not supported
2026-05-08 17:24:18,406 [ERROR] Engine:466 - C:\Users\James Kennedy\.stm32cubemx\thirdparties\pdsc\STMicroelectronics.X-CUBE-BLEMGR.4.1.0.pdsc: PDSC version is not supported
2026-05-08 17:24:18,441 [WARN] ConditionMgr:438 - getConditionDescription Invalid condition id : UX DEVICE CLASS RTOS Condition cause : null
2026-05-08 17:24:18,442 [WARN] ConditionMgr:438 - getConditionDescription Invalid condition id : UX DEVICE CLASS RTOS Condition cause : null
2026-05-08 17:24:18,443 [WARN] PackLoader:240 - Cannot read IP mode file for STMicroelectronics.X-CUBE-AZRTOS-WB.2.0.0
2026-05-08 17:24:18,444 [WARN] ConditionMgr:1039 - genDependencies : Invalid condition id : UX DEVICE CLASS RTOS Condition cause : null
2026-05-08 17:24:18,444 [WARN] ConditionMgr:1039 - genDependencies : Invalid condition id : UX DEVICE CLASS RTOS Condition cause : null
2026-05-08 17:24:18,444 [WARN] ConditionMgr:1039 - genDependencies : Invalid condition id : UX DEVICE CLASS RTOS Condition cause : null
2026-05-08 17:24:18,445 [WARN] ConditionMgr:1039 - genDependencies : Invalid condition id : UX DEVICE CLASS RTOS Condition cause : null
2026-05-08 17:24:18,445 [WARN] ConditionMgr:1039 - genDependencies : Invalid condition id : UX DEVICE CLASS RTOS Condition cause : null
2026-05-08 17:24:18,462 [ERROR] Engine:466 - C:\Users\James Kennedy\.stm32cubemx\thirdparties\pdsc\quantropi.X-CUBE-qispace-sdk-base.2.1.0.pdsc: PDSC version is not supported
2026-05-08 17:24:18,487 [WARN] PackLoader:240 - Cannot read IP mode file for STMicroelectronics.X-CUBE-STSE01.2.0.0
2026-05-08 17:24:18,515 [WARN] PackLoader:240 - Cannot read IP mode file for STMicroelectronics.X-CUBE-SUBG2.5.0.0
2026-05-08 17:24:18,554 [WARN] PackLoader:240 - Cannot read IP mode file for STMicroelectronics.X-CUBE-AZRTOS-G4.2.0.0
2026-05-08 17:24:18,573 [WARN] PackLoader:240 - Cannot read IP mode file for wolfSSL.I-CUBE-wolfSSH.1.4.20
2026-05-08 17:24:18,592 [WARN] PackLoader:240 - Cannot read IP mode file for STMicroelectronics.X-CUBE-NFC7.2.0.0
2026-05-08 17:24:18,612 [WARN] PackLoader:240 - Cannot read IP mode file for STMicroelectronics.X-CUBE-ALS.1.0.2
2026-05-08 17:24:18,635 [ERROR] Engine:466 - C:\Users\James Kennedy\.stm32cubemx\thirdparties\pdsc\STMicroelectronics.X-CUBE-TOF1.3.4.3.pdsc: PDSC version is not supported
2026-05-08 17:24:18,636 [INFO] ThirdParty:978 - Integrity check success = true
2026-05-08 17:24:18,636 [INFO] IntegrityCheckThread:100 - exiting critical section [integrity check]
2026-05-08 17:24:18,636 [INFO] IntegrityCheckThread:103 - End integrity checks thread
2026-05-08 17:24:35,635 [ERROR] LogOutputStream:75 - [STDERR_REDIRECT] SLF4J: Failed to load class "org.slf4j.impl.StaticLoggerBinder".
2026-05-08 17:24:35,638 [ERROR] LogOutputStream:75 - [STDERR_REDIRECT] SLF4J: Defaulting to no-operation (NOP) logger implementation
2026-05-08 17:24:35,640 [ERROR] LogOutputStream:75 - [STDERR_REDIRECT] SLF4J: See http://www.slf4j.org/codes.html#StaticLoggerBinder for further details.
2026-05-08 17:25:14,286 [INFO] McuFinderGlobals:63 - Set McuFinder mode to 2 (CubeIDE integrated)
2026-05-08 17:25:14,324 [INFO] MainUpdater:2868 - connection check result : 10
2026-05-08 17:25:15,181 [INFO] ApiDb:581 - Connected to CubeFinder SQLite database (C:\Users\James Kennedy\.stmcufinder\plugins\mcufinder\mcu\cube-finder-db.db)
2026-05-08 17:25:15,322 [INFO] ApiDb:668 - CubeFinder database Data Model version=2.1
2026-05-08 17:25:15,322 [INFO] ApiDb:669 - CubeFinder database Configuration version=3.0.42
2026-05-08 17:25:15,322 [INFO] ApiDb:670 - CubeFinder database generation date=2026-03-11 (1773229989)
2026-05-08 17:25:15,322 [INFO] ApiDb:671 - CubeFinder database FW Pack versions=[FP-ATR-ASTRA1_V2.0.0, FP-SNS-FLIGHT1_V5.1.0, FP-SNS-MOTENV1_V5.1.0, FP-SNS-MOTENVWB1_V1.5.0, FP-SNS-SMARTAG2_V1.2.0, FP-SNS-STBOX1_V2.1.0, STM32Cube_FW_C0_V1.4.0, STM32Cube_FW_F4_V1.28.3, STM32Cube_FW_F7_V1.17.4, STM32Cube_FW_G0_V1.6.3, STM32Cube_FW_G4_V1.6.2, STM32Cube_FW_H5_V1.6.0, STM32Cube_FW_H7RS_V1.3.0, STM32Cube_FW_H7_V1.13.0, STM32Cube_FW_L0_V1.12.2, STM32Cube_FW_L4_V1.18.2, STM32Cube_FW_L5_V1.6.0, STM32Cube_FW_N6_V1.3.0, STM32Cube_FW_U0_V1.3.0, STM32Cube_FW_U3_V1.3.0, STM32Cube_FW_U5_V1.8.0, STM32Cube_FW_WB0_V1.4.0, STM32Cube_FW_WBA_V1.9.0, STM32Cube_FW_WB_V1.24.0, STM32Cube_FW_WL3_V1.4.0, STM32Cube_FW_WL_V1.5.0, X-CUBE-ALGOBUILD_V1.4.0, X-CUBE-ALS_V1.0.2, X-CUBE-AZRTOS-F4_V1.1.0, X-CUBE-AZRTOS-F7_V1.1.0, X-CUBE-AZRTOS-G0_V1.1.0, X-CUBE-AZRTOS-G4_V2.0.0, X-CUBE-AZRTOS-H7RS_V1.1.0, X-CUBE-AZRTOS-H7_V3.4.0, X-CUBE-AZRTOS-L4_V2.0.0, X-CUBE-AZRTOS-L5_V2.0.0, X-CUBE-AZRTOS-WB_V2.0.0, X-CUBE-AZRTOS-WL_V2.0.0, X-CUBE-BLE1_V7.1.0, X-CUBE-BLE2_V3.3.0, X-CUBE-BLEMGR_V4.1.0, X-CUBE-EEPRMA1_V5.2.0, X-CUBE-FREERTOS_V1.5.0, X-CUBE-GNSS1_V6.0.0, X-CUBE-MEMS1_V12.0.0, X-CUBE-NFC4_V3.0.0, X-CUBE-NFC7_V2.0.0, X-CUBE-SFXS2LP1_V4.0.0, X-CUBE-ST67W61_V1.2.0, X-CUBE-SUBG2_V5.0.0, X-CUBE-TOF1_V3.4.3]
2026-05-08 17:25:15,583 [INFO] DbBoardsSqlite:226 - include board P-NUCLEO-WB55-NUCLEO as a kit item of type 'Nucleo-64'
2026-05-08 17:25:15,583 [INFO] DbBoardsSqlite:226 - include board P-NUCLEO-WB55-USBDONGLE as a kit item of type 'Nucleo USB Dongle'
2026-05-08 17:25:15,585 [INFO] DbBoardsSqlite:226 - include board STEVAL-IDP005V1 as a kit item of type 'Evaluation Board'
2026-05-08 17:25:15,586 [INFO] DbBoardsSqlite:226 - include board STEVAL-IDP005V2 as a kit item of type 'Evaluation Board'
2026-05-08 17:25:16,399 [INFO] ApiDb:240 - Found 323 in-development CPN: [B-G473E-ZEST1S, B-WB1M-WPAN1, B-WL5M-SUBG1, NUCLEO-C031C6, NUCLEO-H503RB, NUCLEO-H563ZI, NUCLEO-U545RE-Q, NUCLEO-U5A5ZJ-Q, NUCLEO-WBA52CG, STEVAL-PROTEUS1, STEVAL-SMARTAG2, STEVAL-STWINBX1, STM320518-EVAL, STM32C0116-DK, STM32C011D6Y3TR, STM32C011D6Y6TR, STM32C011F4P3, STM32C011F4P6, STM32C011F4U3, STM32C011F4U6TR, STM32C011F6P3, STM32C011F6P6, STM32C011F6U3, STM32C011F6U6TR, STM32C011J4M3, STM32C011J4M6, STM32C011J6M3, STM32C011J6M6, STM32C0316-DK, STM32C031C4T3, STM32C031C4T6, STM32C031C4U3, STM32C031C4U6, STM32C031C6T3, STM32C031C6T6, STM32C031C6U3, STM32C031C6U6, STM32C031F4P3, STM32C031F4P6, STM32C031F6P3, STM32C031F6P6, STM32C031G4U3, STM32C031G4U6, STM32C031G6U3, STM32C031G6U6, STM32C031K4T3, STM32C031K4T6, STM32C031K4U3, STM32C031K4U6, STM32C031K6T3, STM32C031K6T6, STM32C031K6U3, STM32C031K6U6, STM32G071K8TXN, STM32G071K8UXN, STM32G081GBU6N, STM32G081KBT6N, STM32G081KBUXN, STM32G0B1CCT6N, STM32G0B1KCT6, STM32G0B1NEY6TR, STM32G0B1RCT6N, STM32G0C1CCT6, STM32G0C1CCT6N, STM32G0C1CCU6N, STM32G0C1CET6N, STM32G0C1CEU6N, STM32G0C1KCT6, STM32G0C1NEY6TR, STM32G0C1RCI6N, STM32G0C1RCT6N, STM32G0C1REI6N, STM32G0C1RET6N, STM32G0C1VCI6, STM32G0C1VEI6, STM32G471CCT6, STM32G471CCU6, STM32G471CET3, STM32G471CET6, STM32G471CEU3, STM32G471CEU6, STM32G471MCT6, STM32G471MET3, STM32G471MET6, STM32G471MEY6TR, STM32G471QCT6, STM32G471QET3, STM32G471RCT6, STM32G471RET3, STM32G471RET6, STM32G471VCH6, STM32G471VCI6, STM32G471VCT6, STM32G471VEH3, STM32G471VEH6, STM32G471VEI3, STM32G471VEI6, STM32G471VET3, STM32G471VET6, STM32G474CCT6, STM32H503CBT6, STM32H503CBU6, STM32H503EBY6TR, STM32H503KBU6, STM32H503RBT6, STM32H562AGI6, STM32H562AII6, STM32H562IGK6, STM32H562IGT6, STM32H562IIK6, STM32H562IIT6, STM32H562RGT6, STM32H562RGV6, STM32H562RIT6, STM32H562RIV6, STM32H562VGT6, STM32H562VIT6, STM32H562ZGT6, STM32H562ZIT6, STM32H563AGI6, STM32H563AII3Q, STM32H563AII6, STM32H563IGK6, STM32H563IGT6, STM32H563IIK3Q, STM32H563IIK6, STM32H563IIT3Q, STM32H563IIT6, STM32H563MIY3QTR, STM32H563RGT6, STM32H563RGV6, STM32H563RIT6, STM32H563RIV6, STM32H563VGT6, STM32H563VIT3Q, STM32H563VIT6, STM32H563ZGT6, STM32H563ZIT3Q, STM32H563ZIT6, STM32H573AII3Q, STM32H573AII6, STM32H573I-DK, STM32H573IIK3Q, STM32H573IIK6, STM32H573IIT3Q, STM32H573IIT6, STM32H573MIY3QTR, STM32H573RIT6, STM32H573RIV6, STM32H573VIT3Q, STM32H573VIT6, STM32H573ZIT3Q, STM32H573ZIT6, STM32L4R5QGI6STR, STM32MP131AAE3, STM32MP131AAF3, STM32MP131AAG3, STM32MP131CAE3, STM32MP131CAF3, STM32MP131CAG3, STM32MP131DAE7, STM32MP131DAF7, STM32MP131DAG7, STM32MP131FAE7, STM32MP131FAF7, STM32MP131FAG7, STM32MP133AAE3, STM32MP133AAF3, STM32MP133AAG3, STM32MP133CAE3, STM32MP133CAF3, STM32MP133CAG3, STM32MP133DAE7, STM32MP133DAF7, STM32MP133DAG7, STM32MP133FAE7, STM32MP133FAF7, STM32MP133FAG7, STM32MP135AAE3, STM32MP135AAF3, STM32MP135AAG3, STM32MP135CAE3, STM32MP135CAF3, STM32MP135CAG3, STM32MP135DAE7, STM32MP135DAF7, STM32MP135DAG7, STM32MP135F-DK, STM32MP135FAE7, STM32MP135FAF7, STM32MP135FAF7T, STM32MP135FAF7U, STM32MP135FAG7, STM32U535CBT6, STM32U535CBT6Q, STM32U535CBU6, STM32U535CBU6Q, STM32U535CCT6, STM32U535CCT6Q, STM32U535CCU6, STM32U535CCU6Q, STM32U535CET6, STM32U535CET6Q, STM32U535CEU6, STM32U535CEU6Q, STM32U535JEY6QTR, STM32U535NCY6QTR, STM32U535NEY6QTR, STM32U535RBI6, STM32U535RBI6Q, STM32U535RBT6, STM32U535RBT6Q, STM32U535RCI6, STM32U535RCI6Q, STM32U535RCT6, STM32U535RCT6Q, STM32U535REI6, STM32U535REI6Q, STM32U535RET6, STM32U535RET6Q, STM32U535VCI6, STM32U535VCI6Q, STM32U535VCT6, STM32U535VCT6Q, STM32U535VEI6, STM32U535VEI6Q, STM32U535VET6, STM32U535VET6Q, STM32U545CET6, STM32U545CET6Q, STM32U545CEU6, STM32U545CEU6Q, STM32U545JEY6QTR, STM32U545NEY6QTR, STM32U545REI6, STM32U545REI6Q, STM32U545RET6, STM32U545RET6Q, STM32U545VEI6, STM32U545VEI6Q, STM32U545VET6, STM32U545VET6Q, STM32U595AIH6, STM32U595AIH6Q, STM32U595AJH6, STM32U595AJH6Q, STM32U595QII6, STM32U595QII6Q, STM32U595QJI6, STM32U595QJI6Q, STM32U595RIT6, STM32U595RIT6Q, STM32U595RJT6, STM32U595RJT6Q, STM32U595VIT6, STM32U595VIT6Q, STM32U595VJT6, STM32U595VJT6Q, STM32U595ZIT6, STM32U595ZIT6Q, STM32U595ZIY6QTR, STM32U595ZJT6, STM32U595ZJT6Q, STM32U595ZJY6QTR, STM32U599BJY6QTR, STM32U599NIH6Q, STM32U599NJH6Q, STM32U599VIT6Q, STM32U599VJT6, STM32U599VJT6Q, STM32U599ZIT6Q, STM32U599ZIY6QTR, STM32U599ZJT6Q, STM32U599ZJY6QTR, STM32U5A5AJH6, STM32U5A5AJH6Q, STM32U5A5QJI6, STM32U5A5QJI6Q, STM32U5A5RJT6, STM32U5A5RJT6Q, STM32U5A5VJT6, STM32U5A5VJT6Q, STM32U5A5ZJT6, STM32U5A5ZJT6Q, STM32U5A5ZJY6QTR, STM32U5A9BJY6QTR, STM32U5A9J-DK, STM32U5A9NJH6Q, STM32U5A9VJT6Q, STM32U5A9ZJT6Q, STM32U5A9ZJY6QTR, STM32U5F7VIT6, STM32U5F7VIT6Q, STM32U5F7VJT6, STM32U5F7VJT6Q, STM32U5F9BJY6QTR, STM32U5F9NJH6Q, STM32U5F9VIT6Q, STM32U5F9VJT6Q, STM32U5F9ZIJ6QTR, STM32U5F9ZIT6Q, STM32U5F9ZJJ6QTR, STM32U5F9ZJT6Q, STM32U5G7VJT6, STM32U5G7VJT6Q, STM32U5G9BJY6QTR, STM32U5G9J-DK1, STM32U5G9J-DK2, STM32U5G9NJH6Q, STM32U5G9VJT6Q, STM32U5G9ZJJ6QTR, STM32U5G9ZJT6Q, STM32WB1MMCH6, STM32WBA52CEU6, STM32WBA52CEU6T, STM32WBA52CGU6, STM32WBA52CGU6T, STM32WBA52KEU6, STM32WBA52KEU6T, STM32WBA52KGU6, STM32WBA52KGU6T, STM32WL5MOCH6, STM32WL5MOCH6TR]
2026-05-08 17:25:16,403 [INFO] ApiDb:668 - CubeFinder database Data Model version=2.1
2026-05-08 17:25:16,403 [INFO] ApiDb:669 - CubeFinder database Configuration version=3.0.42
2026-05-08 17:25:16,403 [INFO] ApiDb:670 - CubeFinder database generation date=2026-03-11 (1773229989)
2026-05-08 17:25:16,403 [INFO] ApiDb:671 - CubeFinder database FW Pack versions=[FP-ATR-ASTRA1_V2.0.0, FP-SNS-FLIGHT1_V5.1.0, FP-SNS-MOTENV1_V5.1.0, FP-SNS-MOTENVWB1_V1.5.0, FP-SNS-SMARTAG2_V1.2.0, FP-SNS-STBOX1_V2.1.0, STM32Cube_FW_C0_V1.4.0, STM32Cube_FW_F4_V1.28.3, STM32Cube_FW_F7_V1.17.4, STM32Cube_FW_G0_V1.6.3, STM32Cube_FW_G4_V1.6.2, STM32Cube_FW_H5_V1.6.0, STM32Cube_FW_H7RS_V1.3.0, STM32Cube_FW_H7_V1.13.0, STM32Cube_FW_L0_V1.12.2, STM32Cube_FW_L4_V1.18.2, STM32Cube_FW_L5_V1.6.0, STM32Cube_FW_N6_V1.3.0, STM32Cube_FW_U0_V1.3.0, STM32Cube_FW_U3_V1.3.0, STM32Cube_FW_U5_V1.8.0, STM32Cube_FW_WB0_V1.4.0, STM32Cube_FW_WBA_V1.9.0, STM32Cube_FW_WB_V1.24.0, STM32Cube_FW_WL3_V1.4.0, STM32Cube_FW_WL_V1.5.0, X-CUBE-ALGOBUILD_V1.4.0, X-CUBE-ALS_V1.0.2, X-CUBE-AZRTOS-F4_V1.1.0, X-CUBE-AZRTOS-F7_V1.1.0, X-CUBE-AZRTOS-G0_V1.1.0, X-CUBE-AZRTOS-G4_V2.0.0, X-CUBE-AZRTOS-H7RS_V1.1.0, X-CUBE-AZRTOS-H7_V3.4.0, X-CUBE-AZRTOS-L4_V2.0.0, X-CUBE-AZRTOS-L5_V2.0.0, X-CUBE-AZRTOS-WB_V2.0.0, X-CUBE-AZRTOS-WL_V2.0.0, X-CUBE-BLE1_V7.1.0, X-CUBE-BLE2_V3.3.0, X-CUBE-BLEMGR_V4.1.0, X-CUBE-EEPRMA1_V5.2.0, X-CUBE-FREERTOS_V1.5.0, X-CUBE-GNSS1_V6.0.0, X-CUBE-MEMS1_V12.0.0, X-CUBE-NFC4_V3.0.0, X-CUBE-NFC7_V2.0.0, X-CUBE-SFXS2LP1_V4.0.0, X-CUBE-ST67W61_V1.2.0, X-CUBE-SUBG2_V5.0.0, X-CUBE-TOF1_V3.4.3]
2026-05-08 17:25:20,196 [INFO] ApiDb:240 - Found 323 in-development CPN: [B-G473E-ZEST1S, B-WB1M-WPAN1, B-WL5M-SUBG1, NUCLEO-C031C6, NUCLEO-H503RB, NUCLEO-H563ZI, NUCLEO-U545RE-Q, NUCLEO-U5A5ZJ-Q, NUCLEO-WBA52CG, STEVAL-PROTEUS1, STEVAL-SMARTAG2, STEVAL-STWINBX1, STM320518-EVAL, STM32C0116-DK, STM32C011D6Y3TR, STM32C011D6Y6TR, STM32C011F4P3, STM32C011F4P6, STM32C011F4U3, STM32C011F4U6TR, STM32C011F6P3, STM32C011F6P6, STM32C011F6U3, STM32C011F6U6TR, STM32C011J4M3, STM32C011J4M6, STM32C011J6M3, STM32C011J6M6, STM32C0316-DK, STM32C031C4T3, STM32C031C4T6, STM32C031C4U3, STM32C031C4U6, STM32C031C6T3, STM32C031C6T6, STM32C031C6U3, STM32C031C6U6, STM32C031F4P3, STM32C031F4P6, STM32C031F6P3, STM32C031F6P6, STM32C031G4U3, STM32C031G4U6, STM32C031G6U3, STM32C031G6U6, STM32C031K4T3, STM32C031K4T6, STM32C031K4U3, STM32C031K4U6, STM32C031K6T3, STM32C031K6T6, STM32C031K6U3, STM32C031K6U6, STM32G071K8TXN, STM32G071K8UXN, STM32G081GBU6N, STM32G081KBT6N, STM32G081KBUXN, STM32G0B1CCT6N, STM32G0B1KCT6, STM32G0B1NEY6TR, STM32G0B1RCT6N, STM32G0C1CCT6, STM32G0C1CCT6N, STM32G0C1CCU6N, STM32G0C1CET6N, STM32G0C1CEU6N, STM32G0C1KCT6, STM32G0C1NEY6TR, STM32G0C1RCI6N, STM32G0C1RCT6N, STM32G0C1REI6N, STM32G0C1RET6N, STM32G0C1VCI6, STM32G0C1VEI6, STM32G471CCT6, STM32G471CCU6, STM32G471CET3, STM32G471CET6, STM32G471CEU3, STM32G471CEU6, STM32G471MCT6, STM32G471MET3, STM32G471MET6, STM32G471MEY6TR, STM32G471QCT6, STM32G471QET3, STM32G471RCT6, STM32G471RET3, STM32G471RET6, STM32G471VCH6, STM32G471VCI6, STM32G471VCT6, STM32G471VEH3, STM32G471VEH6, STM32G471VEI3, STM32G471VEI6, STM32G471VET3, STM32G471VET6, STM32G474CCT6, STM32H503CBT6, STM32H503CBU6, STM32H503EBY6TR, STM32H503KBU6, STM32H503RBT6, STM32H562AGI6, STM32H562AII6, STM32H562IGK6, STM32H562IGT6, STM32H562IIK6, STM32H562IIT6, STM32H562RGT6, STM32H562RGV6, STM32H562RIT6, STM32H562RIV6, STM32H562VGT6, STM32H562VIT6, STM32H562ZGT6, STM32H562ZIT6, STM32H563AGI6, STM32H563AII3Q, STM32H563AII6, STM32H563IGK6, STM32H563IGT6, STM32H563IIK3Q, STM32H563IIK6, STM32H563IIT3Q, STM32H563IIT6, STM32H563MIY3QTR, STM32H563RGT6, STM32H563RGV6, STM32H563RIT6, STM32H563RIV6, STM32H563VGT6, STM32H563VIT3Q, STM32H563VIT6, STM32H563ZGT6, STM32H563ZIT3Q, STM32H563ZIT6, STM32H573AII3Q, STM32H573AII6, STM32H573I-DK, STM32H573IIK3Q, STM32H573IIK6, STM32H573IIT3Q, STM32H573IIT6, STM32H573MIY3QTR, STM32H573RIT6, STM32H573RIV6, STM32H573VIT3Q, STM32H573VIT6, STM32H573ZIT3Q, STM32H573ZIT6, STM32L4R5QGI6STR, STM32MP131AAE3, STM32MP131AAF3, STM32MP131AAG3, STM32MP131CAE3, STM32MP131CAF3, STM32MP131CAG3, STM32MP131DAE7, STM32MP131DAF7, STM32MP131DAG7, STM32MP131FAE7, STM32MP131FAF7, STM32MP131FAG7, STM32MP133AAE3, STM32MP133AAF3, STM32MP133AAG3, STM32MP133CAE3, STM32MP133CAF3, STM32MP133CAG3, STM32MP133DAE7, STM32MP133DAF7, STM32MP133DAG7, STM32MP133FAE7, STM32MP133FAF7, STM32MP133FAG7, STM32MP135AAE3, STM32MP135AAF3, STM32MP135AAG3, STM32MP135CAE3, STM32MP135CAF3, STM32MP135CAG3, STM32MP135DAE7, STM32MP135DAF7, STM32MP135DAG7, STM32MP135F-DK, STM32MP135FAE7, STM32MP135FAF7, STM32MP135FAF7T, STM32MP135FAF7U, STM32MP135FAG7, STM32U535CBT6, STM32U535CBT6Q, STM32U535CBU6, STM32U535CBU6Q, STM32U535CCT6, STM32U535CCT6Q, STM32U535CCU6, STM32U535CCU6Q, STM32U535CET6, STM32U535CET6Q, STM32U535CEU6, STM32U535CEU6Q, STM32U535JEY6QTR, STM32U535NCY6QTR, STM32U535NEY6QTR, STM32U535RBI6, STM32U535RBI6Q, STM32U535RBT6, STM32U535RBT6Q, STM32U535RCI6, STM32U535RCI6Q, STM32U535RCT6, STM32U535RCT6Q, STM32U535REI6, STM32U535REI6Q, STM32U535RET6, STM32U535RET6Q, STM32U535VCI6, STM32U535VCI6Q, STM32U535VCT6, STM32U535VCT6Q, STM32U535VEI6, STM32U535VEI6Q, STM32U535VET6, STM32U535VET6Q, STM32U545CET6, STM32U545CET6Q, STM32U545CEU6, STM32U545CEU6Q, STM32U545JEY6QTR, STM32U545NEY6QTR, STM32U545REI6, STM32U545REI6Q, STM32U545RET6, STM32U545RET6Q, STM32U545VEI6, STM32U545VEI6Q, STM32U545VET6, STM32U545VET6Q, STM32U595AIH6, STM32U595AIH6Q, STM32U595AJH6, STM32U595AJH6Q, STM32U595QII6, STM32U595QII6Q, STM32U595QJI6, STM32U595QJI6Q, STM32U595RIT6, STM32U595RIT6Q, STM32U595RJT6, STM32U595RJT6Q, STM32U595VIT6, STM32U595VIT6Q, STM32U595VJT6, STM32U595VJT6Q, STM32U595ZIT6, STM32U595ZIT6Q, STM32U595ZIY6QTR, STM32U595ZJT6, STM32U595ZJT6Q, STM32U595ZJY6QTR, STM32U599BJY6QTR, STM32U599NIH6Q, STM32U599NJH6Q, STM32U599VIT6Q, STM32U599VJT6, STM32U599VJT6Q, STM32U599ZIT6Q, STM32U599ZIY6QTR, STM32U599ZJT6Q, STM32U599ZJY6QTR, STM32U5A5AJH6, STM32U5A5AJH6Q, STM32U5A5QJI6, STM32U5A5QJI6Q, STM32U5A5RJT6, STM32U5A5RJT6Q, STM32U5A5VJT6, STM32U5A5VJT6Q, STM32U5A5ZJT6, STM32U5A5ZJT6Q, STM32U5A5ZJY6QTR, STM32U5A9BJY6QTR, STM32U5A9J-DK, STM32U5A9NJH6Q, STM32U5A9VJT6Q, STM32U5A9ZJT6Q, STM32U5A9ZJY6QTR, STM32U5F7VIT6, STM32U5F7VIT6Q, STM32U5F7VJT6, STM32U5F7VJT6Q, STM32U5F9BJY6QTR, STM32U5F9NJH6Q, STM32U5F9VIT6Q, STM32U5F9VJT6Q, STM32U5F9ZIJ6QTR, STM32U5F9ZIT6Q, STM32U5F9ZJJ6QTR, STM32U5F9ZJT6Q, STM32U5G7VJT6, STM32U5G7VJT6Q, STM32U5G9BJY6QTR, STM32U5G9J-DK1, STM32U5G9J-DK2, STM32U5G9NJH6Q, STM32U5G9VJT6Q, STM32U5G9ZJJ6QTR, STM32U5G9ZJT6Q, STM32WB1MMCH6, STM32WBA52CEU6, STM32WBA52CEU6T, STM32WBA52CGU6, STM32WBA52CGU6T, STM32WBA52KEU6, STM32WBA52KEU6T, STM32WBA52KGU6, STM32WBA52KGU6T, STM32WL5MOCH6, STM32WL5MOCH6TR]
2026-05-08 17:25:20,203 [INFO] DbMcus:217 - Found 5030 MCUs, 4943 are supported
2026-05-08 17:25:20,213 [INFO] ApiDb:423 - Load user favorites file C:\Users\James Kennedy/.stm32cubeide/favorites.mcus.txt: 1 item(s)
2026-05-08 17:25:20,213 [INFO] ApiDb:427 - User favorites MCUs=[STM32F103C8T6]
2026-05-08 17:25:20,213 [INFO] DbMcus:223 - Set 1 / 1 favorites MCUs
2026-05-08 17:25:20,852 [INFO] BoardInfo:880 - No configuration file found for board B-WBA5M-WPAN
2026-05-08 17:25:20,852 [INFO] DbBoards:157 - Board is not supported: B-WBA5M-WPAN
2026-05-08 17:25:20,856 [INFO] BoardInfo:880 - No configuration file found for board NUCLEO-C051C8
2026-05-08 17:25:20,856 [INFO] DbBoards:157 - Board is not supported: NUCLEO-C051C8
2026-05-08 17:25:20,857 [INFO] BoardInfo:880 - No configuration file found for board NUCLEO-C071RB
2026-05-08 17:25:20,857 [INFO] DbBoards:157 - Board is not supported: NUCLEO-C071RB
2026-05-08 17:25:20,858 [INFO] BoardInfo:880 - No configuration file found for board NUCLEO-C092RC
2026-05-08 17:25:20,858 [INFO] DbBoards:157 - Board is not supported: NUCLEO-C092RC
2026-05-08 17:25:20,896 [INFO] BoardInfo:880 - No configuration file found for board NUCLEO-H533RE
2026-05-08 17:25:20,896 [INFO] DbBoards:157 - Board is not supported: NUCLEO-H533RE
2026-05-08 17:25:20,899 [INFO] BoardInfo:880 - No configuration file found for board NUCLEO-H5E5ZJ
2026-05-08 17:25:20,899 [INFO] DbBoards:157 - Board is not supported: NUCLEO-H5E5ZJ
2026-05-08 17:25:20,907 [INFO] BoardInfo:880 - No configuration file found for board NUCLEO-H7S3L8
2026-05-08 17:25:20,907 [INFO] DbBoards:157 - Board is not supported: NUCLEO-H7S3L8
2026-05-08 17:25:20,929 [INFO] BoardInfo:880 - No configuration file found for board NUCLEO-N657X0-Q
2026-05-08 17:25:20,929 [INFO] DbBoards:157 - Board is not supported: NUCLEO-N657X0-Q
2026-05-08 17:25:20,931 [INFO] BoardInfo:880 - No configuration file found for board NUCLEO-U031R8
2026-05-08 17:25:20,931 [INFO] DbBoards:157 - Board is not supported: NUCLEO-U031R8
2026-05-08 17:25:20,932 [INFO] BoardInfo:880 - No configuration file found for board NUCLEO-U083RC
2026-05-08 17:25:20,932 [INFO] DbBoards:157 - Board is not supported: NUCLEO-U083RC
2026-05-08 17:25:20,933 [INFO] BoardInfo:880 - No configuration file found for board NUCLEO-U385RG-Q
2026-05-08 17:25:20,933 [INFO] DbBoards:157 - Board is not supported: NUCLEO-U385RG-Q
2026-05-08 17:25:20,934 [INFO] BoardInfo:880 - No configuration file found for board NUCLEO-U3C5ZI-Q
2026-05-08 17:25:20,935 [INFO] DbBoards:157 - Board is not supported: NUCLEO-U3C5ZI-Q
2026-05-08 17:25:20,949 [INFO] BoardInfo:880 - No configuration file found for board NUCLEO-WB05KZ
2026-05-08 17:25:20,949 [INFO] DbBoards:157 - Board is not supported: NUCLEO-WB05KZ
2026-05-08 17:25:20,950 [INFO] BoardInfo:880 - No configuration file found for board NUCLEO-WB07CC
2026-05-08 17:25:20,950 [INFO] DbBoards:157 - Board is not supported: NUCLEO-WB07CC
2026-05-08 17:25:20,951 [INFO] BoardInfo:880 - No configuration file found for board NUCLEO-WB09KE
2026-05-08 17:25:20,952 [INFO] DbBoards:157 - Board is not supported: NUCLEO-WB09KE
2026-05-08 17:25:20,955 [INFO] BoardInfo:880 - No configuration file found for board NUCLEO-WBA25CE1
2026-05-08 17:25:20,955 [INFO] DbBoards:157 - Board is not supported: NUCLEO-WBA25CE1
2026-05-08 17:25:20,957 [INFO] BoardInfo:880 - No configuration file found for board NUCLEO-WBA55CG
2026-05-08 17:25:20,957 [INFO] DbBoards:157 - Board is not supported: NUCLEO-WBA55CG
2026-05-08 17:25:20,958 [INFO] BoardInfo:880 - No configuration file found for board NUCLEO-WBA65RI
2026-05-08 17:25:20,958 [INFO] DbBoards:157 - Board is not supported: NUCLEO-WBA65RI
2026-05-08 17:25:20,959 [INFO] BoardInfo:880 - No configuration file found for board NUCLEO-WL33CC1
2026-05-08 17:25:20,959 [INFO] DbBoards:157 - Board is not supported: NUCLEO-WL33CC1
2026-05-08 17:25:20,960 [INFO] BoardInfo:880 - No configuration file found for board NUCLEO-WL33CC2
2026-05-08 17:25:20,960 [INFO] DbBoards:157 - Board is not supported: NUCLEO-WL33CC2
2026-05-08 17:25:20,962 [INFO] BoardInfo:880 - No configuration file found for board NUCLEO-WL3RKB1
2026-05-08 17:25:20,962 [INFO] DbBoards:157 - Board is not supported: NUCLEO-WL3RKB1
2026-05-08 17:25:20,963 [INFO] BoardInfo:880 - No configuration file found for board NUCLEO-WL3RKB2
2026-05-08 17:25:20,963 [INFO] DbBoards:157 - Board is not supported: NUCLEO-WL3RKB2
2026-05-08 17:25:20,968 [INFO] BoardInfo:880 - No configuration file found for board P-NUCLEO-WB55
2026-05-08 17:25:20,968 [INFO] DbBoards:157 - Kit is not supported: P-NUCLEO-WB55
2026-05-08 17:25:20,972 [INFO] BoardInfo:880 - No configuration file found for board STEVAL-BFA001V1B
2026-05-08 17:25:20,972 [INFO] DbBoards:157 - Kit is not supported: STEVAL-BFA001V1B
2026-05-08 17:25:20,973 [INFO] BoardInfo:880 - No configuration file found for board STEVAL-BFA001V2B
2026-05-08 17:25:20,973 [INFO] DbBoards:157 - Kit is not supported: STEVAL-BFA001V2B
2026-05-08 17:25:20,977 [INFO] BoardInfo:880 - No configuration file found for board STEVAL-MKBOXPRO
2026-05-08 17:25:20,977 [INFO] DbBoards:157 - Board is not supported: STEVAL-MKBOXPRO
2026-05-08 17:25:21,038 [INFO] BoardInfo:880 - No configuration file found for board STM32H5F5J-DK
2026-05-08 17:25:21,038 [INFO] DbBoards:157 - Board is not supported: STM32H5F5J-DK
2026-05-08 17:25:21,052 [INFO] BoardInfo:880 - No configuration file found for board STM32H7S78-DK
2026-05-08 17:25:21,052 [INFO] DbBoards:157 - Board is not supported: STM32H7S78-DK
2026-05-08 17:25:21,072 [INFO] BoardInfo:880 - No configuration file found for board STM32MP215F-DK
2026-05-08 17:25:21,072 [INFO] DbBoards:157 - Board is not supported: STM32MP215F-DK
2026-05-08 17:25:21,074 [INFO] BoardInfo:880 - No configuration file found for board STM32MP257F-DK
2026-05-08 17:25:21,074 [INFO] DbBoards:157 - Board is not supported: STM32MP257F-DK
2026-05-08 17:25:21,075 [INFO] BoardInfo:880 - No configuration file found for board STM32MP257F-EV1
2026-05-08 17:25:21,075 [INFO] DbBoards:157 - Board is not supported: STM32MP257F-EV1
2026-05-08 17:25:21,076 [INFO] BoardInfo:880 - No configuration file found for board STM32N6570-DK
2026-05-08 17:25:21,076 [INFO] DbBoards:157 - Board is not supported: STM32N6570-DK
2026-05-08 17:25:21,077 [INFO] BoardInfo:880 - No configuration file found for board STM32U083C-DK
2026-05-08 17:25:21,077 [INFO] DbBoards:157 - Board is not supported: STM32U083C-DK
2026-05-08 17:25:21,085 [INFO] BoardInfo:880 - No configuration file found for board STM32WBA55G-DK1
2026-05-08 17:25:21,085 [INFO] DbBoards:157 - Board is not supported: STM32WBA55G-DK1
2026-05-08 17:25:21,086 [INFO] BoardInfo:880 - No configuration file found for board STM32WBA65I-DK1
2026-05-08 17:25:21,086 [INFO] DbBoards:157 - Board is not supported: STM32WBA65I-DK1
2026-05-08 17:25:21,086 [INFO] DbBoards:161 - Found 218 boards, 183 are supported
2026-05-08 17:25:21,092 [INFO] ApiDb:423 - Load user favorites file C:\Users\James Kennedy/.stm32cubeide/favorites.boards.txt: 0 item(s)
2026-05-08 17:25:21,093 [INFO] ApiDb:427 - User favorites Boards=[]
2026-05-08 17:25:21,093 [INFO] DbBoards:190 - Set 0 / 0 favorites Boards
2026-05-08 17:25:21,093 [INFO] McuFinderGlobals:76 - Set McuFinderConnectedMode to true
2026-05-08 17:25:21,100 [INFO] MultiScanPanel:200 - Auto-refresh data requested => check proxy status ongoing
2026-05-08 17:25:21,104 [INFO] FinderPluginLoader:95 - Searching for filters in installed packs
2026-05-08 17:25:22,779 [INFO] LoadUrlFilesThread:185 - End of LoadServerUrlFiles without Thread
2026-05-08 17:25:22,811 [INFO] DetailPanel:341 - Set advertising image to C:/Users/James Kennedy/STM32Cube/Repository/\en.prom-stm32wba2-stm32-nucleo-board-0426.png
2026-05-08 17:26:02,488 [INFO] MainUpdater:2868 - connection check result : 10
2026-05-08 17:26:02,488 [INFO] MainUpdater:2868 - connection check result : 10
2026-05-08 17:26:02,548 [INFO] MicroXplorer:468 - Change Database Path : 
2026-05-08 17:26:02,548 [INFO] MicroXplorer:498 - Change Database Version : DB.6.0.90
2026-05-08 17:26:02,557 [WARN] ThirdParty:871 - waiting for thirdparty lock release [close project]
2026-05-08 17:26:02,557 [INFO] ThirdParty:873 - entering critical section [close project]
2026-05-08 17:26:02,558 [INFO] ThirdParty:883 - exiting critical section [close project]
2026-05-08 17:26:02,559 [INFO] PinOutPanel:1499 - setPackage(No Configuration,No Configuration)
2026-05-08 17:26:02,567 [INFO] UtilMem:75 - Begin LoadConfig() Used Memory: 735683088 Bytes (1073741824)
2026-05-08 17:26:02,569 [INFO] MicroXplorer:468 - Change Database Path : 
2026-05-08 17:26:02,570 [INFO] MicroXplorer:498 - Change Database Version : DB.6.0.90
2026-05-08 17:26:02,570 [INFO] OpenFileManager:308 - Change cursor
2026-05-08 17:26:02,712 [INFO] Mcu:1946 - Initializing MCU STM32F103C8Tx STM32F103C8Tx STM32F103C8T6
2026-05-08 17:26:04,368 [INFO] Context:659 - Trying to add GPIOservice into a context  which must be forbidden
2026-05-08 17:26:04,695 [INFO] ImportTextPane:194 - (OptionalMessage_ERROR) Unable to find key (Mcu.ThirdPartyNb) in loaded IOC file
2026-05-08 17:26:04,695 [INFO] ImportTextPane:194 - (OptionalMessage_ERROR) Unable to find key (Mcu.PinsNb) in loaded IOC file
2026-05-08 17:26:04,695 [INFO] ImportTextPane:194 - (OptionalMessage_ERROR) Unable to find key (Mcu.IPNb) in loaded IOC file
2026-05-08 17:26:04,998 [INFO] RtosManager:555 - Registered RTOS mode: class=CMSIS, group=RTOS, mode=CMSIS_V1, owner=FREERTOS
2026-05-08 17:26:04,999 [INFO] RtosManager:555 - Registered RTOS mode: class=CMSIS, group=RTOS2, mode=CMSIS_V2, owner=FREERTOS
2026-05-08 17:26:04,999 [INFO] RtosManager:555 - Registered RTOS mode: class=RTOS, group=Core, mode=CMSIS_V1, owner=FREERTOS
2026-05-08 17:26:04,999 [INFO] RtosManager:555 - Registered RTOS mode: class=RTOS, group=Core, mode=CMSIS_V2, owner=FREERTOS
2026-05-08 17:26:04,999 [WARN] ModelIntegratedComponent:184 - Missing modes for component STMicroelectronics:FreeRTOS:0.0.1:STMicroelectronics:RTOS:FreeRTOS:Core:::10.2.0:
2026-05-08 17:26:05,020 [WARN] ModelIntegratedComponent:63 - No mode defined for component null
2026-05-08 17:26:05,020 [WARN] ModelIntegratedComponent:63 - No mode defined for component null
2026-05-08 17:26:05,020 [WARN] ModelIntegratedComponent:63 - No mode defined for component null
2026-05-08 17:26:05,020 [WARN] ModelIntegratedComponent:63 - No mode defined for component null
2026-05-08 17:26:05,020 [WARN] ModelIntegratedComponent:63 - No mode defined for component null
2026-05-08 17:26:05,021 [WARN] ModelIntegratedComponent:63 - No mode defined for component null
2026-05-08 17:26:05,021 [WARN] ModelIntegratedComponent:63 - No mode defined for component null
2026-05-08 17:26:05,021 [WARN] ModelIntegratedComponent:63 - No mode defined for component null
2026-05-08 17:26:05,021 [WARN] ModelIntegratedComponent:63 - No mode defined for component null
2026-05-08 17:26:05,021 [WARN] ModelIntegratedComponent:63 - No mode defined for component null
2026-05-08 17:26:05,021 [WARN] ModelIntegratedComponent:63 - No mode defined for component null
2026-05-08 17:26:05,021 [WARN] ModelIntegratedComponent:63 - No mode defined for component null
2026-05-08 17:26:05,021 [WARN] ModelIntegratedComponent:63 - No mode defined for component null
2026-05-08 17:26:05,021 [WARN] ModelIntegratedComponent:63 - No mode defined for component null
2026-05-08 17:26:05,021 [WARN] ModelIntegratedComponent:63 - No mode defined for component null
2026-05-08 17:26:05,021 [WARN] ModelIntegratedComponent:63 - No mode defined for component null
2026-05-08 17:26:05,021 [WARN] ModelIntegratedComponent:63 - No mode defined for component null
2026-05-08 17:26:05,021 [WARN] ModelIntegratedComponent:63 - No mode defined for component null
2026-05-08 17:26:05,021 [WARN] ModelIntegratedComponent:63 - No mode defined for component null
2026-05-08 17:26:05,022 [WARN] ModelIntegratedComponent:63 - No mode defined for component null
2026-05-08 17:26:05,022 [WARN] ModelIntegratedComponent:63 - No mode defined for component null
2026-05-08 17:26:05,022 [WARN] ModelIntegratedComponent:63 - No mode defined for component null
2026-05-08 17:26:05,022 [WARN] ModelIntegratedComponent:63 - No mode defined for component null
2026-05-08 17:26:05,022 [WARN] ModelIntegratedComponent:63 - No mode defined for component null
2026-05-08 17:26:05,022 [WARN] ModelIntegratedComponent:63 - No mode defined for component null
2026-05-08 17:26:05,022 [WARN] ModelIntegratedComponent:63 - No mode defined for component null
2026-05-08 17:26:05,022 [WARN] ModelIntegratedComponent:63 - No mode defined for component null
2026-05-08 17:26:05,022 [WARN] ModelIntegratedComponent:63 - No mode defined for component null
2026-05-08 17:26:05,022 [WARN] ModelIntegratedComponent:63 - No mode defined for component null
2026-05-08 17:26:05,022 [WARN] ModelIntegratedComponent:63 - No mode defined for component null
2026-05-08 17:26:05,022 [WARN] ModelIntegratedComponent:63 - No mode defined for component null
2026-05-08 17:26:05,022 [WARN] ModelIntegratedComponent:63 - No mode defined for component null
2026-05-08 17:26:05,023 [WARN] ModelIntegratedComponent:63 - No mode defined for component null
2026-05-08 17:26:05,152 [INFO] ThirdPartyModel:298 - Start build external matchings
2026-05-08 17:26:05,860 [INFO] ThirdPartyModel:316 - End build external matchings
2026-05-08 17:26:06,276 [INFO] UtilMem:75 - End LoadConfig() Used Memory: 828825888 Bytes (1073741824)
2026-05-08 17:26:06,343 [WARN] ThirdParty:833 - waiting for thirdparty lock release [change project]
2026-05-08 17:26:06,343 [INFO] ThirdParty:835 - entering critical section [change project]
2026-05-08 17:26:06,344 [INFO] ThirdParty:1030 - CMSIS Pack Vendor :STMicroelectronics X-CUBE-AZRTOS-H7 3.5.0
2026-05-08 17:26:06,344 [INFO] ThirdParty:1030 - CMSIS Pack Vendor :STMicroelectronics X-CUBE-PM33A1 1.0.0
2026-05-08 17:26:06,344 [INFO] ThirdParty:1030 - CMSIS Pack Vendor :STMicroelectronics USBPD 4.1
2026-05-08 17:26:06,344 [INFO] ThirdParty:1030 - CMSIS Pack Vendor :STMicroelectronics X-CUBE-NFC9 1.0.0
2026-05-08 17:26:06,344 [INFO] ThirdParty:1030 - CMSIS Pack Vendor :STMicroelectronics USB_HOST 2.0.0
2026-05-08 17:26:06,344 [INFO] ThirdParty:1030 - CMSIS Pack Vendor :STMicroelectronics FP-SNS-MOTENVWB1 1.4.0
2026-05-08 17:26:06,344 [INFO] ThirdParty:1030 - CMSIS Pack Vendor :STMicroelectronics X-CUBE-AZRTOS-F4 1.1.0
2026-05-08 17:26:06,344 [INFO] ThirdParty:1030 - CMSIS Pack Vendor :STMicroelectronics LIBJPEG 8.0.0
2026-05-08 17:26:06,344 [INFO] ThirdParty:1030 - CMSIS Pack Vendor :STMicroelectronics FP-ATR-ASTRA1 2.0.2
2026-05-08 17:26:06,344 [INFO] ThirdParty:1030 - CMSIS Pack Vendor :STMicroelectronics X-CUBE-BLE1 7.1.0
2026-05-08 17:26:06,344 [INFO] ThirdParty:1030 - CMSIS Pack Vendor :STMicroelectronics X-CUBE-SMBUS 2.1.0
2026-05-08 17:26:06,344 [INFO] ThirdParty:1030 - CMSIS Pack Vendor :wolfSSL I-CUBE-wolfMQTT 1.19.2
2026-05-08 17:26:06,345 [INFO] ThirdParty:1030 - CMSIS Pack Vendor :STMicroelectronics USB_DEVICE 3.0.0
2026-05-08 17:26:06,345 [INFO] ThirdParty:1030 - CMSIS Pack Vendor :STMicroelectronics X-CUBE-ISPU 2.1.0
2026-05-08 17:26:06,345 [INFO] ThirdParty:1030 - CMSIS Pack Vendor :STMicroelectronics X-CUBE-EEPRMA1 5.2.0
2026-05-08 17:26:06,345 [INFO] ThirdParty:1030 - CMSIS Pack Vendor :STMicroelectronics X-CUBE-AZRTOS-WB 2.0.0
2026-05-08 17:26:06,345 [INFO] ThirdParty:1030 - CMSIS Pack Vendor :wolfSSL I-CUBE-wolfSSL 5.8.4
2026-05-08 17:26:06,345 [INFO] ThirdParty:1030 - CMSIS Pack Vendor :STMicroelectronics X-CUBE-NFC12 1.0.0
2026-05-08 17:26:06,345 [INFO] ThirdParty:1030 - CMSIS Pack Vendor :STMicroelectronics X-CUBE-AZRTOS-F7 1.1.0
2026-05-08 17:26:06,345 [INFO] ThirdParty:1030 - CMSIS Pack Vendor :STMicroelectronics X-CUBE-AZRTOS-L5 2.0.0
2026-05-08 17:26:06,345 [INFO] ThirdParty:1030 - CMSIS Pack Vendor :STMicroelectronics USB_DEVICE 2.0.0
2026-05-08 17:26:06,345 [INFO] ThirdParty:1030 - CMSIS Pack Vendor :STMicroelectronics X-CUBE-MEMS1 12.0.0
2026-05-08 17:26:06,345 [INFO] ThirdParty:1030 - CMSIS Pack Vendor :STMicroelectronics X-CUBE-STSE01 2.0.0
2026-05-08 17:26:06,346 [INFO] ThirdParty:1030 - CMSIS Pack Vendor :STMicroelectronics FreeRTOS 0.0.1
2026-05-08 17:26:06,346 [INFO] ThirdParty:1030 - CMSIS Pack Vendor :STMicroelectronics X-CUBE-AZRTOS-G0 1.1.0
2026-05-08 17:26:06,346 [INFO] ThirdParty:1030 - CMSIS Pack Vendor :STMicroelectronics X-CUBE-NFC4 3.0.0
2026-05-08 17:26:06,346 [INFO] ThirdParty:1030 - CMSIS Pack Vendor :STMicroelectronics X-CUBE-SUBG2 5.0.0
2026-05-08 17:26:06,346 [INFO] ThirdParty:1030 - CMSIS Pack Vendor :STMicroelectronics STM32_WPAN 1.0.0
2026-05-08 17:26:06,346 [INFO] ThirdParty:1030 - CMSIS Pack Vendor :STMicroelectronics lwIP 2.0.3
2026-05-08 17:26:06,346 [INFO] ThirdParty:1030 - CMSIS Pack Vendor :STMicroelectronics USB_HOST 1.0.0
2026-05-08 17:26:06,347 [INFO] ThirdParty:1030 - CMSIS Pack Vendor :STMicroelectronics X-CUBE-AZRTOS-G4 2.0.0
2026-05-08 17:26:06,347 [INFO] ThirdParty:1030 - CMSIS Pack Vendor :STMicroelectronics X-CUBE-WB05N 2.0.0
2026-05-08 17:26:06,347 [INFO] ThirdParty:1030 - CMSIS Pack Vendor :STMicroelectronics PDM2PCM 3.1.0
2026-05-08 17:26:06,347 [INFO] ThirdParty:1030 - CMSIS Pack Vendor :STMicroelectronics PDM2PCM 3.3.0
2026-05-08 17:26:06,347 [INFO] ThirdParty:1030 - CMSIS Pack Vendor :wolfSSL I-CUBE-wolfTPM 3.8.0
2026-05-08 17:26:06,348 [INFO] ThirdParty:1030 - CMSIS Pack Vendor :STMicroelectronics X-CUBE-AZRTOS-H7 3.4.0
2026-05-08 17:26:06,348 [INFO] ThirdParty:1030 - CMSIS Pack Vendor :STMicroelectronics X-CUBE-DISPLAY 3.0.0
2026-05-08 17:26:06,348 [INFO] ThirdParty:1030 - CMSIS Pack Vendor :wolfSSL I-CUBE-wolfSSH 1.4.20
2026-05-08 17:26:06,348 [INFO] ThirdParty:1030 - CMSIS Pack Vendor :STMicroelectronics X-CUBE-NFC7 2.0.0
2026-05-08 17:26:06,348 [INFO] ThirdParty:1030 - CMSIS Pack Vendor :STMicroelectronics X-CUBE-GNSS1 7.1.1
2026-05-08 17:26:06,348 [INFO] ThirdParty:1030 - CMSIS Pack Vendor :STMicroelectronics FP-ATR-SIGFOX1 3.2.0
2026-05-08 17:26:06,348 [INFO] ThirdParty:1030 - CMSIS Pack Vendor :STMicroelectronics X-CUBE-NFC10 1.0.0
2026-05-08 17:26:06,348 [INFO] ThirdParty:1030 - CMSIS Pack Vendor :STMicroelectronics HAL Drivers 0.0.0
2026-05-08 17:26:06,348 [INFO] ThirdParty:1030 - CMSIS Pack Vendor :STMicroelectronics MBEDTLS 2.16.2
2026-05-08 17:26:06,348 [INFO] ThirdParty:1030 - CMSIS Pack Vendor :STMicroelectronics X-CUBE-ALS 1.0.2
2026-05-08 17:26:06,348 [INFO] ThirdParty:1030 - CMSIS Pack Vendor :emotas I-CUBE-CANOPEN 1.3.0
2026-05-08 17:26:06,349 [INFO] ThirdParty:1030 - CMSIS Pack Vendor :STMicroelectronics MBEDTLS 2.14.1
2026-05-08 17:26:06,349 [INFO] ThirdParty:1030 - CMSIS Pack Vendor :STMicroelectronics X-CUBE-GNSS1 7.1.0
2026-05-08 17:26:06,349 [INFO] ThirdParty:1030 - CMSIS Pack Vendor :ITTIA_DB I-CUBE-ITTIADB 8.9.0
2026-05-08 17:26:06,349 [INFO] ThirdParty:1030 - CMSIS Pack Vendor :STMicroelectronics X-CUBE-TOUCHGFX 4.26.0
2026-05-08 17:26:06,349 [INFO] ThirdParty:1030 - CMSIS Pack Vendor :STMicroelectronics X-CUBE-TOUCHGFX 4.26.1
2026-05-08 17:26:06,349 [INFO] ThirdParty:1030 - CMSIS Pack Vendor :STMicroelectronics X-CUBE-NFC6 3.2.0
2026-05-08 17:26:06,349 [INFO] ThirdParty:1030 - CMSIS Pack Vendor :STMicroelectronics X-CUBE-AI 10.2.0
2026-05-08 17:26:06,349 [INFO] ThirdParty:1030 - CMSIS Pack Vendor :STMicroelectronics ThreadX 1.0.0
2026-05-08 17:26:06,349 [INFO] ThirdParty:1030 - CMSIS Pack Vendor :STMicroelectronics FP-SNS-SMARTAG2 1.2.0
2026-05-08 17:26:06,349 [INFO] ThirdParty:1030 - CMSIS Pack Vendor :STMicroelectronics X-CUBE-MEMS1 12.1.0
2026-05-08 17:26:06,349 [INFO] ThirdParty:1030 - CMSIS Pack Vendor :STMicroelectronics X-CUBE-AZRTOS-WL 2.0.0
2026-05-08 17:26:06,349 [INFO] ThirdParty:1030 - CMSIS Pack Vendor :SEGGER I-CUBE-embOS 1.3.1
2026-05-08 17:26:06,349 [INFO] ThirdParty:1030 - CMSIS Pack Vendor :STMicroelectronics X-CUBE-ALGOBUILD 1.4.0
2026-05-08 17:26:06,350 [INFO] ThirdParty:1030 - CMSIS Pack Vendor :STMicroelectronics USB_DEVICE 1.0.0
2026-05-08 17:26:06,350 [INFO] ThirdParty:1030 - CMSIS Pack Vendor :STMicroelectronics X-CUBE-AZRTOS-H7RS 1.2.0
2026-05-08 17:26:06,350 [INFO] ThirdParty:1030 - CMSIS Pack Vendor :STMicroelectronics X-CUBE-AZRTOS-L4 2.0.0
2026-05-08 17:26:06,350 [INFO] ThirdParty:1030 - CMSIS Pack Vendor :STMicroelectronics ThreadX 0.0.2
2026-05-08 17:26:06,350 [INFO] ThirdParty:1030 - CMSIS Pack Vendor :STMicroelectronics lwIP 2.1.2
2026-05-08 17:26:06,350 [INFO] ThirdParty:1030 - CMSIS Pack Vendor :STMicroelectronics X-CUBE-SFXS2LP1 4.0.0
2026-05-08 17:26:06,350 [INFO] ThirdParty:1030 - CMSIS Pack Vendor :STMicroelectronics X-CUBE-BLE2 3.3.0
2026-05-08 17:26:06,350 [INFO] ThirdParty:1030 - CMSIS Pack Vendor :STMicroelectronics PDM2PCM 3.2.0
2026-05-08 17:26:06,350 [INFO] ThirdParty:1030 - CMSIS Pack Vendor :STMicroelectronics X-CUBE-WB05N 2.1.0
2026-05-08 17:26:06,350 [INFO] ThirdParty:841 - exiting critical section [change project]
2026-05-08 17:26:06,744 [INFO] PinOutPanel:1499 - setPackage(No Configuration,No Configuration)
2026-05-08 17:26:06,746 [INFO] PinOutPanel:1499 - setPackage(STM32F103C8Tx,LQFP48)
2026-05-08 17:26:07,555 [INFO] UtilMem:75 - Before build in PCC Used Memory: 750252592 Bytes (1073741824)
2026-05-08 17:26:08,812 [INFO] UtilMem:75 - After build in PCC Used Memory: 728667752 Bytes (1073741824)
2026-05-08 17:26:08,844 [INFO] IPUIPlugin:80 - create IPUIPlugin
2026-05-08 17:26:08,845 [INFO] IPUIPlugin:80 - create IPUIPlugin
2026-05-08 17:26:08,845 [INFO] IPUIPlugin:80 - create IPUIPlugin
2026-05-08 17:26:08,845 [INFO] IPUIPlugin:80 - create IPUIPlugin
2026-05-08 17:26:08,845 [INFO] IPUIPlugin:80 - create IPUIPlugin
2026-05-08 17:26:08,845 [INFO] IPUIPlugin:80 - create IPUIPlugin
2026-05-08 17:26:08,846 [INFO] IPUIPlugin:80 - create IPUIPlugin
2026-05-08 17:26:08,846 [INFO] IPUIPlugin:80 - create IPUIPlugin
2026-05-08 17:26:08,846 [INFO] IPUIPlugin:80 - create IPUIPlugin
2026-05-08 17:26:08,846 [INFO] IPUIPlugin:80 - create IPUIPlugin
2026-05-08 17:26:08,846 [INFO] IPUIPlugin:80 - create IPUIPlugin
2026-05-08 17:26:08,847 [INFO] IPUIPlugin:80 - create IPUIPlugin
2026-05-08 17:26:08,847 [INFO] IPUIPlugin:80 - create IPUIPlugin
2026-05-08 17:26:08,847 [INFO] IPUIPlugin:80 - create IPUIPlugin
2026-05-08 17:26:08,847 [INFO] IPUIPlugin:80 - create IPUIPlugin
2026-05-08 17:26:08,848 [INFO] IPUIPlugin:80 - create IPUIPlugin
2026-05-08 17:26:08,848 [INFO] IPUIPlugin:80 - create IPUIPlugin
2026-05-08 17:26:08,848 [INFO] IPUIPlugin:80 - create IPUIPlugin
2026-05-08 17:26:08,848 [INFO] IPUIPlugin:80 - create IPUIPlugin
2026-05-08 17:26:08,849 [INFO] IPUIPlugin:80 - create IPUIPlugin
2026-05-08 17:26:08,849 [INFO] IPUIPlugin:80 - create IPUIPlugin
2026-05-08 17:26:08,849 [INFO] IPUIPlugin:80 - create IPUIPlugin
2026-05-08 17:26:08,850 [INFO] IPUIPlugin:80 - create IPUIPlugin
2026-05-08 17:26:08,850 [INFO] IPUIPlugin:80 - create IPUIPlugin
2026-05-08 17:26:08,850 [INFO] IPUIPlugin:80 - create IPUIPlugin
2026-05-08 17:26:08,851 [INFO] IPUIPlugin:80 - create IPUIPlugin
2026-05-08 17:26:08,851 [INFO] IPUIPlugin:80 - create IPUIPlugin
2026-05-08 17:26:09,137 [INFO] CADModel:165 - CPN selected for project levelSTM32F103C8T6
2026-05-08 17:26:09,137 [INFO] CADModel:114 - Register for checkConnection events
2026-05-08 17:26:09,191 [INFO] OpenFileManager:328 - Restore cursor
2026-05-08 17:26:11,228 [INFO] UtilMem:75 - End SaveConfig() Used Memory: 746123304 Bytes (1073741824)
2026-05-08 17:26:11,347 [INFO] UtilMem:75 - End SaveConfig() Used Memory: 763442808 Bytes (1073741824)
2026-05-08 17:26:11,979 [INFO] BlockDiagram:2759 - set Specific Code input for plugin: NVIC
2026-05-08 17:26:11,979 [INFO] BlockDiagram:2759 - set Specific Code input for plugin: RCC
2026-05-08 17:26:11,980 [INFO] CodeGenerator:799 - code generatio: config db path: C:\ST\STM32CubeIDE_1.13.0\STM32CubeIDE\plugins\com.st.stm32cube.common.mx_6.9.0.202307051724\\db\
2026-05-08 17:26:12,314 [INFO] CodeEngine:255 - oldGeneratedFile, D:\smart_garden\tEST\MXTmpFiles\license.tmp_save
2026-05-08 17:26:12,970 [INFO] CodeEngine:279 - Generated code: D:\smart_garden\tEST\MXTmpFiles\license.tmp
2026-05-08 17:26:13,017 [INFO] CodeEngine:255 - oldGeneratedFile, D:\smart_garden\tEST\Core\Src\stm32f1xx_it.c_save
2026-05-08 17:26:13,440 [INFO] CodeEngine:279 - Generated code: D:\smart_garden\tEST\Core\Src\stm32f1xx_it.c
2026-05-08 17:26:13,464 [INFO] CodeEngine:255 - oldGeneratedFile, D:\smart_garden\tEST\Core\Inc\stm32f1xx_it.h_save
2026-05-08 17:26:13,656 [INFO] CodeEngine:279 - Generated code: D:\smart_garden\tEST\Core\Inc\stm32f1xx_it.h
2026-05-08 17:26:13,868 [INFO] CodeEngine:255 - oldGeneratedFile, D:\smart_garden\tEST\Core\Src\stm32f1xx_hal_msp.c_save
2026-05-08 17:26:14,074 [INFO] CodeEngine:279 - Generated code: D:\smart_garden\tEST\Core\Src\stm32f1xx_hal_msp.c
2026-05-08 17:26:14,094 [INFO] CodeEngine:255 - oldGeneratedFile, D:\smart_garden\tEST\MXTmpFiles\system.tmp_save
2026-05-08 17:26:14,201 [INFO] CodeEngine:279 - Generated code: D:\smart_garden\tEST\MXTmpFiles\system.tmp
2026-05-08 17:26:14,228 [INFO] CodeEngine:311 - oldGeneratedFile, D:\smart_garden\tEST\Core\Inc\stm32f1xx_hal_conf.h_save
2026-05-08 17:26:14,369 [INFO] CodeEngine:335 - Generated code: D:\smart_garden\tEST\Core\Inc\stm32f1xx_hal_conf.h
2026-05-08 17:26:14,457 [INFO] CodeEngine:255 - oldGeneratedFile, D:\smart_garden\tEST\Core\Inc\main.h_save
2026-05-08 17:26:14,620 [INFO] CodeEngine:279 - Generated code: D:\smart_garden\tEST\Core\Inc\main.h
2026-05-08 17:26:14,642 [INFO] CodeEngine:255 - oldGeneratedFile, D:\smart_garden\tEST\Core\Src\main.c_save
2026-05-08 17:26:14,913 [INFO] CodeEngine:279 - Generated code: D:\smart_garden\tEST\Core\Src\main.c
2026-05-08 17:26:15,829 [INFO] ProjectBuilder:3064 - Time for Copy HAL[1] : 256mS.
2026-05-08 17:26:15,840 [INFO] ProjectBuilder:4404 - Project Generator version: 4.1.0
2026-05-08 17:26:16,161 [INFO] ConfigFileManager:1457 - The Die is : DIE410
2026-05-08 17:26:16,205 [INFO] ApiDbMcu:507 - Load IP Config File for FATFS
2026-05-08 17:26:16,234 [INFO] ApiDbMcu:507 - Load IP Config File for FREERTOS
2026-05-08 17:26:16,267 [INFO] ApiDbMcu:507 - Load IP Config File for USB_DEVICE
2026-05-08 17:26:18,223 [INFO] LogOutputStream:77 - [STDOUT_REDIRECT] 
2026-05-08 17:26:23,778 [INFO] ProjectBuilder:4626 - Time for Generating toolchain IDE Files: 7937mS.
2026-05-08 17:26:23,779 [INFO] ProjectBuilder:2935 - Time for Copy CMSIS : 1mS.
2026-05-08 17:26:23,780 [INFO] ProjectBuilder:2935 - Time for Copy CMSIS : 0mS.
2026-05-08 17:26:25,118 [INFO] McuFinderGlobals:76 - Set McuFinderConnectedMode to true
2026-05-08 17:26:25,128 [INFO] ApiDb:448 - Save user favorites file C:\Users\James Kennedy/.stm32cubeide/favorites.mcus.txt: 1 item(s)
2026-05-08 17:26:25,129 [INFO] ApiDb:452 - User favorites MCUs=[STM32F103C8T6]
2026-05-08 17:26:41,961 [INFO] Gpio:273 - dependency for GPIO []
2026-05-08 17:26:52,656 [INFO] UtilMem:75 - End SaveConfig() Used Memory: 849039544 Bytes (1073741824)
2026-05-08 17:26:52,771 [INFO] UtilMem:75 - End SaveConfig() Used Memory: 870107680 Bytes (1073741824)
2026-05-08 17:26:53,815 [INFO] UtilMem:75 - End SaveConfig() Used Memory: 929991392 Bytes (1073741824)
2026-05-08 17:26:54,291 [INFO] BlockDiagram:2759 - set Specific Code input for plugin: NVIC
2026-05-08 17:26:54,292 [INFO] BlockDiagram:2759 - set Specific Code input for plugin: GPIO
2026-05-08 17:26:54,292 [INFO] BlockDiagram:2759 - set Specific Code input for plugin: RCC
2026-05-08 17:26:54,293 [INFO] CodeGenerator:799 - code generatio: config db path: C:\ST\STM32CubeIDE_1.13.0\STM32CubeIDE\plugins\com.st.stm32cube.common.mx_6.9.0.202307051724\\db\
2026-05-08 17:26:54,455 [INFO] CodeEngine:255 - oldGeneratedFile, D:\smart_garden\tEST\MXTmpFiles\license.tmp_save
2026-05-08 17:26:54,672 [INFO] CodeEngine:279 - Generated code: D:\smart_garden\tEST\MXTmpFiles\license.tmp
2026-05-08 17:26:54,757 [INFO] CodeEngine:255 - oldGeneratedFile, D:\smart_garden\tEST\MXTmpFiles\gpio.tmp_save
2026-05-08 17:26:54,900 [INFO] CodeEngine:279 - Generated code: D:\smart_garden\tEST\MXTmpFiles\gpio.tmp
2026-05-08 17:26:54,927 [INFO] CodeEngine:255 - oldGeneratedFile, D:\smart_garden\tEST\Core\Src\stm32f1xx_it.c_save
2026-05-08 17:26:55,267 [INFO] CodeEngine:279 - Generated code: D:\smart_garden\tEST\Core\Src\stm32f1xx_it.c
2026-05-08 17:26:55,284 [INFO] CodeEngine:255 - oldGeneratedFile, D:\smart_garden\tEST\Core\Inc\stm32f1xx_it.h_save
2026-05-08 17:26:55,377 [INFO] CodeEngine:279 - Generated code: D:\smart_garden\tEST\Core\Inc\stm32f1xx_it.h
2026-05-08 17:26:55,416 [INFO] CodeEngine:255 - oldGeneratedFile, D:\smart_garden\tEST\Core\Src\stm32f1xx_hal_msp.c_save
2026-05-08 17:26:55,545 [INFO] CodeEngine:279 - Generated code: D:\smart_garden\tEST\Core\Src\stm32f1xx_hal_msp.c
2026-05-08 17:26:55,549 [INFO] CodeEngine:255 - oldGeneratedFile, D:\smart_garden\tEST\MXTmpFiles\system.tmp_save
2026-05-08 17:26:55,630 [INFO] CodeEngine:279 - Generated code: D:\smart_garden\tEST\MXTmpFiles\system.tmp
2026-05-08 17:26:55,659 [INFO] CodeEngine:311 - oldGeneratedFile, D:\smart_garden\tEST\Core\Inc\stm32f1xx_hal_conf.h_save
2026-05-08 17:26:55,810 [INFO] CodeEngine:335 - Generated code: D:\smart_garden\tEST\Core\Inc\stm32f1xx_hal_conf.h
2026-05-08 17:26:55,881 [INFO] CodeEngine:255 - oldGeneratedFile, D:\smart_garden\tEST\Core\Inc\main.h_save
2026-05-08 17:26:56,048 [INFO] CodeEngine:279 - Generated code: D:\smart_garden\tEST\Core\Inc\main.h
2026-05-08 17:26:56,072 [INFO] CodeEngine:255 - oldGeneratedFile, D:\smart_garden\tEST\Core\Src\main.c_save
2026-05-08 17:26:56,335 [INFO] CodeEngine:279 - Generated code: D:\smart_garden\tEST\Core\Src\main.c
2026-05-08 17:26:56,879 [INFO] ProjectBuilder:3064 - Time for Copy HAL[1] : 117mS.
2026-05-08 17:26:56,883 [INFO] ProjectBuilder:4404 - Project Generator version: 4.1.0
2026-05-08 17:26:57,136 [INFO] ConfigFileManager:1457 - The Die is : DIE410
2026-05-08 17:26:59,595 [INFO] ProjectBuilder:4626 - Time for Generating toolchain IDE Files: 2713mS.
2026-05-08 17:26:59,596 [INFO] ProjectBuilder:2935 - Time for Copy CMSIS : 0mS.
2026-05-08 17:26:59,598 [INFO] ProjectBuilder:2935 - Time for Copy CMSIS : 0mS.
2026-05-08 17:28:38,115 [INFO] MainUpdater:2868 - connection check result : 10
2026-05-08 17:28:38,115 [INFO] MainUpdater:2868 - connection check result : 10
2026-05-08 17:28:38,194 [INFO] MicroXplorer:468 - Change Database Path : 
2026-05-08 17:28:38,194 [INFO] MicroXplorer:498 - Change Database Version : DB.6.0.90
2026-05-08 17:28:38,251 [WARN] ThirdParty:871 - waiting for thirdparty lock release [close project]
2026-05-08 17:28:38,251 [INFO] ThirdParty:873 - entering critical section [close project]
2026-05-08 17:28:38,251 [INFO] ThirdParty:883 - exiting critical section [close project]
2026-05-08 17:28:38,253 [INFO] PinOutPanel:1499 - setPackage(No Configuration,No Configuration)
2026-05-08 17:28:38,271 [INFO] UtilMem:75 - Begin LoadConfig() Used Memory: 769527928 Bytes (1073741824)
2026-05-08 17:28:38,273 [INFO] MicroXplorer:468 - Change Database Path : 
2026-05-08 17:28:38,273 [INFO] MicroXplorer:498 - Change Database Version : DB.6.0.90
2026-05-08 17:28:38,273 [INFO] OpenFileManager:308 - Change cursor
2026-05-08 17:28:38,291 [INFO] RulesReader:64 - Compatibility file has been processed (293 Rules)
2026-05-08 17:28:38,295 [INFO] Mcu:1946 - Initializing MCU STM32F103C(8-B)Tx STM32F103C8Tx STM32F103C8T6
2026-05-08 17:28:39,147 [INFO] Context:659 - Trying to add GPIOservice into a context  which must be forbidden
2026-05-08 17:28:39,514 [INFO] RtosManager:555 - Registered RTOS mode: class=CMSIS, group=RTOS, mode=CMSIS_V1, owner=FREERTOS
2026-05-08 17:28:39,514 [INFO] RtosManager:555 - Registered RTOS mode: class=CMSIS, group=RTOS2, mode=CMSIS_V2, owner=FREERTOS
2026-05-08 17:28:39,514 [INFO] RtosManager:555 - Registered RTOS mode: class=RTOS, group=Core, mode=CMSIS_V1, owner=FREERTOS
2026-05-08 17:28:39,515 [INFO] RtosManager:555 - Registered RTOS mode: class=RTOS, group=Core, mode=CMSIS_V2, owner=FREERTOS
2026-05-08 17:28:39,515 [WARN] ModelIntegratedComponent:184 - Missing modes for component STMicroelectronics:FreeRTOS:0.0.1:STMicroelectronics:RTOS:FreeRTOS:Core:::10.2.0:
2026-05-08 17:28:39,525 [WARN] ModelIntegratedComponent:63 - No mode defined for component null
2026-05-08 17:28:39,525 [WARN] ModelIntegratedComponent:63 - No mode defined for component null
2026-05-08 17:28:39,526 [WARN] ModelIntegratedComponent:63 - No mode defined for component null
2026-05-08 17:28:39,526 [WARN] ModelIntegratedComponent:63 - No mode defined for component null
2026-05-08 17:28:39,526 [WARN] ModelIntegratedComponent:63 - No mode defined for component null
2026-05-08 17:28:39,526 [WARN] ModelIntegratedComponent:63 - No mode defined for component null
2026-05-08 17:28:39,526 [WARN] ModelIntegratedComponent:63 - No mode defined for component null
2026-05-08 17:28:39,526 [WARN] ModelIntegratedComponent:63 - No mode defined for component null
2026-05-08 17:28:39,526 [WARN] ModelIntegratedComponent:63 - No mode defined for component null
2026-05-08 17:28:39,526 [WARN] ModelIntegratedComponent:63 - No mode defined for component null
2026-05-08 17:28:39,526 [WARN] ModelIntegratedComponent:63 - No mode defined for component null
2026-05-08 17:28:39,526 [WARN] ModelIntegratedComponent:63 - No mode defined for component null
2026-05-08 17:28:39,526 [WARN] ModelIntegratedComponent:63 - No mode defined for component null
2026-05-08 17:28:39,526 [WARN] ModelIntegratedComponent:63 - No mode defined for component null
2026-05-08 17:28:39,527 [WARN] ModelIntegratedComponent:63 - No mode defined for component null
2026-05-08 17:28:39,527 [WARN] ModelIntegratedComponent:63 - No mode defined for component null
2026-05-08 17:28:39,527 [WARN] ModelIntegratedComponent:63 - No mode defined for component null
2026-05-08 17:28:39,527 [WARN] ModelIntegratedComponent:63 - No mode defined for component null
2026-05-08 17:28:39,527 [WARN] ModelIntegratedComponent:63 - No mode defined for component null
2026-05-08 17:28:39,527 [WARN] ModelIntegratedComponent:63 - No mode defined for component null
2026-05-08 17:28:39,527 [WARN] ModelIntegratedComponent:63 - No mode defined for component null
2026-05-08 17:28:39,527 [WARN] ModelIntegratedComponent:63 - No mode defined for component null
2026-05-08 17:28:39,527 [WARN] ModelIntegratedComponent:63 - No mode defined for component null
2026-05-08 17:28:39,527 [WARN] ModelIntegratedComponent:63 - No mode defined for component null
2026-05-08 17:28:39,527 [WARN] ModelIntegratedComponent:63 - No mode defined for component null
2026-05-08 17:28:39,527 [WARN] ModelIntegratedComponent:63 - No mode defined for component null
2026-05-08 17:28:39,527 [WARN] ModelIntegratedComponent:63 - No mode defined for component null
2026-05-08 17:28:39,527 [WARN] ModelIntegratedComponent:63 - No mode defined for component null
2026-05-08 17:28:39,527 [WARN] ModelIntegratedComponent:63 - No mode defined for component null
2026-05-08 17:28:39,527 [WARN] ModelIntegratedComponent:63 - No mode defined for component null
2026-05-08 17:28:39,528 [WARN] ModelIntegratedComponent:63 - No mode defined for component null
2026-05-08 17:28:39,528 [WARN] ModelIntegratedComponent:63 - No mode defined for component null
2026-05-08 17:28:39,528 [WARN] ModelIntegratedComponent:63 - No mode defined for component null
2026-05-08 17:28:39,646 [INFO] ThirdPartyModel:298 - Start build external matchings
2026-05-08 17:28:40,122 [INFO] ThirdPartyModel:316 - End build external matchings
2026-05-08 17:28:40,136 [INFO] ImportTextPane:194 - (OptionalMessage_ERROR) IP (RCC) : Parameter (ADCFreqValue) has invalid value (36000000)
2026-05-08 17:28:40,136 [INFO] ImportTextPane:194 - (OptionalMessage_ERROR) IP (RCC) : Invalid parameter (FamilyName)
2026-05-08 17:28:40,136 [INFO] ImportTextPane:194 - (OptionalMessage_ERROR) IP (RCC) : Parameter (MCOFreq_Value) has invalid value (72000000)
2026-05-08 17:28:40,137 [INFO] ImportTextPane:194 - (OptionalMessage_ERROR) IP (RCC) : Parameter (USBFreq_Value) has invalid value (72000000)
2026-05-08 17:28:40,447 [INFO] UtilMem:75 - End LoadConfig() Used Memory: 886258192 Bytes (1073741824)
2026-05-08 17:28:40,503 [WARN] ThirdParty:833 - waiting for thirdparty lock release [change project]
2026-05-08 17:28:40,504 [INFO] ThirdParty:835 - entering critical section [change project]
2026-05-08 17:28:40,505 [INFO] ThirdParty:1030 - CMSIS Pack Vendor :STMicroelectronics X-CUBE-AZRTOS-H7 3.5.0
2026-05-08 17:28:40,505 [INFO] ThirdParty:1030 - CMSIS Pack Vendor :STMicroelectronics X-CUBE-PM33A1 1.0.0
2026-05-08 17:28:40,506 [INFO] ThirdParty:1030 - CMSIS Pack Vendor :STMicroelectronics USBPD 4.1
2026-05-08 17:28:40,506 [INFO] ThirdParty:1030 - CMSIS Pack Vendor :STMicroelectronics X-CUBE-NFC9 1.0.0
2026-05-08 17:28:40,506 [INFO] ThirdParty:1030 - CMSIS Pack Vendor :STMicroelectronics USB_HOST 2.0.0
2026-05-08 17:28:40,506 [INFO] ThirdParty:1030 - CMSIS Pack Vendor :STMicroelectronics FP-SNS-MOTENVWB1 1.4.0
2026-05-08 17:28:40,507 [INFO] ThirdParty:1030 - CMSIS Pack Vendor :STMicroelectronics X-CUBE-AZRTOS-F4 1.1.0
2026-05-08 17:28:40,507 [INFO] ThirdParty:1030 - CMSIS Pack Vendor :STMicroelectronics LIBJPEG 8.0.0
2026-05-08 17:28:40,507 [INFO] ThirdParty:1030 - CMSIS Pack Vendor :STMicroelectronics FP-ATR-ASTRA1 2.0.2
2026-05-08 17:28:40,507 [INFO] ThirdParty:1030 - CMSIS Pack Vendor :STMicroelectronics X-CUBE-BLE1 7.1.0
2026-05-08 17:28:40,507 [INFO] ThirdParty:1030 - CMSIS Pack Vendor :STMicroelectronics X-CUBE-SMBUS 2.1.0
2026-05-08 17:28:40,507 [INFO] ThirdParty:1030 - CMSIS Pack Vendor :wolfSSL I-CUBE-wolfMQTT 1.19.2
2026-05-08 17:28:40,507 [INFO] ThirdParty:1030 - CMSIS Pack Vendor :STMicroelectronics USB_DEVICE 3.0.0
2026-05-08 17:28:40,507 [INFO] ThirdParty:1030 - CMSIS Pack Vendor :STMicroelectronics X-CUBE-ISPU 2.1.0
2026-05-08 17:28:40,508 [INFO] ThirdParty:1030 - CMSIS Pack Vendor :STMicroelectronics X-CUBE-EEPRMA1 5.2.0
2026-05-08 17:28:40,508 [INFO] ThirdParty:1030 - CMSIS Pack Vendor :STMicroelectronics X-CUBE-AZRTOS-WB 2.0.0
2026-05-08 17:28:40,508 [INFO] ThirdParty:1030 - CMSIS Pack Vendor :wolfSSL I-CUBE-wolfSSL 5.8.4
2026-05-08 17:28:40,508 [INFO] ThirdParty:1030 - CMSIS Pack Vendor :STMicroelectronics X-CUBE-NFC12 1.0.0
2026-05-08 17:28:40,508 [INFO] ThirdParty:1030 - CMSIS Pack Vendor :STMicroelectronics X-CUBE-AZRTOS-F7 1.1.0
2026-05-08 17:28:40,508 [INFO] ThirdParty:1030 - CMSIS Pack Vendor :STMicroelectronics X-CUBE-AZRTOS-L5 2.0.0
2026-05-08 17:28:40,508 [INFO] ThirdParty:1030 - CMSIS Pack Vendor :STMicroelectronics USB_DEVICE 2.0.0
2026-05-08 17:28:40,508 [INFO] ThirdParty:1030 - CMSIS Pack Vendor :STMicroelectronics X-CUBE-MEMS1 12.0.0
2026-05-08 17:28:40,508 [INFO] ThirdParty:1030 - CMSIS Pack Vendor :STMicroelectronics X-CUBE-STSE01 2.0.0
2026-05-08 17:28:40,508 [INFO] ThirdParty:1030 - CMSIS Pack Vendor :STMicroelectronics FreeRTOS 0.0.1
2026-05-08 17:28:40,508 [INFO] ThirdParty:1030 - CMSIS Pack Vendor :STMicroelectronics X-CUBE-AZRTOS-G0 1.1.0
2026-05-08 17:28:40,508 [INFO] ThirdParty:1030 - CMSIS Pack Vendor :STMicroelectronics X-CUBE-NFC4 3.0.0
2026-05-08 17:28:40,508 [INFO] ThirdParty:1030 - CMSIS Pack Vendor :STMicroelectronics X-CUBE-SUBG2 5.0.0
2026-05-08 17:28:40,508 [INFO] ThirdParty:1030 - CMSIS Pack Vendor :STMicroelectronics STM32_WPAN 1.0.0
2026-05-08 17:28:40,509 [INFO] ThirdParty:1030 - CMSIS Pack Vendor :STMicroelectronics lwIP 2.0.3
2026-05-08 17:28:40,509 [INFO] ThirdParty:1030 - CMSIS Pack Vendor :STMicroelectronics USB_HOST 1.0.0
2026-05-08 17:28:40,509 [INFO] ThirdParty:1030 - CMSIS Pack Vendor :STMicroelectronics X-CUBE-AZRTOS-G4 2.0.0
2026-05-08 17:28:40,509 [INFO] ThirdParty:1030 - CMSIS Pack Vendor :STMicroelectronics X-CUBE-WB05N 2.0.0
2026-05-08 17:28:40,509 [INFO] ThirdParty:1030 - CMSIS Pack Vendor :STMicroelectronics PDM2PCM 3.1.0
2026-05-08 17:28:40,509 [INFO] ThirdParty:1030 - CMSIS Pack Vendor :STMicroelectronics PDM2PCM 3.3.0
2026-05-08 17:28:40,509 [INFO] ThirdParty:1030 - CMSIS Pack Vendor :wolfSSL I-CUBE-wolfTPM 3.8.0
2026-05-08 17:28:40,509 [INFO] ThirdParty:1030 - CMSIS Pack Vendor :STMicroelectronics X-CUBE-AZRTOS-H7 3.4.0
2026-05-08 17:28:40,509 [INFO] ThirdParty:1030 - CMSIS Pack Vendor :STMicroelectronics X-CUBE-DISPLAY 3.0.0
2026-05-08 17:28:40,509 [INFO] ThirdParty:1030 - CMSIS Pack Vendor :wolfSSL I-CUBE-wolfSSH 1.4.20
2026-05-08 17:28:40,509 [INFO] ThirdParty:1030 - CMSIS Pack Vendor :STMicroelectronics X-CUBE-NFC7 2.0.0
2026-05-08 17:28:40,509 [INFO] ThirdParty:1030 - CMSIS Pack Vendor :STMicroelectronics X-CUBE-GNSS1 7.1.1
2026-05-08 17:28:40,509 [INFO] ThirdParty:1030 - CMSIS Pack Vendor :STMicroelectronics FP-ATR-SIGFOX1 3.2.0
2026-05-08 17:28:40,509 [INFO] ThirdParty:1030 - CMSIS Pack Vendor :STMicroelectronics X-CUBE-NFC10 1.0.0
2026-05-08 17:28:40,509 [INFO] ThirdParty:1030 - CMSIS Pack Vendor :STMicroelectronics HAL Drivers 0.0.0
2026-05-08 17:28:40,509 [INFO] ThirdParty:1030 - CMSIS Pack Vendor :STMicroelectronics MBEDTLS 2.16.2
2026-05-08 17:28:40,510 [INFO] ThirdParty:1030 - CMSIS Pack Vendor :STMicroelectronics X-CUBE-ALS 1.0.2
2026-05-08 17:28:40,510 [INFO] ThirdParty:1030 - CMSIS Pack Vendor :emotas I-CUBE-CANOPEN 1.3.0
2026-05-08 17:28:40,510 [INFO] ThirdParty:1030 - CMSIS Pack Vendor :STMicroelectronics MBEDTLS 2.14.1
2026-05-08 17:28:40,510 [INFO] ThirdParty:1030 - CMSIS Pack Vendor :STMicroelectronics X-CUBE-GNSS1 7.1.0
2026-05-08 17:28:40,510 [INFO] ThirdParty:1030 - CMSIS Pack Vendor :ITTIA_DB I-CUBE-ITTIADB 8.9.0
2026-05-08 17:28:40,510 [INFO] ThirdParty:1030 - CMSIS Pack Vendor :STMicroelectronics X-CUBE-TOUCHGFX 4.26.0
2026-05-08 17:28:40,510 [INFO] ThirdParty:1030 - CMSIS Pack Vendor :STMicroelectronics X-CUBE-TOUCHGFX 4.26.1
2026-05-08 17:28:40,510 [INFO] ThirdParty:1030 - CMSIS Pack Vendor :STMicroelectronics X-CUBE-NFC6 3.2.0
2026-05-08 17:28:40,510 [INFO] ThirdParty:1030 - CMSIS Pack Vendor :STMicroelectronics X-CUBE-AI 10.2.0
2026-05-08 17:28:40,510 [INFO] ThirdParty:1030 - CMSIS Pack Vendor :STMicroelectronics ThreadX 1.0.0
2026-05-08 17:28:40,510 [INFO] ThirdParty:1030 - CMSIS Pack Vendor :STMicroelectronics FP-SNS-SMARTAG2 1.2.0
2026-05-08 17:28:40,510 [INFO] ThirdParty:1030 - CMSIS Pack Vendor :STMicroelectronics X-CUBE-MEMS1 12.1.0
2026-05-08 17:28:40,510 [INFO] ThirdParty:1030 - CMSIS Pack Vendor :STMicroelectronics X-CUBE-AZRTOS-WL 2.0.0
2026-05-08 17:28:40,510 [INFO] ThirdParty:1030 - CMSIS Pack Vendor :SEGGER I-CUBE-embOS 1.3.1
2026-05-08 17:28:40,510 [INFO] ThirdParty:1030 - CMSIS Pack Vendor :STMicroelectronics X-CUBE-ALGOBUILD 1.4.0
2026-05-08 17:28:40,510 [INFO] ThirdParty:1030 - CMSIS Pack Vendor :STMicroelectronics USB_DEVICE 1.0.0
2026-05-08 17:28:40,510 [INFO] ThirdParty:1030 - CMSIS Pack Vendor :STMicroelectronics X-CUBE-AZRTOS-H7RS 1.2.0
2026-05-08 17:28:40,510 [INFO] ThirdParty:1030 - CMSIS Pack Vendor :STMicroelectronics X-CUBE-AZRTOS-L4 2.0.0
2026-05-08 17:28:40,511 [INFO] ThirdParty:1030 - CMSIS Pack Vendor :STMicroelectronics ThreadX 0.0.2
2026-05-08 17:28:40,511 [INFO] ThirdParty:1030 - CMSIS Pack Vendor :STMicroelectronics lwIP 2.1.2
2026-05-08 17:28:40,511 [INFO] ThirdParty:1030 - CMSIS Pack Vendor :STMicroelectronics X-CUBE-SFXS2LP1 4.0.0
2026-05-08 17:28:40,511 [INFO] ThirdParty:1030 - CMSIS Pack Vendor :STMicroelectronics X-CUBE-BLE2 3.3.0
2026-05-08 17:28:40,511 [INFO] ThirdParty:1030 - CMSIS Pack Vendor :STMicroelectronics PDM2PCM 3.2.0
2026-05-08 17:28:40,511 [INFO] ThirdParty:1030 - CMSIS Pack Vendor :STMicroelectronics X-CUBE-WB05N 2.1.0
2026-05-08 17:28:40,511 [INFO] ThirdParty:841 - exiting critical section [change project]
2026-05-08 17:28:40,764 [INFO] PinOutPanel:1499 - setPackage(No Configuration,No Configuration)
2026-05-08 17:28:40,765 [INFO] PinOutPanel:1499 - setPackage(STM32F103C8Tx,LQFP48)
2026-05-08 17:28:41,068 [INFO] UtilMem:75 - Before build in PCC Used Memory: 736037488 Bytes (1073741824)
2026-05-08 17:28:41,336 [INFO] UtilMem:75 - After build in PCC Used Memory: 777980528 Bytes (1073741824)
2026-05-08 17:28:41,356 [INFO] IPUIPlugin:80 - create IPUIPlugin
2026-05-08 17:28:41,357 [INFO] IPUIPlugin:80 - create IPUIPlugin
2026-05-08 17:28:41,357 [INFO] IPUIPlugin:80 - create IPUIPlugin
2026-05-08 17:28:41,357 [INFO] IPUIPlugin:80 - create IPUIPlugin
2026-05-08 17:28:41,357 [INFO] IPUIPlugin:80 - create IPUIPlugin
2026-05-08 17:28:41,357 [INFO] IPUIPlugin:80 - create IPUIPlugin
2026-05-08 17:28:41,357 [INFO] IPUIPlugin:80 - create IPUIPlugin
2026-05-08 17:28:41,357 [INFO] IPUIPlugin:80 - create IPUIPlugin
2026-05-08 17:28:41,388 [INFO] IPUIPlugin:80 - create IPUIPlugin
2026-05-08 17:28:41,388 [INFO] IPUIPlugin:80 - create IPUIPlugin
2026-05-08 17:28:41,388 [INFO] IPUIPlugin:80 - create IPUIPlugin
2026-05-08 17:28:41,389 [INFO] IPUIPlugin:80 - create IPUIPlugin
2026-05-08 17:28:41,389 [INFO] IPUIPlugin:80 - create IPUIPlugin
2026-05-08 17:28:41,389 [INFO] IPUIPlugin:80 - create IPUIPlugin
2026-05-08 17:28:41,389 [INFO] IPUIPlugin:80 - create IPUIPlugin
2026-05-08 17:28:41,389 [INFO] IPUIPlugin:80 - create IPUIPlugin
2026-05-08 17:28:41,390 [INFO] IPUIPlugin:80 - create IPUIPlugin
2026-05-08 17:28:41,390 [INFO] IPUIPlugin:80 - create IPUIPlugin
2026-05-08 17:28:41,390 [INFO] IPUIPlugin:80 - create IPUIPlugin
2026-05-08 17:28:41,390 [INFO] IPUIPlugin:80 - create IPUIPlugin
2026-05-08 17:28:41,390 [INFO] IPUIPlugin:80 - create IPUIPlugin
2026-05-08 17:28:41,391 [INFO] IPUIPlugin:80 - create IPUIPlugin
2026-05-08 17:28:41,391 [INFO] IPUIPlugin:80 - create IPUIPlugin
2026-05-08 17:28:41,391 [INFO] IPUIPlugin:80 - create IPUIPlugin
2026-05-08 17:28:41,391 [INFO] IPUIPlugin:80 - create IPUIPlugin
2026-05-08 17:28:41,392 [INFO] IPUIPlugin:80 - create IPUIPlugin
2026-05-08 17:28:41,392 [INFO] IPUIPlugin:80 - create IPUIPlugin
2026-05-08 17:28:41,396 [WARN] IP:2114 - I2C_Coeff_DF not found: check if there is a RefParameter without a condition.
2026-05-08 17:28:41,396 [WARN] IP:2114 - Analog_Filter not found: check if there is a RefParameter without a condition.
2026-05-08 17:28:41,471 [INFO] CADModel:165 - CPN selected for project levelSTM32F103C8T6
2026-05-08 17:28:41,471 [INFO] CADModel:114 - Register for checkConnection events
2026-05-08 17:28:41,536 [INFO] OpenFileManager:328 - Restore cursor
2026-05-08 17:28:41,766 [WARN] IP:2114 - I2C_Coeff_DF not found: check if there is a RefParameter without a condition.
2026-05-08 17:28:41,766 [WARN] IP:2114 - Analog_Filter not found: check if there is a RefParameter without a condition.
2026-05-08 17:28:41,767 [WARN] IP:2114 - I2C_Coeff_DF not found: check if there is a RefParameter without a condition.
2026-05-08 17:28:41,767 [WARN] IP:2114 - Analog_Filter not found: check if there is a RefParameter without a condition.
2026-05-08 17:54:22,405 [ERROR] LogOutputStream:75 - [STDERR_REDIRECT] Exception in thread "AWT-EventQueue-0" java.lang.ClassCastException: class sun.awt.windows.WEmbeddedFrame cannot be cast to class javax.swing.JFrame (sun.awt.windows.WEmbeddedFrame and javax.swing.JFrame are in module java.desktop of loader 'bootstrap')
2026-05-08 17:54:22,407 [ERROR] LogOutputStream:75 - [STDERR_REDIRECT] 	at com.st.microxplorer.plugins.clock.ClockConfigurationView.activatePlugin(ClockConfigurationView.java:425)
2026-05-08 17:54:22,409 [ERROR] LogOutputStream:75 - [STDERR_REDIRECT] 	at com.st.microxplorer.maingui.MainPanel$1.stateChanged(MainPanel.java:367)
2026-05-08 17:54:22,412 [ERROR] LogOutputStream:75 - [STDERR_REDIRECT] 	at java.desktop/javax.swing.JTabbedPane.fireStateChanged(JTabbedPane.java:444)
2026-05-08 17:54:22,413 [ERROR] LogOutputStream:75 - [STDERR_REDIRECT] 	at java.desktop/javax.swing.JTabbedPane$ModelListener.stateChanged(JTabbedPane.java:295)
2026-05-08 17:54:22,415 [ERROR] LogOutputStream:75 - [STDERR_REDIRECT] 	at java.desktop/javax.swing.DefaultSingleSelectionModel.fireStateChanged(DefaultSingleSelectionModel.java:148)
2026-05-08 17:54:22,416 [ERROR] LogOutputStream:75 - [STDERR_REDIRECT] 	at java.desktop/javax.swing.DefaultSingleSelectionModel.setSelectedIndex(DefaultSingleSelectionModel.java:79)
2026-05-08 17:54:22,417 [ERROR] LogOutputStream:75 - [STDERR_REDIRECT] 	at java.desktop/javax.swing.JTabbedPane.setSelectedIndexImpl(JTabbedPane.java:648)
2026-05-08 17:54:22,419 [ERROR] LogOutputStream:75 - [STDERR_REDIRECT] 	at java.desktop/javax.swing.JTabbedPane.setSelectedIndex(JTabbedPane.java:623)
2026-05-08 17:54:22,420 [ERROR] LogOutputStream:75 - [STDERR_REDIRECT] 	at java.desktop/javax.swing.plaf.basic.BasicTabbedPaneUI$Handler.mousePressed(BasicTabbedPaneUI.java:4101)
2026-05-08 17:54:22,421 [ERROR] LogOutputStream:75 - [STDERR_REDIRECT] 	at java.desktop/java.awt.Component.processMouseEvent(Component.java:6623)
2026-05-08 17:54:22,422 [ERROR] LogOutputStream:75 - [STDERR_REDIRECT] 	at java.desktop/javax.swing.JComponent.processMouseEvent(JComponent.java:3389)
2026-05-08 17:54:22,423 [ERROR] LogOutputStream:75 - [STDERR_REDIRECT] 	at java.desktop/java.awt.Component.processEvent(Component.java:6391)
2026-05-08 17:54:22,424 [ERROR] LogOutputStream:75 - [STDERR_REDIRECT] 	at java.desktop/java.awt.Container.processEvent(Container.java:2266)
2026-05-08 17:54:22,425 [ERROR] LogOutputStream:75 - [STDERR_REDIRECT] 	at java.desktop/java.awt.Component.dispatchEventImpl(Component.java:5001)
2026-05-08 17:54:22,426 [ERROR] LogOutputStream:75 - [STDERR_REDIRECT] 	at java.desktop/java.awt.Container.dispatchEventImpl(Container.java:2324)
2026-05-08 17:54:22,427 [ERROR] LogOutputStream:75 - [STDERR_REDIRECT] 	at java.desktop/java.awt.Component.dispatchEvent(Component.java:4833)
2026-05-08 17:54:22,429 [ERROR] LogOutputStream:75 - [STDERR_REDIRECT] 	at java.desktop/java.awt.LightweightDispatcher.retargetMouseEvent(Container.java:4948)
2026-05-08 17:54:22,430 [ERROR] LogOutputStream:75 - [STDERR_REDIRECT] 	at java.desktop/java.awt.LightweightDispatcher.processMouseEvent(Container.java:4572)
2026-05-08 17:54:22,431 [ERROR] LogOutputStream:75 - [STDERR_REDIRECT] 	at java.desktop/java.awt.LightweightDispatcher.dispatchEvent(Container.java:4516)
2026-05-08 17:54:22,432 [ERROR] LogOutputStream:75 - [STDERR_REDIRECT] 	at java.desktop/java.awt.Container.dispatchEventImpl(Container.java:2310)
2026-05-08 17:54:22,433 [ERROR] LogOutputStream:75 - [STDERR_REDIRECT] 	at java.desktop/java.awt.Component.dispatchEvent(Component.java:4833)
2026-05-08 17:54:22,434 [ERROR] LogOutputStream:75 - [STDERR_REDIRECT] 	at java.desktop/java.awt.EventQueue.dispatchEventImpl(EventQueue.java:773)
2026-05-08 17:54:22,435 [ERROR] LogOutputStream:75 - [STDERR_REDIRECT] 	at java.desktop/java.awt.EventQueue$4.run(EventQueue.java:722)
2026-05-08 17:54:22,436 [ERROR] LogOutputStream:75 - [STDERR_REDIRECT] 	at java.desktop/java.awt.EventQueue$4.run(EventQueue.java:716)
2026-05-08 17:54:22,437 [ERROR] LogOutputStream:75 - [STDERR_REDIRECT] 	at java.base/java.security.AccessController.doPrivileged(AccessController.java:399)
2026-05-08 17:54:22,438 [ERROR] LogOutputStream:75 - [STDERR_REDIRECT] 	at java.base/java.security.ProtectionDomain$JavaSecurityAccessImpl.doIntersectionPrivilege(ProtectionDomain.java:86)
2026-05-08 17:54:22,440 [ERROR] LogOutputStream:75 - [STDERR_REDIRECT] 	at java.base/java.security.ProtectionDomain$JavaSecurityAccessImpl.doIntersectionPrivilege(ProtectionDomain.java:97)
2026-05-08 17:54:22,441 [ERROR] LogOutputStream:75 - [STDERR_REDIRECT] 	at java.desktop/java.awt.EventQueue$5.run(EventQueue.java:746)
2026-05-08 17:54:22,442 [ERROR] LogOutputStream:75 - [STDERR_REDIRECT] 	at java.desktop/java.awt.EventQueue$5.run(EventQueue.java:744)
2026-05-08 17:54:22,443 [ERROR] LogOutputStream:75 - [STDERR_REDIRECT] 	at java.base/java.security.AccessController.doPrivileged(AccessController.java:399)
2026-05-08 17:54:22,445 [ERROR] LogOutputStream:75 - [STDERR_REDIRECT] 	at java.base/java.security.ProtectionDomain$JavaSecurityAccessImpl.doIntersectionPrivilege(ProtectionDomain.java:86)
2026-05-08 17:54:22,446 [ERROR] LogOutputStream:75 - [STDERR_REDIRECT] 	at java.desktop/java.awt.EventQueue.dispatchEvent(EventQueue.java:743)
2026-05-08 17:54:22,447 [ERROR] LogOutputStream:75 - [STDERR_REDIRECT] 	at java.desktop/java.awt.EventDispatchThread.pumpOneEventForFilters(EventDispatchThread.java:203)
2026-05-08 17:54:22,448 [ERROR] LogOutputStream:75 - [STDERR_REDIRECT] 	at java.desktop/java.awt.EventDispatchThread.pumpEventsForFilter(EventDispatchThread.java:124)
2026-05-08 17:54:22,450 [ERROR] LogOutputStream:75 - [STDERR_REDIRECT] 	at java.desktop/java.awt.EventDispatchThread.pumpEventsForHierarchy(EventDispatchThread.java:113)
2026-05-08 17:54:22,451 [ERROR] LogOutputStream:75 - [STDERR_REDIRECT] 	at java.desktop/java.awt.EventDispatchThread.pumpEvents(EventDispatchThread.java:109)
2026-05-08 17:54:22,452 [ERROR] LogOutputStream:75 - [STDERR_REDIRECT] 	at java.desktop/java.awt.EventDispatchThread.pumpEvents(EventDispatchThread.java:101)
2026-05-08 17:54:22,453 [ERROR] LogOutputStream:75 - [STDERR_REDIRECT] 	at java.desktop/java.awt.EventDispatchThread.run(EventDispatchThread.java:90)
2026-05-08 17:54:36,543 [WARN] IP:2114 - I2C_Coeff_DF not found: check if there is a RefParameter without a condition.
2026-05-08 17:54:36,544 [WARN] IP:2114 - Analog_Filter not found: check if there is a RefParameter without a condition.
2026-05-08 17:54:36,544 [WARN] IP:2114 - I2C_Coeff_DF not found: check if there is a RefParameter without a condition.
2026-05-08 17:54:36,544 [WARN] IP:2114 - Analog_Filter not found: check if there is a RefParameter without a condition.
2026-05-08 17:54:36,623 [WARN] IP:2114 - I2C_Coeff_DF not found: check if there is a RefParameter without a condition.
2026-05-08 17:54:36,623 [WARN] IP:2114 - Analog_Filter not found: check if there is a RefParameter without a condition.
2026-05-08 17:54:36,624 [WARN] IP:2114 - I2C_Coeff_DF not found: check if there is a RefParameter without a condition.
2026-05-08 17:54:36,624 [WARN] IP:2114 - Analog_Filter not found: check if there is a RefParameter without a condition.
2026-05-08 17:54:45,373 [WARN] IP:2114 - I2C_Coeff_DF not found: check if there is a RefParameter without a condition.
2026-05-08 17:54:45,373 [WARN] IP:2114 - Analog_Filter not found: check if there is a RefParameter without a condition.
2026-05-08 17:54:45,373 [WARN] IP:2114 - I2C_Coeff_DF not found: check if there is a RefParameter without a condition.
2026-05-08 17:54:45,373 [WARN] IP:2114 - Analog_Filter not found: check if there is a RefParameter without a condition.
2026-05-08 17:54:45,567 [WARN] IP:2114 - I2C_Coeff_DF not found: check if there is a RefParameter without a condition.
2026-05-08 17:54:45,567 [WARN] IP:2114 - Analog_Filter not found: check if there is a RefParameter without a condition.
2026-05-08 17:54:45,568 [WARN] IP:2114 - I2C_Coeff_DF not found: check if there is a RefParameter without a condition.
2026-05-08 17:54:45,568 [WARN] IP:2114 - Analog_Filter not found: check if there is a RefParameter without a condition.
2026-05-08 17:55:06,009 [INFO] UtilMem:75 - End SaveConfig() Used Memory: 1041690552 Bytes (1073741824)
2026-05-08 17:55:06,056 [INFO] UtilMem:75 - End SaveConfig() Used Memory: 1053333672 Bytes (1073741824)
2026-05-08 17:55:06,520 [INFO] UtilMem:75 - End SaveConfig() Used Memory: 904270656 Bytes (1073741824)
2026-05-08 17:55:06,724 [INFO] BlockDiagram:2759 - set Specific Code input for plugin: SPI
2026-05-08 17:55:06,724 [INFO] BlockDiagram:2759 - set Specific Code input for plugin: NVIC
2026-05-08 17:55:06,724 [INFO] BlockDiagram:2759 - set Specific Code input for plugin: USART
2026-05-08 17:55:06,725 [INFO] BlockDiagram:2759 - set Specific Code input for plugin: SYS
2026-05-08 17:55:06,725 [INFO] BlockDiagram:2759 - set Specific Code input for plugin: GPIO
2026-05-08 17:55:06,725 [INFO] BlockDiagram:2759 - set Specific Code input for plugin: RCC
2026-05-08 17:55:06,725 [INFO] BlockDiagram:2759 - set Specific Code input for plugin: I2C
2026-05-08 17:55:06,726 [INFO] CodeGenerator:799 - code generatio: config db path: C:\ST\STM32CubeIDE_1.13.0\STM32CubeIDE\plugins\com.st.stm32cube.common.mx_6.9.0.202307051724\\db\
2026-05-08 17:55:06,728 [WARN] IP:2114 - I2C_Coeff_DF not found: check if there is a RefParameter without a condition.
2026-05-08 17:55:06,728 [WARN] IP:2114 - Analog_Filter not found: check if there is a RefParameter without a condition.
2026-05-08 17:55:06,952 [INFO] CodeEngine:255 - oldGeneratedFile, D:\smart_garden\LORA_V2\MXTmpFiles\license.tmp_save
2026-05-08 17:55:07,106 [INFO] CodeEngine:279 - Generated code: D:\smart_garden\LORA_V2\MXTmpFiles\license.tmp
2026-05-08 17:55:07,233 [INFO] CodeEngine:255 - oldGeneratedFile, D:\smart_garden\LORA_V2\MXTmpFiles\gpio.tmp_save
2026-05-08 17:55:07,443 [INFO] CodeEngine:279 - Generated code: D:\smart_garden\LORA_V2\MXTmpFiles\gpio.tmp
2026-05-08 17:55:07,658 [INFO] CodeEngine:255 - oldGeneratedFile, D:\smart_garden\LORA_V2\Core\Src\stm32f1xx_it.c_save
2026-05-08 17:55:07,886 [INFO] CodeEngine:279 - Generated code: D:\smart_garden\LORA_V2\Core\Src\stm32f1xx_it.c
2026-05-08 17:55:07,893 [INFO] CodeEngine:255 - oldGeneratedFile, D:\smart_garden\LORA_V2\Core\Inc\stm32f1xx_it.h_save
2026-05-08 17:55:07,971 [INFO] CodeEngine:279 - Generated code: D:\smart_garden\LORA_V2\Core\Inc\stm32f1xx_it.h
2026-05-08 17:55:07,994 [INFO] CodeEngine:255 - oldGeneratedFile, D:\smart_garden\LORA_V2\Core\Src\stm32f1xx_hal_msp.c_save
2026-05-08 17:55:08,155 [INFO] CodeEngine:279 - Generated code: D:\smart_garden\LORA_V2\Core\Src\stm32f1xx_hal_msp.c
2026-05-08 17:55:08,158 [INFO] CodeEngine:255 - oldGeneratedFile, D:\smart_garden\LORA_V2\MXTmpFiles\system.tmp_save
2026-05-08 17:55:08,246 [INFO] CodeEngine:279 - Generated code: D:\smart_garden\LORA_V2\MXTmpFiles\system.tmp
2026-05-08 17:55:08,271 [INFO] CodeEngine:311 - oldGeneratedFile, D:\smart_garden\LORA_V2\Core\Inc\stm32f1xx_hal_conf.h_save
2026-05-08 17:55:08,417 [INFO] CodeEngine:335 - Generated code: D:\smart_garden\LORA_V2\Core\Inc\stm32f1xx_hal_conf.h
2026-05-08 17:55:08,466 [INFO] CodeEngine:255 - oldGeneratedFile, D:\smart_garden\LORA_V2\Core\Inc\main.h_save
2026-05-08 17:55:08,632 [INFO] CodeEngine:279 - Generated code: D:\smart_garden\LORA_V2\Core\Inc\main.h
2026-05-08 17:55:08,653 [INFO] CodeEngine:255 - oldGeneratedFile, D:\smart_garden\LORA_V2\Core\Src\main.c_save
2026-05-08 17:55:08,864 [INFO] CodeEngine:279 - Generated code: D:\smart_garden\LORA_V2\Core\Src\main.c
2026-05-08 17:55:09,498 [INFO] ProjectBuilder:3064 - Time for Copy HAL[1] : 129mS.
2026-05-08 17:55:09,500 [INFO] ProjectBuilder:4404 - Project Generator version: 4.1.0
2026-05-08 17:55:09,775 [INFO] ConfigFileManager:1457 - The Die is : DIE410
2026-05-08 17:55:09,778 [INFO] ApiDbMcu:507 - Load IP Config File for FATFS
2026-05-08 17:55:09,784 [INFO] ApiDbMcu:507 - Load IP Config File for FREERTOS
2026-05-08 17:55:09,792 [INFO] ApiDbMcu:507 - Load IP Config File for USB_DEVICE
2026-05-08 17:55:11,825 [INFO] ProjectBuilder:4626 - Time for Generating toolchain IDE Files: 2325mS.
2026-05-08 17:55:11,826 [INFO] ProjectBuilder:2935 - Time for Copy CMSIS : 0mS.
2026-05-08 17:55:11,828 [INFO] ProjectBuilder:2935 - Time for Copy CMSIS : 0mS.
2026-05-08 17:59:55,772 [WARN] IP:2114 - I2C_Coeff_DF not found: check if there is a RefParameter without a condition.
2026-05-08 17:59:55,772 [WARN] IP:2114 - Analog_Filter not found: check if there is a RefParameter without a condition.
2026-05-08 17:59:55,773 [WARN] IP:2114 - I2C_Coeff_DF not found: check if there is a RefParameter without a condition.
2026-05-08 17:59:55,773 [WARN] IP:2114 - Analog_Filter not found: check if there is a RefParameter without a condition.
2026-05-08 18:07:21,749 [INFO] MainUpdater:2868 - connection check result : 10
2026-05-08 18:07:21,749 [INFO] MainUpdater:2868 - connection check result : 10
2026-05-08 18:07:21,798 [INFO] MicroXplorer:468 - Change Database Path : 
2026-05-08 18:07:21,799 [INFO] MicroXplorer:498 - Change Database Version : DB.6.0.90
2026-05-08 18:07:21,815 [WARN] ThirdParty:871 - waiting for thirdparty lock release [close project]
2026-05-08 18:07:21,815 [INFO] ThirdParty:873 - entering critical section [close project]
2026-05-08 18:07:21,815 [INFO] ThirdParty:883 - exiting critical section [close project]
2026-05-08 18:07:21,816 [INFO] PinOutPanel:1499 - setPackage(No Configuration,No Configuration)
2026-05-08 18:07:21,818 [INFO] UtilMem:75 - Begin LoadConfig() Used Memory: 755791656 Bytes (1073741824)
2026-05-08 18:07:21,819 [INFO] MicroXplorer:468 - Change Database Path : 
2026-05-08 18:07:21,819 [INFO] MicroXplorer:498 - Change Database Version : DB.6.0.90
2026-05-08 18:07:21,819 [INFO] OpenFileManager:308 - Change cursor
2026-05-08 18:07:21,828 [INFO] RulesReader:64 - Compatibility file has been processed (293 Rules)
2026-05-08 18:07:21,830 [INFO] Mcu:1946 - Initializing MCU STM32F103C(8-B)Tx STM32F103C8Tx STM32F103C8T6
2026-05-08 18:07:22,268 [INFO] Context:659 - Trying to add GPIOservice into a context  which must be forbidden
2026-05-08 18:07:22,523 [INFO] RtosManager:555 - Registered RTOS mode: class=CMSIS, group=RTOS, mode=CMSIS_V1, owner=FREERTOS
2026-05-08 18:07:22,523 [INFO] RtosManager:555 - Registered RTOS mode: class=CMSIS, group=RTOS2, mode=CMSIS_V2, owner=FREERTOS
2026-05-08 18:07:22,523 [INFO] RtosManager:555 - Registered RTOS mode: class=RTOS, group=Core, mode=CMSIS_V1, owner=FREERTOS
2026-05-08 18:07:22,523 [INFO] RtosManager:555 - Registered RTOS mode: class=RTOS, group=Core, mode=CMSIS_V2, owner=FREERTOS
2026-05-08 18:07:22,524 [WARN] ModelIntegratedComponent:184 - Missing modes for component STMicroelectronics:FreeRTOS:0.0.1:STMicroelectronics:RTOS:FreeRTOS:Core:::10.2.0:
2026-05-08 18:07:22,533 [WARN] ModelIntegratedComponent:63 - No mode defined for component null
2026-05-08 18:07:22,534 [WARN] ModelIntegratedComponent:63 - No mode defined for component null
2026-05-08 18:07:22,534 [WARN] ModelIntegratedComponent:63 - No mode defined for component null
2026-05-08 18:07:22,534 [WARN] ModelIntegratedComponent:63 - No mode defined for component null
2026-05-08 18:07:22,534 [WARN] ModelIntegratedComponent:63 - No mode defined for component null
2026-05-08 18:07:22,534 [WARN] ModelIntegratedComponent:63 - No mode defined for component null
2026-05-08 18:07:22,534 [WARN] ModelIntegratedComponent:63 - No mode defined for component null
2026-05-08 18:07:22,534 [WARN] ModelIntegratedComponent:63 - No mode defined for component null
2026-05-08 18:07:22,534 [WARN] ModelIntegratedComponent:63 - No mode defined for component null
2026-05-08 18:07:22,534 [WARN] ModelIntegratedComponent:63 - No mode defined for component null
2026-05-08 18:07:22,534 [WARN] ModelIntegratedComponent:63 - No mode defined for component null
2026-05-08 18:07:22,534 [WARN] ModelIntegratedComponent:63 - No mode defined for component null
2026-05-08 18:07:22,534 [WARN] ModelIntegratedComponent:63 - No mode defined for component null
2026-05-08 18:07:22,534 [WARN] ModelIntegratedComponent:63 - No mode defined for component null
2026-05-08 18:07:22,534 [WARN] ModelIntegratedComponent:63 - No mode defined for component null
2026-05-08 18:07:22,534 [WARN] ModelIntegratedComponent:63 - No mode defined for component null
2026-05-08 18:07:22,534 [WARN] ModelIntegratedComponent:63 - No mode defined for component null
2026-05-08 18:07:22,535 [WARN] ModelIntegratedComponent:63 - No mode defined for component null
2026-05-08 18:07:22,535 [WARN] ModelIntegratedComponent:63 - No mode defined for component null
2026-05-08 18:07:22,535 [WARN] ModelIntegratedComponent:63 - No mode defined for component null
2026-05-08 18:07:22,535 [WARN] ModelIntegratedComponent:63 - No mode defined for component null
2026-05-08 18:07:22,535 [WARN] ModelIntegratedComponent:63 - No mode defined for component null
2026-05-08 18:07:22,535 [WARN] ModelIntegratedComponent:63 - No mode defined for component null
2026-05-08 18:07:22,535 [WARN] ModelIntegratedComponent:63 - No mode defined for component null
2026-05-08 18:07:22,535 [WARN] ModelIntegratedComponent:63 - No mode defined for component null
2026-05-08 18:07:22,535 [WARN] ModelIntegratedComponent:63 - No mode defined for component null
2026-05-08 18:07:22,535 [WARN] ModelIntegratedComponent:63 - No mode defined for component null
2026-05-08 18:07:22,535 [WARN] ModelIntegratedComponent:63 - No mode defined for component null
2026-05-08 18:07:22,535 [WARN] ModelIntegratedComponent:63 - No mode defined for component null
2026-05-08 18:07:22,535 [WARN] ModelIntegratedComponent:63 - No mode defined for component null
2026-05-08 18:07:22,535 [WARN] ModelIntegratedComponent:63 - No mode defined for component null
2026-05-08 18:07:22,535 [WARN] ModelIntegratedComponent:63 - No mode defined for component null
2026-05-08 18:07:22,535 [WARN] ModelIntegratedComponent:63 - No mode defined for component null
2026-05-08 18:07:22,687 [INFO] ThirdPartyModel:298 - Start build external matchings
2026-05-08 18:07:23,124 [INFO] ThirdPartyModel:316 - End build external matchings
2026-05-08 18:07:23,328 [INFO] UtilMem:75 - End LoadConfig() Used Memory: 869605496 Bytes (1073741824)
2026-05-08 18:07:23,372 [WARN] ThirdParty:833 - waiting for thirdparty lock release [change project]
2026-05-08 18:07:23,372 [INFO] ThirdParty:835 - entering critical section [change project]
2026-05-08 18:07:23,373 [INFO] ThirdParty:1030 - CMSIS Pack Vendor :STMicroelectronics X-CUBE-AZRTOS-H7 3.5.0
2026-05-08 18:07:23,373 [INFO] ThirdParty:1030 - CMSIS Pack Vendor :STMicroelectronics X-CUBE-PM33A1 1.0.0
2026-05-08 18:07:23,373 [INFO] ThirdParty:1030 - CMSIS Pack Vendor :STMicroelectronics USBPD 4.1
2026-05-08 18:07:23,373 [INFO] ThirdParty:1030 - CMSIS Pack Vendor :STMicroelectronics X-CUBE-NFC9 1.0.0
2026-05-08 18:07:23,373 [INFO] ThirdParty:1030 - CMSIS Pack Vendor :STMicroelectronics USB_HOST 2.0.0
2026-05-08 18:07:23,373 [INFO] ThirdParty:1030 - CMSIS Pack Vendor :STMicroelectronics FP-SNS-MOTENVWB1 1.4.0
2026-05-08 18:07:23,373 [INFO] ThirdParty:1030 - CMSIS Pack Vendor :STMicroelectronics X-CUBE-AZRTOS-F4 1.1.0
2026-05-08 18:07:23,373 [INFO] ThirdParty:1030 - CMSIS Pack Vendor :STMicroelectronics LIBJPEG 8.0.0
2026-05-08 18:07:23,373 [INFO] ThirdParty:1030 - CMSIS Pack Vendor :STMicroelectronics FP-ATR-ASTRA1 2.0.2
2026-05-08 18:07:23,374 [INFO] ThirdParty:1030 - CMSIS Pack Vendor :STMicroelectronics X-CUBE-BLE1 7.1.0
2026-05-08 18:07:23,374 [INFO] ThirdParty:1030 - CMSIS Pack Vendor :STMicroelectronics X-CUBE-SMBUS 2.1.0
2026-05-08 18:07:23,374 [INFO] ThirdParty:1030 - CMSIS Pack Vendor :wolfSSL I-CUBE-wolfMQTT 1.19.2
2026-05-08 18:07:23,374 [INFO] ThirdParty:1030 - CMSIS Pack Vendor :STMicroelectronics USB_DEVICE 3.0.0
2026-05-08 18:07:23,374 [INFO] ThirdParty:1030 - CMSIS Pack Vendor :STMicroelectronics X-CUBE-ISPU 2.1.0
2026-05-08 18:07:23,374 [INFO] ThirdParty:1030 - CMSIS Pack Vendor :STMicroelectronics X-CUBE-EEPRMA1 5.2.0
2026-05-08 18:07:23,374 [INFO] ThirdParty:1030 - CMSIS Pack Vendor :STMicroelectronics X-CUBE-AZRTOS-WB 2.0.0
2026-05-08 18:07:23,374 [INFO] ThirdParty:1030 - CMSIS Pack Vendor :wolfSSL I-CUBE-wolfSSL 5.8.4
2026-05-08 18:07:23,374 [INFO] ThirdParty:1030 - CMSIS Pack Vendor :STMicroelectronics X-CUBE-NFC12 1.0.0
2026-05-08 18:07:23,374 [INFO] ThirdParty:1030 - CMSIS Pack Vendor :STMicroelectronics X-CUBE-AZRTOS-F7 1.1.0
2026-05-08 18:07:23,374 [INFO] ThirdParty:1030 - CMSIS Pack Vendor :STMicroelectronics X-CUBE-AZRTOS-L5 2.0.0
2026-05-08 18:07:23,374 [INFO] ThirdParty:1030 - CMSIS Pack Vendor :STMicroelectronics USB_DEVICE 2.0.0
2026-05-08 18:07:23,374 [INFO] ThirdParty:1030 - CMSIS Pack Vendor :STMicroelectronics X-CUBE-MEMS1 12.0.0
2026-05-08 18:07:23,375 [INFO] ThirdParty:1030 - CMSIS Pack Vendor :STMicroelectronics X-CUBE-STSE01 2.0.0
2026-05-08 18:07:23,375 [INFO] ThirdParty:1030 - CMSIS Pack Vendor :STMicroelectronics FreeRTOS 0.0.1
2026-05-08 18:07:23,375 [INFO] ThirdParty:1030 - CMSIS Pack Vendor :STMicroelectronics X-CUBE-AZRTOS-G0 1.1.0
2026-05-08 18:07:23,375 [INFO] ThirdParty:1030 - CMSIS Pack Vendor :STMicroelectronics X-CUBE-NFC4 3.0.0
2026-05-08 18:07:23,375 [INFO] ThirdParty:1030 - CMSIS Pack Vendor :STMicroelectronics X-CUBE-SUBG2 5.0.0
2026-05-08 18:07:23,375 [INFO] ThirdParty:1030 - CMSIS Pack Vendor :STMicroelectronics STM32_WPAN 1.0.0
2026-05-08 18:07:23,375 [INFO] ThirdParty:1030 - CMSIS Pack Vendor :STMicroelectronics lwIP 2.0.3
2026-05-08 18:07:23,375 [INFO] ThirdParty:1030 - CMSIS Pack Vendor :STMicroelectronics USB_HOST 1.0.0
2026-05-08 18:07:23,375 [INFO] ThirdParty:1030 - CMSIS Pack Vendor :STMicroelectronics X-CUBE-AZRTOS-G4 2.0.0
2026-05-08 18:07:23,375 [INFO] ThirdParty:1030 - CMSIS Pack Vendor :STMicroelectronics X-CUBE-WB05N 2.0.0
2026-05-08 18:07:23,375 [INFO] ThirdParty:1030 - CMSIS Pack Vendor :STMicroelectronics PDM2PCM 3.1.0
2026-05-08 18:07:23,375 [INFO] ThirdParty:1030 - CMSIS Pack Vendor :STMicroelectronics PDM2PCM 3.3.0
2026-05-08 18:07:23,375 [INFO] ThirdParty:1030 - CMSIS Pack Vendor :wolfSSL I-CUBE-wolfTPM 3.8.0
2026-05-08 18:07:23,375 [INFO] ThirdParty:1030 - CMSIS Pack Vendor :STMicroelectronics X-CUBE-AZRTOS-H7 3.4.0
2026-05-08 18:07:23,375 [INFO] ThirdParty:1030 - CMSIS Pack Vendor :STMicroelectronics X-CUBE-DISPLAY 3.0.0
2026-05-08 18:07:23,375 [INFO] ThirdParty:1030 - CMSIS Pack Vendor :wolfSSL I-CUBE-wolfSSH 1.4.20
2026-05-08 18:07:23,375 [INFO] ThirdParty:1030 - CMSIS Pack Vendor :STMicroelectronics X-CUBE-NFC7 2.0.0
2026-05-08 18:07:23,375 [INFO] ThirdParty:1030 - CMSIS Pack Vendor :STMicroelectronics X-CUBE-GNSS1 7.1.1
2026-05-08 18:07:23,375 [INFO] ThirdParty:1030 - CMSIS Pack Vendor :STMicroelectronics FP-ATR-SIGFOX1 3.2.0
2026-05-08 18:07:23,375 [INFO] ThirdParty:1030 - CMSIS Pack Vendor :STMicroelectronics X-CUBE-NFC10 1.0.0
2026-05-08 18:07:23,375 [INFO] ThirdParty:1030 - CMSIS Pack Vendor :STMicroelectronics HAL Drivers 0.0.0
2026-05-08 18:07:23,376 [INFO] ThirdParty:1030 - CMSIS Pack Vendor :STMicroelectronics MBEDTLS 2.16.2
2026-05-08 18:07:23,376 [INFO] ThirdParty:1030 - CMSIS Pack Vendor :STMicroelectronics X-CUBE-ALS 1.0.2
2026-05-08 18:07:23,376 [INFO] ThirdParty:1030 - CMSIS Pack Vendor :emotas I-CUBE-CANOPEN 1.3.0
2026-05-08 18:07:23,376 [INFO] ThirdParty:1030 - CMSIS Pack Vendor :STMicroelectronics MBEDTLS 2.14.1
2026-05-08 18:07:23,376 [INFO] ThirdParty:1030 - CMSIS Pack Vendor :STMicroelectronics X-CUBE-GNSS1 7.1.0
2026-05-08 18:07:23,376 [INFO] ThirdParty:1030 - CMSIS Pack Vendor :ITTIA_DB I-CUBE-ITTIADB 8.9.0
2026-05-08 18:07:23,376 [INFO] ThirdParty:1030 - CMSIS Pack Vendor :STMicroelectronics X-CUBE-TOUCHGFX 4.26.0
2026-05-08 18:07:23,376 [INFO] ThirdParty:1030 - CMSIS Pack Vendor :STMicroelectronics X-CUBE-TOUCHGFX 4.26.1
2026-05-08 18:07:23,376 [INFO] ThirdParty:1030 - CMSIS Pack Vendor :STMicroelectronics X-CUBE-NFC6 3.2.0
2026-05-08 18:07:23,376 [INFO] ThirdParty:1030 - CMSIS Pack Vendor :STMicroelectronics X-CUBE-AI 10.2.0
2026-05-08 18:07:23,376 [INFO] ThirdParty:1030 - CMSIS Pack Vendor :STMicroelectronics ThreadX 1.0.0
2026-05-08 18:07:23,376 [INFO] ThirdParty:1030 - CMSIS Pack Vendor :STMicroelectronics FP-SNS-SMARTAG2 1.2.0
2026-05-08 18:07:23,376 [INFO] ThirdParty:1030 - CMSIS Pack Vendor :STMicroelectronics X-CUBE-MEMS1 12.1.0
2026-05-08 18:07:23,376 [INFO] ThirdParty:1030 - CMSIS Pack Vendor :STMicroelectronics X-CUBE-AZRTOS-WL 2.0.0
2026-05-08 18:07:23,376 [INFO] ThirdParty:1030 - CMSIS Pack Vendor :SEGGER I-CUBE-embOS 1.3.1
2026-05-08 18:07:23,376 [INFO] ThirdParty:1030 - CMSIS Pack Vendor :STMicroelectronics X-CUBE-ALGOBUILD 1.4.0
2026-05-08 18:07:23,376 [INFO] ThirdParty:1030 - CMSIS Pack Vendor :STMicroelectronics USB_DEVICE 1.0.0
2026-05-08 18:07:23,376 [INFO] ThirdParty:1030 - CMSIS Pack Vendor :STMicroelectronics X-CUBE-AZRTOS-H7RS 1.2.0
2026-05-08 18:07:23,376 [INFO] ThirdParty:1030 - CMSIS Pack Vendor :STMicroelectronics X-CUBE-AZRTOS-L4 2.0.0
2026-05-08 18:07:23,376 [INFO] ThirdParty:1030 - CMSIS Pack Vendor :STMicroelectronics ThreadX 0.0.2
2026-05-08 18:07:23,376 [INFO] ThirdParty:1030 - CMSIS Pack Vendor :STMicroelectronics lwIP 2.1.2
2026-05-08 18:07:23,376 [INFO] ThirdParty:1030 - CMSIS Pack Vendor :STMicroelectronics X-CUBE-SFXS2LP1 4.0.0
2026-05-08 18:07:23,376 [INFO] ThirdParty:1030 - CMSIS Pack Vendor :STMicroelectronics X-CUBE-BLE2 3.3.0
2026-05-08 18:07:23,377 [INFO] ThirdParty:1030 - CMSIS Pack Vendor :STMicroelectronics PDM2PCM 3.2.0
2026-05-08 18:07:23,377 [INFO] ThirdParty:1030 - CMSIS Pack Vendor :STMicroelectronics X-CUBE-WB05N 2.1.0
2026-05-08 18:07:23,377 [INFO] ThirdParty:841 - exiting critical section [change project]
2026-05-08 18:07:23,529 [INFO] PinOutPanel:1499 - setPackage(No Configuration,No Configuration)
2026-05-08 18:07:23,531 [INFO] PinOutPanel:1499 - setPackage(STM32F103C8Tx,LQFP48)
2026-05-08 18:07:23,736 [INFO] UtilMem:75 - Before build in PCC Used Memory: 940752720 Bytes (1073741824)
2026-05-08 18:07:23,924 [INFO] UtilMem:75 - After build in PCC Used Memory: 768365736 Bytes (1073741824)
2026-05-08 18:07:23,939 [INFO] IPUIPlugin:80 - create IPUIPlugin
2026-05-08 18:07:23,939 [INFO] IPUIPlugin:80 - create IPUIPlugin
2026-05-08 18:07:23,939 [INFO] IPUIPlugin:80 - create IPUIPlugin
2026-05-08 18:07:23,939 [INFO] IPUIPlugin:80 - create IPUIPlugin
2026-05-08 18:07:23,939 [INFO] IPUIPlugin:80 - create IPUIPlugin
2026-05-08 18:07:23,939 [INFO] IPUIPlugin:80 - create IPUIPlugin
2026-05-08 18:07:23,939 [INFO] IPUIPlugin:80 - create IPUIPlugin
2026-05-08 18:07:23,939 [INFO] IPUIPlugin:80 - create IPUIPlugin
2026-05-08 18:07:23,940 [INFO] IPUIPlugin:80 - create IPUIPlugin
2026-05-08 18:07:23,940 [INFO] IPUIPlugin:80 - create IPUIPlugin
2026-05-08 18:07:23,940 [INFO] IPUIPlugin:80 - create IPUIPlugin
2026-05-08 18:07:23,940 [INFO] IPUIPlugin:80 - create IPUIPlugin
2026-05-08 18:07:23,940 [INFO] IPUIPlugin:80 - create IPUIPlugin
2026-05-08 18:07:23,941 [INFO] IPUIPlugin:80 - create IPUIPlugin
2026-05-08 18:07:23,941 [INFO] IPUIPlugin:80 - create IPUIPlugin
2026-05-08 18:07:23,941 [INFO] IPUIPlugin:80 - create IPUIPlugin
2026-05-08 18:07:23,941 [INFO] IPUIPlugin:80 - create IPUIPlugin
2026-05-08 18:07:23,941 [INFO] IPUIPlugin:80 - create IPUIPlugin
2026-05-08 18:07:23,942 [INFO] IPUIPlugin:80 - create IPUIPlugin
2026-05-08 18:07:23,942 [INFO] IPUIPlugin:80 - create IPUIPlugin
2026-05-08 18:07:23,942 [INFO] IPUIPlugin:80 - create IPUIPlugin
2026-05-08 18:07:23,942 [INFO] IPUIPlugin:80 - create IPUIPlugin
2026-05-08 18:07:23,943 [INFO] IPUIPlugin:80 - create IPUIPlugin
2026-05-08 18:07:23,943 [INFO] IPUIPlugin:80 - create IPUIPlugin
2026-05-08 18:07:23,943 [INFO] IPUIPlugin:80 - create IPUIPlugin
2026-05-08 18:07:23,943 [INFO] IPUIPlugin:80 - create IPUIPlugin
2026-05-08 18:07:23,944 [INFO] IPUIPlugin:80 - create IPUIPlugin
2026-05-08 18:07:23,945 [WARN] IP:2114 - I2C_Coeff_DF not found: check if there is a RefParameter without a condition.
2026-05-08 18:07:23,945 [WARN] IP:2114 - Analog_Filter not found: check if there is a RefParameter without a condition.
2026-05-08 18:07:23,994 [INFO] CADModel:165 - CPN selected for project levelSTM32F103C8T6
2026-05-08 18:07:23,995 [INFO] CADModel:114 - Register for checkConnection events
2026-05-08 18:07:24,049 [INFO] OpenFileManager:328 - Restore cursor
2026-05-08 18:07:24,178 [WARN] IP:2114 - I2C_Coeff_DF not found: check if there is a RefParameter without a condition.
2026-05-08 18:07:24,178 [WARN] IP:2114 - Analog_Filter not found: check if there is a RefParameter without a condition.
2026-05-08 18:07:24,179 [WARN] IP:2114 - I2C_Coeff_DF not found: check if there is a RefParameter without a condition.
2026-05-08 18:07:24,179 [WARN] IP:2114 - Analog_Filter not found: check if there is a RefParameter without a condition.
2026-05-08 18:42:24,186 [INFO] Activator:176 - 


2026-05-08 18:42:24,186 [INFO] Activator:177 - !SESSION log4j initialized
2026-05-08 18:42:28,112 [INFO] LogOutputStream:77 - [STDOUT_REDIRECT] 
2026-05-08 18:42:28,870 [INFO] ApplicationProperties:184 - Using Application install path: C:\ST\STM32CubeIDE_1.13.1\STM32CubeIDE\plugins\com.st.stm32cube.common.mx_6.9.1.202307191849
2026-05-08 18:42:28,895 [INFO] DbMcusXml:78 - Set database path to: C:\ST\STM32CubeIDE_1.13.1\STM32CubeIDE\plugins\com.st.stm32cube.common.mx_6.9.1.202307191849\\db\/mcu/
2026-05-08 18:42:28,896 [INFO] ApiDb:274 - Set plugin database path to: C:\ST\STM32CubeIDE_1.13.1\STM32CubeIDE\plugins\com.st.stm32cube.common.mx_6.9.1.202307191849\\db\/plugins/boardmanager/
2026-05-08 18:42:28,896 [WARN] ApiDb:259 - Overriding images path with different value:  => C:\ST\STM32CubeIDE_1.13.1\STM32CubeIDE\plugins\com.st.stm32cube.common.mx_6.9.1.202307191849\\db\/plugins/mcufinder/images/
2026-05-08 18:42:28,908 [INFO] ApiDb:250 - Set database path to: C:\Users\Admin\.stmcufinder\plugins\mcufinder//mcu/
2026-05-08 18:42:28,911 [INFO] DbMcusAds:125 - Set database path to: C:\Users\Admin\.stmcufinder\plugins\mcufinder//mcu/
2026-05-08 18:42:28,916 [INFO] CrossReferenceDbSqlite:203 - Set database path to: C:\Users\Admin\.stmcufinder\plugins\mcufinder//mcu/cs/
2026-05-08 18:42:29,110 [INFO] RulesReader:64 - Compatibility file has been processed (293 Rules)
2026-05-08 18:42:29,243 [INFO] DbMcusXml:78 - Set database path to: C:\ST\STM32CubeIDE_1.13.1\STM32CubeIDE\plugins\com.st.stm32cube.common.mx_6.9.1.202307191849\\db\/mcu/
2026-05-08 18:42:29,243 [INFO] ApiDb:274 - Set plugin database path to: C:\ST\STM32CubeIDE_1.13.1\STM32CubeIDE\plugins\com.st.stm32cube.common.mx_6.9.1.202307191849\\db\/plugins/boardmanager/
2026-05-08 18:42:29,244 [INFO] ApiDb:261 - Set plugin images path to: C:\ST\STM32CubeIDE_1.13.1\STM32CubeIDE\plugins\com.st.stm32cube.common.mx_6.9.1.202307191849\\db\/plugins/mcufinder/images/
2026-05-08 18:42:29,244 [WARN] DbFile:41 - Overriding database path with different value: C:\Users\Admin\.stmcufinder\plugins\mcufinder/ => C:\Users\Admin\.stmcufinder\plugins\mcufinder
2026-05-08 18:42:29,244 [INFO] ApiDb:250 - Set database path to: C:\Users\Admin\.stmcufinder\plugins\mcufinder//mcu/
2026-05-08 18:42:29,244 [WARN] DbFile:41 - Overriding database path with different value: C:\Users\Admin\.stmcufinder\plugins\mcufinder/ => C:\Users\Admin\.stmcufinder\plugins\mcufinder
2026-05-08 18:42:29,245 [INFO] DbMcusAds:125 - Set database path to: C:\Users\Admin\.stmcufinder\plugins\mcufinder//mcu/
2026-05-08 18:42:29,245 [WARN] DbFile:41 - Overriding database path with different value: C:\Users\Admin\.stmcufinder\plugins\mcufinder/ => C:\Users\Admin\.stmcufinder\plugins\mcufinder
2026-05-08 18:42:29,245 [WARN] DbFile:41 - Overriding database path with different value: C:\Users\Admin\.stmcufinder\plugins\mcufinder/ => C:\Users\Admin\.stmcufinder\plugins\mcufinder
2026-05-08 18:42:29,245 [INFO] CrossReferenceDbSqlite:203 - Set database path to: C:\Users\Admin\.stmcufinder\plugins\mcufinder//mcu/cs/
2026-05-08 18:42:29,378 [INFO] MainPanel:262 - HeapMemory: 268435456
2026-05-08 18:42:29,501 [INFO] DbMcusXml:78 - Set database path to: C:\ST\STM32CubeIDE_1.13.1\STM32CubeIDE\plugins\com.st.stm32cube.common.mx_6.9.1.202307191849\\db\/mcu/
2026-05-08 18:42:29,501 [INFO] ApiDb:274 - Set plugin database path to: C:\ST\STM32CubeIDE_1.13.1\STM32CubeIDE\plugins\com.st.stm32cube.common.mx_6.9.1.202307191849\\db\/plugins/boardmanager/
2026-05-08 18:42:29,502 [INFO] ApiDb:261 - Set plugin images path to: C:\ST\STM32CubeIDE_1.13.1\STM32CubeIDE\plugins\com.st.stm32cube.common.mx_6.9.1.202307191849\\db\/plugins/mcufinder/images/
2026-05-08 18:42:29,503 [WARN] DbFile:41 - Overriding database path with different value: C:\Users\Admin\.stmcufinder\plugins\mcufinder/ => C:\Users\Admin\.stmcufinder\plugins\mcufinder
2026-05-08 18:42:29,503 [INFO] ApiDb:250 - Set database path to: C:\Users\Admin\.stmcufinder\plugins\mcufinder//mcu/
2026-05-08 18:42:29,503 [WARN] DbFile:41 - Overriding database path with different value: C:\Users\Admin\.stmcufinder\plugins\mcufinder/ => C:\Users\Admin\.stmcufinder\plugins\mcufinder
2026-05-08 18:42:29,503 [INFO] DbMcusAds:125 - Set database path to: C:\Users\Admin\.stmcufinder\plugins\mcufinder//mcu/
2026-05-08 18:42:29,503 [WARN] DbFile:41 - Overriding database path with different value: C:\Users\Admin\.stmcufinder\plugins\mcufinder/ => C:\Users\Admin\.stmcufinder\plugins\mcufinder
2026-05-08 18:42:29,503 [WARN] DbFile:41 - Overriding database path with different value: C:\Users\Admin\.stmcufinder\plugins\mcufinder/ => C:\Users\Admin\.stmcufinder\plugins\mcufinder
2026-05-08 18:42:29,503 [INFO] CrossReferenceDbSqlite:203 - Set database path to: C:\Users\Admin\.stmcufinder\plugins\mcufinder//mcu/cs/
2026-05-08 18:42:29,530 [INFO] ApplicationProperties:184 - Using Application install path: C:\ST\STM32CubeIDE_1.13.1\STM32CubeIDE\plugins\com.st.stm32cube.common.mx_6.9.1.202307191849
2026-05-08 18:42:29,532 [INFO] PluginManage:196 - Search for loadable plugins [exclusion list=, ]
2026-05-08 18:42:29,534 [INFO] PluginManage:310 - Check plugin analytics
2026-05-08 18:42:29,784 [INFO] AnalyticsPlugin:253 - Accepted Software Licenses: 
2026-05-08 18:42:29,785 [INFO] AnalyticsPlugin:255 - Accepted CMSIS Pack Licenses: 
2026-05-08 18:42:29,785 [INFO] AnalyticsPlugin:257 - Accepted Firmware Licenses: 
2026-05-08 18:42:29,790 [INFO] PluginManage:359 - Loaded plugin analytics (category:tool,tabindex:-1)
2026-05-08 18:42:29,790 [INFO] PluginManage:310 - Check plugin cadmodel
2026-05-08 18:42:29,796 [INFO] CADModel:105 - Init CAD model plugin
2026-05-08 18:42:29,796 [INFO] PluginManage:359 - Loaded plugin cadmodel (category:power,tabindex:5)
2026-05-08 18:42:29,797 [INFO] PluginManage:310 - Check plugin clock
2026-05-08 18:42:29,808 [INFO] PluginManage:359 - Loaded plugin clock (category:base,tabindex:2)
2026-05-08 18:42:29,809 [INFO] PluginManage:310 - Check plugin ddr
2026-05-08 18:42:29,811 [INFO] PluginManage:359 - Loaded plugin ddr (category:tool,tabindex:6)
2026-05-08 18:42:29,812 [INFO] PluginManage:310 - Check plugin filemanager
2026-05-08 18:42:30,033 [INFO] PluginManage:359 - Loaded plugin filemanager (category:base,tabindex:10)
2026-05-08 18:42:30,033 [INFO] PluginManage:310 - Check plugin ipmanager
2026-05-08 18:42:30,042 [INFO] PluginManage:359 - Loaded plugin ipmanager (category:base,tabindex:5)
2026-05-08 18:42:30,043 [INFO] PluginManage:310 - Check plugin lpbam
2026-05-08 18:42:30,055 [INFO] PluginManage:359 - Loaded plugin lpbam (category:base,tabindex:0)
2026-05-08 18:42:30,055 [INFO] PluginManage:310 - Check plugin memorymap
2026-05-08 18:42:30,071 [INFO] PluginManage:359 - Loaded plugin memorymap (category:base,tabindex:4)
2026-05-08 18:42:30,072 [INFO] PluginManage:310 - Check plugin pinoutandconfiguration
2026-05-08 18:42:30,081 [INFO] PluginManage:359 - Loaded plugin pinoutandconfiguration (category:base,tabindex:1)
2026-05-08 18:42:30,082 [INFO] PluginManage:310 - Check plugin pinoutconfig
2026-05-08 18:42:30,201 [WARN] SupportedApi:132 - Cannot load RTOS API schema: s4s-elt-must-match.1: The content of 'definitions' must match (annotation?, (simpleType | complexType)?, (unique | key | keyref)*)). A problem was found starting at: attribute.
2026-05-08 18:42:30,402 [INFO] PluginManage:359 - Loaded plugin pinoutconfig (category:base,tabindex:0)
2026-05-08 18:42:30,403 [INFO] PluginManage:310 - Check plugin power
2026-05-08 18:42:30,412 [INFO] PluginManage:359 - Loaded plugin power (category:power,tabindex:4)
2026-05-08 18:42:30,412 [INFO] PluginManage:310 - Check plugin projectmanager
2026-05-08 18:42:30,433 [INFO] PluginManage:359 - Loaded plugin projectmanager (category:projectmanager,tabindex:3)
2026-05-08 18:42:30,433 [INFO] PluginManage:310 - Check plugin thirdparty
2026-05-08 18:42:30,582 [INFO] PluginManage:359 - Loaded plugin thirdparty (category:base,tabindex:-1)
2026-05-08 18:42:30,582 [INFO] PluginManage:310 - Check plugin tools
2026-05-08 18:42:30,582 [WARN] IntegrityCheckThread:84 - waiting for thirdparty lock release [integrity check]
2026-05-08 18:42:30,582 [INFO] IntegrityCheckThread:86 - entering critical section [integrity check]
2026-05-08 18:42:30,583 [INFO] ThirdPartyUpdaterWithRetryManager:70 - Updater plugin not ready yet. [1/15]
2026-05-08 18:42:30,586 [INFO] PluginManage:359 - Loaded plugin tools (category:base,tabindex:7)
2026-05-08 18:42:30,586 [INFO] PluginManage:310 - Check plugin tutovideos
2026-05-08 18:42:30,839 [INFO] PluginManage:359 - Loaded plugin tutovideos (category:base,tabindex:-1)
2026-05-08 18:42:30,839 [INFO] PluginManage:310 - Check plugin updater
2026-05-08 18:42:30,852 [INFO] PluginManage:359 - Loaded plugin updater (category:base,tabindex:12)
2026-05-08 18:42:30,853 [INFO] PluginManage:310 - Check plugin userauth
2026-05-08 18:42:30,859 [INFO] UserAuth:113 - Init User Auth plugin
2026-05-08 18:42:30,860 [INFO] PluginManage:359 - Loaded plugin userauth (category:base,tabindex:14)
2026-05-08 18:42:30,860 [INFO] PluginManage:283 - PluginManage : Loaded plugins [17]
2026-05-08 18:42:31,122 [INFO] PinOutPanel:1499 - setPackage(No Configuration,No Configuration)
2026-05-08 18:42:31,239 [INFO] CADModel:165 - CPN selected for project level
2026-05-08 18:42:31,239 [INFO] CADModel:114 - Register for checkConnection events
2026-05-08 18:42:31,250 [INFO] IPUIPlugin:80 - create IPUIPlugin
2026-05-08 18:42:31,250 [INFO] PluginManager:220 - loadIPPluginJar : add adc
2026-05-08 18:42:31,251 [INFO] IPUIPlugin:80 - create IPUIPlugin
2026-05-08 18:42:31,252 [INFO] PluginManager:220 - loadIPPluginJar : add aes
2026-05-08 18:42:31,253 [INFO] IPUIPlugin:80 - create IPUIPlugin
2026-05-08 18:42:31,253 [INFO] PluginManager:220 - loadIPPluginJar : add can
2026-05-08 18:42:31,254 [INFO] IPUIPlugin:80 - create IPUIPlugin
2026-05-08 18:42:31,254 [INFO] PluginManager:220 - loadIPPluginJar : add comp
2026-05-08 18:42:31,256 [INFO] IPUIPlugin:80 - create IPUIPlugin
2026-05-08 18:42:31,257 [INFO] PluginManager:220 - loadIPPluginJar : add cryp
2026-05-08 18:42:31,258 [INFO] IPUIPlugin:80 - create IPUIPlugin
2026-05-08 18:42:31,258 [INFO] PluginManager:220 - loadIPPluginJar : add dfsdm
2026-05-08 18:42:31,263 [INFO] IPUIPlugin:80 - create IPUIPlugin
2026-05-08 18:42:31,263 [INFO] PluginManager:220 - loadIPPluginJar : add dma
2026-05-08 18:42:31,265 [INFO] IPUIPlugin:80 - create IPUIPlugin
2026-05-08 18:42:31,265 [INFO] PluginManager:220 - loadIPPluginJar : add dma3
2026-05-08 18:42:31,266 [INFO] IPUIPlugin:80 - create IPUIPlugin
2026-05-08 18:42:31,266 [INFO] PluginManager:220 - loadIPPluginJar : add fatfs
2026-05-08 18:42:31,269 [INFO] IPUIPlugin:80 - create IPUIPlugin
2026-05-08 18:42:31,269 [INFO] PluginManager:220 - loadIPPluginJar : add fmc
2026-05-08 18:42:31,273 [INFO] IPUIPlugin:80 - create IPUIPlugin
2026-05-08 18:42:31,274 [INFO] PluginManager:220 - loadIPPluginJar : add freertos
2026-05-08 18:42:31,275 [INFO] IPUIPlugin:80 - create IPUIPlugin
2026-05-08 18:42:31,275 [INFO] PluginManager:220 - loadIPPluginJar : add genericplugin
2026-05-08 18:42:31,278 [INFO] IPUIPlugin:80 - create IPUIPlugin
2026-05-08 18:42:31,278 [INFO] PluginManager:220 - loadIPPluginJar : add gfxmmu
2026-05-08 18:42:31,284 [INFO] IPUIPlugin:80 - create IPUIPlugin
2026-05-08 18:42:31,284 [INFO] PluginManager:220 - loadIPPluginJar : add gic
2026-05-08 18:42:31,290 [INFO] IPUIPlugin:80 - create IPUIPlugin
2026-05-08 18:42:31,290 [INFO] PluginManager:220 - loadIPPluginJar : add gpio
2026-05-08 18:42:31,293 [INFO] IPUIPlugin:80 - create IPUIPlugin
2026-05-08 18:42:31,294 [INFO] PluginManager:220 - loadIPPluginJar : add gtzc
2026-05-08 18:42:31,296 [INFO] IPUIPlugin:80 - create IPUIPlugin
2026-05-08 18:42:31,296 [INFO] PluginManager:220 - loadIPPluginJar : add hash
2026-05-08 18:42:31,298 [INFO] IPUIPlugin:80 - create IPUIPlugin
2026-05-08 18:42:31,298 [INFO] PluginManager:220 - loadIPPluginJar : add i2c
2026-05-08 18:42:31,300 [INFO] IPUIPlugin:80 - create IPUIPlugin
2026-05-08 18:42:31,300 [INFO] PluginManager:220 - loadIPPluginJar : add i2s
2026-05-08 18:42:31,303 [INFO] IPUIPlugin:80 - create IPUIPlugin
2026-05-08 18:42:31,303 [INFO] PluginManager:220 - loadIPPluginJar : add i3c
2026-05-08 18:42:31,305 [INFO] IPUIPlugin:80 - create IPUIPlugin
2026-05-08 18:42:31,306 [INFO] PluginManager:220 - loadIPPluginJar : add ipddr
2026-05-08 18:42:31,311 [INFO] IPUIPlugin:80 - create IPUIPlugin
2026-05-08 18:42:31,311 [INFO] PluginManager:220 - loadIPPluginJar : add linkedlist
2026-05-08 18:42:31,314 [INFO] IPUIPlugin:80 - create IPUIPlugin
2026-05-08 18:42:31,314 [INFO] PluginManager:220 - loadIPPluginJar : add lorawan
2026-05-08 18:42:31,315 [INFO] IPUIPlugin:80 - create IPUIPlugin
2026-05-08 18:42:31,316 [INFO] PluginManager:220 - loadIPPluginJar : add ltdc
2026-05-08 18:42:31,319 [INFO] IPUIPlugin:80 - create IPUIPlugin
2026-05-08 18:42:31,320 [INFO] PluginManager:220 - loadIPPluginJar : add mdma
2026-05-08 18:42:31,322 [INFO] IPUIPlugin:80 - create IPUIPlugin
2026-05-08 18:42:31,322 [INFO] PluginManager:220 - loadIPPluginJar : add nvic
2026-05-08 18:42:31,324 [INFO] IPUIPlugin:80 - create IPUIPlugin
2026-05-08 18:42:31,324 [INFO] PluginManager:220 - loadIPPluginJar : add opamp
2026-05-08 18:42:31,325 [INFO] IPUIPlugin:80 - create IPUIPlugin
2026-05-08 18:42:31,325 [INFO] PluginManager:220 - loadIPPluginJar : add openamp
2026-05-08 18:42:31,327 [INFO] IPUIPlugin:80 - create IPUIPlugin
2026-05-08 18:42:31,327 [INFO] PluginManager:220 - loadIPPluginJar : add pdm2pcm
2026-05-08 18:42:31,331 [INFO] IPUIPlugin:80 - create IPUIPlugin
2026-05-08 18:42:31,333 [INFO] PluginManager:220 - loadIPPluginJar : add plateformsettings
2026-05-08 18:42:31,334 [INFO] IPUIPlugin:80 - create IPUIPlugin
2026-05-08 18:42:31,334 [INFO] PluginManager:220 - loadIPPluginJar : add quadspi
2026-05-08 18:42:31,335 [INFO] IPUIPlugin:80 - create IPUIPlugin
2026-05-08 18:42:31,335 [INFO] PluginManager:220 - loadIPPluginJar : add resmgrutility
2026-05-08 18:42:31,337 [INFO] IPUIPlugin:80 - create IPUIPlugin
2026-05-08 18:42:31,337 [INFO] PluginManager:220 - loadIPPluginJar : add sai
2026-05-08 18:42:31,338 [INFO] IPUIPlugin:80 - create IPUIPlugin
2026-05-08 18:42:31,338 [INFO] PluginManager:220 - loadIPPluginJar : add spi
2026-05-08 18:42:31,341 [INFO] IPUIPlugin:80 - create IPUIPlugin
2026-05-08 18:42:31,341 [INFO] PluginManager:220 - loadIPPluginJar : add stm32_wpan
2026-05-08 18:42:31,342 [INFO] IPUIPlugin:80 - create IPUIPlugin
2026-05-08 18:42:31,342 [INFO] PluginManager:220 - loadIPPluginJar : add tim
2026-05-08 18:42:31,343 [INFO] IPUIPlugin:80 - create IPUIPlugin
2026-05-08 18:42:31,343 [INFO] PluginManager:220 - loadIPPluginJar : add touchsensing
2026-05-08 18:42:31,344 [INFO] IPUIPlugin:80 - create IPUIPlugin
2026-05-08 18:42:31,344 [INFO] PluginManager:220 - loadIPPluginJar : add tracer_emb
2026-05-08 18:42:31,345 [INFO] IPUIPlugin:80 - create IPUIPlugin
2026-05-08 18:42:31,346 [INFO] PluginManager:220 - loadIPPluginJar : add ts
2026-05-08 18:42:31,346 [INFO] IPUIPlugin:80 - create IPUIPlugin
2026-05-08 18:42:31,346 [INFO] PluginManager:220 - loadIPPluginJar : add tsc
2026-05-08 18:42:31,347 [INFO] IPUIPlugin:80 - create IPUIPlugin
2026-05-08 18:42:31,347 [INFO] PluginManager:220 - loadIPPluginJar : add ucpd
2026-05-08 18:42:31,349 [INFO] IPUIPlugin:80 - create IPUIPlugin
2026-05-08 18:42:31,349 [INFO] PluginManager:220 - loadIPPluginJar : add usart
2026-05-08 18:42:31,350 [INFO] IPUIPlugin:80 - create IPUIPlugin
2026-05-08 18:42:31,350 [INFO] PluginManager:220 - loadIPPluginJar : add usbx
2026-05-08 18:42:31,456 [INFO] CADModel:165 - CPN selected for project level
2026-05-08 18:42:31,456 [INFO] CADModel:114 - Register for checkConnection events
2026-05-08 18:42:31,456 [FATAL] Updater:308 - Updater called before beeing initialized
2026-05-08 18:42:31,456 [ERROR] CADModel:125 - Updater not yet initialized, retry later 
2026-05-08 18:42:31,597 [INFO] CADModel:165 - CPN selected for project level
2026-05-08 18:42:31,597 [INFO] CADModel:114 - Register for checkConnection events
2026-05-08 18:42:31,597 [FATAL] Updater:308 - Updater called before beeing initialized
2026-05-08 18:42:31,597 [ERROR] CADModel:125 - Updater not yet initialized, retry later 
2026-05-08 18:42:31,602 [FATAL] Updater:308 - Updater called before beeing initialized
2026-05-08 18:42:31,716 [FATAL] Updater:308 - Updater called before beeing initialized
2026-05-08 18:42:31,728 [INFO] DbMcusAds:53 - JSON generation date=Thu Sep 30 13:55:09 GMT+07:00 2021 (1632984909247)
2026-05-08 18:42:31,729 [FATAL] Updater:308 - Updater called before beeing initialized
2026-05-08 18:42:31,773 [WARN] DetailPanel:346 - Failed to get advertising image, set to default
2026-05-08 18:42:31,900 [FATAL] Updater:308 - Updater called before beeing initialized
2026-05-08 18:42:31,902 [FATAL] Updater:308 - Updater called before beeing initialized
2026-05-08 18:42:31,903 [FATAL] Updater:308 - Updater called before beeing initialized
2026-05-08 18:42:31,903 [WARN] DetailPanel:346 - Failed to get advertising image, set to default
2026-05-08 18:42:31,904 [FATAL] Updater:308 - Updater called before beeing initialized
2026-05-08 18:42:31,958 [ERROR] Updater:1120 - MainUpdater not yet initialized. External WinMGr cannot be set.
2026-05-08 18:42:31,960 [INFO] Updater:1056 - Updater Version found : 6.9.1
2026-05-08 18:42:31,980 [INFO] ApplicationProperties:184 - Using Application install path: C:\ST\STM32CubeIDE_1.13.1\STM32CubeIDE\plugins\com.st.stm32cube.common.mx_6.9.1.202307191849
2026-05-08 18:42:32,187 [INFO] MainUpdater:2868 - connection check result : 10
2026-05-08 18:42:32,187 [INFO] MainUpdater:3562 - Updater definition file requires update
2026-05-08 18:42:32,188 [INFO] MainUpdater:285 - Updater Check For Update Now.
2026-05-08 18:42:32,189 [INFO] MicroXplorer:498 - Change Database Version : DB.6.0.91
2026-05-08 18:42:32,196 [INFO] McuFinderGlobals:63 - Set McuFinder mode to 2 (CubeIDE integrated)
2026-05-08 18:42:32,196 [INFO] UserAuth:179 - activating auth plugin
2026-05-08 18:42:32,199 [INFO] UserAuth:393 - Internet connection configuration mode: 1
2026-05-08 18:42:32,207 [INFO] ServerAccessManage:473 - Download File updaters.zip
2026-05-08 18:42:32,218 [INFO] JxBrowserEngine:151 - Initiate JxBrowser Engine with user profile folder
2026-05-08 18:42:32,292 [INFO] FileExtend:240 - Unzip File : updaters.zip
2026-05-08 18:42:32,292 [INFO] FileExtend:255 - Standard Zip Deflate
2026-05-08 18:42:32,487 [INFO] ServerAccessManage:473 - Download File PacksControlFlags.xml
2026-05-08 18:42:32,536 [INFO] ServerAccessManage:473 - Download File cubemx.pidx
2026-05-08 18:42:32,622 [INFO] LoadServerUpdatesThread:373 - End of LoadServerUpdate Thread
2026-05-08 18:42:32,679 [WARN] CheckServerUpdateThread:151 - Open CheckUpdateFile Fail
2026-05-08 18:42:32,817 [INFO] CheckServerUpdateThread:120 - End of CheckServer Thread
2026-05-08 18:42:32,891 [INFO] WebApp:157 - Instantiating new browser for Auth
2026-05-08 18:42:33,277 [INFO] WebApp:753 - Register for checkConnection events
2026-05-08 18:42:33,277 [INFO] WebApp:390 - Apply proxy settings
2026-05-08 18:42:33,278 [INFO] WebApp:475 - Chromium requires no authentication
2026-05-08 18:42:33,282 [INFO] WebApp:418 - Direct internet connection detected
2026-05-08 18:42:33,376 [INFO] WebApp:188 - Starting web application
2026-05-08 18:42:33,376 [INFO] WebApp:520 - Web application path used C:\ST\STM32CubeIDE_1.13.1\STM32CubeIDE\plugins\com.st.stm32cube.common.mx_6.9.1.202307191849\db\plugins\mcufinder\reactClient1\index.html
2026-05-08 18:42:33,693 [WARN] PackLoader:240 - Cannot read IP mode file for STMicroelectronics.X-CUBE-AZRTOS-F4.1.1.0
2026-05-08 18:42:33,706 [WARN] PackLoader:240 - Cannot read IP mode file for STMicroelectronics.X-CUBE-SMBUS.2.1.0
2026-05-08 18:42:33,725 [WARN] PackLoader:240 - Cannot read IP mode file for STMicroelectronics.X-CUBE-AZRTOS-F7.1.1.0
2026-05-08 18:42:33,736 [WARN] PackLoader:240 - Cannot read IP mode file for STMicroelectronics.X-CUBE-DISPLAY.3.0.0
2026-05-08 18:42:33,751 [INFO] LogOutputStream:77 - [STDOUT_REDIRECT] 1 : Invalid condition id : UX_CORESTACK_Condition cause : null
2026-05-08 18:42:33,752 [INFO] LogOutputStream:77 - [STDOUT_REDIRECT] 1 : Invalid condition id : UX_CORESTACK_Condition cause : null
2026-05-08 18:42:33,753 [INFO] LogOutputStream:77 - [STDOUT_REDIRECT] 1 : Invalid condition id : UX_CORESTACK_Condition cause : null
2026-05-08 18:42:33,754 [INFO] LogOutputStream:77 - [STDOUT_REDIRECT] 1 : Invalid condition id : UX_CORESTACK_Condition cause : null
2026-05-08 18:42:33,755 [INFO] LogOutputStream:77 - [STDOUT_REDIRECT] 1 : Invalid condition id : UX_CORESTACK_Condition cause : null
2026-05-08 18:42:33,758 [WARN] PackLoader:240 - Cannot read IP mode file for STMicroelectronics.X-CUBE-AZRTOS-WL.2.0.0
2026-05-08 18:42:33,777 [WARN] ConditionMgr:438 - getConditionDescription Invalid condition id : LAN8742 Phy interface Condition cause : null
2026-05-08 18:42:33,778 [WARN] PackLoader:240 - Cannot read IP mode file for STMicroelectronics.X-CUBE-AZRTOS-L4.2.0.0
2026-05-08 18:42:33,779 [WARN] ConditionMgr:1039 - genDependencies : Invalid condition id : LAN8742 Phy interface Condition cause : null
2026-05-08 18:42:33,779 [WARN] ConditionMgr:1039 - genDependencies : Invalid condition id : LAN8742 Phy interface Condition cause : null
2026-05-08 18:42:33,780 [WARN] ConditionMgr:1039 - genDependencies : Invalid condition id : LAN8742 Phy interface Condition cause : null
2026-05-08 18:42:33,791 [WARN] PackLoader:240 - Cannot read IP mode file for STMicroelectronics.X-CUBE-SFXS2LP1.4.0.0
2026-05-08 18:42:33,812 [WARN] PackLoader:240 - Cannot read IP mode file for STMicroelectronics.X-CUBE-BLE2.3.3.0
2026-05-08 18:42:33,825 [WARN] PackLoader:240 - Cannot read IP mode file for STMicroelectronics.X-CUBE-AZRTOS-G0.1.1.0
2026-05-08 18:42:33,835 [WARN] PackLoader:240 - Cannot read IP mode file for STMicroelectronics.X-CUBE-SUBG2.5.0.0
2026-05-08 18:42:33,844 [WARN] PackLoader:240 - Cannot read IP mode file for STMicroelectronics.X-CUBE-NFC4.3.0.0
2026-05-08 18:42:33,856 [WARN] PackLoader:240 - Cannot read IP mode file for STMicroelectronics.X-CUBE-AZRTOS-G4.2.0.0
2026-05-08 18:42:33,862 [WARN] PackLoader:240 - Cannot read IP mode file for STMicroelectronics.FP-ATR-SIGFOX1.3.2.0
2026-05-08 18:42:33,863 [INFO] ThirdParty:978 - Integrity check success = true
2026-05-08 18:42:33,863 [INFO] IntegrityCheckThread:100 - exiting critical section [integrity check]
2026-05-08 18:42:33,863 [INFO] IntegrityCheckThread:103 - End integrity checks thread
2026-05-08 18:42:53,819 [ERROR] LogOutputStream:75 - [STDERR_REDIRECT] SLF4J: Failed to load class "org.slf4j.impl.StaticLoggerBinder".
2026-05-08 18:42:53,819 [ERROR] LogOutputStream:75 - [STDERR_REDIRECT] SLF4J: Defaulting to no-operation (NOP) logger implementation
2026-05-08 18:42:53,820 [ERROR] LogOutputStream:75 - [STDERR_REDIRECT] SLF4J: See http://www.slf4j.org/codes.html#StaticLoggerBinder for further details.
2026-05-08 19:11:58,218 [INFO] McuFinderGlobals:63 - Set McuFinder mode to 2 (CubeIDE integrated)
2026-05-08 19:11:58,220 [INFO] MainUpdater:2868 - connection check result : 10
2026-05-08 19:11:58,221 [INFO] MainUpdater:2868 - connection check result : 10
2026-05-08 19:11:58,242 [INFO] MicroXplorer:468 - Change Database Path : 
2026-05-08 19:11:58,242 [INFO] MicroXplorer:498 - Change Database Version : DB.6.0.91
2026-05-08 19:11:58,244 [WARN] ThirdParty:871 - waiting for thirdparty lock release [close project]
2026-05-08 19:11:58,245 [INFO] ThirdParty:873 - entering critical section [close project]
2026-05-08 19:11:58,246 [INFO] ThirdParty:883 - exiting critical section [close project]
2026-05-08 19:11:58,247 [INFO] PinOutPanel:1499 - setPackage(No Configuration,No Configuration)
2026-05-08 19:11:58,251 [INFO] UtilMem:75 - Begin LoadConfig() Used Memory: 774922016 Bytes (1073741824)
2026-05-08 19:12:04,477 [INFO] MicroXplorer:468 - Change Database Path : 
2026-05-08 19:12:04,478 [INFO] MicroXplorer:498 - Change Database Version : DB.6.0.91
2026-05-08 19:12:04,478 [INFO] OpenFileManager:308 - Change cursor
2026-05-08 19:12:04,493 [INFO] Mcu:1946 - Initializing MCU STM32F103C(8-B)Tx STM32F103C8Tx STM32F103C8T6
2026-05-08 19:12:04,977 [INFO] Context:659 - Trying to add GPIOservice into a context  which must be forbidden
2026-05-08 19:12:05,251 [WARN] ModelIntegratedComponent:63 - No mode defined for component null
2026-05-08 19:12:05,251 [WARN] ModelIntegratedComponent:63 - No mode defined for component null
2026-05-08 19:12:05,252 [WARN] ModelIntegratedComponent:63 - No mode defined for component null
2026-05-08 19:12:05,252 [WARN] ModelIntegratedComponent:63 - No mode defined for component null
2026-05-08 19:12:05,252 [WARN] ModelIntegratedComponent:63 - No mode defined for component null
2026-05-08 19:12:05,252 [WARN] ModelIntegratedComponent:63 - No mode defined for component null
2026-05-08 19:12:05,252 [WARN] ModelIntegratedComponent:63 - No mode defined for component null
2026-05-08 19:12:05,252 [WARN] ModelIntegratedComponent:63 - No mode defined for component null
2026-05-08 19:12:05,252 [WARN] ModelIntegratedComponent:63 - No mode defined for component null
2026-05-08 19:12:05,252 [WARN] ModelIntegratedComponent:63 - No mode defined for component null
2026-05-08 19:12:05,252 [WARN] ModelIntegratedComponent:63 - No mode defined for component null
2026-05-08 19:12:05,253 [WARN] ModelIntegratedComponent:63 - No mode defined for component null
2026-05-08 19:12:05,253 [WARN] ModelIntegratedComponent:63 - No mode defined for component null
2026-05-08 19:12:05,253 [WARN] ModelIntegratedComponent:63 - No mode defined for component null
2026-05-08 19:12:05,253 [WARN] ModelIntegratedComponent:63 - No mode defined for component null
2026-05-08 19:12:05,253 [WARN] ModelIntegratedComponent:63 - No mode defined for component null
2026-05-08 19:12:05,253 [WARN] ModelIntegratedComponent:63 - No mode defined for component null
2026-05-08 19:12:05,253 [WARN] ModelIntegratedComponent:63 - No mode defined for component null
2026-05-08 19:12:05,253 [WARN] ModelIntegratedComponent:63 - No mode defined for component null
2026-05-08 19:12:05,253 [WARN] ModelIntegratedComponent:63 - No mode defined for component null
2026-05-08 19:12:05,253 [WARN] ModelIntegratedComponent:63 - No mode defined for component null
2026-05-08 19:12:05,253 [WARN] ModelIntegratedComponent:63 - No mode defined for component null
2026-05-08 19:12:05,253 [WARN] ModelIntegratedComponent:63 - No mode defined for component null
2026-05-08 19:12:05,254 [WARN] ModelIntegratedComponent:63 - No mode defined for component null
2026-05-08 19:12:05,254 [WARN] ModelIntegratedComponent:63 - No mode defined for component null
2026-05-08 19:12:05,254 [WARN] ModelIntegratedComponent:63 - No mode defined for component null
2026-05-08 19:12:05,254 [WARN] ModelIntegratedComponent:63 - No mode defined for component null
2026-05-08 19:12:05,254 [WARN] ModelIntegratedComponent:63 - No mode defined for component null
2026-05-08 19:12:05,254 [WARN] ModelIntegratedComponent:63 - No mode defined for component null
2026-05-08 19:12:05,254 [WARN] ModelIntegratedComponent:63 - No mode defined for component null
2026-05-08 19:12:05,254 [WARN] ModelIntegratedComponent:63 - No mode defined for component null
2026-05-08 19:12:05,254 [WARN] ModelIntegratedComponent:63 - No mode defined for component null
2026-05-08 19:12:05,254 [WARN] ModelIntegratedComponent:63 - No mode defined for component null
2026-05-08 19:12:05,262 [INFO] RtosManager:555 - Registered RTOS mode: class=CMSIS, group=RTOS, mode=CMSIS_V1, owner=FREERTOS
2026-05-08 19:12:05,262 [INFO] RtosManager:555 - Registered RTOS mode: class=CMSIS, group=RTOS2, mode=CMSIS_V2, owner=FREERTOS
2026-05-08 19:12:05,263 [INFO] RtosManager:555 - Registered RTOS mode: class=RTOS, group=Core, mode=CMSIS_V1, owner=FREERTOS
2026-05-08 19:12:05,263 [INFO] RtosManager:555 - Registered RTOS mode: class=RTOS, group=Core, mode=CMSIS_V2, owner=FREERTOS
2026-05-08 19:12:05,263 [WARN] ModelIntegratedComponent:184 - Missing modes for component STMicroelectronics:FreeRTOS:0.0.1:STMicroelectronics:RTOS:FreeRTOS:Core:::10.2.0:
2026-05-08 19:12:05,278 [INFO] ThirdPartyModel:298 - Start build external matchings
2026-05-08 19:12:05,302 [INFO] ThirdPartyModel:316 - End build external matchings
2026-05-08 19:12:05,501 [INFO] UtilMem:75 - End LoadConfig() Used Memory: 910262832 Bytes (1073741824)
2026-05-08 19:12:05,571 [INFO] ApiDb:581 - Connected to CubeFinder SQLite database (C:\Users\Admin\.stmcufinder\plugins\mcufinder\mcu\cube-finder-db.db)
2026-05-08 19:12:05,620 [INFO] ApiDb:668 - CubeFinder database Data Model version=2.1
2026-05-08 19:12:05,620 [INFO] ApiDb:669 - CubeFinder database Configuration version=3.0.37
2026-05-08 19:12:05,621 [INFO] ApiDb:670 - CubeFinder database generation date=2023-06-26 (1687786131)
2026-05-08 19:12:05,621 [INFO] ApiDb:671 - CubeFinder database FW Pack versions=[FP-ATR-ASTRA1_V2.0.0, FP-SNS-FLIGHT1_V5.0.1, FP-SNS-MOTENV1_V4.3.1, STM32Cube_FW_C0_V1.1.0, STM32Cube_FW_F4_V1.27.1, STM32Cube_FW_F7_V1.17.0, STM32Cube_FW_G0_V1.6.1, STM32Cube_FW_G4_V1.5.1, STM32Cube_FW_H5_V0.5.1, STM32Cube_FW_H5_V1.1.0, STM32Cube_FW_H7_V1.11.0, STM32Cube_FW_L0_V1.12.2, STM32Cube_FW_L5_V1.5.0, STM32Cube_FW_U5_V1.3.0, STM32Cube_FW_U5_V1.3.0RC4, STM32Cube_FW_WBA_V1.0.0RC1, STM32Cube_FW_WBA_V1.1.0, STM32Cube_FW_WBA_V1.1.0RC1, STM32Cube_FW_WB_V1.15.0RC1, STM32Cube_FW_WB_V1.16.0, STM32Cube_FW_WB_V1.16.0RC2, STM32Cube_FW_WB_V1.17.0, STM32Cube_FW_WL_V1.3.0, X-CUBE-ALGOBUILD_V1.3.0, X-CUBE-ALS_V1.0.1, X-CUBE-AZRTOS-F4_V1.1.0, X-CUBE-AZRTOS-F7_V1.1.0, X-CUBE-AZRTOS-G0_V1.1.0, X-CUBE-AZRTOS-G4_V2.0.0, X-CUBE-AZRTOS-H7_V3.1.0, X-CUBE-AZRTOS-L4_V1.0.0, X-CUBE-AZRTOS-L4_V2.0.0, X-CUBE-AZRTOS-L5_V1.1.0, X-CUBE-AZRTOS-WB_V1.1.0, X-CUBE-AZRTOS-WL_V2.0.0, X-CUBE-BLE1_V6.2.4, X-CUBE-BLE2_V3.3.0, X-CUBE-BLEMGR_V2.0.0, X-CUBE-EEPRMA1_V4.1.0, X-CUBE-FREERTOS_V1.0.1, X-CUBE-GNSS1_V6.0.0, X-CUBE-MEMS1_V9.1.0, X-CUBE-MEMS1_V9.4.0, X-CUBE-MEMS1_V9.6.0, X-CUBE-NFC4_V3.0.0, X-CUBE-NFC7_V1.0.0, X-CUBE-SFXS2LP1_V4.0.0, X-CUBE-SUBG2_V5.0.0]
2026-05-08 19:12:07,069 [INFO] ApiDb:240 - Found 323 in-development CPN: [B-G473E-ZEST1S, B-WB1M-WPAN1, B-WL5M-SUBG1, NUCLEO-C031C6, NUCLEO-H503RB, NUCLEO-H563ZI, NUCLEO-U545RE-Q, NUCLEO-U5A5ZJ-Q, NUCLEO-WBA52CG, STEVAL-PROTEUS1, STEVAL-SMARTAG2, STEVAL-STWINBX1, STM320518-EVAL, STM32C0116-DK, STM32C011D6Y3TR, STM32C011D6Y6TR, STM32C011F4P3, STM32C011F4P6, STM32C011F4U3, STM32C011F4U6TR, STM32C011F6P3, STM32C011F6P6, STM32C011F6U3, STM32C011F6U6TR, STM32C011J4M3, STM32C011J4M6, STM32C011J6M3, STM32C011J6M6, STM32C0316-DK, STM32C031C4T3, STM32C031C4T6, STM32C031C4U3, STM32C031C4U6, STM32C031C6T3, STM32C031C6T6, STM32C031C6U3, STM32C031C6U6, STM32C031F4P3, STM32C031F4P6, STM32C031F6P3, STM32C031F6P6, STM32C031G4U3, STM32C031G4U6, STM32C031G6U3, STM32C031G6U6, STM32C031K4T3, STM32C031K4T6, STM32C031K4U3, STM32C031K4U6, STM32C031K6T3, STM32C031K6T6, STM32C031K6U3, STM32C031K6U6, STM32G071K8TXN, STM32G071K8UXN, STM32G081GBU6N, STM32G081KBT6N, STM32G081KBUXN, STM32G0B1CCT6N, STM32G0B1KCT6, STM32G0B1NEY6TR, STM32G0B1RCT6N, STM32G0C1CCT6, STM32G0C1CCT6N, STM32G0C1CCU6N, STM32G0C1CET6N, STM32G0C1CEU6N, STM32G0C1KCT6, STM32G0C1NEY6TR, STM32G0C1RCI6N, STM32G0C1RCT6N, STM32G0C1REI6N, STM32G0C1RET6N, STM32G0C1VCI6, STM32G0C1VEI6, STM32G471CCT6, STM32G471CCU6, STM32G471CET3, STM32G471CET6, STM32G471CEU3, STM32G471CEU6, STM32G471MCT6, STM32G471MET3, STM32G471MET6, STM32G471MEY6TR, STM32G471QCT6, STM32G471QET3, STM32G471RCT6, STM32G471RET3, STM32G471RET6, STM32G471VCH6, STM32G471VCI6, STM32G471VCT6, STM32G471VEH3, STM32G471VEH6, STM32G471VEI3, STM32G471VEI6, STM32G471VET3, STM32G471VET6, STM32G474CCT6, STM32H503CBT6, STM32H503CBU6, STM32H503EBY6TR, STM32H503KBU6, STM32H503RBT6, STM32H562AGI6, STM32H562AII6, STM32H562IGK6, STM32H562IGT6, STM32H562IIK6, STM32H562IIT6, STM32H562RGT6, STM32H562RGV6, STM32H562RIT6, STM32H562RIV6, STM32H562VGT6, STM32H562VIT6, STM32H562ZGT6, STM32H562ZIT6, STM32H563AGI6, STM32H563AII3Q, STM32H563AII6, STM32H563IGK6, STM32H563IGT6, STM32H563IIK3Q, STM32H563IIK6, STM32H563IIT3Q, STM32H563IIT6, STM32H563MIY3QTR, STM32H563RGT6, STM32H563RGV6, STM32H563RIT6, STM32H563RIV6, STM32H563VGT6, STM32H563VIT3Q, STM32H563VIT6, STM32H563ZGT6, STM32H563ZIT3Q, STM32H563ZIT6, STM32H573AII3Q, STM32H573AII6, STM32H573I-DK, STM32H573IIK3Q, STM32H573IIK6, STM32H573IIT3Q, STM32H573IIT6, STM32H573MIY3QTR, STM32H573RIT6, STM32H573RIV6, STM32H573VIT3Q, STM32H573VIT6, STM32H573ZIT3Q, STM32H573ZIT6, STM32L4R5QGI6STR, STM32MP131AAE3, STM32MP131AAF3, STM32MP131AAG3, STM32MP131CAE3, STM32MP131CAF3, STM32MP131CAG3, STM32MP131DAE7, STM32MP131DAF7, STM32MP131DAG7, STM32MP131FAE7, STM32MP131FAF7, STM32MP131FAG7, STM32MP133AAE3, STM32MP133AAF3, STM32MP133AAG3, STM32MP133CAE3, STM32MP133CAF3, STM32MP133CAG3, STM32MP133DAE7, STM32MP133DAF7, STM32MP133DAG7, STM32MP133FAE7, STM32MP133FAF7, STM32MP133FAG7, STM32MP135AAE3, STM32MP135AAF3, STM32MP135AAG3, STM32MP135CAE3, STM32MP135CAF3, STM32MP135CAG3, STM32MP135DAE7, STM32MP135DAF7, STM32MP135DAG7, STM32MP135F-DK, STM32MP135FAE7, STM32MP135FAF7, STM32MP135FAF7T, STM32MP135FAF7U, STM32MP135FAG7, STM32U535CBT6, STM32U535CBT6Q, STM32U535CBU6, STM32U535CBU6Q, STM32U535CCT6, STM32U535CCT6Q, STM32U535CCU6, STM32U535CCU6Q, STM32U535CET6, STM32U535CET6Q, STM32U535CEU6, STM32U535CEU6Q, STM32U535JEY6QTR, STM32U535NCY6QTR, STM32U535NEY6QTR, STM32U535RBI6, STM32U535RBI6Q, STM32U535RBT6, STM32U535RBT6Q, STM32U535RCI6, STM32U535RCI6Q, STM32U535RCT6, STM32U535RCT6Q, STM32U535REI6, STM32U535REI6Q, STM32U535RET6, STM32U535RET6Q, STM32U535VCI6, STM32U535VCI6Q, STM32U535VCT6, STM32U535VCT6Q, STM32U535VEI6, STM32U535VEI6Q, STM32U535VET6, STM32U535VET6Q, STM32U545CET6, STM32U545CET6Q, STM32U545CEU6, STM32U545CEU6Q, STM32U545JEY6QTR, STM32U545NEY6QTR, STM32U545REI6, STM32U545REI6Q, STM32U545RET6, STM32U545RET6Q, STM32U545VEI6, STM32U545VEI6Q, STM32U545VET6, STM32U545VET6Q, STM32U595AIH6, STM32U595AIH6Q, STM32U595AJH6, STM32U595AJH6Q, STM32U595QII6, STM32U595QII6Q, STM32U595QJI6, STM32U595QJI6Q, STM32U595RIT6, STM32U595RIT6Q, STM32U595RJT6, STM32U595RJT6Q, STM32U595VIT6, STM32U595VIT6Q, STM32U595VJT6, STM32U595VJT6Q, STM32U595ZIT6, STM32U595ZIT6Q, STM32U595ZIY6QTR, STM32U595ZJT6, STM32U595ZJT6Q, STM32U595ZJY6QTR, STM32U599BJY6QTR, STM32U599NIH6Q, STM32U599NJH6Q, STM32U599VIT6Q, STM32U599VJT6, STM32U599VJT6Q, STM32U599ZIT6Q, STM32U599ZIY6QTR, STM32U599ZJT6Q, STM32U599ZJY6QTR, STM32U5A5AJH6, STM32U5A5AJH6Q, STM32U5A5QJI6, STM32U5A5QJI6Q, STM32U5A5RJT6, STM32U5A5RJT6Q, STM32U5A5VJT6, STM32U5A5VJT6Q, STM32U5A5ZJT6, STM32U5A5ZJT6Q, STM32U5A5ZJY6QTR, STM32U5A9BJY6QTR, STM32U5A9J-DK, STM32U5A9NJH6Q, STM32U5A9VJT6Q, STM32U5A9ZJT6Q, STM32U5A9ZJY6QTR, STM32U5F7VIT6, STM32U5F7VIT6Q, STM32U5F7VJT6, STM32U5F7VJT6Q, STM32U5F9BJY6QTR, STM32U5F9NJH6Q, STM32U5F9VIT6Q, STM32U5F9VJT6Q, STM32U5F9ZIJ6QTR, STM32U5F9ZIT6Q, STM32U5F9ZJJ6QTR, STM32U5F9ZJT6Q, STM32U5G7VJT6, STM32U5G7VJT6Q, STM32U5G9BJY6QTR, STM32U5G9J-DK1, STM32U5G9J-DK2, STM32U5G9NJH6Q, STM32U5G9VJT6Q, STM32U5G9ZJJ6QTR, STM32U5G9ZJT6Q, STM32WB1MMCH6, STM32WBA52CEU6, STM32WBA52CEU6T, STM32WBA52CGU6, STM32WBA52CGU6T, STM32WBA52KEU6, STM32WBA52KEU6T, STM32WBA52KGU6, STM32WBA52KGU6T, STM32WL5MOCH6, STM32WL5MOCH6TR]
2026-05-08 19:12:07,072 [INFO] DbMcus:217 - Found 3848 MCUs, 3848 are supported
2026-05-08 19:12:07,072 [INFO] ApiDb:414 - User favorites file not found: C:\Users\Admin/.stm32cubeide/favorites.mcus.txt
2026-05-08 19:12:07,072 [INFO] DbMcus:223 - Set 0 / 0 favorites MCUs
2026-05-08 19:12:07,284 [WARN] ThirdParty:833 - waiting for thirdparty lock release [change project]
2026-05-08 19:12:07,284 [INFO] ThirdParty:835 - entering critical section [change project]
2026-05-08 19:12:07,284 [INFO] ThirdParty:1030 - CMSIS Pack Vendor :STMicroelectronics USBPD 4.1
2026-05-08 19:12:07,284 [INFO] ThirdParty:1030 - CMSIS Pack Vendor :STMicroelectronics X-CUBE-DISPLAY 3.0.0
2026-05-08 19:12:07,284 [INFO] ThirdParty:1030 - CMSIS Pack Vendor :STMicroelectronics USB_HOST 2.0.0
2026-05-08 19:12:07,284 [INFO] ThirdParty:1030 - CMSIS Pack Vendor :STMicroelectronics X-CUBE-AZRTOS-F4 1.1.0
2026-05-08 19:12:07,284 [INFO] ThirdParty:1030 - CMSIS Pack Vendor :STMicroelectronics LIBJPEG 8.0.0
2026-05-08 19:12:07,284 [INFO] ThirdParty:1030 - CMSIS Pack Vendor :STMicroelectronics FP-ATR-SIGFOX1 3.2.0
2026-05-08 19:12:07,284 [INFO] ThirdParty:1030 - CMSIS Pack Vendor :STMicroelectronics X-CUBE-SMBUS 2.1.0
2026-05-08 19:12:07,284 [INFO] ThirdParty:1030 - CMSIS Pack Vendor :STMicroelectronics USB_DEVICE 3.0.0
2026-05-08 19:12:07,284 [INFO] ThirdParty:1030 - CMSIS Pack Vendor :STMicroelectronics HAL Drivers 0.0.0
2026-05-08 19:12:07,284 [INFO] ThirdParty:1030 - CMSIS Pack Vendor :STMicroelectronics MBEDTLS 2.16.2
2026-05-08 19:12:07,284 [INFO] ThirdParty:1030 - CMSIS Pack Vendor :STMicroelectronics MBEDTLS 2.14.1
2026-05-08 19:12:07,285 [INFO] ThirdParty:1030 - CMSIS Pack Vendor :STMicroelectronics X-CUBE-AZRTOS-F7 1.1.0
2026-05-08 19:12:07,285 [INFO] ThirdParty:1030 - CMSIS Pack Vendor :STMicroelectronics USB_DEVICE 2.0.0
2026-05-08 19:12:07,285 [INFO] ThirdParty:1030 - CMSIS Pack Vendor :STMicroelectronics ThreadX 1.0.0
2026-05-08 19:12:07,285 [INFO] ThirdParty:1030 - CMSIS Pack Vendor :STMicroelectronics X-CUBE-AZRTOS-WL 2.0.0
2026-05-08 19:12:07,285 [INFO] ThirdParty:1030 - CMSIS Pack Vendor :STMicroelectronics FreeRTOS 0.0.1
2026-05-08 19:12:07,285 [INFO] ThirdParty:1030 - CMSIS Pack Vendor :STMicroelectronics X-CUBE-AZRTOS-G0 1.1.0
2026-05-08 19:12:07,285 [INFO] ThirdParty:1030 - CMSIS Pack Vendor :STMicroelectronics USB_DEVICE 1.0.0
2026-05-08 19:12:07,285 [INFO] ThirdParty:1030 - CMSIS Pack Vendor :STMicroelectronics X-CUBE-SUBG2 5.0.0
2026-05-08 19:12:07,285 [INFO] ThirdParty:1030 - CMSIS Pack Vendor :STMicroelectronics X-CUBE-NFC4 3.0.0
2026-05-08 19:12:07,285 [INFO] ThirdParty:1030 - CMSIS Pack Vendor :STMicroelectronics STM32_WPAN 1.0.0
2026-05-08 19:12:07,285 [INFO] ThirdParty:1030 - CMSIS Pack Vendor :STMicroelectronics X-CUBE-AZRTOS-L4 2.0.0
2026-05-08 19:12:07,285 [INFO] ThirdParty:1030 - CMSIS Pack Vendor :STMicroelectronics ThreadX 0.0.2
2026-05-08 19:12:07,285 [INFO] ThirdParty:1030 - CMSIS Pack Vendor :STMicroelectronics lwIP 2.0.3
2026-05-08 19:12:07,285 [INFO] ThirdParty:1030 - CMSIS Pack Vendor :STMicroelectronics lwIP 2.1.2
2026-05-08 19:12:07,285 [INFO] ThirdParty:1030 - CMSIS Pack Vendor :STMicroelectronics X-CUBE-SFXS2LP1 4.0.0
2026-05-08 19:12:07,285 [INFO] ThirdParty:1030 - CMSIS Pack Vendor :STMicroelectronics X-CUBE-BLE2 3.3.0
2026-05-08 19:12:07,285 [INFO] ThirdParty:1030 - CMSIS Pack Vendor :STMicroelectronics USB_HOST 1.0.0
2026-05-08 19:12:07,285 [INFO] ThirdParty:1030 - CMSIS Pack Vendor :STMicroelectronics X-CUBE-AZRTOS-G4 2.0.0
2026-05-08 19:12:07,285 [INFO] ThirdParty:1030 - CMSIS Pack Vendor :STMicroelectronics PDM2PCM 3.1.0
2026-05-08 19:12:07,285 [INFO] ThirdParty:1030 - CMSIS Pack Vendor :STMicroelectronics PDM2PCM 3.2.0
2026-05-08 19:12:07,285 [INFO] ThirdParty:1030 - CMSIS Pack Vendor :STMicroelectronics PDM2PCM 3.3.0
2026-05-08 19:12:07,285 [INFO] ThirdParty:841 - exiting critical section [change project]
2026-05-08 19:12:07,475 [INFO] PinOutPanel:1499 - setPackage(No Configuration,No Configuration)
2026-05-08 19:12:07,476 [INFO] PinOutPanel:1499 - setPackage(STM32F103C8Tx,LQFP48)
2026-05-08 19:12:07,847 [INFO] UtilMem:75 - Before build in PCC Used Memory: 679756496 Bytes (1073741824)
2026-05-08 19:12:08,716 [INFO] UtilMem:75 - After build in PCC Used Memory: 747806384 Bytes (1073741824)
2026-05-08 19:12:08,744 [INFO] IPUIPlugin:80 - create IPUIPlugin
2026-05-08 19:12:08,745 [INFO] IPUIPlugin:80 - create IPUIPlugin
2026-05-08 19:12:08,745 [INFO] IPUIPlugin:80 - create IPUIPlugin
2026-05-08 19:12:08,745 [INFO] IPUIPlugin:80 - create IPUIPlugin
2026-05-08 19:12:08,745 [INFO] IPUIPlugin:80 - create IPUIPlugin
2026-05-08 19:12:08,745 [INFO] IPUIPlugin:80 - create IPUIPlugin
2026-05-08 19:12:08,746 [INFO] IPUIPlugin:80 - create IPUIPlugin
2026-05-08 19:12:08,746 [INFO] IPUIPlugin:80 - create IPUIPlugin
2026-05-08 19:12:08,746 [INFO] IPUIPlugin:80 - create IPUIPlugin
2026-05-08 19:12:08,746 [INFO] IPUIPlugin:80 - create IPUIPlugin
2026-05-08 19:12:08,746 [INFO] IPUIPlugin:80 - create IPUIPlugin
2026-05-08 19:12:08,746 [INFO] IPUIPlugin:80 - create IPUIPlugin
2026-05-08 19:12:08,746 [INFO] IPUIPlugin:80 - create IPUIPlugin
2026-05-08 19:12:08,747 [INFO] IPUIPlugin:80 - create IPUIPlugin
2026-05-08 19:12:08,747 [INFO] IPUIPlugin:80 - create IPUIPlugin
2026-05-08 19:12:08,747 [INFO] IPUIPlugin:80 - create IPUIPlugin
2026-05-08 19:12:08,747 [INFO] IPUIPlugin:80 - create IPUIPlugin
2026-05-08 19:12:08,747 [INFO] IPUIPlugin:80 - create IPUIPlugin
2026-05-08 19:12:08,748 [INFO] IPUIPlugin:80 - create IPUIPlugin
2026-05-08 19:12:08,748 [INFO] IPUIPlugin:80 - create IPUIPlugin
2026-05-08 19:12:08,748 [INFO] IPUIPlugin:80 - create IPUIPlugin
2026-05-08 19:12:08,748 [INFO] IPUIPlugin:80 - create IPUIPlugin
2026-05-08 19:12:08,748 [INFO] IPUIPlugin:80 - create IPUIPlugin
2026-05-08 19:12:08,748 [INFO] IPUIPlugin:80 - create IPUIPlugin
2026-05-08 19:12:08,749 [INFO] IPUIPlugin:80 - create IPUIPlugin
2026-05-08 19:12:08,749 [INFO] IPUIPlugin:80 - create IPUIPlugin
2026-05-08 19:12:08,749 [INFO] IPUIPlugin:80 - create IPUIPlugin
2026-05-08 19:12:08,759 [WARN] IP:2114 - I2C_Coeff_DF not found: check if there is a RefParameter without a condition.
2026-05-08 19:12:08,759 [WARN] IP:2114 - Analog_Filter not found: check if there is a RefParameter without a condition.
2026-05-08 19:12:08,978 [INFO] CADModel:165 - CPN selected for project levelSTM32F103C8T6
2026-05-08 19:12:08,978 [INFO] CADModel:114 - Register for checkConnection events
2026-05-08 19:12:09,031 [INFO] OpenFileManager:328 - Restore cursor
2026-05-08 19:12:09,133 [WARN] IP:2114 - I2C_Coeff_DF not found: check if there is a RefParameter without a condition.
2026-05-08 19:12:09,133 [WARN] IP:2114 - Analog_Filter not found: check if there is a RefParameter without a condition.
2026-05-08 19:12:09,133 [WARN] IP:2114 - I2C_Coeff_DF not found: check if there is a RefParameter without a condition.
2026-05-08 19:12:09,133 [WARN] IP:2114 - Analog_Filter not found: check if there is a RefParameter without a condition.
2026-05-08 19:12:40,175 [INFO] Gpio:273 - dependency for GPIO [I2C1, SPI1, SYS, USART1]
2026-05-08 19:18:28,605 [INFO] UtilMem:75 - End SaveConfig() Used Memory: 664602040 Bytes (1073741824)
2026-05-08 19:18:28,649 [INFO] UtilMem:75 - End SaveConfig() Used Memory: 677184952 Bytes (1073741824)
2026-05-08 19:21:12,329 [INFO] UtilMem:75 - End SaveConfig() Used Memory: 855212296 Bytes (1073741824)
2026-05-08 19:21:12,373 [INFO] UtilMem:75 - End SaveConfig() Used Memory: 867272968 Bytes (1073741824)
2026-05-08 19:21:31,831 [WARN] IP:2114 - I2C_Coeff_DF not found: check if there is a RefParameter without a condition.
2026-05-08 19:21:31,831 [WARN] IP:2114 - Analog_Filter not found: check if there is a RefParameter without a condition.
2026-05-08 19:21:31,831 [WARN] IP:2114 - I2C_Coeff_DF not found: check if there is a RefParameter without a condition.
2026-05-08 19:21:31,831 [WARN] IP:2114 - Analog_Filter not found: check if there is a RefParameter without a condition.
2026-05-08 19:21:31,889 [INFO] NvicTabbedPanel:220 - Cannot restore the selected Tab for NVIC
2026-05-08 19:21:32,686 [INFO] UtilMem:75 - End SaveConfig() Used Memory: 907187744 Bytes (1073741824)
2026-05-08 19:21:32,724 [INFO] UtilMem:75 - End SaveConfig() Used Memory: 918722080 Bytes (1073741824)
2026-05-08 19:21:56,575 [INFO] McuFinderGlobals:63 - Set McuFinder mode to 2 (CubeIDE integrated)
2026-05-08 19:21:56,576 [INFO] UserAuth:179 - activating auth plugin
2026-05-08 19:21:56,578 [INFO] UserAuth:393 - Internet connection configuration mode: 1
2026-05-08 19:22:25,592 [INFO] WebApp:588 - userauth.ini deleted or not created
2026-05-08 19:25:34,815 [INFO] Gpio:273 - dependency for GPIO [I2C1, SPI1, SYS, USART1]
2026-05-08 19:25:47,780 [INFO] UtilMem:75 - End SaveConfig() Used Memory: 741204696 Bytes (1073741824)
2026-05-08 19:25:47,829 [INFO] UtilMem:75 - End SaveConfig() Used Memory: 769378648 Bytes (1073741824)
2026-05-08 19:25:48,564 [INFO] ServerAccessManage:473 - Download File stm32cube_fw_f1_v180.zip
2026-05-08 19:26:04,852 [ERROR] FileExtend:455 - File entry not found
2026-05-08 19:26:04,853 [INFO] FileExtend:240 - Unzip File : stm32cube_fw_f1_v180.zip
2026-05-08 19:26:04,853 [INFO] FileExtend:255 - Standard Zip Deflate
2026-05-08 19:26:11,003 [INFO] ServerAccessManage:473 - Download File stm32cube_fw_f1_v187.zip
2026-05-08 19:26:23,407 [INFO] FileExtend:240 - Unzip File : stm32cube_fw_f1_v187.zip
2026-05-08 19:26:23,407 [INFO] FileExtend:255 - Standard Zip Deflate
2026-05-08 19:26:25,731 [INFO] LoadServerPackagesThread:196 - End of LoadServerPackages Thread
2026-05-08 19:26:25,866 [INFO] ThirdPartyModel:298 - Start build external matchings
2026-05-08 19:26:25,874 [INFO] UtilMem:75 - End SaveConfig() Used Memory: 815838016 Bytes (1073741824)
2026-05-08 19:26:25,876 [INFO] ThirdPartyModel:316 - End build external matchings
2026-05-08 19:26:25,877 [INFO] CheckServerUpdateThread:120 - End of CheckServer Thread
2026-05-08 19:26:26,295 [INFO] BlockDiagram:2759 - set Specific Code input for plugin: SPI
2026-05-08 19:26:26,295 [INFO] BlockDiagram:2759 - set Specific Code input for plugin: NVIC
2026-05-08 19:26:26,295 [INFO] BlockDiagram:2759 - set Specific Code input for plugin: USART
2026-05-08 19:26:26,295 [INFO] BlockDiagram:2759 - set Specific Code input for plugin: SYS
2026-05-08 19:26:26,296 [INFO] BlockDiagram:2759 - set Specific Code input for plugin: GPIO
2026-05-08 19:26:26,296 [INFO] BlockDiagram:2759 - set Specific Code input for plugin: RCC
2026-05-08 19:26:26,296 [INFO] BlockDiagram:2759 - set Specific Code input for plugin: I2C
2026-05-08 19:26:26,296 [INFO] CodeGenerator:799 - code generatio: config db path: C:\ST\STM32CubeIDE_1.13.1\STM32CubeIDE\plugins\com.st.stm32cube.common.mx_6.9.1.202307191849\\db\
2026-05-08 19:26:26,301 [WARN] IP:2114 - I2C_Coeff_DF not found: check if there is a RefParameter without a condition.
2026-05-08 19:26:26,301 [WARN] IP:2114 - Analog_Filter not found: check if there is a RefParameter without a condition.
2026-05-08 19:26:26,561 [INFO] CodeEngine:255 - oldGeneratedFile, D:\smart_garden\LORA_V2\MXTmpFiles\license.tmp_save
2026-05-08 19:26:26,869 [INFO] CodeEngine:279 - Generated code: D:\smart_garden\LORA_V2\MXTmpFiles\license.tmp
2026-05-08 19:26:26,969 [INFO] CodeEngine:255 - oldGeneratedFile, D:\smart_garden\LORA_V2\MXTmpFiles\gpio.tmp_save
2026-05-08 19:26:27,107 [INFO] CodeEngine:279 - Generated code: D:\smart_garden\LORA_V2\MXTmpFiles\gpio.tmp
2026-05-08 19:26:27,261 [INFO] CodeEngine:255 - oldGeneratedFile, D:\smart_garden\LORA_V2\Core\Src\stm32f1xx_it.c_save
2026-05-08 19:26:27,397 [INFO] CodeEngine:279 - Generated code: D:\smart_garden\LORA_V2\Core\Src\stm32f1xx_it.c
2026-05-08 19:26:27,403 [INFO] CodeEngine:255 - oldGeneratedFile, D:\smart_garden\LORA_V2\Core\Inc\stm32f1xx_it.h_save
2026-05-08 19:26:27,483 [INFO] CodeEngine:279 - Generated code: D:\smart_garden\LORA_V2\Core\Inc\stm32f1xx_it.h
2026-05-08 19:26:27,493 [INFO] CodeEngine:255 - oldGeneratedFile, D:\smart_garden\LORA_V2\Core\Src\stm32f1xx_hal_msp.c_save
2026-05-08 19:26:27,644 [INFO] CodeEngine:279 - Generated code: D:\smart_garden\LORA_V2\Core\Src\stm32f1xx_hal_msp.c
2026-05-08 19:26:27,649 [INFO] CodeEngine:255 - oldGeneratedFile, D:\smart_garden\LORA_V2\MXTmpFiles\system.tmp_save
2026-05-08 19:26:27,729 [INFO] CodeEngine:279 - Generated code: D:\smart_garden\LORA_V2\MXTmpFiles\system.tmp
2026-05-08 19:26:27,738 [INFO] CodeEngine:311 - oldGeneratedFile, D:\smart_garden\LORA_V2\Core\Inc\stm32f1xx_hal_conf.h_save
2026-05-08 19:26:27,813 [INFO] CodeEngine:335 - Generated code: D:\smart_garden\LORA_V2\Core\Inc\stm32f1xx_hal_conf.h
2026-05-08 19:26:27,845 [INFO] CodeEngine:255 - oldGeneratedFile, D:\smart_garden\LORA_V2\Core\Inc\main.h_save
2026-05-08 19:26:27,936 [INFO] CodeEngine:279 - Generated code: D:\smart_garden\LORA_V2\Core\Inc\main.h
2026-05-08 19:26:27,940 [INFO] CodeEngine:255 - oldGeneratedFile, D:\smart_garden\LORA_V2\Core\Src\main.c_save
2026-05-08 19:26:28,089 [INFO] CodeEngine:279 - Generated code: D:\smart_garden\LORA_V2\Core\Src\main.c
2026-05-08 19:26:28,414 [INFO] ProjectBuilder:3064 - Time for Copy HAL[1] : 70mS.
2026-05-08 19:26:28,418 [INFO] ProjectBuilder:4404 - Project Generator version: 4.1.0
2026-05-08 19:26:28,630 [INFO] ConfigFileManager:1457 - The Die is : DIE410
2026-05-08 19:26:28,665 [INFO] ApiDbMcu:507 - Load IP Config File for FATFS
2026-05-08 19:26:28,674 [INFO] ApiDbMcu:507 - Load IP Config File for FREERTOS
2026-05-08 19:26:28,679 [INFO] ApiDbMcu:507 - Load IP Config File for USB_DEVICE
2026-05-08 19:26:29,645 [INFO] LogOutputStream:77 - [STDOUT_REDIRECT] 
2026-05-08 19:26:30,333 [INFO] ProjectBuilder:4626 - Time for Generating toolchain IDE Files: 1914mS.
2026-05-08 19:26:30,334 [INFO] ProjectBuilder:2935 - Time for Copy CMSIS : 1mS.
2026-05-08 19:26:30,336 [INFO] ProjectBuilder:2935 - Time for Copy CMSIS : 0mS.
2026-05-08 19:33:01,977 [INFO] Gpio:273 - dependency for GPIO [I2C1, SPI1, SYS, USART1]
2026-05-08 19:33:18,786 [WARN] IP:2114 - I2C_Coeff_DF not found: check if there is a RefParameter without a condition.
2026-05-08 19:33:18,786 [WARN] IP:2114 - Analog_Filter not found: check if there is a RefParameter without a condition.
2026-05-08 19:33:18,786 [WARN] IP:2114 - I2C_Coeff_DF not found: check if there is a RefParameter without a condition.
2026-05-08 19:33:18,786 [WARN] IP:2114 - Analog_Filter not found: check if there is a RefParameter without a condition.
2026-05-08 19:33:18,796 [INFO] Gpio:273 - dependency for GPIO [I2C1, SPI1, SYS, USART1]
2026-05-08 19:33:18,819 [INFO] NvicIntPanel:101 - NVIC parent = com.st.microxplorer.plugins.ip.nvic.MultiNvicIntPanel[,0,0,0x0,invalid,layout=javax.swing.BoxLayout,alignmentX=0.0,alignmentY=0.0,border=,flags=9,maximumSize=,minimumSize=,preferredSize=]
2026-05-08 19:38:51,227 [INFO] Gpio:273 - dependency for GPIO [I2C1, SPI1, SYS, USART1]
2026-05-08 19:38:51,303 [WARN] IP:2114 - I2C_Coeff_DF not found: check if there is a RefParameter without a condition.
2026-05-08 19:38:51,303 [WARN] IP:2114 - Analog_Filter not found: check if there is a RefParameter without a condition.
2026-05-08 19:38:51,303 [WARN] IP:2114 - I2C_Coeff_DF not found: check if there is a RefParameter without a condition.
2026-05-08 19:38:51,303 [WARN] IP:2114 - Analog_Filter not found: check if there is a RefParameter without a condition.
2026-05-08 19:38:51,318 [WARN] IP:2114 - I2C_Coeff_DF not found: check if there is a RefParameter without a condition.
2026-05-08 19:38:51,319 [WARN] IP:2114 - Analog_Filter not found: check if there is a RefParameter without a condition.
2026-05-08 19:38:51,333 [WARN] IP:2114 - I2C_Coeff_DF not found: check if there is a RefParameter without a condition.
2026-05-08 19:38:51,333 [WARN] IP:2114 - Analog_Filter not found: check if there is a RefParameter without a condition.
2026-05-08 19:38:51,345 [INFO] Gpio:273 - dependency for GPIO [I2C1, SPI1, SYS, USART1]
2026-05-08 19:38:54,510 [INFO] Gpio:273 - dependency for GPIO [I2C1, SPI1, SYS, USART1]
2026-05-08 19:38:54,540 [INFO] NvicIntPanel:101 - NVIC parent = com.st.microxplorer.plugins.ip.nvic.MultiNvicIntPanel[,0,0,0x0,invalid,layout=javax.swing.BoxLayout,alignmentX=0.0,alignmentY=0.0,border=,flags=9,maximumSize=,minimumSize=,preferredSize=]
2026-05-08 19:38:54,580 [WARN] IP:2114 - I2C_Coeff_DF not found: check if there is a RefParameter without a condition.
2026-05-08 19:38:54,580 [WARN] IP:2114 - Analog_Filter not found: check if there is a RefParameter without a condition.
2026-05-08 19:38:54,581 [WARN] IP:2114 - I2C_Coeff_DF not found: check if there is a RefParameter without a condition.
2026-05-08 19:38:54,581 [WARN] IP:2114 - Analog_Filter not found: check if there is a RefParameter without a condition.
2026-05-08 19:38:54,591 [WARN] IP:2114 - I2C_Coeff_DF not found: check if there is a RefParameter without a condition.
2026-05-08 19:38:54,591 [WARN] IP:2114 - Analog_Filter not found: check if there is a RefParameter without a condition.
2026-05-08 19:38:54,605 [WARN] IP:2114 - I2C_Coeff_DF not found: check if there is a RefParameter without a condition.
2026-05-08 19:38:54,605 [WARN] IP:2114 - Analog_Filter not found: check if there is a RefParameter without a condition.
2026-05-08 19:38:54,615 [INFO] Gpio:273 - dependency for GPIO [I2C1, SPI1, SYS, USART1]
2026-05-08 19:38:54,648 [INFO] NvicIntPanel:101 - NVIC parent = com.st.microxplorer.plugins.ip.nvic.MultiNvicIntPanel[,0,0,0x0,invalid,layout=javax.swing.BoxLayout,alignmentX=0.0,alignmentY=0.0,border=,flags=9,maximumSize=,minimumSize=,preferredSize=]
2026-05-08 19:39:48,759 [INFO] MainUpdater:2868 - connection check result : 10
2026-05-08 19:39:48,760 [INFO] McuFinderGlobals:76 - Set McuFinderConnectedMode to true
2026-05-08 19:39:49,005 [INFO] ServerAccessManage:473 - Download File mcusAds.json._tmp_
2026-05-08 19:39:49,115 [INFO] LoadUrlFilesThread:156 - End of LoadUrlFiles Thread
2026-05-08 19:39:49,335 [INFO] ServerAccessManage:473 - Download File cube-finder-db.zip
2026-05-08 19:40:09,431 [INFO] FileExtend:240 - Unzip File : cube-finder-db.zip
2026-05-08 19:40:09,432 [INFO] FileExtend:255 - Standard Zip Deflate
2026-05-08 19:40:09,998 [INFO] LoadUrlFilesThread:156 - End of LoadUrlFiles Thread
2026-05-08 19:40:11,415 [INFO] ServerAccessManage:473 - Download File crdb.zip
2026-05-08 19:40:14,643 [INFO] FileExtend:240 - Unzip File : crdb.zip
2026-05-08 19:40:14,644 [INFO] FileExtend:255 - Standard Zip Deflate
2026-05-08 19:40:14,764 [INFO] LoadUrlFilesThread:156 - End of LoadUrlFiles Thread
2026-05-08 19:40:14,899 [INFO] ServerAccessManage:473 - Download File tutoVideoDB.zip
2026-05-08 19:40:14,944 [INFO] FileExtend:240 - Unzip File : tutoVideoDB.zip
2026-05-08 19:40:14,944 [INFO] FileExtend:255 - Standard Zip Deflate
2026-05-08 19:40:15,054 [INFO] LoadUrlFilesThread:156 - End of LoadUrlFiles Thread
2026-05-08 19:40:15,056 [WARN] DbFile:41 - Overriding database path with different value: C:\Users\Admin\.stmcufinder\plugins\mcufinder/ => C:\Users\Admin\.stmcufinder\plugins\mcufinder
2026-05-08 19:40:15,642 [ERROR] ServerAccessManage:1089 - Problem, file not found on Server
2026-05-08 19:40:15,643 [ERROR] ServerAccessManage:651 - Problem, file not found on Server : api_config.json.
2026-05-08 19:40:21,768 [INFO] LoadUrlFilesThread:156 - End of LoadUrlFiles Thread
2026-05-08 19:40:24,568 [INFO] DbMcusAds:53 - JSON generation date=Mon Apr 27 15:14:29 GMT+07:00 2026 (1777277669683)
2026-05-08 19:40:24,571 [INFO] ApiDb:448 - Save user favorites file C:\Users\Admin/.stm32cubeide/favorites.mcus.txt: 0 item(s)
2026-05-08 19:40:24,571 [INFO] ApiDb:452 - User favorites MCUs=[]
2026-05-08 19:40:24,572 [INFO] ApiDb:581 - Connected to CubeFinder SQLite database (C:\Users\Admin\.stmcufinder\plugins\mcufinder\mcu\cube-finder-db.db)
2026-05-08 19:40:24,630 [INFO] ApiDb:668 - CubeFinder database Data Model version=2.1
2026-05-08 19:40:24,630 [INFO] ApiDb:669 - CubeFinder database Configuration version=3.0.42
2026-05-08 19:40:24,630 [INFO] ApiDb:670 - CubeFinder database generation date=2026-03-11 (1773229989)
2026-05-08 19:40:24,630 [INFO] ApiDb:671 - CubeFinder database FW Pack versions=[FP-ATR-ASTRA1_V2.0.0, FP-SNS-FLIGHT1_V5.1.0, FP-SNS-MOTENV1_V5.1.0, FP-SNS-MOTENVWB1_V1.5.0, FP-SNS-SMARTAG2_V1.2.0, FP-SNS-STBOX1_V2.1.0, STM32Cube_FW_C0_V1.4.0, STM32Cube_FW_F4_V1.28.3, STM32Cube_FW_F7_V1.17.4, STM32Cube_FW_G0_V1.6.3, STM32Cube_FW_G4_V1.6.2, STM32Cube_FW_H5_V1.6.0, STM32Cube_FW_H7RS_V1.3.0, STM32Cube_FW_H7_V1.13.0, STM32Cube_FW_L0_V1.12.2, STM32Cube_FW_L4_V1.18.2, STM32Cube_FW_L5_V1.6.0, STM32Cube_FW_N6_V1.3.0, STM32Cube_FW_U0_V1.3.0, STM32Cube_FW_U3_V1.3.0, STM32Cube_FW_U5_V1.8.0, STM32Cube_FW_WB0_V1.4.0, STM32Cube_FW_WBA_V1.9.0, STM32Cube_FW_WB_V1.24.0, STM32Cube_FW_WL3_V1.4.0, STM32Cube_FW_WL_V1.5.0, X-CUBE-ALGOBUILD_V1.4.0, X-CUBE-ALS_V1.0.2, X-CUBE-AZRTOS-F4_V1.1.0, X-CUBE-AZRTOS-F7_V1.1.0, X-CUBE-AZRTOS-G0_V1.1.0, X-CUBE-AZRTOS-G4_V2.0.0, X-CUBE-AZRTOS-H7RS_V1.1.0, X-CUBE-AZRTOS-H7_V3.4.0, X-CUBE-AZRTOS-L4_V2.0.0, X-CUBE-AZRTOS-L5_V2.0.0, X-CUBE-AZRTOS-WB_V2.0.0, X-CUBE-AZRTOS-WL_V2.0.0, X-CUBE-BLE1_V7.1.0, X-CUBE-BLE2_V3.3.0, X-CUBE-BLEMGR_V4.1.0, X-CUBE-EEPRMA1_V5.2.0, X-CUBE-FREERTOS_V1.5.0, X-CUBE-GNSS1_V6.0.0, X-CUBE-MEMS1_V12.0.0, X-CUBE-NFC4_V3.0.0, X-CUBE-NFC7_V2.0.0, X-CUBE-SFXS2LP1_V4.0.0, X-CUBE-ST67W61_V1.2.0, X-CUBE-SUBG2_V5.0.0, X-CUBE-TOF1_V3.4.3]
2026-05-08 19:40:26,494 [INFO] ApiDb:240 - Found 323 in-development CPN: [B-G473E-ZEST1S, B-WB1M-WPAN1, B-WL5M-SUBG1, NUCLEO-C031C6, NUCLEO-H503RB, NUCLEO-H563ZI, NUCLEO-U545RE-Q, NUCLEO-U5A5ZJ-Q, NUCLEO-WBA52CG, STEVAL-PROTEUS1, STEVAL-SMARTAG2, STEVAL-STWINBX1, STM320518-EVAL, STM32C0116-DK, STM32C011D6Y3TR, STM32C011D6Y6TR, STM32C011F4P3, STM32C011F4P6, STM32C011F4U3, STM32C011F4U6TR, STM32C011F6P3, STM32C011F6P6, STM32C011F6U3, STM32C011F6U6TR, STM32C011J4M3, STM32C011J4M6, STM32C011J6M3, STM32C011J6M6, STM32C0316-DK, STM32C031C4T3, STM32C031C4T6, STM32C031C4U3, STM32C031C4U6, STM32C031C6T3, STM32C031C6T6, STM32C031C6U3, STM32C031C6U6, STM32C031F4P3, STM32C031F4P6, STM32C031F6P3, STM32C031F6P6, STM32C031G4U3, STM32C031G4U6, STM32C031G6U3, STM32C031G6U6, STM32C031K4T3, STM32C031K4T6, STM32C031K4U3, STM32C031K4U6, STM32C031K6T3, STM32C031K6T6, STM32C031K6U3, STM32C031K6U6, STM32G071K8TXN, STM32G071K8UXN, STM32G081GBU6N, STM32G081KBT6N, STM32G081KBUXN, STM32G0B1CCT6N, STM32G0B1KCT6, STM32G0B1NEY6TR, STM32G0B1RCT6N, STM32G0C1CCT6, STM32G0C1CCT6N, STM32G0C1CCU6N, STM32G0C1CET6N, STM32G0C1CEU6N, STM32G0C1KCT6, STM32G0C1NEY6TR, STM32G0C1RCI6N, STM32G0C1RCT6N, STM32G0C1REI6N, STM32G0C1RET6N, STM32G0C1VCI6, STM32G0C1VEI6, STM32G471CCT6, STM32G471CCU6, STM32G471CET3, STM32G471CET6, STM32G471CEU3, STM32G471CEU6, STM32G471MCT6, STM32G471MET3, STM32G471MET6, STM32G471MEY6TR, STM32G471QCT6, STM32G471QET3, STM32G471RCT6, STM32G471RET3, STM32G471RET6, STM32G471VCH6, STM32G471VCI6, STM32G471VCT6, STM32G471VEH3, STM32G471VEH6, STM32G471VEI3, STM32G471VEI6, STM32G471VET3, STM32G471VET6, STM32G474CCT6, STM32H503CBT6, STM32H503CBU6, STM32H503EBY6TR, STM32H503KBU6, STM32H503RBT6, STM32H562AGI6, STM32H562AII6, STM32H562IGK6, STM32H562IGT6, STM32H562IIK6, STM32H562IIT6, STM32H562RGT6, STM32H562RGV6, STM32H562RIT6, STM32H562RIV6, STM32H562VGT6, STM32H562VIT6, STM32H562ZGT6, STM32H562ZIT6, STM32H563AGI6, STM32H563AII3Q, STM32H563AII6, STM32H563IGK6, STM32H563IGT6, STM32H563IIK3Q, STM32H563IIK6, STM32H563IIT3Q, STM32H563IIT6, STM32H563MIY3QTR, STM32H563RGT6, STM32H563RGV6, STM32H563RIT6, STM32H563RIV6, STM32H563VGT6, STM32H563VIT3Q, STM32H563VIT6, STM32H563ZGT6, STM32H563ZIT3Q, STM32H563ZIT6, STM32H573AII3Q, STM32H573AII6, STM32H573I-DK, STM32H573IIK3Q, STM32H573IIK6, STM32H573IIT3Q, STM32H573IIT6, STM32H573MIY3QTR, STM32H573RIT6, STM32H573RIV6, STM32H573VIT3Q, STM32H573VIT6, STM32H573ZIT3Q, STM32H573ZIT6, STM32L4R5QGI6STR, STM32MP131AAE3, STM32MP131AAF3, STM32MP131AAG3, STM32MP131CAE3, STM32MP131CAF3, STM32MP131CAG3, STM32MP131DAE7, STM32MP131DAF7, STM32MP131DAG7, STM32MP131FAE7, STM32MP131FAF7, STM32MP131FAG7, STM32MP133AAE3, STM32MP133AAF3, STM32MP133AAG3, STM32MP133CAE3, STM32MP133CAF3, STM32MP133CAG3, STM32MP133DAE7, STM32MP133DAF7, STM32MP133DAG7, STM32MP133FAE7, STM32MP133FAF7, STM32MP133FAG7, STM32MP135AAE3, STM32MP135AAF3, STM32MP135AAG3, STM32MP135CAE3, STM32MP135CAF3, STM32MP135CAG3, STM32MP135DAE7, STM32MP135DAF7, STM32MP135DAG7, STM32MP135F-DK, STM32MP135FAE7, STM32MP135FAF7, STM32MP135FAF7T, STM32MP135FAF7U, STM32MP135FAG7, STM32U535CBT6, STM32U535CBT6Q, STM32U535CBU6, STM32U535CBU6Q, STM32U535CCT6, STM32U535CCT6Q, STM32U535CCU6, STM32U535CCU6Q, STM32U535CET6, STM32U535CET6Q, STM32U535CEU6, STM32U535CEU6Q, STM32U535JEY6QTR, STM32U535NCY6QTR, STM32U535NEY6QTR, STM32U535RBI6, STM32U535RBI6Q, STM32U535RBT6, STM32U535RBT6Q, STM32U535RCI6, STM32U535RCI6Q, STM32U535RCT6, STM32U535RCT6Q, STM32U535REI6, STM32U535REI6Q, STM32U535RET6, STM32U535RET6Q, STM32U535VCI6, STM32U535VCI6Q, STM32U535VCT6, STM32U535VCT6Q, STM32U535VEI6, STM32U535VEI6Q, STM32U535VET6, STM32U535VET6Q, STM32U545CET6, STM32U545CET6Q, STM32U545CEU6, STM32U545CEU6Q, STM32U545JEY6QTR, STM32U545NEY6QTR, STM32U545REI6, STM32U545REI6Q, STM32U545RET6, STM32U545RET6Q, STM32U545VEI6, STM32U545VEI6Q, STM32U545VET6, STM32U545VET6Q, STM32U595AIH6, STM32U595AIH6Q, STM32U595AJH6, STM32U595AJH6Q, STM32U595QII6, STM32U595QII6Q, STM32U595QJI6, STM32U595QJI6Q, STM32U595RIT6, STM32U595RIT6Q, STM32U595RJT6, STM32U595RJT6Q, STM32U595VIT6, STM32U595VIT6Q, STM32U595VJT6, STM32U595VJT6Q, STM32U595ZIT6, STM32U595ZIT6Q, STM32U595ZIY6QTR, STM32U595ZJT6, STM32U595ZJT6Q, STM32U595ZJY6QTR, STM32U599BJY6QTR, STM32U599NIH6Q, STM32U599NJH6Q, STM32U599VIT6Q, STM32U599VJT6, STM32U599VJT6Q, STM32U599ZIT6Q, STM32U599ZIY6QTR, STM32U599ZJT6Q, STM32U599ZJY6QTR, STM32U5A5AJH6, STM32U5A5AJH6Q, STM32U5A5QJI6, STM32U5A5QJI6Q, STM32U5A5RJT6, STM32U5A5RJT6Q, STM32U5A5VJT6, STM32U5A5VJT6Q, STM32U5A5ZJT6, STM32U5A5ZJT6Q, STM32U5A5ZJY6QTR, STM32U5A9BJY6QTR, STM32U5A9J-DK, STM32U5A9NJH6Q, STM32U5A9VJT6Q, STM32U5A9ZJT6Q, STM32U5A9ZJY6QTR, STM32U5F7VIT6, STM32U5F7VIT6Q, STM32U5F7VJT6, STM32U5F7VJT6Q, STM32U5F9BJY6QTR, STM32U5F9NJH6Q, STM32U5F9VIT6Q, STM32U5F9VJT6Q, STM32U5F9ZIJ6QTR, STM32U5F9ZIT6Q, STM32U5F9ZJJ6QTR, STM32U5F9ZJT6Q, STM32U5G7VJT6, STM32U5G7VJT6Q, STM32U5G9BJY6QTR, STM32U5G9J-DK1, STM32U5G9J-DK2, STM32U5G9NJH6Q, STM32U5G9VJT6Q, STM32U5G9ZJJ6QTR, STM32U5G9ZJT6Q, STM32WB1MMCH6, STM32WBA52CEU6, STM32WBA52CEU6T, STM32WBA52CGU6, STM32WBA52CGU6T, STM32WBA52KEU6, STM32WBA52KEU6T, STM32WBA52KGU6, STM32WBA52KGU6T, STM32WL5MOCH6, STM32WL5MOCH6TR]
2026-05-08 19:40:26,497 [INFO] DbMcus:217 - Found 5030 MCUs, 4943 are supported
2026-05-08 19:40:26,498 [INFO] ApiDb:423 - Load user favorites file C:\Users\Admin/.stm32cubeide/favorites.mcus.txt: 0 item(s)
2026-05-08 19:40:26,498 [INFO] ApiDb:427 - User favorites MCUs=[]
2026-05-08 19:40:26,498 [INFO] DbMcus:223 - Set 0 / 0 favorites MCUs
2026-05-08 19:40:26,893 [ERROR] TargetSelectorAdapter:267 - Unable to refresh data
2026-05-08 19:40:30,541 [INFO] MainUpdater:2868 - connection check result : 10
2026-05-08 19:40:30,568 [INFO] ApiDb:668 - CubeFinder database Data Model version=2.1
2026-05-08 19:40:30,568 [INFO] ApiDb:669 - CubeFinder database Configuration version=3.0.42
2026-05-08 19:40:30,568 [INFO] ApiDb:670 - CubeFinder database generation date=2026-03-11 (1773229989)
2026-05-08 19:40:30,568 [INFO] ApiDb:671 - CubeFinder database FW Pack versions=[FP-ATR-ASTRA1_V2.0.0, FP-SNS-FLIGHT1_V5.1.0, FP-SNS-MOTENV1_V5.1.0, FP-SNS-MOTENVWB1_V1.5.0, FP-SNS-SMARTAG2_V1.2.0, FP-SNS-STBOX1_V2.1.0, STM32Cube_FW_C0_V1.4.0, STM32Cube_FW_F4_V1.28.3, STM32Cube_FW_F7_V1.17.4, STM32Cube_FW_G0_V1.6.3, STM32Cube_FW_G4_V1.6.2, STM32Cube_FW_H5_V1.6.0, STM32Cube_FW_H7RS_V1.3.0, STM32Cube_FW_H7_V1.13.0, STM32Cube_FW_L0_V1.12.2, STM32Cube_FW_L4_V1.18.2, STM32Cube_FW_L5_V1.6.0, STM32Cube_FW_N6_V1.3.0, STM32Cube_FW_U0_V1.3.0, STM32Cube_FW_U3_V1.3.0, STM32Cube_FW_U5_V1.8.0, STM32Cube_FW_WB0_V1.4.0, STM32Cube_FW_WBA_V1.9.0, STM32Cube_FW_WB_V1.24.0, STM32Cube_FW_WL3_V1.4.0, STM32Cube_FW_WL_V1.5.0, X-CUBE-ALGOBUILD_V1.4.0, X-CUBE-ALS_V1.0.2, X-CUBE-AZRTOS-F4_V1.1.0, X-CUBE-AZRTOS-F7_V1.1.0, X-CUBE-AZRTOS-G0_V1.1.0, X-CUBE-AZRTOS-G4_V2.0.0, X-CUBE-AZRTOS-H7RS_V1.1.0, X-CUBE-AZRTOS-H7_V3.4.0, X-CUBE-AZRTOS-L4_V2.0.0, X-CUBE-AZRTOS-L5_V2.0.0, X-CUBE-AZRTOS-WB_V2.0.0, X-CUBE-AZRTOS-WL_V2.0.0, X-CUBE-BLE1_V7.1.0, X-CUBE-BLE2_V3.3.0, X-CUBE-BLEMGR_V4.1.0, X-CUBE-EEPRMA1_V5.2.0, X-CUBE-FREERTOS_V1.5.0, X-CUBE-GNSS1_V6.0.0, X-CUBE-MEMS1_V12.0.0, X-CUBE-NFC4_V3.0.0, X-CUBE-NFC7_V2.0.0, X-CUBE-SFXS2LP1_V4.0.0, X-CUBE-ST67W61_V1.2.0, X-CUBE-SUBG2_V5.0.0, X-CUBE-TOF1_V3.4.3]
2026-05-08 19:40:30,605 [INFO] DbBoardsSqlite:226 - include board P-NUCLEO-WB55-NUCLEO as a kit item of type 'Nucleo-64'
2026-05-08 19:40:30,606 [INFO] DbBoardsSqlite:226 - include board P-NUCLEO-WB55-USBDONGLE as a kit item of type 'Nucleo USB Dongle'
2026-05-08 19:40:30,606 [INFO] DbBoardsSqlite:226 - include board STEVAL-IDP005V1 as a kit item of type 'Evaluation Board'
2026-05-08 19:40:30,606 [INFO] DbBoardsSqlite:226 - include board STEVAL-IDP005V2 as a kit item of type 'Evaluation Board'
2026-05-08 19:40:30,657 [INFO] ApiDb:240 - Found 323 in-development CPN: [B-G473E-ZEST1S, B-WB1M-WPAN1, B-WL5M-SUBG1, NUCLEO-C031C6, NUCLEO-H503RB, NUCLEO-H563ZI, NUCLEO-U545RE-Q, NUCLEO-U5A5ZJ-Q, NUCLEO-WBA52CG, STEVAL-PROTEUS1, STEVAL-SMARTAG2, STEVAL-STWINBX1, STM320518-EVAL, STM32C0116-DK, STM32C011D6Y3TR, STM32C011D6Y6TR, STM32C011F4P3, STM32C011F4P6, STM32C011F4U3, STM32C011F4U6TR, STM32C011F6P3, STM32C011F6P6, STM32C011F6U3, STM32C011F6U6TR, STM32C011J4M3, STM32C011J4M6, STM32C011J6M3, STM32C011J6M6, STM32C0316-DK, STM32C031C4T3, STM32C031C4T6, STM32C031C4U3, STM32C031C4U6, STM32C031C6T3, STM32C031C6T6, STM32C031C6U3, STM32C031C6U6, STM32C031F4P3, STM32C031F4P6, STM32C031F6P3, STM32C031F6P6, STM32C031G4U3, STM32C031G4U6, STM32C031G6U3, STM32C031G6U6, STM32C031K4T3, STM32C031K4T6, STM32C031K4U3, STM32C031K4U6, STM32C031K6T3, STM32C031K6T6, STM32C031K6U3, STM32C031K6U6, STM32G071K8TXN, STM32G071K8UXN, STM32G081GBU6N, STM32G081KBT6N, STM32G081KBUXN, STM32G0B1CCT6N, STM32G0B1KCT6, STM32G0B1NEY6TR, STM32G0B1RCT6N, STM32G0C1CCT6, STM32G0C1CCT6N, STM32G0C1CCU6N, STM32G0C1CET6N, STM32G0C1CEU6N, STM32G0C1KCT6, STM32G0C1NEY6TR, STM32G0C1RCI6N, STM32G0C1RCT6N, STM32G0C1REI6N, STM32G0C1RET6N, STM32G0C1VCI6, STM32G0C1VEI6, STM32G471CCT6, STM32G471CCU6, STM32G471CET3, STM32G471CET6, STM32G471CEU3, STM32G471CEU6, STM32G471MCT6, STM32G471MET3, STM32G471MET6, STM32G471MEY6TR, STM32G471QCT6, STM32G471QET3, STM32G471RCT6, STM32G471RET3, STM32G471RET6, STM32G471VCH6, STM32G471VCI6, STM32G471VCT6, STM32G471VEH3, STM32G471VEH6, STM32G471VEI3, STM32G471VEI6, STM32G471VET3, STM32G471VET6, STM32G474CCT6, STM32H503CBT6, STM32H503CBU6, STM32H503EBY6TR, STM32H503KBU6, STM32H503RBT6, STM32H562AGI6, STM32H562AII6, STM32H562IGK6, STM32H562IGT6, STM32H562IIK6, STM32H562IIT6, STM32H562RGT6, STM32H562RGV6, STM32H562RIT6, STM32H562RIV6, STM32H562VGT6, STM32H562VIT6, STM32H562ZGT6, STM32H562ZIT6, STM32H563AGI6, STM32H563AII3Q, STM32H563AII6, STM32H563IGK6, STM32H563IGT6, STM32H563IIK3Q, STM32H563IIK6, STM32H563IIT3Q, STM32H563IIT6, STM32H563MIY3QTR, STM32H563RGT6, STM32H563RGV6, STM32H563RIT6, STM32H563RIV6, STM32H563VGT6, STM32H563VIT3Q, STM32H563VIT6, STM32H563ZGT6, STM32H563ZIT3Q, STM32H563ZIT6, STM32H573AII3Q, STM32H573AII6, STM32H573I-DK, STM32H573IIK3Q, STM32H573IIK6, STM32H573IIT3Q, STM32H573IIT6, STM32H573MIY3QTR, STM32H573RIT6, STM32H573RIV6, STM32H573VIT3Q, STM32H573VIT6, STM32H573ZIT3Q, STM32H573ZIT6, STM32L4R5QGI6STR, STM32MP131AAE3, STM32MP131AAF3, STM32MP131AAG3, STM32MP131CAE3, STM32MP131CAF3, STM32MP131CAG3, STM32MP131DAE7, STM32MP131DAF7, STM32MP131DAG7, STM32MP131FAE7, STM32MP131FAF7, STM32MP131FAG7, STM32MP133AAE3, STM32MP133AAF3, STM32MP133AAG3, STM32MP133CAE3, STM32MP133CAF3, STM32MP133CAG3, STM32MP133DAE7, STM32MP133DAF7, STM32MP133DAG7, STM32MP133FAE7, STM32MP133FAF7, STM32MP133FAG7, STM32MP135AAE3, STM32MP135AAF3, STM32MP135AAG3, STM32MP135CAE3, STM32MP135CAF3, STM32MP135CAG3, STM32MP135DAE7, STM32MP135DAF7, STM32MP135DAG7, STM32MP135F-DK, STM32MP135FAE7, STM32MP135FAF7, STM32MP135FAF7T, STM32MP135FAF7U, STM32MP135FAG7, STM32U535CBT6, STM32U535CBT6Q, STM32U535CBU6, STM32U535CBU6Q, STM32U535CCT6, STM32U535CCT6Q, STM32U535CCU6, STM32U535CCU6Q, STM32U535CET6, STM32U535CET6Q, STM32U535CEU6, STM32U535CEU6Q, STM32U535JEY6QTR, STM32U535NCY6QTR, STM32U535NEY6QTR, STM32U535RBI6, STM32U535RBI6Q, STM32U535RBT6, STM32U535RBT6Q, STM32U535RCI6, STM32U535RCI6Q, STM32U535RCT6, STM32U535RCT6Q, STM32U535REI6, STM32U535REI6Q, STM32U535RET6, STM32U535RET6Q, STM32U535VCI6, STM32U535VCI6Q, STM32U535VCT6, STM32U535VCT6Q, STM32U535VEI6, STM32U535VEI6Q, STM32U535VET6, STM32U535VET6Q, STM32U545CET6, STM32U545CET6Q, STM32U545CEU6, STM32U545CEU6Q, STM32U545JEY6QTR, STM32U545NEY6QTR, STM32U545REI6, STM32U545REI6Q, STM32U545RET6, STM32U545RET6Q, STM32U545VEI6, STM32U545VEI6Q, STM32U545VET6, STM32U545VET6Q, STM32U595AIH6, STM32U595AIH6Q, STM32U595AJH6, STM32U595AJH6Q, STM32U595QII6, STM32U595QII6Q, STM32U595QJI6, STM32U595QJI6Q, STM32U595RIT6, STM32U595RIT6Q, STM32U595RJT6, STM32U595RJT6Q, STM32U595VIT6, STM32U595VIT6Q, STM32U595VJT6, STM32U595VJT6Q, STM32U595ZIT6, STM32U595ZIT6Q, STM32U595ZIY6QTR, STM32U595ZJT6, STM32U595ZJT6Q, STM32U595ZJY6QTR, STM32U599BJY6QTR, STM32U599NIH6Q, STM32U599NJH6Q, STM32U599VIT6Q, STM32U599VJT6, STM32U599VJT6Q, STM32U599ZIT6Q, STM32U599ZIY6QTR, STM32U599ZJT6Q, STM32U599ZJY6QTR, STM32U5A5AJH6, STM32U5A5AJH6Q, STM32U5A5QJI6, STM32U5A5QJI6Q, STM32U5A5RJT6, STM32U5A5RJT6Q, STM32U5A5VJT6, STM32U5A5VJT6Q, STM32U5A5ZJT6, STM32U5A5ZJT6Q, STM32U5A5ZJY6QTR, STM32U5A9BJY6QTR, STM32U5A9J-DK, STM32U5A9NJH6Q, STM32U5A9VJT6Q, STM32U5A9ZJT6Q, STM32U5A9ZJY6QTR, STM32U5F7VIT6, STM32U5F7VIT6Q, STM32U5F7VJT6, STM32U5F7VJT6Q, STM32U5F9BJY6QTR, STM32U5F9NJH6Q, STM32U5F9VIT6Q, STM32U5F9VJT6Q, STM32U5F9ZIJ6QTR, STM32U5F9ZIT6Q, STM32U5F9ZJJ6QTR, STM32U5F9ZJT6Q, STM32U5G7VJT6, STM32U5G7VJT6Q, STM32U5G9BJY6QTR, STM32U5G9J-DK1, STM32U5G9J-DK2, STM32U5G9NJH6Q, STM32U5G9VJT6Q, STM32U5G9ZJJ6QTR, STM32U5G9ZJT6Q, STM32WB1MMCH6, STM32WBA52CEU6, STM32WBA52CEU6T, STM32WBA52CGU6, STM32WBA52CGU6T, STM32WBA52KEU6, STM32WBA52KEU6T, STM32WBA52KGU6, STM32WBA52KGU6T, STM32WL5MOCH6, STM32WL5MOCH6TR]
2026-05-08 19:40:30,670 [INFO] BoardInfo:880 - No configuration file found for board B-WBA5M-WPAN
2026-05-08 19:40:30,670 [INFO] DbBoards:157 - Board is not supported: B-WBA5M-WPAN
2026-05-08 19:40:30,673 [INFO] BoardInfo:880 - No configuration file found for board NUCLEO-C051C8
2026-05-08 19:40:30,673 [INFO] DbBoards:157 - Board is not supported: NUCLEO-C051C8
2026-05-08 19:40:30,674 [INFO] BoardInfo:880 - No configuration file found for board NUCLEO-C071RB
2026-05-08 19:40:30,674 [INFO] DbBoards:157 - Board is not supported: NUCLEO-C071RB
2026-05-08 19:40:30,675 [INFO] BoardInfo:880 - No configuration file found for board NUCLEO-C092RC
2026-05-08 19:40:30,675 [INFO] DbBoards:157 - Board is not supported: NUCLEO-C092RC
2026-05-08 19:40:30,701 [INFO] BoardInfo:880 - No configuration file found for board NUCLEO-H533RE
2026-05-08 19:40:30,701 [INFO] DbBoards:157 - Board is not supported: NUCLEO-H533RE
2026-05-08 19:40:30,703 [INFO] BoardInfo:880 - No configuration file found for board NUCLEO-H5E5ZJ
2026-05-08 19:40:30,703 [INFO] DbBoards:157 - Board is not supported: NUCLEO-H5E5ZJ
2026-05-08 19:40:30,708 [INFO] BoardInfo:880 - No configuration file found for board NUCLEO-H7S3L8
2026-05-08 19:40:30,708 [INFO] DbBoards:157 - Board is not supported: NUCLEO-H7S3L8
2026-05-08 19:40:30,723 [INFO] BoardInfo:880 - No configuration file found for board NUCLEO-N657X0-Q
2026-05-08 19:40:30,723 [INFO] DbBoards:157 - Board is not supported: NUCLEO-N657X0-Q
2026-05-08 19:40:30,723 [INFO] BoardInfo:880 - No configuration file found for board NUCLEO-U031R8
2026-05-08 19:40:30,723 [INFO] DbBoards:157 - Board is not supported: NUCLEO-U031R8
2026-05-08 19:40:30,724 [INFO] BoardInfo:880 - No configuration file found for board NUCLEO-U083RC
2026-05-08 19:40:30,724 [INFO] DbBoards:157 - Board is not supported: NUCLEO-U083RC
2026-05-08 19:40:30,725 [INFO] BoardInfo:880 - No configuration file found for board NUCLEO-U385RG-Q
2026-05-08 19:40:30,725 [INFO] DbBoards:157 - Board is not supported: NUCLEO-U385RG-Q
2026-05-08 19:40:30,726 [INFO] BoardInfo:880 - No configuration file found for board NUCLEO-U3C5ZI-Q
2026-05-08 19:40:30,726 [INFO] DbBoards:157 - Board is not supported: NUCLEO-U3C5ZI-Q
2026-05-08 19:40:30,728 [INFO] BoardInfo:880 - No configuration file found for board NUCLEO-WB05KZ
2026-05-08 19:40:30,728 [INFO] DbBoards:157 - Board is not supported: NUCLEO-WB05KZ
2026-05-08 19:40:30,729 [INFO] BoardInfo:880 - No configuration file found for board NUCLEO-WB07CC
2026-05-08 19:40:30,729 [INFO] DbBoards:157 - Board is not supported: NUCLEO-WB07CC
2026-05-08 19:40:30,730 [INFO] BoardInfo:880 - No configuration file found for board NUCLEO-WB09KE
2026-05-08 19:40:30,730 [INFO] DbBoards:157 - Board is not supported: NUCLEO-WB09KE
2026-05-08 19:40:30,732 [INFO] BoardInfo:880 - No configuration file found for board NUCLEO-WBA25CE1
2026-05-08 19:40:30,732 [INFO] DbBoards:157 - Board is not supported: NUCLEO-WBA25CE1
2026-05-08 19:40:30,733 [INFO] BoardInfo:880 - No configuration file found for board NUCLEO-WBA55CG
2026-05-08 19:40:30,733 [INFO] DbBoards:157 - Board is not supported: NUCLEO-WBA55CG
2026-05-08 19:40:30,734 [INFO] BoardInfo:880 - No configuration file found for board NUCLEO-WBA65RI
2026-05-08 19:40:30,734 [INFO] DbBoards:157 - Board is not supported: NUCLEO-WBA65RI
2026-05-08 19:40:30,735 [INFO] BoardInfo:880 - No configuration file found for board NUCLEO-WL33CC1
2026-05-08 19:40:30,735 [INFO] DbBoards:157 - Board is not supported: NUCLEO-WL33CC1
2026-05-08 19:40:30,736 [INFO] BoardInfo:880 - No configuration file found for board NUCLEO-WL33CC2
2026-05-08 19:40:30,736 [INFO] DbBoards:157 - Board is not supported: NUCLEO-WL33CC2
2026-05-08 19:40:30,736 [INFO] BoardInfo:880 - No configuration file found for board NUCLEO-WL3RKB1
2026-05-08 19:40:30,736 [INFO] DbBoards:157 - Board is not supported: NUCLEO-WL3RKB1
2026-05-08 19:40:30,737 [INFO] BoardInfo:880 - No configuration file found for board NUCLEO-WL3RKB2
2026-05-08 19:40:30,737 [INFO] DbBoards:157 - Board is not supported: NUCLEO-WL3RKB2
2026-05-08 19:40:30,740 [INFO] BoardInfo:880 - No configuration file found for board P-NUCLEO-WB55
2026-05-08 19:40:30,740 [INFO] DbBoards:157 - Kit is not supported: P-NUCLEO-WB55
2026-05-08 19:40:30,743 [INFO] BoardInfo:880 - No configuration file found for board STEVAL-BFA001V1B
2026-05-08 19:40:30,743 [INFO] DbBoards:157 - Kit is not supported: STEVAL-BFA001V1B
2026-05-08 19:40:30,744 [INFO] BoardInfo:880 - No configuration file found for board STEVAL-BFA001V2B
2026-05-08 19:40:30,744 [INFO] DbBoards:157 - Kit is not supported: STEVAL-BFA001V2B
2026-05-08 19:40:30,746 [INFO] BoardInfo:880 - No configuration file found for board STEVAL-MKBOXPRO
2026-05-08 19:40:30,746 [INFO] DbBoards:157 - Board is not supported: STEVAL-MKBOXPRO
2026-05-08 19:40:30,785 [INFO] BoardInfo:880 - No configuration file found for board STM32H5F5J-DK
2026-05-08 19:40:30,785 [INFO] DbBoards:157 - Board is not supported: STM32H5F5J-DK
2026-05-08 19:40:30,795 [INFO] BoardInfo:880 - No configuration file found for board STM32H7S78-DK
2026-05-08 19:40:30,795 [INFO] DbBoards:157 - Board is not supported: STM32H7S78-DK
2026-05-08 19:40:30,813 [INFO] BoardInfo:880 - No configuration file found for board STM32MP215F-DK
2026-05-08 19:40:30,814 [INFO] DbBoards:157 - Board is not supported: STM32MP215F-DK
2026-05-08 19:40:30,815 [INFO] BoardInfo:880 - No configuration file found for board STM32MP257F-DK
2026-05-08 19:40:30,815 [INFO] DbBoards:157 - Board is not supported: STM32MP257F-DK
2026-05-08 19:40:30,815 [INFO] BoardInfo:880 - No configuration file found for board STM32MP257F-EV1
2026-05-08 19:40:30,815 [INFO] DbBoards:157 - Board is not supported: STM32MP257F-EV1
2026-05-08 19:40:30,816 [INFO] BoardInfo:880 - No configuration file found for board STM32N6570-DK
2026-05-08 19:40:30,816 [INFO] DbBoards:157 - Board is not supported: STM32N6570-DK
2026-05-08 19:40:30,817 [INFO] BoardInfo:880 - No configuration file found for board STM32U083C-DK
2026-05-08 19:40:30,817 [INFO] DbBoards:157 - Board is not supported: STM32U083C-DK
2026-05-08 19:40:30,822 [INFO] BoardInfo:880 - No configuration file found for board STM32WBA55G-DK1
2026-05-08 19:40:30,822 [INFO] DbBoards:157 - Board is not supported: STM32WBA55G-DK1
2026-05-08 19:40:30,823 [INFO] BoardInfo:880 - No configuration file found for board STM32WBA65I-DK1
2026-05-08 19:40:30,823 [INFO] DbBoards:157 - Board is not supported: STM32WBA65I-DK1
2026-05-08 19:40:30,824 [INFO] DbBoards:161 - Found 218 boards, 183 are supported
2026-05-08 19:40:30,828 [INFO] ApiDb:414 - User favorites file not found: C:\Users\Admin/.stm32cubeide/favorites.boards.txt
2026-05-08 19:40:30,828 [INFO] DbBoards:190 - Set 0 / 0 favorites Boards
2026-05-08 19:40:30,828 [INFO] McuFinderGlobals:76 - Set McuFinderConnectedMode to true
2026-05-08 19:40:30,835 [INFO] MultiScanPanel:200 - Auto-refresh data requested => check proxy status ongoing
2026-05-08 19:40:30,837 [INFO] FinderPluginLoader:95 - Searching for filters in installed packs
2026-05-08 19:40:31,991 [INFO] ServerAccessManage:473 - Download File 
2026-05-08 19:40:32,011 [INFO] LoadUrlFilesThread:185 - End of LoadServerUrlFiles without Thread
2026-05-08 19:40:32,040 [INFO] DetailPanel:341 - Set advertising image to C:/Users/Admin/STM32Cube/Repository/\en.prom-stm32wba2-stm32-nucleo-board-0426.png
2026-05-08 19:40:32,676 [INFO] McuFinderGlobals:76 - Set McuFinderConnectedMode to true
2026-05-08 19:40:37,426 [INFO] ServerAccessManage:473 - Download File mcusAds.json._tmp_
2026-05-08 19:40:37,497 [INFO] McuFinderGlobals:76 - Set McuFinderConnectedMode to true
2026-05-08 19:40:37,498 [INFO] MultiScanPanel:200 - Auto-refresh data requested => check proxy status ongoing
2026-05-08 19:40:37,498 [INFO] FinderPluginLoader:95 - Searching for filters in installed packs
2026-05-08 19:40:37,583 [INFO] LoadUrlFilesThread:156 - End of LoadUrlFiles Thread
2026-05-08 19:40:38,210 [INFO] LoadUrlFilesThread:185 - End of LoadServerUrlFiles without Thread
2026-05-08 19:40:38,210 [INFO] DetailPanel:341 - Set advertising image to C:/Users/Admin/STM32Cube/Repository/\en.prom-stm32wba2-stm32-nucleo-board-0426.png
2026-05-08 19:40:38,873 [INFO] ServerAccessManage:473 - Download File cube-finder-db.zip
2026-05-08 19:40:45,567 [INFO] FileExtend:240 - Unzip File : cube-finder-db.zip
2026-05-08 19:40:45,567 [INFO] FileExtend:255 - Standard Zip Deflate
2026-05-08 19:40:46,093 [INFO] LoadUrlFilesThread:156 - End of LoadUrlFiles Thread
2026-05-08 19:40:46,918 [INFO] ServerAccessManage:473 - Download File crdb.zip
2026-05-08 19:40:49,290 [INFO] FileExtend:240 - Unzip File : crdb.zip
2026-05-08 19:40:49,290 [INFO] FileExtend:255 - Standard Zip Deflate
2026-05-08 19:40:49,412 [INFO] LoadUrlFilesThread:156 - End of LoadUrlFiles Thread
2026-05-08 19:40:49,530 [INFO] ServerAccessManage:473 - Download File tutoVideoDB.zip
2026-05-08 19:40:49,550 [INFO] FileExtend:240 - Unzip File : tutoVideoDB.zip
2026-05-08 19:40:49,551 [INFO] FileExtend:255 - Standard Zip Deflate
2026-05-08 19:40:49,661 [INFO] LoadUrlFilesThread:156 - End of LoadUrlFiles Thread
2026-05-08 19:40:49,661 [WARN] DbFile:41 - Overriding database path with different value: C:\Users\Admin\.stmcufinder\plugins\mcufinder/ => C:\Users\Admin\.stmcufinder\plugins\mcufinder
2026-05-08 19:40:49,975 [ERROR] ServerAccessManage:1089 - Problem, file not found on Server
2026-05-08 19:40:49,976 [ERROR] ServerAccessManage:651 - Problem, file not found on Server : api_config.json.
2026-05-08 19:41:03,678 [INFO] LoadUrlFilesThread:156 - End of LoadUrlFiles Thread
2026-05-08 19:41:45,948 [INFO] DbMcusAds:53 - JSON generation date=Mon Apr 27 15:14:29 GMT+07:00 2026 (1777277669683)
2026-05-08 19:41:45,950 [INFO] ApiDb:448 - Save user favorites file C:\Users\Admin/.stm32cubeide/favorites.mcus.txt: 0 item(s)
2026-05-08 19:41:45,951 [INFO] ApiDb:452 - User favorites MCUs=[]
2026-05-08 19:41:45,952 [INFO] ApiDb:581 - Connected to CubeFinder SQLite database (C:\Users\Admin\.stmcufinder\plugins\mcufinder\mcu\cube-finder-db.db)
2026-05-08 19:41:46,007 [INFO] ApiDb:668 - CubeFinder database Data Model version=2.1
2026-05-08 19:41:46,007 [INFO] ApiDb:669 - CubeFinder database Configuration version=3.0.42
2026-05-08 19:41:46,007 [INFO] ApiDb:670 - CubeFinder database generation date=2026-03-11 (1773229989)
2026-05-08 19:41:46,007 [INFO] ApiDb:671 - CubeFinder database FW Pack versions=[FP-ATR-ASTRA1_V2.0.0, FP-SNS-FLIGHT1_V5.1.0, FP-SNS-MOTENV1_V5.1.0, FP-SNS-MOTENVWB1_V1.5.0, FP-SNS-SMARTAG2_V1.2.0, FP-SNS-STBOX1_V2.1.0, STM32Cube_FW_C0_V1.4.0, STM32Cube_FW_F4_V1.28.3, STM32Cube_FW_F7_V1.17.4, STM32Cube_FW_G0_V1.6.3, STM32Cube_FW_G4_V1.6.2, STM32Cube_FW_H5_V1.6.0, STM32Cube_FW_H7RS_V1.3.0, STM32Cube_FW_H7_V1.13.0, STM32Cube_FW_L0_V1.12.2, STM32Cube_FW_L4_V1.18.2, STM32Cube_FW_L5_V1.6.0, STM32Cube_FW_N6_V1.3.0, STM32Cube_FW_U0_V1.3.0, STM32Cube_FW_U3_V1.3.0, STM32Cube_FW_U5_V1.8.0, STM32Cube_FW_WB0_V1.4.0, STM32Cube_FW_WBA_V1.9.0, STM32Cube_FW_WB_V1.24.0, STM32Cube_FW_WL3_V1.4.0, STM32Cube_FW_WL_V1.5.0, X-CUBE-ALGOBUILD_V1.4.0, X-CUBE-ALS_V1.0.2, X-CUBE-AZRTOS-F4_V1.1.0, X-CUBE-AZRTOS-F7_V1.1.0, X-CUBE-AZRTOS-G0_V1.1.0, X-CUBE-AZRTOS-G4_V2.0.0, X-CUBE-AZRTOS-H7RS_V1.1.0, X-CUBE-AZRTOS-H7_V3.4.0, X-CUBE-AZRTOS-L4_V2.0.0, X-CUBE-AZRTOS-L5_V2.0.0, X-CUBE-AZRTOS-WB_V2.0.0, X-CUBE-AZRTOS-WL_V2.0.0, X-CUBE-BLE1_V7.1.0, X-CUBE-BLE2_V3.3.0, X-CUBE-BLEMGR_V4.1.0, X-CUBE-EEPRMA1_V5.2.0, X-CUBE-FREERTOS_V1.5.0, X-CUBE-GNSS1_V6.0.0, X-CUBE-MEMS1_V12.0.0, X-CUBE-NFC4_V3.0.0, X-CUBE-NFC7_V2.0.0, X-CUBE-SFXS2LP1_V4.0.0, X-CUBE-ST67W61_V1.2.0, X-CUBE-SUBG2_V5.0.0, X-CUBE-TOF1_V3.4.3]
2026-05-08 19:41:47,758 [INFO] ApiDb:240 - Found 323 in-development CPN: [B-G473E-ZEST1S, B-WB1M-WPAN1, B-WL5M-SUBG1, NUCLEO-C031C6, NUCLEO-H503RB, NUCLEO-H563ZI, NUCLEO-U545RE-Q, NUCLEO-U5A5ZJ-Q, NUCLEO-WBA52CG, STEVAL-PROTEUS1, STEVAL-SMARTAG2, STEVAL-STWINBX1, STM320518-EVAL, STM32C0116-DK, STM32C011D6Y3TR, STM32C011D6Y6TR, STM32C011F4P3, STM32C011F4P6, STM32C011F4U3, STM32C011F4U6TR, STM32C011F6P3, STM32C011F6P6, STM32C011F6U3, STM32C011F6U6TR, STM32C011J4M3, STM32C011J4M6, STM32C011J6M3, STM32C011J6M6, STM32C0316-DK, STM32C031C4T3, STM32C031C4T6, STM32C031C4U3, STM32C031C4U6, STM32C031C6T3, STM32C031C6T6, STM32C031C6U3, STM32C031C6U6, STM32C031F4P3, STM32C031F4P6, STM32C031F6P3, STM32C031F6P6, STM32C031G4U3, STM32C031G4U6, STM32C031G6U3, STM32C031G6U6, STM32C031K4T3, STM32C031K4T6, STM32C031K4U3, STM32C031K4U6, STM32C031K6T3, STM32C031K6T6, STM32C031K6U3, STM32C031K6U6, STM32G071K8TXN, STM32G071K8UXN, STM32G081GBU6N, STM32G081KBT6N, STM32G081KBUXN, STM32G0B1CCT6N, STM32G0B1KCT6, STM32G0B1NEY6TR, STM32G0B1RCT6N, STM32G0C1CCT6, STM32G0C1CCT6N, STM32G0C1CCU6N, STM32G0C1CET6N, STM32G0C1CEU6N, STM32G0C1KCT6, STM32G0C1NEY6TR, STM32G0C1RCI6N, STM32G0C1RCT6N, STM32G0C1REI6N, STM32G0C1RET6N, STM32G0C1VCI6, STM32G0C1VEI6, STM32G471CCT6, STM32G471CCU6, STM32G471CET3, STM32G471CET6, STM32G471CEU3, STM32G471CEU6, STM32G471MCT6, STM32G471MET3, STM32G471MET6, STM32G471MEY6TR, STM32G471QCT6, STM32G471QET3, STM32G471RCT6, STM32G471RET3, STM32G471RET6, STM32G471VCH6, STM32G471VCI6, STM32G471VCT6, STM32G471VEH3, STM32G471VEH6, STM32G471VEI3, STM32G471VEI6, STM32G471VET3, STM32G471VET6, STM32G474CCT6, STM32H503CBT6, STM32H503CBU6, STM32H503EBY6TR, STM32H503KBU6, STM32H503RBT6, STM32H562AGI6, STM32H562AII6, STM32H562IGK6, STM32H562IGT6, STM32H562IIK6, STM32H562IIT6, STM32H562RGT6, STM32H562RGV6, STM32H562RIT6, STM32H562RIV6, STM32H562VGT6, STM32H562VIT6, STM32H562ZGT6, STM32H562ZIT6, STM32H563AGI6, STM32H563AII3Q, STM32H563AII6, STM32H563IGK6, STM32H563IGT6, STM32H563IIK3Q, STM32H563IIK6, STM32H563IIT3Q, STM32H563IIT6, STM32H563MIY3QTR, STM32H563RGT6, STM32H563RGV6, STM32H563RIT6, STM32H563RIV6, STM32H563VGT6, STM32H563VIT3Q, STM32H563VIT6, STM32H563ZGT6, STM32H563ZIT3Q, STM32H563ZIT6, STM32H573AII3Q, STM32H573AII6, STM32H573I-DK, STM32H573IIK3Q, STM32H573IIK6, STM32H573IIT3Q, STM32H573IIT6, STM32H573MIY3QTR, STM32H573RIT6, STM32H573RIV6, STM32H573VIT3Q, STM32H573VIT6, STM32H573ZIT3Q, STM32H573ZIT6, STM32L4R5QGI6STR, STM32MP131AAE3, STM32MP131AAF3, STM32MP131AAG3, STM32MP131CAE3, STM32MP131CAF3, STM32MP131CAG3, STM32MP131DAE7, STM32MP131DAF7, STM32MP131DAG7, STM32MP131FAE7, STM32MP131FAF7, STM32MP131FAG7, STM32MP133AAE3, STM32MP133AAF3, STM32MP133AAG3, STM32MP133CAE3, STM32MP133CAF3, STM32MP133CAG3, STM32MP133DAE7, STM32MP133DAF7, STM32MP133DAG7, STM32MP133FAE7, STM32MP133FAF7, STM32MP133FAG7, STM32MP135AAE3, STM32MP135AAF3, STM32MP135AAG3, STM32MP135CAE3, STM32MP135CAF3, STM32MP135CAG3, STM32MP135DAE7, STM32MP135DAF7, STM32MP135DAG7, STM32MP135F-DK, STM32MP135FAE7, STM32MP135FAF7, STM32MP135FAF7T, STM32MP135FAF7U, STM32MP135FAG7, STM32U535CBT6, STM32U535CBT6Q, STM32U535CBU6, STM32U535CBU6Q, STM32U535CCT6, STM32U535CCT6Q, STM32U535CCU6, STM32U535CCU6Q, STM32U535CET6, STM32U535CET6Q, STM32U535CEU6, STM32U535CEU6Q, STM32U535JEY6QTR, STM32U535NCY6QTR, STM32U535NEY6QTR, STM32U535RBI6, STM32U535RBI6Q, STM32U535RBT6, STM32U535RBT6Q, STM32U535RCI6, STM32U535RCI6Q, STM32U535RCT6, STM32U535RCT6Q, STM32U535REI6, STM32U535REI6Q, STM32U535RET6, STM32U535RET6Q, STM32U535VCI6, STM32U535VCI6Q, STM32U535VCT6, STM32U535VCT6Q, STM32U535VEI6, STM32U535VEI6Q, STM32U535VET6, STM32U535VET6Q, STM32U545CET6, STM32U545CET6Q, STM32U545CEU6, STM32U545CEU6Q, STM32U545JEY6QTR, STM32U545NEY6QTR, STM32U545REI6, STM32U545REI6Q, STM32U545RET6, STM32U545RET6Q, STM32U545VEI6, STM32U545VEI6Q, STM32U545VET6, STM32U545VET6Q, STM32U595AIH6, STM32U595AIH6Q, STM32U595AJH6, STM32U595AJH6Q, STM32U595QII6, STM32U595QII6Q, STM32U595QJI6, STM32U595QJI6Q, STM32U595RIT6, STM32U595RIT6Q, STM32U595RJT6, STM32U595RJT6Q, STM32U595VIT6, STM32U595VIT6Q, STM32U595VJT6, STM32U595VJT6Q, STM32U595ZIT6, STM32U595ZIT6Q, STM32U595ZIY6QTR, STM32U595ZJT6, STM32U595ZJT6Q, STM32U595ZJY6QTR, STM32U599BJY6QTR, STM32U599NIH6Q, STM32U599NJH6Q, STM32U599VIT6Q, STM32U599VJT6, STM32U599VJT6Q, STM32U599ZIT6Q, STM32U599ZIY6QTR, STM32U599ZJT6Q, STM32U599ZJY6QTR, STM32U5A5AJH6, STM32U5A5AJH6Q, STM32U5A5QJI6, STM32U5A5QJI6Q, STM32U5A5RJT6, STM32U5A5RJT6Q, STM32U5A5VJT6, STM32U5A5VJT6Q, STM32U5A5ZJT6, STM32U5A5ZJT6Q, STM32U5A5ZJY6QTR, STM32U5A9BJY6QTR, STM32U5A9J-DK, STM32U5A9NJH6Q, STM32U5A9VJT6Q, STM32U5A9ZJT6Q, STM32U5A9ZJY6QTR, STM32U5F7VIT6, STM32U5F7VIT6Q, STM32U5F7VJT6, STM32U5F7VJT6Q, STM32U5F9BJY6QTR, STM32U5F9NJH6Q, STM32U5F9VIT6Q, STM32U5F9VJT6Q, STM32U5F9ZIJ6QTR, STM32U5F9ZIT6Q, STM32U5F9ZJJ6QTR, STM32U5F9ZJT6Q, STM32U5G7VJT6, STM32U5G7VJT6Q, STM32U5G9BJY6QTR, STM32U5G9J-DK1, STM32U5G9J-DK2, STM32U5G9NJH6Q, STM32U5G9VJT6Q, STM32U5G9ZJJ6QTR, STM32U5G9ZJT6Q, STM32WB1MMCH6, STM32WBA52CEU6, STM32WBA52CEU6T, STM32WBA52CGU6, STM32WBA52CGU6T, STM32WBA52KEU6, STM32WBA52KEU6T, STM32WBA52KGU6, STM32WBA52KGU6T, STM32WL5MOCH6, STM32WL5MOCH6TR]
2026-05-08 19:41:47,760 [INFO] DbMcus:217 - Found 5030 MCUs, 4943 are supported
2026-05-08 19:41:47,760 [INFO] ApiDb:423 - Load user favorites file C:\Users\Admin/.stm32cubeide/favorites.mcus.txt: 0 item(s)
2026-05-08 19:41:47,760 [INFO] ApiDb:427 - User favorites MCUs=[]
2026-05-08 19:41:47,760 [INFO] DbMcus:223 - Set 0 / 0 favorites MCUs
2026-05-08 19:41:48,425 [INFO] ApiDb:448 - Save user favorites file C:\Users\Admin/.stm32cubeide/favorites.boards.txt: 0 item(s)
2026-05-08 19:41:48,425 [INFO] ApiDb:452 - User favorites Boards=[]
2026-05-08 19:41:48,427 [INFO] ApiDb:581 - Connected to CubeFinder SQLite database (C:\Users\Admin\.stmcufinder\plugins\mcufinder\mcu\cube-finder-db.db)
2026-05-08 19:41:48,489 [INFO] ApiDb:668 - CubeFinder database Data Model version=2.1
2026-05-08 19:41:48,490 [INFO] ApiDb:669 - CubeFinder database Configuration version=3.0.42
2026-05-08 19:41:48,490 [INFO] ApiDb:670 - CubeFinder database generation date=2026-03-11 (1773229989)
2026-05-08 19:41:48,490 [INFO] ApiDb:671 - CubeFinder database FW Pack versions=[FP-ATR-ASTRA1_V2.0.0, FP-SNS-FLIGHT1_V5.1.0, FP-SNS-MOTENV1_V5.1.0, FP-SNS-MOTENVWB1_V1.5.0, FP-SNS-SMARTAG2_V1.2.0, FP-SNS-STBOX1_V2.1.0, STM32Cube_FW_C0_V1.4.0, STM32Cube_FW_F4_V1.28.3, STM32Cube_FW_F7_V1.17.4, STM32Cube_FW_G0_V1.6.3, STM32Cube_FW_G4_V1.6.2, STM32Cube_FW_H5_V1.6.0, STM32Cube_FW_H7RS_V1.3.0, STM32Cube_FW_H7_V1.13.0, STM32Cube_FW_L0_V1.12.2, STM32Cube_FW_L4_V1.18.2, STM32Cube_FW_L5_V1.6.0, STM32Cube_FW_N6_V1.3.0, STM32Cube_FW_U0_V1.3.0, STM32Cube_FW_U3_V1.3.0, STM32Cube_FW_U5_V1.8.0, STM32Cube_FW_WB0_V1.4.0, STM32Cube_FW_WBA_V1.9.0, STM32Cube_FW_WB_V1.24.0, STM32Cube_FW_WL3_V1.4.0, STM32Cube_FW_WL_V1.5.0, X-CUBE-ALGOBUILD_V1.4.0, X-CUBE-ALS_V1.0.2, X-CUBE-AZRTOS-F4_V1.1.0, X-CUBE-AZRTOS-F7_V1.1.0, X-CUBE-AZRTOS-G0_V1.1.0, X-CUBE-AZRTOS-G4_V2.0.0, X-CUBE-AZRTOS-H7RS_V1.1.0, X-CUBE-AZRTOS-H7_V3.4.0, X-CUBE-AZRTOS-L4_V2.0.0, X-CUBE-AZRTOS-L5_V2.0.0, X-CUBE-AZRTOS-WB_V2.0.0, X-CUBE-AZRTOS-WL_V2.0.0, X-CUBE-BLE1_V7.1.0, X-CUBE-BLE2_V3.3.0, X-CUBE-BLEMGR_V4.1.0, X-CUBE-EEPRMA1_V5.2.0, X-CUBE-FREERTOS_V1.5.0, X-CUBE-GNSS1_V6.0.0, X-CUBE-MEMS1_V12.0.0, X-CUBE-NFC4_V3.0.0, X-CUBE-NFC7_V2.0.0, X-CUBE-SFXS2LP1_V4.0.0, X-CUBE-ST67W61_V1.2.0, X-CUBE-SUBG2_V5.0.0, X-CUBE-TOF1_V3.4.3]
2026-05-08 19:41:48,526 [INFO] DbBoardsSqlite:226 - include board P-NUCLEO-WB55-NUCLEO as a kit item of type 'Nucleo-64'
2026-05-08 19:41:48,526 [INFO] DbBoardsSqlite:226 - include board P-NUCLEO-WB55-USBDONGLE as a kit item of type 'Nucleo USB Dongle'
2026-05-08 19:41:48,526 [INFO] DbBoardsSqlite:226 - include board STEVAL-IDP005V1 as a kit item of type 'Evaluation Board'
2026-05-08 19:41:48,527 [INFO] DbBoardsSqlite:226 - include board STEVAL-IDP005V2 as a kit item of type 'Evaluation Board'
2026-05-08 19:41:48,581 [INFO] ApiDb:240 - Found 323 in-development CPN: [B-G473E-ZEST1S, B-WB1M-WPAN1, B-WL5M-SUBG1, NUCLEO-C031C6, NUCLEO-H503RB, NUCLEO-H563ZI, NUCLEO-U545RE-Q, NUCLEO-U5A5ZJ-Q, NUCLEO-WBA52CG, STEVAL-PROTEUS1, STEVAL-SMARTAG2, STEVAL-STWINBX1, STM320518-EVAL, STM32C0116-DK, STM32C011D6Y3TR, STM32C011D6Y6TR, STM32C011F4P3, STM32C011F4P6, STM32C011F4U3, STM32C011F4U6TR, STM32C011F6P3, STM32C011F6P6, STM32C011F6U3, STM32C011F6U6TR, STM32C011J4M3, STM32C011J4M6, STM32C011J6M3, STM32C011J6M6, STM32C0316-DK, STM32C031C4T3, STM32C031C4T6, STM32C031C4U3, STM32C031C4U6, STM32C031C6T3, STM32C031C6T6, STM32C031C6U3, STM32C031C6U6, STM32C031F4P3, STM32C031F4P6, STM32C031F6P3, STM32C031F6P6, STM32C031G4U3, STM32C031G4U6, STM32C031G6U3, STM32C031G6U6, STM32C031K4T3, STM32C031K4T6, STM32C031K4U3, STM32C031K4U6, STM32C031K6T3, STM32C031K6T6, STM32C031K6U3, STM32C031K6U6, STM32G071K8TXN, STM32G071K8UXN, STM32G081GBU6N, STM32G081KBT6N, STM32G081KBUXN, STM32G0B1CCT6N, STM32G0B1KCT6, STM32G0B1NEY6TR, STM32G0B1RCT6N, STM32G0C1CCT6, STM32G0C1CCT6N, STM32G0C1CCU6N, STM32G0C1CET6N, STM32G0C1CEU6N, STM32G0C1KCT6, STM32G0C1NEY6TR, STM32G0C1RCI6N, STM32G0C1RCT6N, STM32G0C1REI6N, STM32G0C1RET6N, STM32G0C1VCI6, STM32G0C1VEI6, STM32G471CCT6, STM32G471CCU6, STM32G471CET3, STM32G471CET6, STM32G471CEU3, STM32G471CEU6, STM32G471MCT6, STM32G471MET3, STM32G471MET6, STM32G471MEY6TR, STM32G471QCT6, STM32G471QET3, STM32G471RCT6, STM32G471RET3, STM32G471RET6, STM32G471VCH6, STM32G471VCI6, STM32G471VCT6, STM32G471VEH3, STM32G471VEH6, STM32G471VEI3, STM32G471VEI6, STM32G471VET3, STM32G471VET6, STM32G474CCT6, STM32H503CBT6, STM32H503CBU6, STM32H503EBY6TR, STM32H503KBU6, STM32H503RBT6, STM32H562AGI6, STM32H562AII6, STM32H562IGK6, STM32H562IGT6, STM32H562IIK6, STM32H562IIT6, STM32H562RGT6, STM32H562RGV6, STM32H562RIT6, STM32H562RIV6, STM32H562VGT6, STM32H562VIT6, STM32H562ZGT6, STM32H562ZIT6, STM32H563AGI6, STM32H563AII3Q, STM32H563AII6, STM32H563IGK6, STM32H563IGT6, STM32H563IIK3Q, STM32H563IIK6, STM32H563IIT3Q, STM32H563IIT6, STM32H563MIY3QTR, STM32H563RGT6, STM32H563RGV6, STM32H563RIT6, STM32H563RIV6, STM32H563VGT6, STM32H563VIT3Q, STM32H563VIT6, STM32H563ZGT6, STM32H563ZIT3Q, STM32H563ZIT6, STM32H573AII3Q, STM32H573AII6, STM32H573I-DK, STM32H573IIK3Q, STM32H573IIK6, STM32H573IIT3Q, STM32H573IIT6, STM32H573MIY3QTR, STM32H573RIT6, STM32H573RIV6, STM32H573VIT3Q, STM32H573VIT6, STM32H573ZIT3Q, STM32H573ZIT6, STM32L4R5QGI6STR, STM32MP131AAE3, STM32MP131AAF3, STM32MP131AAG3, STM32MP131CAE3, STM32MP131CAF3, STM32MP131CAG3, STM32MP131DAE7, STM32MP131DAF7, STM32MP131DAG7, STM32MP131FAE7, STM32MP131FAF7, STM32MP131FAG7, STM32MP133AAE3, STM32MP133AAF3, STM32MP133AAG3, STM32MP133CAE3, STM32MP133CAF3, STM32MP133CAG3, STM32MP133DAE7, STM32MP133DAF7, STM32MP133DAG7, STM32MP133FAE7, STM32MP133FAF7, STM32MP133FAG7, STM32MP135AAE3, STM32MP135AAF3, STM32MP135AAG3, STM32MP135CAE3, STM32MP135CAF3, STM32MP135CAG3, STM32MP135DAE7, STM32MP135DAF7, STM32MP135DAG7, STM32MP135F-DK, STM32MP135FAE7, STM32MP135FAF7, STM32MP135FAF7T, STM32MP135FAF7U, STM32MP135FAG7, STM32U535CBT6, STM32U535CBT6Q, STM32U535CBU6, STM32U535CBU6Q, STM32U535CCT6, STM32U535CCT6Q, STM32U535CCU6, STM32U535CCU6Q, STM32U535CET6, STM32U535CET6Q, STM32U535CEU6, STM32U535CEU6Q, STM32U535JEY6QTR, STM32U535NCY6QTR, STM32U535NEY6QTR, STM32U535RBI6, STM32U535RBI6Q, STM32U535RBT6, STM32U535RBT6Q, STM32U535RCI6, STM32U535RCI6Q, STM32U535RCT6, STM32U535RCT6Q, STM32U535REI6, STM32U535REI6Q, STM32U535RET6, STM32U535RET6Q, STM32U535VCI6, STM32U535VCI6Q, STM32U535VCT6, STM32U535VCT6Q, STM32U535VEI6, STM32U535VEI6Q, STM32U535VET6, STM32U535VET6Q, STM32U545CET6, STM32U545CET6Q, STM32U545CEU6, STM32U545CEU6Q, STM32U545JEY6QTR, STM32U545NEY6QTR, STM32U545REI6, STM32U545REI6Q, STM32U545RET6, STM32U545RET6Q, STM32U545VEI6, STM32U545VEI6Q, STM32U545VET6, STM32U545VET6Q, STM32U595AIH6, STM32U595AIH6Q, STM32U595AJH6, STM32U595AJH6Q, STM32U595QII6, STM32U595QII6Q, STM32U595QJI6, STM32U595QJI6Q, STM32U595RIT6, STM32U595RIT6Q, STM32U595RJT6, STM32U595RJT6Q, STM32U595VIT6, STM32U595VIT6Q, STM32U595VJT6, STM32U595VJT6Q, STM32U595ZIT6, STM32U595ZIT6Q, STM32U595ZIY6QTR, STM32U595ZJT6, STM32U595ZJT6Q, STM32U595ZJY6QTR, STM32U599BJY6QTR, STM32U599NIH6Q, STM32U599NJH6Q, STM32U599VIT6Q, STM32U599VJT6, STM32U599VJT6Q, STM32U599ZIT6Q, STM32U599ZIY6QTR, STM32U599ZJT6Q, STM32U599ZJY6QTR, STM32U5A5AJH6, STM32U5A5AJH6Q, STM32U5A5QJI6, STM32U5A5QJI6Q, STM32U5A5RJT6, STM32U5A5RJT6Q, STM32U5A5VJT6, STM32U5A5VJT6Q, STM32U5A5ZJT6, STM32U5A5ZJT6Q, STM32U5A5ZJY6QTR, STM32U5A9BJY6QTR, STM32U5A9J-DK, STM32U5A9NJH6Q, STM32U5A9VJT6Q, STM32U5A9ZJT6Q, STM32U5A9ZJY6QTR, STM32U5F7VIT6, STM32U5F7VIT6Q, STM32U5F7VJT6, STM32U5F7VJT6Q, STM32U5F9BJY6QTR, STM32U5F9NJH6Q, STM32U5F9VIT6Q, STM32U5F9VJT6Q, STM32U5F9ZIJ6QTR, STM32U5F9ZIT6Q, STM32U5F9ZJJ6QTR, STM32U5F9ZJT6Q, STM32U5G7VJT6, STM32U5G7VJT6Q, STM32U5G9BJY6QTR, STM32U5G9J-DK1, STM32U5G9J-DK2, STM32U5G9NJH6Q, STM32U5G9VJT6Q, STM32U5G9ZJJ6QTR, STM32U5G9ZJT6Q, STM32WB1MMCH6, STM32WBA52CEU6, STM32WBA52CEU6T, STM32WBA52CGU6, STM32WBA52CGU6T, STM32WBA52KEU6, STM32WBA52KEU6T, STM32WBA52KGU6, STM32WBA52KGU6T, STM32WL5MOCH6, STM32WL5MOCH6TR]
2026-05-08 19:41:48,592 [INFO] BoardInfo:880 - No configuration file found for board B-WBA5M-WPAN
2026-05-08 19:41:48,592 [INFO] DbBoards:157 - Board is not supported: B-WBA5M-WPAN
2026-05-08 19:41:48,595 [INFO] BoardInfo:880 - No configuration file found for board NUCLEO-C051C8
2026-05-08 19:41:48,595 [INFO] DbBoards:157 - Board is not supported: NUCLEO-C051C8
2026-05-08 19:41:48,596 [INFO] BoardInfo:880 - No configuration file found for board NUCLEO-C071RB
2026-05-08 19:41:48,597 [INFO] DbBoards:157 - Board is not supported: NUCLEO-C071RB
2026-05-08 19:41:48,598 [INFO] BoardInfo:880 - No configuration file found for board NUCLEO-C092RC
2026-05-08 19:41:48,598 [INFO] DbBoards:157 - Board is not supported: NUCLEO-C092RC
2026-05-08 19:41:48,626 [INFO] BoardInfo:880 - No configuration file found for board NUCLEO-H533RE
2026-05-08 19:41:48,627 [INFO] DbBoards:157 - Board is not supported: NUCLEO-H533RE
2026-05-08 19:41:48,628 [INFO] BoardInfo:880 - No configuration file found for board NUCLEO-H5E5ZJ
2026-05-08 19:41:48,628 [INFO] DbBoards:157 - Board is not supported: NUCLEO-H5E5ZJ
2026-05-08 19:41:48,634 [INFO] BoardInfo:880 - No configuration file found for board NUCLEO-H7S3L8
2026-05-08 19:41:48,634 [INFO] DbBoards:157 - Board is not supported: NUCLEO-H7S3L8
2026-05-08 19:41:48,671 [INFO] BoardInfo:880 - No configuration file found for board NUCLEO-N657X0-Q
2026-05-08 19:41:48,671 [INFO] DbBoards:157 - Board is not supported: NUCLEO-N657X0-Q
2026-05-08 19:41:48,672 [INFO] BoardInfo:880 - No configuration file found for board NUCLEO-U031R8
2026-05-08 19:41:48,672 [INFO] DbBoards:157 - Board is not supported: NUCLEO-U031R8
2026-05-08 19:41:48,673 [INFO] BoardInfo:880 - No configuration file found for board NUCLEO-U083RC
2026-05-08 19:41:48,673 [INFO] DbBoards:157 - Board is not supported: NUCLEO-U083RC
2026-05-08 19:41:48,674 [INFO] BoardInfo:880 - No configuration file found for board NUCLEO-U385RG-Q
2026-05-08 19:41:48,674 [INFO] DbBoards:157 - Board is not supported: NUCLEO-U385RG-Q
2026-05-08 19:41:48,675 [INFO] BoardInfo:880 - No configuration file found for board NUCLEO-U3C5ZI-Q
2026-05-08 19:41:48,675 [INFO] DbBoards:157 - Board is not supported: NUCLEO-U3C5ZI-Q
2026-05-08 19:41:48,678 [INFO] BoardInfo:880 - No configuration file found for board NUCLEO-WB05KZ
2026-05-08 19:41:48,678 [INFO] DbBoards:157 - Board is not supported: NUCLEO-WB05KZ
2026-05-08 19:41:48,679 [INFO] BoardInfo:880 - No configuration file found for board NUCLEO-WB07CC
2026-05-08 19:41:48,679 [INFO] DbBoards:157 - Board is not supported: NUCLEO-WB07CC
2026-05-08 19:41:48,679 [INFO] BoardInfo:880 - No configuration file found for board NUCLEO-WB09KE
2026-05-08 19:41:48,679 [INFO] DbBoards:157 - Board is not supported: NUCLEO-WB09KE
2026-05-08 19:41:48,682 [INFO] BoardInfo:880 - No configuration file found for board NUCLEO-WBA25CE1
2026-05-08 19:41:48,682 [INFO] DbBoards:157 - Board is not supported: NUCLEO-WBA25CE1
2026-05-08 19:41:48,683 [INFO] BoardInfo:880 - No configuration file found for board NUCLEO-WBA55CG
2026-05-08 19:41:48,684 [INFO] DbBoards:157 - Board is not supported: NUCLEO-WBA55CG
2026-05-08 19:41:48,684 [INFO] BoardInfo:880 - No configuration file found for board NUCLEO-WBA65RI
2026-05-08 19:41:48,684 [INFO] DbBoards:157 - Board is not supported: NUCLEO-WBA65RI
2026-05-08 19:41:48,685 [INFO] BoardInfo:880 - No configuration file found for board NUCLEO-WL33CC1
2026-05-08 19:41:48,685 [INFO] DbBoards:157 - Board is not supported: NUCLEO-WL33CC1
2026-05-08 19:41:48,686 [INFO] BoardInfo:880 - No configuration file found for board NUCLEO-WL33CC2
2026-05-08 19:41:48,686 [INFO] DbBoards:157 - Board is not supported: NUCLEO-WL33CC2
2026-05-08 19:41:48,687 [INFO] BoardInfo:880 - No configuration file found for board NUCLEO-WL3RKB1
2026-05-08 19:41:48,687 [INFO] DbBoards:157 - Board is not supported: NUCLEO-WL3RKB1
2026-05-08 19:41:48,688 [INFO] BoardInfo:880 - No configuration file found for board NUCLEO-WL3RKB2
2026-05-08 19:41:48,688 [INFO] DbBoards:157 - Board is not supported: NUCLEO-WL3RKB2
2026-05-08 19:41:48,697 [INFO] BoardInfo:880 - No configuration file found for board P-NUCLEO-WB55
2026-05-08 19:41:48,697 [INFO] DbBoards:157 - Kit is not supported: P-NUCLEO-WB55
2026-05-08 19:41:48,701 [INFO] BoardInfo:880 - No configuration file found for board STEVAL-BFA001V1B
2026-05-08 19:41:48,702 [INFO] DbBoards:157 - Kit is not supported: STEVAL-BFA001V1B
2026-05-08 19:41:48,702 [INFO] BoardInfo:880 - No configuration file found for board STEVAL-BFA001V2B
2026-05-08 19:41:48,702 [INFO] DbBoards:157 - Kit is not supported: STEVAL-BFA001V2B
2026-05-08 19:41:48,705 [INFO] BoardInfo:880 - No configuration file found for board STEVAL-MKBOXPRO
2026-05-08 19:41:48,705 [INFO] DbBoards:157 - Board is not supported: STEVAL-MKBOXPRO
2026-05-08 19:41:48,749 [INFO] BoardInfo:880 - No configuration file found for board STM32H5F5J-DK
2026-05-08 19:41:48,750 [INFO] DbBoards:157 - Board is not supported: STM32H5F5J-DK
2026-05-08 19:41:48,760 [INFO] BoardInfo:880 - No configuration file found for board STM32H7S78-DK
2026-05-08 19:41:48,760 [INFO] DbBoards:157 - Board is not supported: STM32H7S78-DK
2026-05-08 19:41:48,776 [INFO] BoardInfo:880 - No configuration file found for board STM32MP215F-DK
2026-05-08 19:41:48,776 [INFO] DbBoards:157 - Board is not supported: STM32MP215F-DK
2026-05-08 19:41:48,777 [INFO] BoardInfo:880 - No configuration file found for board STM32MP257F-DK
2026-05-08 19:41:48,777 [INFO] DbBoards:157 - Board is not supported: STM32MP257F-DK
2026-05-08 19:41:48,777 [INFO] BoardInfo:880 - No configuration file found for board STM32MP257F-EV1
2026-05-08 19:41:48,777 [INFO] DbBoards:157 - Board is not supported: STM32MP257F-EV1
2026-05-08 19:41:48,778 [INFO] BoardInfo:880 - No configuration file found for board STM32N6570-DK
2026-05-08 19:41:48,778 [INFO] DbBoards:157 - Board is not supported: STM32N6570-DK
2026-05-08 19:41:48,779 [INFO] BoardInfo:880 - No configuration file found for board STM32U083C-DK
2026-05-08 19:41:48,779 [INFO] DbBoards:157 - Board is not supported: STM32U083C-DK
2026-05-08 19:41:48,785 [INFO] BoardInfo:880 - No configuration file found for board STM32WBA55G-DK1
2026-05-08 19:41:48,785 [INFO] DbBoards:157 - Board is not supported: STM32WBA55G-DK1
2026-05-08 19:41:48,785 [INFO] BoardInfo:880 - No configuration file found for board STM32WBA65I-DK1
2026-05-08 19:41:48,786 [INFO] DbBoards:157 - Board is not supported: STM32WBA65I-DK1
2026-05-08 19:41:48,786 [INFO] DbBoards:161 - Found 218 boards, 183 are supported
2026-05-08 19:41:48,789 [INFO] ApiDb:423 - Load user favorites file C:\Users\Admin/.stm32cubeide/favorites.boards.txt: 0 item(s)
2026-05-08 19:41:48,789 [INFO] ApiDb:427 - User favorites Boards=[]
2026-05-08 19:41:48,789 [INFO] DbBoards:190 - Set 0 / 0 favorites Boards
2026-05-08 19:41:49,081 [ERROR] TargetSelectorAdapter:267 - Unable to refresh data
2026-05-08 19:42:33,410 [INFO] WebApp:330 - JxBrowser engine has been closed 
2026-05-08 19:44:13,493 [INFO] Activator:176 - 


2026-05-08 19:44:13,493 [INFO] Activator:177 - !SESSION log4j initialized
2026-05-08 19:44:15,060 [INFO] ApplicationProperties:184 - Using Application install path: C:\ST\STM32CubeIDE_1.13.1\STM32CubeIDE\plugins\com.st.stm32cube.common.mx_6.9.1.202307191849
2026-05-08 19:44:15,076 [INFO] DbMcusXml:78 - Set database path to: C:\ST\STM32CubeIDE_1.13.1\STM32CubeIDE\plugins\com.st.stm32cube.common.mx_6.9.1.202307191849\\db\/mcu/
2026-05-08 19:44:15,076 [INFO] ApiDb:274 - Set plugin database path to: C:\ST\STM32CubeIDE_1.13.1\STM32CubeIDE\plugins\com.st.stm32cube.common.mx_6.9.1.202307191849\\db\/plugins/boardmanager/
2026-05-08 19:44:15,076 [WARN] ApiDb:259 - Overriding images path with different value:  => C:\ST\STM32CubeIDE_1.13.1\STM32CubeIDE\plugins\com.st.stm32cube.common.mx_6.9.1.202307191849\\db\/plugins/mcufinder/images/
2026-05-08 19:44:15,076 [INFO] ApiDb:250 - Set database path to: C:\Users\Admin\.stmcufinder\plugins\mcufinder//mcu/
2026-05-08 19:44:15,076 [INFO] DbMcusAds:125 - Set database path to: C:\Users\Admin\.stmcufinder\plugins\mcufinder//mcu/
2026-05-08 19:44:15,091 [INFO] CrossReferenceDbSqlite:203 - Set database path to: C:\Users\Admin\.stmcufinder\plugins\mcufinder//mcu/cs/
2026-05-08 19:44:15,169 [INFO] RulesReader:64 - Compatibility file has been processed (293 Rules)
2026-05-08 19:44:15,247 [INFO] DbMcusXml:78 - Set database path to: C:\ST\STM32CubeIDE_1.13.1\STM32CubeIDE\plugins\com.st.stm32cube.common.mx_6.9.1.202307191849\\db\/mcu/
2026-05-08 19:44:15,247 [INFO] ApiDb:274 - Set plugin database path to: C:\ST\STM32CubeIDE_1.13.1\STM32CubeIDE\plugins\com.st.stm32cube.common.mx_6.9.1.202307191849\\db\/plugins/boardmanager/
2026-05-08 19:44:15,247 [INFO] ApiDb:261 - Set plugin images path to: C:\ST\STM32CubeIDE_1.13.1\STM32CubeIDE\plugins\com.st.stm32cube.common.mx_6.9.1.202307191849\\db\/plugins/mcufinder/images/
2026-05-08 19:44:15,247 [WARN] DbFile:41 - Overriding database path with different value: C:\Users\Admin\.stmcufinder\plugins\mcufinder/ => C:\Users\Admin\.stmcufinder\plugins\mcufinder
2026-05-08 19:44:15,247 [INFO] ApiDb:250 - Set database path to: C:\Users\Admin\.stmcufinder\plugins\mcufinder//mcu/
2026-05-08 19:44:15,247 [WARN] DbFile:41 - Overriding database path with different value: C:\Users\Admin\.stmcufinder\plugins\mcufinder/ => C:\Users\Admin\.stmcufinder\plugins\mcufinder
2026-05-08 19:44:15,247 [INFO] DbMcusAds:125 - Set database path to: C:\Users\Admin\.stmcufinder\plugins\mcufinder//mcu/
2026-05-08 19:44:15,247 [WARN] DbFile:41 - Overriding database path with different value: C:\Users\Admin\.stmcufinder\plugins\mcufinder/ => C:\Users\Admin\.stmcufinder\plugins\mcufinder
2026-05-08 19:44:15,247 [WARN] DbFile:41 - Overriding database path with different value: C:\Users\Admin\.stmcufinder\plugins\mcufinder/ => C:\Users\Admin\.stmcufinder\plugins\mcufinder
2026-05-08 19:44:15,247 [INFO] CrossReferenceDbSqlite:203 - Set database path to: C:\Users\Admin\.stmcufinder\plugins\mcufinder//mcu/cs/
2026-05-08 19:44:15,310 [INFO] MainPanel:262 - HeapMemory: 268435456
2026-05-08 19:44:15,388 [INFO] DbMcusXml:78 - Set database path to: C:\ST\STM32CubeIDE_1.13.1\STM32CubeIDE\plugins\com.st.stm32cube.common.mx_6.9.1.202307191849\\db\/mcu/
2026-05-08 19:44:15,388 [INFO] ApiDb:274 - Set plugin database path to: C:\ST\STM32CubeIDE_1.13.1\STM32CubeIDE\plugins\com.st.stm32cube.common.mx_6.9.1.202307191849\\db\/plugins/boardmanager/
2026-05-08 19:44:15,388 [INFO] ApiDb:261 - Set plugin images path to: C:\ST\STM32CubeIDE_1.13.1\STM32CubeIDE\plugins\com.st.stm32cube.common.mx_6.9.1.202307191849\\db\/plugins/mcufinder/images/
2026-05-08 19:44:15,388 [WARN] DbFile:41 - Overriding database path with different value: C:\Users\Admin\.stmcufinder\plugins\mcufinder/ => C:\Users\Admin\.stmcufinder\plugins\mcufinder
2026-05-08 19:44:15,388 [INFO] ApiDb:250 - Set database path to: C:\Users\Admin\.stmcufinder\plugins\mcufinder//mcu/
2026-05-08 19:44:15,388 [WARN] DbFile:41 - Overriding database path with different value: C:\Users\Admin\.stmcufinder\plugins\mcufinder/ => C:\Users\Admin\.stmcufinder\plugins\mcufinder
2026-05-08 19:44:15,388 [INFO] DbMcusAds:125 - Set database path to: C:\Users\Admin\.stmcufinder\plugins\mcufinder//mcu/
2026-05-08 19:44:15,388 [WARN] DbFile:41 - Overriding database path with different value: C:\Users\Admin\.stmcufinder\plugins\mcufinder/ => C:\Users\Admin\.stmcufinder\plugins\mcufinder
2026-05-08 19:44:15,388 [WARN] DbFile:41 - Overriding database path with different value: C:\Users\Admin\.stmcufinder\plugins\mcufinder/ => C:\Users\Admin\.stmcufinder\plugins\mcufinder
2026-05-08 19:44:15,388 [INFO] CrossReferenceDbSqlite:203 - Set database path to: C:\Users\Admin\.stmcufinder\plugins\mcufinder//mcu/cs/
2026-05-08 19:44:15,404 [INFO] ApplicationProperties:184 - Using Application install path: C:\ST\STM32CubeIDE_1.13.1\STM32CubeIDE\plugins\com.st.stm32cube.common.mx_6.9.1.202307191849
2026-05-08 19:44:15,404 [INFO] PluginManage:196 - Search for loadable plugins [exclusion list=, ]
2026-05-08 19:44:15,404 [INFO] PluginManage:310 - Check plugin analytics
2026-05-08 19:44:15,630 [INFO] AnalyticsPlugin:253 - Accepted Software Licenses: 
2026-05-08 19:44:15,630 [INFO] AnalyticsPlugin:255 - Accepted CMSIS Pack Licenses: 
2026-05-08 19:44:15,630 [INFO] AnalyticsPlugin:257 - Accepted Firmware Licenses: 
2026-05-08 19:44:15,634 [INFO] PluginManage:359 - Loaded plugin analytics (category:tool,tabindex:-1)
2026-05-08 19:44:15,635 [INFO] PluginManage:310 - Check plugin cadmodel
2026-05-08 19:44:15,669 [INFO] CADModel:105 - Init CAD model plugin
2026-05-08 19:44:15,670 [INFO] PluginManage:359 - Loaded plugin cadmodel (category:power,tabindex:5)
2026-05-08 19:44:15,670 [INFO] PluginManage:310 - Check plugin clock
2026-05-08 19:44:15,682 [INFO] PluginManage:359 - Loaded plugin clock (category:base,tabindex:2)
2026-05-08 19:44:15,682 [INFO] PluginManage:310 - Check plugin ddr
2026-05-08 19:44:15,684 [INFO] PluginManage:359 - Loaded plugin ddr (category:tool,tabindex:6)
2026-05-08 19:44:15,685 [INFO] PluginManage:310 - Check plugin filemanager
2026-05-08 19:44:15,818 [INFO] PluginManage:359 - Loaded plugin filemanager (category:base,tabindex:10)
2026-05-08 19:44:15,819 [INFO] PluginManage:310 - Check plugin ipmanager
2026-05-08 19:44:15,826 [INFO] PluginManage:359 - Loaded plugin ipmanager (category:base,tabindex:5)
2026-05-08 19:44:15,826 [INFO] PluginManage:310 - Check plugin lpbam
2026-05-08 19:44:15,834 [INFO] PluginManage:359 - Loaded plugin lpbam (category:base,tabindex:0)
2026-05-08 19:44:15,834 [INFO] PluginManage:310 - Check plugin memorymap
2026-05-08 19:44:15,857 [INFO] PluginManage:359 - Loaded plugin memorymap (category:base,tabindex:4)
2026-05-08 19:44:15,857 [INFO] PluginManage:310 - Check plugin pinoutandconfiguration
2026-05-08 19:44:15,864 [INFO] PluginManage:359 - Loaded plugin pinoutandconfiguration (category:base,tabindex:1)
2026-05-08 19:44:15,864 [INFO] PluginManage:310 - Check plugin pinoutconfig
2026-05-08 19:44:15,938 [WARN] SupportedApi:132 - Cannot load RTOS API schema: s4s-elt-must-match.1: The content of 'definitions' must match (annotation?, (simpleType | complexType)?, (unique | key | keyref)*)). A problem was found starting at: attribute.
2026-05-08 19:44:16,066 [INFO] PluginManage:359 - Loaded plugin pinoutconfig (category:base,tabindex:0)
2026-05-08 19:44:16,066 [INFO] PluginManage:310 - Check plugin power
2026-05-08 19:44:16,076 [INFO] PluginManage:359 - Loaded plugin power (category:power,tabindex:4)
2026-05-08 19:44:16,076 [INFO] PluginManage:310 - Check plugin projectmanager
2026-05-08 19:44:16,089 [INFO] PluginManage:359 - Loaded plugin projectmanager (category:projectmanager,tabindex:3)
2026-05-08 19:44:16,090 [INFO] PluginManage:310 - Check plugin thirdparty
2026-05-08 19:44:16,199 [WARN] IntegrityCheckThread:84 - waiting for thirdparty lock release [integrity check]
2026-05-08 19:44:16,199 [INFO] IntegrityCheckThread:86 - entering critical section [integrity check]
2026-05-08 19:44:16,199 [INFO] PluginManage:359 - Loaded plugin thirdparty (category:base,tabindex:-1)
2026-05-08 19:44:16,199 [INFO] PluginManage:310 - Check plugin tools
2026-05-08 19:44:16,199 [INFO] ThirdPartyUpdaterWithRetryManager:70 - Updater plugin not ready yet. [1/15]
2026-05-08 19:44:16,203 [INFO] PluginManage:359 - Loaded plugin tools (category:base,tabindex:7)
2026-05-08 19:44:16,203 [INFO] PluginManage:310 - Check plugin tutovideos
2026-05-08 19:44:16,346 [INFO] PluginManage:359 - Loaded plugin tutovideos (category:base,tabindex:-1)
2026-05-08 19:44:16,346 [INFO] PluginManage:310 - Check plugin updater
2026-05-08 19:44:16,355 [INFO] PluginManage:359 - Loaded plugin updater (category:base,tabindex:12)
2026-05-08 19:44:16,356 [INFO] PluginManage:310 - Check plugin userauth
2026-05-08 19:44:16,360 [INFO] UserAuth:113 - Init User Auth plugin
2026-05-08 19:44:16,360 [INFO] PluginManage:359 - Loaded plugin userauth (category:base,tabindex:14)
2026-05-08 19:44:16,360 [INFO] PluginManage:283 - PluginManage : Loaded plugins [17]
2026-05-08 19:44:16,552 [INFO] PinOutPanel:1499 - setPackage(No Configuration,No Configuration)
2026-05-08 19:44:16,632 [INFO] CADModel:165 - CPN selected for project level
2026-05-08 19:44:16,632 [INFO] CADModel:114 - Register for checkConnection events
2026-05-08 19:44:16,647 [INFO] IPUIPlugin:80 - create IPUIPlugin
2026-05-08 19:44:16,647 [INFO] PluginManager:220 - loadIPPluginJar : add adc
2026-05-08 19:44:16,648 [INFO] IPUIPlugin:80 - create IPUIPlugin
2026-05-08 19:44:16,648 [INFO] PluginManager:220 - loadIPPluginJar : add aes
2026-05-08 19:44:16,650 [INFO] IPUIPlugin:80 - create IPUIPlugin
2026-05-08 19:44:16,650 [INFO] PluginManager:220 - loadIPPluginJar : add can
2026-05-08 19:44:16,652 [INFO] IPUIPlugin:80 - create IPUIPlugin
2026-05-08 19:44:16,652 [INFO] PluginManager:220 - loadIPPluginJar : add comp
2026-05-08 19:44:16,653 [INFO] IPUIPlugin:80 - create IPUIPlugin
2026-05-08 19:44:16,654 [INFO] PluginManager:220 - loadIPPluginJar : add cryp
2026-05-08 19:44:16,655 [INFO] IPUIPlugin:80 - create IPUIPlugin
2026-05-08 19:44:16,655 [INFO] PluginManager:220 - loadIPPluginJar : add dfsdm
2026-05-08 19:44:16,659 [INFO] IPUIPlugin:80 - create IPUIPlugin
2026-05-08 19:44:16,660 [INFO] PluginManager:220 - loadIPPluginJar : add dma
2026-05-08 19:44:16,661 [INFO] IPUIPlugin:80 - create IPUIPlugin
2026-05-08 19:44:16,661 [INFO] PluginManager:220 - loadIPPluginJar : add dma3
2026-05-08 19:44:16,662 [INFO] IPUIPlugin:80 - create IPUIPlugin
2026-05-08 19:44:16,662 [INFO] PluginManager:220 - loadIPPluginJar : add fatfs
2026-05-08 19:44:16,666 [INFO] IPUIPlugin:80 - create IPUIPlugin
2026-05-08 19:44:16,666 [INFO] PluginManager:220 - loadIPPluginJar : add fmc
2026-05-08 19:44:16,670 [INFO] IPUIPlugin:80 - create IPUIPlugin
2026-05-08 19:44:16,671 [INFO] PluginManager:220 - loadIPPluginJar : add freertos
2026-05-08 19:44:16,672 [INFO] IPUIPlugin:80 - create IPUIPlugin
2026-05-08 19:44:16,672 [INFO] PluginManager:220 - loadIPPluginJar : add genericplugin
2026-05-08 19:44:16,673 [INFO] IPUIPlugin:80 - create IPUIPlugin
2026-05-08 19:44:16,674 [INFO] PluginManager:220 - loadIPPluginJar : add gfxmmu
2026-05-08 19:44:16,677 [INFO] IPUIPlugin:80 - create IPUIPlugin
2026-05-08 19:44:16,677 [INFO] PluginManager:220 - loadIPPluginJar : add gic
2026-05-08 19:44:16,680 [INFO] IPUIPlugin:80 - create IPUIPlugin
2026-05-08 19:44:16,680 [INFO] PluginManager:220 - loadIPPluginJar : add gpio
2026-05-08 19:44:16,682 [INFO] IPUIPlugin:80 - create IPUIPlugin
2026-05-08 19:44:16,682 [INFO] PluginManager:220 - loadIPPluginJar : add gtzc
2026-05-08 19:44:16,684 [INFO] IPUIPlugin:80 - create IPUIPlugin
2026-05-08 19:44:16,684 [INFO] PluginManager:220 - loadIPPluginJar : add hash
2026-05-08 19:44:16,686 [INFO] IPUIPlugin:80 - create IPUIPlugin
2026-05-08 19:44:16,686 [INFO] PluginManager:220 - loadIPPluginJar : add i2c
2026-05-08 19:44:16,688 [INFO] IPUIPlugin:80 - create IPUIPlugin
2026-05-08 19:44:16,688 [INFO] PluginManager:220 - loadIPPluginJar : add i2s
2026-05-08 19:44:16,690 [INFO] IPUIPlugin:80 - create IPUIPlugin
2026-05-08 19:44:16,690 [INFO] PluginManager:220 - loadIPPluginJar : add i3c
2026-05-08 19:44:16,693 [INFO] IPUIPlugin:80 - create IPUIPlugin
2026-05-08 19:44:16,693 [INFO] PluginManager:220 - loadIPPluginJar : add ipddr
2026-05-08 19:44:16,699 [INFO] IPUIPlugin:80 - create IPUIPlugin
2026-05-08 19:44:16,699 [INFO] PluginManager:220 - loadIPPluginJar : add linkedlist
2026-05-08 19:44:16,701 [INFO] IPUIPlugin:80 - create IPUIPlugin
2026-05-08 19:44:16,701 [INFO] PluginManager:220 - loadIPPluginJar : add lorawan
2026-05-08 19:44:16,702 [INFO] IPUIPlugin:80 - create IPUIPlugin
2026-05-08 19:44:16,702 [INFO] PluginManager:220 - loadIPPluginJar : add ltdc
2026-05-08 19:44:16,707 [INFO] IPUIPlugin:80 - create IPUIPlugin
2026-05-08 19:44:16,707 [INFO] PluginManager:220 - loadIPPluginJar : add mdma
2026-05-08 19:44:16,709 [INFO] IPUIPlugin:80 - create IPUIPlugin
2026-05-08 19:44:16,710 [INFO] PluginManager:220 - loadIPPluginJar : add nvic
2026-05-08 19:44:16,711 [INFO] IPUIPlugin:80 - create IPUIPlugin
2026-05-08 19:44:16,712 [INFO] PluginManager:220 - loadIPPluginJar : add opamp
2026-05-08 19:44:16,714 [INFO] IPUIPlugin:80 - create IPUIPlugin
2026-05-08 19:44:16,714 [INFO] PluginManager:220 - loadIPPluginJar : add openamp
2026-05-08 19:44:16,716 [INFO] IPUIPlugin:80 - create IPUIPlugin
2026-05-08 19:44:16,716 [INFO] PluginManager:220 - loadIPPluginJar : add pdm2pcm
2026-05-08 19:44:16,720 [INFO] IPUIPlugin:80 - create IPUIPlugin
2026-05-08 19:44:16,723 [INFO] PluginManager:220 - loadIPPluginJar : add plateformsettings
2026-05-08 19:44:16,724 [INFO] IPUIPlugin:80 - create IPUIPlugin
2026-05-08 19:44:16,724 [INFO] PluginManager:220 - loadIPPluginJar : add quadspi
2026-05-08 19:44:16,728 [INFO] IPUIPlugin:80 - create IPUIPlugin
2026-05-08 19:44:16,728 [INFO] PluginManager:220 - loadIPPluginJar : add resmgrutility
2026-05-08 19:44:16,730 [INFO] IPUIPlugin:80 - create IPUIPlugin
2026-05-08 19:44:16,730 [INFO] PluginManager:220 - loadIPPluginJar : add sai
2026-05-08 19:44:16,732 [INFO] IPUIPlugin:80 - create IPUIPlugin
2026-05-08 19:44:16,732 [INFO] PluginManager:220 - loadIPPluginJar : add spi
2026-05-08 19:44:16,735 [INFO] IPUIPlugin:80 - create IPUIPlugin
2026-05-08 19:44:16,735 [INFO] PluginManager:220 - loadIPPluginJar : add stm32_wpan
2026-05-08 19:44:16,736 [INFO] IPUIPlugin:80 - create IPUIPlugin
2026-05-08 19:44:16,737 [INFO] PluginManager:220 - loadIPPluginJar : add tim
2026-05-08 19:44:16,739 [INFO] IPUIPlugin:80 - create IPUIPlugin
2026-05-08 19:44:16,739 [INFO] PluginManager:220 - loadIPPluginJar : add touchsensing
2026-05-08 19:44:16,740 [INFO] IPUIPlugin:80 - create IPUIPlugin
2026-05-08 19:44:16,740 [INFO] PluginManager:220 - loadIPPluginJar : add tracer_emb
2026-05-08 19:44:16,741 [INFO] IPUIPlugin:80 - create IPUIPlugin
2026-05-08 19:44:16,741 [INFO] PluginManager:220 - loadIPPluginJar : add ts
2026-05-08 19:44:16,743 [INFO] IPUIPlugin:80 - create IPUIPlugin
2026-05-08 19:44:16,743 [INFO] PluginManager:220 - loadIPPluginJar : add tsc
2026-05-08 19:44:16,744 [INFO] IPUIPlugin:80 - create IPUIPlugin
2026-05-08 19:44:16,744 [INFO] PluginManager:220 - loadIPPluginJar : add ucpd
2026-05-08 19:44:16,746 [INFO] IPUIPlugin:80 - create IPUIPlugin
2026-05-08 19:44:16,746 [INFO] PluginManager:220 - loadIPPluginJar : add usart
2026-05-08 19:44:16,748 [INFO] IPUIPlugin:80 - create IPUIPlugin
2026-05-08 19:44:16,748 [INFO] PluginManager:220 - loadIPPluginJar : add usbx
2026-05-08 19:44:16,862 [INFO] CADModel:165 - CPN selected for project level
2026-05-08 19:44:16,862 [INFO] CADModel:114 - Register for checkConnection events
2026-05-08 19:44:16,863 [FATAL] Updater:308 - Updater called before beeing initialized
2026-05-08 19:44:16,863 [ERROR] CADModel:125 - Updater not yet initialized, retry later 
2026-05-08 19:44:16,976 [INFO] CADModel:165 - CPN selected for project level
2026-05-08 19:44:16,976 [INFO] CADModel:114 - Register for checkConnection events
2026-05-08 19:44:16,976 [FATAL] Updater:308 - Updater called before beeing initialized
2026-05-08 19:44:16,976 [ERROR] CADModel:125 - Updater not yet initialized, retry later 
2026-05-08 19:44:16,979 [FATAL] Updater:308 - Updater called before beeing initialized
2026-05-08 19:44:17,053 [FATAL] Updater:308 - Updater called before beeing initialized
2026-05-08 19:44:17,057 [INFO] DbMcusAds:53 - JSON generation date=Mon Apr 27 15:14:29 GMT+07:00 2026 (1777277669683)
2026-05-08 19:44:17,058 [FATAL] Updater:308 - Updater called before beeing initialized
2026-05-08 19:44:17,088 [WARN] DetailPanel:346 - Failed to get advertising image, set to default
2026-05-08 19:44:17,167 [FATAL] Updater:308 - Updater called before beeing initialized
2026-05-08 19:44:17,169 [FATAL] Updater:308 - Updater called before beeing initialized
2026-05-08 19:44:17,169 [FATAL] Updater:308 - Updater called before beeing initialized
2026-05-08 19:44:17,169 [WARN] DetailPanel:346 - Failed to get advertising image, set to default
2026-05-08 19:44:17,170 [FATAL] Updater:308 - Updater called before beeing initialized
2026-05-08 19:44:17,205 [ERROR] Updater:1120 - MainUpdater not yet initialized. External WinMGr cannot be set.
2026-05-08 19:44:17,206 [INFO] Updater:1056 - Updater Version found : 6.9.1
2026-05-08 19:44:17,220 [INFO] ApplicationProperties:184 - Using Application install path: C:\ST\STM32CubeIDE_1.13.1\STM32CubeIDE\plugins\com.st.stm32cube.common.mx_6.9.1.202307191849
2026-05-08 19:44:17,501 [INFO] MainUpdater:2868 - connection check result : 10
2026-05-08 19:44:17,501 [INFO] MainUpdater:285 - Updater Check For Update Now.
2026-05-08 19:44:17,502 [INFO] MicroXplorer:498 - Change Database Version : DB.6.0.91
2026-05-08 19:44:17,655 [INFO] CheckServerUpdateThread:120 - End of CheckServer Thread
2026-05-08 19:44:17,718 [INFO] MainUpdater:2868 - connection check result : 10
2026-05-08 19:44:17,718 [INFO] MainUpdater:2868 - connection check result : 10
2026-05-08 19:44:17,781 [INFO] MicroXplorer:468 - Change Database Path : 
2026-05-08 19:44:17,781 [INFO] MicroXplorer:498 - Change Database Version : DB.6.0.91
2026-05-08 19:44:17,781 [WARN] ThirdParty:871 - waiting for thirdparty lock release [close project]
2026-05-08 19:44:19,312 [WARN] PackLoader:240 - Cannot read IP mode file for STMicroelectronics.X-CUBE-AZRTOS-F4.1.1.0
2026-05-08 19:44:19,327 [WARN] PackLoader:240 - Cannot read IP mode file for STMicroelectronics.X-CUBE-SMBUS.2.1.0
2026-05-08 19:44:19,343 [WARN] PackLoader:240 - Cannot read IP mode file for STMicroelectronics.X-CUBE-AZRTOS-F7.1.1.0
2026-05-08 19:44:19,359 [WARN] PackLoader:240 - Cannot read IP mode file for STMicroelectronics.X-CUBE-DISPLAY.3.0.0
2026-05-08 19:44:19,374 [INFO] LogOutputStream:77 - [STDOUT_REDIRECT] 1 : Invalid condition id : UX_CORESTACK_Condition cause : null
2026-05-08 19:44:19,374 [INFO] LogOutputStream:77 - [STDOUT_REDIRECT] 1 : Invalid condition id : UX_CORESTACK_Condition cause : null
2026-05-08 19:44:19,374 [INFO] LogOutputStream:77 - [STDOUT_REDIRECT] 1 : Invalid condition id : UX_CORESTACK_Condition cause : null
2026-05-08 19:44:19,374 [INFO] LogOutputStream:77 - [STDOUT_REDIRECT] 1 : Invalid condition id : UX_CORESTACK_Condition cause : null
2026-05-08 19:44:19,374 [INFO] LogOutputStream:77 - [STDOUT_REDIRECT] 1 : Invalid condition id : UX_CORESTACK_Condition cause : null
2026-05-08 19:44:19,374 [WARN] PackLoader:240 - Cannot read IP mode file for STMicroelectronics.X-CUBE-AZRTOS-WL.2.0.0
2026-05-08 19:44:19,390 [WARN] ConditionMgr:438 - getConditionDescription Invalid condition id : LAN8742 Phy interface Condition cause : null
2026-05-08 19:44:19,390 [WARN] PackLoader:240 - Cannot read IP mode file for STMicroelectronics.X-CUBE-AZRTOS-L4.2.0.0
2026-05-08 19:44:19,405 [WARN] ConditionMgr:1039 - genDependencies : Invalid condition id : LAN8742 Phy interface Condition cause : null
2026-05-08 19:44:19,405 [WARN] ConditionMgr:1039 - genDependencies : Invalid condition id : LAN8742 Phy interface Condition cause : null
2026-05-08 19:44:19,405 [WARN] ConditionMgr:1039 - genDependencies : Invalid condition id : LAN8742 Phy interface Condition cause : null
2026-05-08 19:44:19,405 [WARN] PackLoader:240 - Cannot read IP mode file for STMicroelectronics.X-CUBE-SFXS2LP1.4.0.0
2026-05-08 19:44:19,421 [WARN] PackLoader:240 - Cannot read IP mode file for STMicroelectronics.X-CUBE-BLE2.3.3.0
2026-05-08 19:44:19,452 [WARN] PackLoader:240 - Cannot read IP mode file for STMicroelectronics.X-CUBE-AZRTOS-G0.1.1.0
2026-05-08 19:44:19,468 [WARN] PackLoader:240 - Cannot read IP mode file for STMicroelectronics.X-CUBE-SUBG2.5.0.0
2026-05-08 19:44:19,468 [WARN] PackLoader:240 - Cannot read IP mode file for STMicroelectronics.X-CUBE-NFC4.3.0.0
2026-05-08 19:44:19,484 [WARN] PackLoader:240 - Cannot read IP mode file for STMicroelectronics.X-CUBE-AZRTOS-G4.2.0.0
2026-05-08 19:44:19,499 [WARN] PackLoader:240 - Cannot read IP mode file for STMicroelectronics.FP-ATR-SIGFOX1.3.2.0
2026-05-08 19:44:19,499 [INFO] ThirdParty:978 - Integrity check success = true
2026-05-08 19:44:19,499 [INFO] IntegrityCheckThread:100 - exiting critical section [integrity check]
2026-05-08 19:44:19,499 [INFO] IntegrityCheckThread:103 - End integrity checks thread
2026-05-08 19:44:19,499 [INFO] ThirdParty:873 - entering critical section [close project]
2026-05-08 19:44:19,499 [INFO] ThirdParty:883 - exiting critical section [close project]
2026-05-08 19:44:19,499 [INFO] PinOutPanel:1499 - setPackage(No Configuration,No Configuration)
2026-05-08 19:44:19,515 [INFO] UtilMem:75 - Begin LoadConfig() Used Memory: 108280016 Bytes (268435456)
2026-05-08 19:44:19,515 [INFO] MicroXplorer:468 - Change Database Path : 
2026-05-08 19:44:19,515 [INFO] MicroXplorer:498 - Change Database Version : DB.6.0.91
2026-05-08 19:44:19,515 [INFO] OpenFileManager:308 - Change cursor
2026-05-08 19:44:19,546 [INFO] Mcu:1946 - Initializing MCU STM32F103C(8-B)Tx STM32F103C8Tx STM32F103C8T6
2026-05-08 19:44:20,100 [INFO] Context:659 - Trying to add GPIOservice into a context  which must be forbidden
2026-05-08 19:44:20,303 [WARN] ModelIntegratedComponent:63 - No mode defined for component null
2026-05-08 19:44:20,303 [WARN] ModelIntegratedComponent:63 - No mode defined for component null
2026-05-08 19:44:20,303 [WARN] ModelIntegratedComponent:63 - No mode defined for component null
2026-05-08 19:44:20,303 [WARN] ModelIntegratedComponent:63 - No mode defined for component null
2026-05-08 19:44:20,303 [WARN] ModelIntegratedComponent:63 - No mode defined for component null
2026-05-08 19:44:20,303 [WARN] ModelIntegratedComponent:63 - No mode defined for component null
2026-05-08 19:44:20,303 [WARN] ModelIntegratedComponent:63 - No mode defined for component null
2026-05-08 19:44:20,303 [WARN] ModelIntegratedComponent:63 - No mode defined for component null
2026-05-08 19:44:20,303 [WARN] ModelIntegratedComponent:63 - No mode defined for component null
2026-05-08 19:44:20,303 [WARN] ModelIntegratedComponent:63 - No mode defined for component null
2026-05-08 19:44:20,303 [WARN] ModelIntegratedComponent:63 - No mode defined for component null
2026-05-08 19:44:20,303 [WARN] ModelIntegratedComponent:63 - No mode defined for component null
2026-05-08 19:44:20,303 [WARN] ModelIntegratedComponent:63 - No mode defined for component null
2026-05-08 19:44:20,303 [WARN] ModelIntegratedComponent:63 - No mode defined for component null
2026-05-08 19:44:20,319 [WARN] ModelIntegratedComponent:63 - No mode defined for component null
2026-05-08 19:44:20,319 [WARN] ModelIntegratedComponent:63 - No mode defined for component null
2026-05-08 19:44:20,319 [WARN] ModelIntegratedComponent:63 - No mode defined for component null
2026-05-08 19:44:20,319 [WARN] ModelIntegratedComponent:63 - No mode defined for component null
2026-05-08 19:44:20,319 [WARN] ModelIntegratedComponent:63 - No mode defined for component null
2026-05-08 19:44:20,319 [WARN] ModelIntegratedComponent:63 - No mode defined for component null
2026-05-08 19:44:20,319 [WARN] ModelIntegratedComponent:63 - No mode defined for component null
2026-05-08 19:44:20,319 [WARN] ModelIntegratedComponent:63 - No mode defined for component null
2026-05-08 19:44:20,319 [WARN] ModelIntegratedComponent:63 - No mode defined for component null
2026-05-08 19:44:20,319 [WARN] ModelIntegratedComponent:63 - No mode defined for component null
2026-05-08 19:44:20,319 [WARN] ModelIntegratedComponent:63 - No mode defined for component null
2026-05-08 19:44:20,319 [WARN] ModelIntegratedComponent:63 - No mode defined for component null
2026-05-08 19:44:20,319 [WARN] ModelIntegratedComponent:63 - No mode defined for component null
2026-05-08 19:44:20,319 [WARN] ModelIntegratedComponent:63 - No mode defined for component null
2026-05-08 19:44:20,319 [WARN] ModelIntegratedComponent:63 - No mode defined for component null
2026-05-08 19:44:20,319 [WARN] ModelIntegratedComponent:63 - No mode defined for component null
2026-05-08 19:44:20,319 [WARN] ModelIntegratedComponent:63 - No mode defined for component null
2026-05-08 19:44:20,319 [WARN] ModelIntegratedComponent:63 - No mode defined for component null
2026-05-08 19:44:20,319 [WARN] ModelIntegratedComponent:63 - No mode defined for component null
2026-05-08 19:44:20,319 [INFO] RtosManager:555 - Registered RTOS mode: class=CMSIS, group=RTOS, mode=CMSIS_V1, owner=FREERTOS
2026-05-08 19:44:20,319 [INFO] RtosManager:555 - Registered RTOS mode: class=CMSIS, group=RTOS2, mode=CMSIS_V2, owner=FREERTOS
2026-05-08 19:44:20,319 [INFO] RtosManager:555 - Registered RTOS mode: class=RTOS, group=Core, mode=CMSIS_V1, owner=FREERTOS
2026-05-08 19:44:20,319 [INFO] RtosManager:555 - Registered RTOS mode: class=RTOS, group=Core, mode=CMSIS_V2, owner=FREERTOS
2026-05-08 19:44:20,319 [WARN] ModelIntegratedComponent:184 - Missing modes for component STMicroelectronics:FreeRTOS:0.0.1:STMicroelectronics:RTOS:FreeRTOS:Core:::10.2.0:
2026-05-08 19:44:20,335 [INFO] ThirdPartyModel:298 - Start build external matchings
2026-05-08 19:44:20,350 [INFO] ThirdPartyModel:316 - End build external matchings
2026-05-08 19:44:20,527 [INFO] UtilMem:75 - End LoadConfig() Used Memory: 202249520 Bytes (268435456)
2026-05-08 19:44:20,590 [INFO] ApiDb:581 - Connected to CubeFinder SQLite database (C:\Users\Admin\.stmcufinder\plugins\mcufinder\mcu\cube-finder-db.db)
2026-05-08 19:44:20,683 [INFO] ApiDb:668 - CubeFinder database Data Model version=2.1
2026-05-08 19:44:20,683 [INFO] ApiDb:669 - CubeFinder database Configuration version=3.0.42
2026-05-08 19:44:20,683 [INFO] ApiDb:670 - CubeFinder database generation date=2026-03-11 (1773229989)
2026-05-08 19:44:20,683 [INFO] ApiDb:671 - CubeFinder database FW Pack versions=[FP-ATR-ASTRA1_V2.0.0, FP-SNS-FLIGHT1_V5.1.0, FP-SNS-MOTENV1_V5.1.0, FP-SNS-MOTENVWB1_V1.5.0, FP-SNS-SMARTAG2_V1.2.0, FP-SNS-STBOX1_V2.1.0, STM32Cube_FW_C0_V1.4.0, STM32Cube_FW_F4_V1.28.3, STM32Cube_FW_F7_V1.17.4, STM32Cube_FW_G0_V1.6.3, STM32Cube_FW_G4_V1.6.2, STM32Cube_FW_H5_V1.6.0, STM32Cube_FW_H7RS_V1.3.0, STM32Cube_FW_H7_V1.13.0, STM32Cube_FW_L0_V1.12.2, STM32Cube_FW_L4_V1.18.2, STM32Cube_FW_L5_V1.6.0, STM32Cube_FW_N6_V1.3.0, STM32Cube_FW_U0_V1.3.0, STM32Cube_FW_U3_V1.3.0, STM32Cube_FW_U5_V1.8.0, STM32Cube_FW_WB0_V1.4.0, STM32Cube_FW_WBA_V1.9.0, STM32Cube_FW_WB_V1.24.0, STM32Cube_FW_WL3_V1.4.0, STM32Cube_FW_WL_V1.5.0, X-CUBE-ALGOBUILD_V1.4.0, X-CUBE-ALS_V1.0.2, X-CUBE-AZRTOS-F4_V1.1.0, X-CUBE-AZRTOS-F7_V1.1.0, X-CUBE-AZRTOS-G0_V1.1.0, X-CUBE-AZRTOS-G4_V2.0.0, X-CUBE-AZRTOS-H7RS_V1.1.0, X-CUBE-AZRTOS-H7_V3.4.0, X-CUBE-AZRTOS-L4_V2.0.0, X-CUBE-AZRTOS-L5_V2.0.0, X-CUBE-AZRTOS-WB_V2.0.0, X-CUBE-AZRTOS-WL_V2.0.0, X-CUBE-BLE1_V7.1.0, X-CUBE-BLE2_V3.3.0, X-CUBE-BLEMGR_V4.1.0, X-CUBE-EEPRMA1_V5.2.0, X-CUBE-FREERTOS_V1.5.0, X-CUBE-GNSS1_V6.0.0, X-CUBE-MEMS1_V12.0.0, X-CUBE-NFC4_V3.0.0, X-CUBE-NFC7_V2.0.0, X-CUBE-SFXS2LP1_V4.0.0, X-CUBE-ST67W61_V1.2.0, X-CUBE-SUBG2_V5.0.0, X-CUBE-TOF1_V3.4.3]
2026-05-08 19:44:23,237 [INFO] ApiDb:240 - Found 323 in-development CPN: [B-G473E-ZEST1S, B-WB1M-WPAN1, B-WL5M-SUBG1, NUCLEO-C031C6, NUCLEO-H503RB, NUCLEO-H563ZI, NUCLEO-U545RE-Q, NUCLEO-U5A5ZJ-Q, NUCLEO-WBA52CG, STEVAL-PROTEUS1, STEVAL-SMARTAG2, STEVAL-STWINBX1, STM320518-EVAL, STM32C0116-DK, STM32C011D6Y3TR, STM32C011D6Y6TR, STM32C011F4P3, STM32C011F4P6, STM32C011F4U3, STM32C011F4U6TR, STM32C011F6P3, STM32C011F6P6, STM32C011F6U3, STM32C011F6U6TR, STM32C011J4M3, STM32C011J4M6, STM32C011J6M3, STM32C011J6M6, STM32C0316-DK, STM32C031C4T3, STM32C031C4T6, STM32C031C4U3, STM32C031C4U6, STM32C031C6T3, STM32C031C6T6, STM32C031C6U3, STM32C031C6U6, STM32C031F4P3, STM32C031F4P6, STM32C031F6P3, STM32C031F6P6, STM32C031G4U3, STM32C031G4U6, STM32C031G6U3, STM32C031G6U6, STM32C031K4T3, STM32C031K4T6, STM32C031K4U3, STM32C031K4U6, STM32C031K6T3, STM32C031K6T6, STM32C031K6U3, STM32C031K6U6, STM32G071K8TXN, STM32G071K8UXN, STM32G081GBU6N, STM32G081KBT6N, STM32G081KBUXN, STM32G0B1CCT6N, STM32G0B1KCT6, STM32G0B1NEY6TR, STM32G0B1RCT6N, STM32G0C1CCT6, STM32G0C1CCT6N, STM32G0C1CCU6N, STM32G0C1CET6N, STM32G0C1CEU6N, STM32G0C1KCT6, STM32G0C1NEY6TR, STM32G0C1RCI6N, STM32G0C1RCT6N, STM32G0C1REI6N, STM32G0C1RET6N, STM32G0C1VCI6, STM32G0C1VEI6, STM32G471CCT6, STM32G471CCU6, STM32G471CET3, STM32G471CET6, STM32G471CEU3, STM32G471CEU6, STM32G471MCT6, STM32G471MET3, STM32G471MET6, STM32G471MEY6TR, STM32G471QCT6, STM32G471QET3, STM32G471RCT6, STM32G471RET3, STM32G471RET6, STM32G471VCH6, STM32G471VCI6, STM32G471VCT6, STM32G471VEH3, STM32G471VEH6, STM32G471VEI3, STM32G471VEI6, STM32G471VET3, STM32G471VET6, STM32G474CCT6, STM32H503CBT6, STM32H503CBU6, STM32H503EBY6TR, STM32H503KBU6, STM32H503RBT6, STM32H562AGI6, STM32H562AII6, STM32H562IGK6, STM32H562IGT6, STM32H562IIK6, STM32H562IIT6, STM32H562RGT6, STM32H562RGV6, STM32H562RIT6, STM32H562RIV6, STM32H562VGT6, STM32H562VIT6, STM32H562ZGT6, STM32H562ZIT6, STM32H563AGI6, STM32H563AII3Q, STM32H563AII6, STM32H563IGK6, STM32H563IGT6, STM32H563IIK3Q, STM32H563IIK6, STM32H563IIT3Q, STM32H563IIT6, STM32H563MIY3QTR, STM32H563RGT6, STM32H563RGV6, STM32H563RIT6, STM32H563RIV6, STM32H563VGT6, STM32H563VIT3Q, STM32H563VIT6, STM32H563ZGT6, STM32H563ZIT3Q, STM32H563ZIT6, STM32H573AII3Q, STM32H573AII6, STM32H573I-DK, STM32H573IIK3Q, STM32H573IIK6, STM32H573IIT3Q, STM32H573IIT6, STM32H573MIY3QTR, STM32H573RIT6, STM32H573RIV6, STM32H573VIT3Q, STM32H573VIT6, STM32H573ZIT3Q, STM32H573ZIT6, STM32L4R5QGI6STR, STM32MP131AAE3, STM32MP131AAF3, STM32MP131AAG3, STM32MP131CAE3, STM32MP131CAF3, STM32MP131CAG3, STM32MP131DAE7, STM32MP131DAF7, STM32MP131DAG7, STM32MP131FAE7, STM32MP131FAF7, STM32MP131FAG7, STM32MP133AAE3, STM32MP133AAF3, STM32MP133AAG3, STM32MP133CAE3, STM32MP133CAF3, STM32MP133CAG3, STM32MP133DAE7, STM32MP133DAF7, STM32MP133DAG7, STM32MP133FAE7, STM32MP133FAF7, STM32MP133FAG7, STM32MP135AAE3, STM32MP135AAF3, STM32MP135AAG3, STM32MP135CAE3, STM32MP135CAF3, STM32MP135CAG3, STM32MP135DAE7, STM32MP135DAF7, STM32MP135DAG7, STM32MP135F-DK, STM32MP135FAE7, STM32MP135FAF7, STM32MP135FAF7T, STM32MP135FAF7U, STM32MP135FAG7, STM32U535CBT6, STM32U535CBT6Q, STM32U535CBU6, STM32U535CBU6Q, STM32U535CCT6, STM32U535CCT6Q, STM32U535CCU6, STM32U535CCU6Q, STM32U535CET6, STM32U535CET6Q, STM32U535CEU6, STM32U535CEU6Q, STM32U535JEY6QTR, STM32U535NCY6QTR, STM32U535NEY6QTR, STM32U535RBI6, STM32U535RBI6Q, STM32U535RBT6, STM32U535RBT6Q, STM32U535RCI6, STM32U535RCI6Q, STM32U535RCT6, STM32U535RCT6Q, STM32U535REI6, STM32U535REI6Q, STM32U535RET6, STM32U535RET6Q, STM32U535VCI6, STM32U535VCI6Q, STM32U535VCT6, STM32U535VCT6Q, STM32U535VEI6, STM32U535VEI6Q, STM32U535VET6, STM32U535VET6Q, STM32U545CET6, STM32U545CET6Q, STM32U545CEU6, STM32U545CEU6Q, STM32U545JEY6QTR, STM32U545NEY6QTR, STM32U545REI6, STM32U545REI6Q, STM32U545RET6, STM32U545RET6Q, STM32U545VEI6, STM32U545VEI6Q, STM32U545VET6, STM32U545VET6Q, STM32U595AIH6, STM32U595AIH6Q, STM32U595AJH6, STM32U595AJH6Q, STM32U595QII6, STM32U595QII6Q, STM32U595QJI6, STM32U595QJI6Q, STM32U595RIT6, STM32U595RIT6Q, STM32U595RJT6, STM32U595RJT6Q, STM32U595VIT6, STM32U595VIT6Q, STM32U595VJT6, STM32U595VJT6Q, STM32U595ZIT6, STM32U595ZIT6Q, STM32U595ZIY6QTR, STM32U595ZJT6, STM32U595ZJT6Q, STM32U595ZJY6QTR, STM32U599BJY6QTR, STM32U599NIH6Q, STM32U599NJH6Q, STM32U599VIT6Q, STM32U599VJT6, STM32U599VJT6Q, STM32U599ZIT6Q, STM32U599ZIY6QTR, STM32U599ZJT6Q, STM32U599ZJY6QTR, STM32U5A5AJH6, STM32U5A5AJH6Q, STM32U5A5QJI6, STM32U5A5QJI6Q, STM32U5A5RJT6, STM32U5A5RJT6Q, STM32U5A5VJT6, STM32U5A5VJT6Q, STM32U5A5ZJT6, STM32U5A5ZJT6Q, STM32U5A5ZJY6QTR, STM32U5A9BJY6QTR, STM32U5A9J-DK, STM32U5A9NJH6Q, STM32U5A9VJT6Q, STM32U5A9ZJT6Q, STM32U5A9ZJY6QTR, STM32U5F7VIT6, STM32U5F7VIT6Q, STM32U5F7VJT6, STM32U5F7VJT6Q, STM32U5F9BJY6QTR, STM32U5F9NJH6Q, STM32U5F9VIT6Q, STM32U5F9VJT6Q, STM32U5F9ZIJ6QTR, STM32U5F9ZIT6Q, STM32U5F9ZJJ6QTR, STM32U5F9ZJT6Q, STM32U5G7VJT6, STM32U5G7VJT6Q, STM32U5G9BJY6QTR, STM32U5G9J-DK1, STM32U5G9J-DK2, STM32U5G9NJH6Q, STM32U5G9VJT6Q, STM32U5G9ZJJ6QTR, STM32U5G9ZJT6Q, STM32WB1MMCH6, STM32WBA52CEU6, STM32WBA52CEU6T, STM32WBA52CGU6, STM32WBA52CGU6T, STM32WBA52KEU6, STM32WBA52KEU6T, STM32WBA52KGU6, STM32WBA52KGU6T, STM32WL5MOCH6, STM32WL5MOCH6TR]
2026-05-08 19:44:23,237 [INFO] DbMcus:217 - Found 5030 MCUs, 4943 are supported
2026-05-08 19:44:23,237 [INFO] ApiDb:423 - Load user favorites file C:\Users\Admin/.stm32cubeide/favorites.mcus.txt: 0 item(s)
2026-05-08 19:44:23,237 [INFO] ApiDb:427 - User favorites MCUs=[]
2026-05-08 19:44:23,237 [INFO] DbMcus:223 - Set 0 / 0 favorites MCUs
2026-05-08 19:44:23,644 [WARN] ThirdParty:833 - waiting for thirdparty lock release [change project]
2026-05-08 19:44:23,644 [INFO] ThirdParty:835 - entering critical section [change project]
2026-05-08 19:44:23,644 [INFO] ThirdParty:1030 - CMSIS Pack Vendor :STMicroelectronics USBPD 4.1
2026-05-08 19:44:23,644 [INFO] ThirdParty:1030 - CMSIS Pack Vendor :STMicroelectronics X-CUBE-DISPLAY 3.0.0
2026-05-08 19:44:23,644 [INFO] ThirdParty:1030 - CMSIS Pack Vendor :STMicroelectronics USB_HOST 2.0.0
2026-05-08 19:44:23,644 [INFO] ThirdParty:1030 - CMSIS Pack Vendor :STMicroelectronics X-CUBE-AZRTOS-F4 1.1.0
2026-05-08 19:44:23,644 [INFO] ThirdParty:1030 - CMSIS Pack Vendor :STMicroelectronics LIBJPEG 8.0.0
2026-05-08 19:44:23,644 [INFO] ThirdParty:1030 - CMSIS Pack Vendor :STMicroelectronics FP-ATR-SIGFOX1 3.2.0
2026-05-08 19:44:23,644 [INFO] ThirdParty:1030 - CMSIS Pack Vendor :STMicroelectronics X-CUBE-SMBUS 2.1.0
2026-05-08 19:44:23,644 [INFO] ThirdParty:1030 - CMSIS Pack Vendor :STMicroelectronics USB_DEVICE 3.0.0
2026-05-08 19:44:23,644 [INFO] ThirdParty:1030 - CMSIS Pack Vendor :STMicroelectronics HAL Drivers 0.0.0
2026-05-08 19:44:23,644 [INFO] ThirdParty:1030 - CMSIS Pack Vendor :STMicroelectronics MBEDTLS 2.16.2
2026-05-08 19:44:23,644 [INFO] ThirdParty:1030 - CMSIS Pack Vendor :STMicroelectronics MBEDTLS 2.14.1
2026-05-08 19:44:23,644 [INFO] ThirdParty:1030 - CMSIS Pack Vendor :STMicroelectronics X-CUBE-AZRTOS-F7 1.1.0
2026-05-08 19:44:23,644 [INFO] ThirdParty:1030 - CMSIS Pack Vendor :STMicroelectronics USB_DEVICE 2.0.0
2026-05-08 19:44:23,644 [INFO] ThirdParty:1030 - CMSIS Pack Vendor :STMicroelectronics ThreadX 1.0.0
2026-05-08 19:44:23,644 [INFO] ThirdParty:1030 - CMSIS Pack Vendor :STMicroelectronics X-CUBE-AZRTOS-WL 2.0.0
2026-05-08 19:44:23,644 [INFO] ThirdParty:1030 - CMSIS Pack Vendor :STMicroelectronics FreeRTOS 0.0.1
2026-05-08 19:44:23,644 [INFO] ThirdParty:1030 - CMSIS Pack Vendor :STMicroelectronics X-CUBE-AZRTOS-G0 1.1.0
2026-05-08 19:44:23,644 [INFO] ThirdParty:1030 - CMSIS Pack Vendor :STMicroelectronics USB_DEVICE 1.0.0
2026-05-08 19:44:23,644 [INFO] ThirdParty:1030 - CMSIS Pack Vendor :STMicroelectronics X-CUBE-SUBG2 5.0.0
2026-05-08 19:44:23,644 [INFO] ThirdParty:1030 - CMSIS Pack Vendor :STMicroelectronics X-CUBE-NFC4 3.0.0
2026-05-08 19:44:23,644 [INFO] ThirdParty:1030 - CMSIS Pack Vendor :STMicroelectronics STM32_WPAN 1.0.0
2026-05-08 19:44:23,644 [INFO] ThirdParty:1030 - CMSIS Pack Vendor :STMicroelectronics X-CUBE-AZRTOS-L4 2.0.0
2026-05-08 19:44:23,644 [INFO] ThirdParty:1030 - CMSIS Pack Vendor :STMicroelectronics ThreadX 0.0.2
2026-05-08 19:44:23,644 [INFO] ThirdParty:1030 - CMSIS Pack Vendor :STMicroelectronics lwIP 2.0.3
2026-05-08 19:44:23,644 [INFO] ThirdParty:1030 - CMSIS Pack Vendor :STMicroelectronics lwIP 2.1.2
2026-05-08 19:44:23,644 [INFO] ThirdParty:1030 - CMSIS Pack Vendor :STMicroelectronics X-CUBE-SFXS2LP1 4.0.0
2026-05-08 19:44:23,644 [INFO] ThirdParty:1030 - CMSIS Pack Vendor :STMicroelectronics X-CUBE-BLE2 3.3.0
2026-05-08 19:44:23,644 [INFO] ThirdParty:1030 - CMSIS Pack Vendor :STMicroelectronics USB_HOST 1.0.0
2026-05-08 19:44:23,644 [INFO] ThirdParty:1030 - CMSIS Pack Vendor :STMicroelectronics X-CUBE-AZRTOS-G4 2.0.0
2026-05-08 19:44:23,644 [INFO] ThirdParty:1030 - CMSIS Pack Vendor :STMicroelectronics PDM2PCM 3.1.0
2026-05-08 19:44:23,644 [INFO] ThirdParty:1030 - CMSIS Pack Vendor :STMicroelectronics PDM2PCM 3.2.0
2026-05-08 19:44:23,644 [INFO] ThirdParty:1030 - CMSIS Pack Vendor :STMicroelectronics PDM2PCM 3.3.0
2026-05-08 19:44:23,644 [INFO] ThirdParty:841 - exiting critical section [change project]
2026-05-08 19:44:23,893 [INFO] PinOutPanel:1499 - setPackage(No Configuration,No Configuration)
2026-05-08 19:44:23,893 [INFO] PinOutPanel:1499 - setPackage(STM32F103C8Tx,LQFP48)
2026-05-08 19:44:24,252 [INFO] UtilMem:75 - Before build in PCC Used Memory: 121207968 Bytes (268435456)
2026-05-08 19:44:24,959 [INFO] UtilMem:75 - After build in PCC Used Memory: 187117400 Bytes (268435456)
2026-05-08 19:44:24,990 [INFO] IPUIPlugin:80 - create IPUIPlugin
2026-05-08 19:44:24,990 [INFO] IPUIPlugin:80 - create IPUIPlugin
2026-05-08 19:44:24,990 [INFO] IPUIPlugin:80 - create IPUIPlugin
2026-05-08 19:44:24,990 [INFO] IPUIPlugin:80 - create IPUIPlugin
2026-05-08 19:44:24,990 [INFO] IPUIPlugin:80 - create IPUIPlugin
2026-05-08 19:44:24,990 [INFO] IPUIPlugin:80 - create IPUIPlugin
2026-05-08 19:44:24,990 [INFO] IPUIPlugin:80 - create IPUIPlugin
2026-05-08 19:44:24,990 [INFO] IPUIPlugin:80 - create IPUIPlugin
2026-05-08 19:44:24,990 [INFO] IPUIPlugin:80 - create IPUIPlugin
2026-05-08 19:44:24,990 [INFO] IPUIPlugin:80 - create IPUIPlugin
2026-05-08 19:44:24,990 [INFO] IPUIPlugin:80 - create IPUIPlugin
2026-05-08 19:44:24,990 [INFO] IPUIPlugin:80 - create IPUIPlugin
2026-05-08 19:44:24,990 [INFO] IPUIPlugin:80 - create IPUIPlugin
2026-05-08 19:44:24,990 [INFO] IPUIPlugin:80 - create IPUIPlugin
2026-05-08 19:44:24,990 [INFO] IPUIPlugin:80 - create IPUIPlugin
2026-05-08 19:44:24,990 [INFO] IPUIPlugin:80 - create IPUIPlugin
2026-05-08 19:44:24,990 [INFO] IPUIPlugin:80 - create IPUIPlugin
2026-05-08 19:44:24,990 [INFO] IPUIPlugin:80 - create IPUIPlugin
2026-05-08 19:44:24,990 [INFO] IPUIPlugin:80 - create IPUIPlugin
2026-05-08 19:44:24,990 [INFO] IPUIPlugin:80 - create IPUIPlugin
2026-05-08 19:44:24,990 [INFO] IPUIPlugin:80 - create IPUIPlugin
2026-05-08 19:44:24,990 [INFO] IPUIPlugin:80 - create IPUIPlugin
2026-05-08 19:44:24,990 [INFO] IPUIPlugin:80 - create IPUIPlugin
2026-05-08 19:44:24,990 [INFO] IPUIPlugin:80 - create IPUIPlugin
2026-05-08 19:44:24,990 [INFO] IPUIPlugin:80 - create IPUIPlugin
2026-05-08 19:44:24,990 [INFO] IPUIPlugin:80 - create IPUIPlugin
2026-05-08 19:44:24,990 [INFO] IPUIPlugin:80 - create IPUIPlugin
2026-05-08 19:44:25,005 [WARN] IP:2114 - I2C_Coeff_DF not found: check if there is a RefParameter without a condition.
2026-05-08 19:44:25,005 [WARN] IP:2114 - Analog_Filter not found: check if there is a RefParameter without a condition.
2026-05-08 19:44:25,206 [INFO] CADModel:165 - CPN selected for project levelSTM32F103C8T6
2026-05-08 19:44:25,206 [INFO] CADModel:114 - Register for checkConnection events
2026-05-08 19:44:25,253 [INFO] OpenFileManager:328 - Restore cursor
2026-05-08 19:44:25,378 [WARN] IP:2114 - I2C_Coeff_DF not found: check if there is a RefParameter without a condition.
2026-05-08 19:44:25,378 [WARN] IP:2114 - Analog_Filter not found: check if there is a RefParameter without a condition.
2026-05-08 19:44:25,378 [WARN] IP:2114 - I2C_Coeff_DF not found: check if there is a RefParameter without a condition.
2026-05-08 19:44:25,378 [WARN] IP:2114 - Analog_Filter not found: check if there is a RefParameter without a condition.
2026-05-08 19:44:26,612 [INFO] LogOutputStream:77 - [STDOUT_REDIRECT] 
2026-05-08 19:44:26,925 [INFO] McuFinderGlobals:63 - Set McuFinder mode to 2 (CubeIDE integrated)
2026-05-08 19:44:26,925 [INFO] UserAuth:179 - activating auth plugin
2026-05-08 19:44:26,928 [INFO] UserAuth:393 - Internet connection configuration mode: 1
2026-05-08 19:44:26,941 [INFO] JxBrowserEngine:151 - Initiate JxBrowser Engine with user profile folder
2026-05-08 19:44:27,540 [INFO] WebApp:157 - Instantiating new browser for Auth
2026-05-08 19:44:27,924 [INFO] WebApp:753 - Register for checkConnection events
2026-05-08 19:44:27,924 [INFO] WebApp:390 - Apply proxy settings
2026-05-08 19:44:27,924 [INFO] WebApp:475 - Chromium requires no authentication
2026-05-08 19:44:27,932 [INFO] WebApp:418 - Direct internet connection detected
2026-05-08 19:44:28,057 [INFO] WebApp:188 - Starting web application
2026-05-08 19:44:28,057 [INFO] WebApp:520 - Web application path used C:\ST\STM32CubeIDE_1.13.1\STM32CubeIDE\plugins\com.st.stm32cube.common.mx_6.9.1.202307191849\db\plugins\mcufinder\reactClient1\index.html
2026-05-08 19:44:48,610 [ERROR] LogOutputStream:75 - [STDERR_REDIRECT] SLF4J: Failed to load class "org.slf4j.impl.StaticLoggerBinder".
2026-05-08 19:44:48,610 [ERROR] LogOutputStream:75 - [STDERR_REDIRECT] SLF4J: Defaulting to no-operation (NOP) logger implementation
2026-05-08 19:44:48,611 [ERROR] LogOutputStream:75 - [STDERR_REDIRECT] SLF4J: See http://www.slf4j.org/codes.html#StaticLoggerBinder for further details.
2026-05-08 19:44:53,024 [INFO] MainUpdater:2868 - connection check result : 10
2026-05-08 19:44:53,025 [INFO] McuFinderGlobals:76 - Set McuFinderConnectedMode to true
2026-05-08 19:44:53,411 [INFO] ServerAccessManage:473 - Download File mcusAds.json._tmp_
2026-05-08 19:44:53,526 [INFO] LoadUrlFilesThread:156 - End of LoadUrlFiles Thread
2026-05-08 19:44:54,699 [INFO] ServerAccessManage:473 - Download File cube-finder-db.zip
2026-05-08 19:45:14,349 [INFO] FileExtend:240 - Unzip File : cube-finder-db.zip
2026-05-08 19:45:14,349 [INFO] FileExtend:255 - Standard Zip Deflate
2026-05-08 19:45:14,941 [INFO] LoadUrlFilesThread:156 - End of LoadUrlFiles Thread
2026-05-08 19:45:16,169 [INFO] ServerAccessManage:473 - Download File crdb.zip
2026-05-08 19:45:18,940 [INFO] FileExtend:240 - Unzip File : crdb.zip
2026-05-08 19:45:18,941 [INFO] FileExtend:255 - Standard Zip Deflate
2026-05-08 19:45:19,069 [INFO] LoadUrlFilesThread:156 - End of LoadUrlFiles Thread
2026-05-08 19:45:19,249 [INFO] ServerAccessManage:473 - Download File tutoVideoDB.zip
2026-05-08 19:45:20,042 [INFO] FileExtend:240 - Unzip File : tutoVideoDB.zip
2026-05-08 19:45:20,042 [INFO] FileExtend:255 - Standard Zip Deflate
2026-05-08 19:45:20,158 [INFO] LoadUrlFilesThread:156 - End of LoadUrlFiles Thread
2026-05-08 19:45:20,160 [WARN] DbFile:41 - Overriding database path with different value: C:\Users\Admin\.stmcufinder\plugins\mcufinder/ => C:\Users\Admin\.stmcufinder\plugins\mcufinder
2026-05-08 19:45:20,778 [ERROR] ServerAccessManage:1089 - Problem, file not found on Server
2026-05-08 19:45:20,780 [ERROR] ServerAccessManage:651 - Problem, file not found on Server : api_config.json.
2026-05-08 19:46:58,287 [INFO] LoadUrlFilesThread:156 - End of LoadUrlFiles Thread
2026-05-08 19:47:00,052 [INFO] DbMcusAds:53 - JSON generation date=Mon Apr 27 15:14:29 GMT+07:00 2026 (1777277669683)
2026-05-08 19:47:00,054 [INFO] ApiDb:448 - Save user favorites file C:\Users\Admin/.stm32cubeide/favorites.mcus.txt: 0 item(s)
2026-05-08 19:47:00,054 [INFO] ApiDb:452 - User favorites MCUs=[]
2026-05-08 19:47:00,056 [INFO] ApiDb:581 - Connected to CubeFinder SQLite database (C:\Users\Admin\.stmcufinder\plugins\mcufinder\mcu\cube-finder-db.db)
2026-05-08 19:47:00,111 [INFO] ApiDb:668 - CubeFinder database Data Model version=2.1
2026-05-08 19:47:00,111 [INFO] ApiDb:669 - CubeFinder database Configuration version=3.0.42
2026-05-08 19:47:00,111 [INFO] ApiDb:670 - CubeFinder database generation date=2026-03-11 (1773229989)
2026-05-08 19:47:00,111 [INFO] ApiDb:671 - CubeFinder database FW Pack versions=[FP-ATR-ASTRA1_V2.0.0, FP-SNS-FLIGHT1_V5.1.0, FP-SNS-MOTENV1_V5.1.0, FP-SNS-MOTENVWB1_V1.5.0, FP-SNS-SMARTAG2_V1.2.0, FP-SNS-STBOX1_V2.1.0, STM32Cube_FW_C0_V1.4.0, STM32Cube_FW_F4_V1.28.3, STM32Cube_FW_F7_V1.17.4, STM32Cube_FW_G0_V1.6.3, STM32Cube_FW_G4_V1.6.2, STM32Cube_FW_H5_V1.6.0, STM32Cube_FW_H7RS_V1.3.0, STM32Cube_FW_H7_V1.13.0, STM32Cube_FW_L0_V1.12.2, STM32Cube_FW_L4_V1.18.2, STM32Cube_FW_L5_V1.6.0, STM32Cube_FW_N6_V1.3.0, STM32Cube_FW_U0_V1.3.0, STM32Cube_FW_U3_V1.3.0, STM32Cube_FW_U5_V1.8.0, STM32Cube_FW_WB0_V1.4.0, STM32Cube_FW_WBA_V1.9.0, STM32Cube_FW_WB_V1.24.0, STM32Cube_FW_WL3_V1.4.0, STM32Cube_FW_WL_V1.5.0, X-CUBE-ALGOBUILD_V1.4.0, X-CUBE-ALS_V1.0.2, X-CUBE-AZRTOS-F4_V1.1.0, X-CUBE-AZRTOS-F7_V1.1.0, X-CUBE-AZRTOS-G0_V1.1.0, X-CUBE-AZRTOS-G4_V2.0.0, X-CUBE-AZRTOS-H7RS_V1.1.0, X-CUBE-AZRTOS-H7_V3.4.0, X-CUBE-AZRTOS-L4_V2.0.0, X-CUBE-AZRTOS-L5_V2.0.0, X-CUBE-AZRTOS-WB_V2.0.0, X-CUBE-AZRTOS-WL_V2.0.0, X-CUBE-BLE1_V7.1.0, X-CUBE-BLE2_V3.3.0, X-CUBE-BLEMGR_V4.1.0, X-CUBE-EEPRMA1_V5.2.0, X-CUBE-FREERTOS_V1.5.0, X-CUBE-GNSS1_V6.0.0, X-CUBE-MEMS1_V12.0.0, X-CUBE-NFC4_V3.0.0, X-CUBE-NFC7_V2.0.0, X-CUBE-SFXS2LP1_V4.0.0, X-CUBE-ST67W61_V1.2.0, X-CUBE-SUBG2_V5.0.0, X-CUBE-TOF1_V3.4.3]
2026-05-08 19:47:01,746 [INFO] ApiDb:240 - Found 323 in-development CPN: [B-G473E-ZEST1S, B-WB1M-WPAN1, B-WL5M-SUBG1, NUCLEO-C031C6, NUCLEO-H503RB, NUCLEO-H563ZI, NUCLEO-U545RE-Q, NUCLEO-U5A5ZJ-Q, NUCLEO-WBA52CG, STEVAL-PROTEUS1, STEVAL-SMARTAG2, STEVAL-STWINBX1, STM320518-EVAL, STM32C0116-DK, STM32C011D6Y3TR, STM32C011D6Y6TR, STM32C011F4P3, STM32C011F4P6, STM32C011F4U3, STM32C011F4U6TR, STM32C011F6P3, STM32C011F6P6, STM32C011F6U3, STM32C011F6U6TR, STM32C011J4M3, STM32C011J4M6, STM32C011J6M3, STM32C011J6M6, STM32C0316-DK, STM32C031C4T3, STM32C031C4T6, STM32C031C4U3, STM32C031C4U6, STM32C031C6T3, STM32C031C6T6, STM32C031C6U3, STM32C031C6U6, STM32C031F4P3, STM32C031F4P6, STM32C031F6P3, STM32C031F6P6, STM32C031G4U3, STM32C031G4U6, STM32C031G6U3, STM32C031G6U6, STM32C031K4T3, STM32C031K4T6, STM32C031K4U3, STM32C031K4U6, STM32C031K6T3, STM32C031K6T6, STM32C031K6U3, STM32C031K6U6, STM32G071K8TXN, STM32G071K8UXN, STM32G081GBU6N, STM32G081KBT6N, STM32G081KBUXN, STM32G0B1CCT6N, STM32G0B1KCT6, STM32G0B1NEY6TR, STM32G0B1RCT6N, STM32G0C1CCT6, STM32G0C1CCT6N, STM32G0C1CCU6N, STM32G0C1CET6N, STM32G0C1CEU6N, STM32G0C1KCT6, STM32G0C1NEY6TR, STM32G0C1RCI6N, STM32G0C1RCT6N, STM32G0C1REI6N, STM32G0C1RET6N, STM32G0C1VCI6, STM32G0C1VEI6, STM32G471CCT6, STM32G471CCU6, STM32G471CET3, STM32G471CET6, STM32G471CEU3, STM32G471CEU6, STM32G471MCT6, STM32G471MET3, STM32G471MET6, STM32G471MEY6TR, STM32G471QCT6, STM32G471QET3, STM32G471RCT6, STM32G471RET3, STM32G471RET6, STM32G471VCH6, STM32G471VCI6, STM32G471VCT6, STM32G471VEH3, STM32G471VEH6, STM32G471VEI3, STM32G471VEI6, STM32G471VET3, STM32G471VET6, STM32G474CCT6, STM32H503CBT6, STM32H503CBU6, STM32H503EBY6TR, STM32H503KBU6, STM32H503RBT6, STM32H562AGI6, STM32H562AII6, STM32H562IGK6, STM32H562IGT6, STM32H562IIK6, STM32H562IIT6, STM32H562RGT6, STM32H562RGV6, STM32H562RIT6, STM32H562RIV6, STM32H562VGT6, STM32H562VIT6, STM32H562ZGT6, STM32H562ZIT6, STM32H563AGI6, STM32H563AII3Q, STM32H563AII6, STM32H563IGK6, STM32H563IGT6, STM32H563IIK3Q, STM32H563IIK6, STM32H563IIT3Q, STM32H563IIT6, STM32H563MIY3QTR, STM32H563RGT6, STM32H563RGV6, STM32H563RIT6, STM32H563RIV6, STM32H563VGT6, STM32H563VIT3Q, STM32H563VIT6, STM32H563ZGT6, STM32H563ZIT3Q, STM32H563ZIT6, STM32H573AII3Q, STM32H573AII6, STM32H573I-DK, STM32H573IIK3Q, STM32H573IIK6, STM32H573IIT3Q, STM32H573IIT6, STM32H573MIY3QTR, STM32H573RIT6, STM32H573RIV6, STM32H573VIT3Q, STM32H573VIT6, STM32H573ZIT3Q, STM32H573ZIT6, STM32L4R5QGI6STR, STM32MP131AAE3, STM32MP131AAF3, STM32MP131AAG3, STM32MP131CAE3, STM32MP131CAF3, STM32MP131CAG3, STM32MP131DAE7, STM32MP131DAF7, STM32MP131DAG7, STM32MP131FAE7, STM32MP131FAF7, STM32MP131FAG7, STM32MP133AAE3, STM32MP133AAF3, STM32MP133AAG3, STM32MP133CAE3, STM32MP133CAF3, STM32MP133CAG3, STM32MP133DAE7, STM32MP133DAF7, STM32MP133DAG7, STM32MP133FAE7, STM32MP133FAF7, STM32MP133FAG7, STM32MP135AAE3, STM32MP135AAF3, STM32MP135AAG3, STM32MP135CAE3, STM32MP135CAF3, STM32MP135CAG3, STM32MP135DAE7, STM32MP135DAF7, STM32MP135DAG7, STM32MP135F-DK, STM32MP135FAE7, STM32MP135FAF7, STM32MP135FAF7T, STM32MP135FAF7U, STM32MP135FAG7, STM32U535CBT6, STM32U535CBT6Q, STM32U535CBU6, STM32U535CBU6Q, STM32U535CCT6, STM32U535CCT6Q, STM32U535CCU6, STM32U535CCU6Q, STM32U535CET6, STM32U535CET6Q, STM32U535CEU6, STM32U535CEU6Q, STM32U535JEY6QTR, STM32U535NCY6QTR, STM32U535NEY6QTR, STM32U535RBI6, STM32U535RBI6Q, STM32U535RBT6, STM32U535RBT6Q, STM32U535RCI6, STM32U535RCI6Q, STM32U535RCT6, STM32U535RCT6Q, STM32U535REI6, STM32U535REI6Q, STM32U535RET6, STM32U535RET6Q, STM32U535VCI6, STM32U535VCI6Q, STM32U535VCT6, STM32U535VCT6Q, STM32U535VEI6, STM32U535VEI6Q, STM32U535VET6, STM32U535VET6Q, STM32U545CET6, STM32U545CET6Q, STM32U545CEU6, STM32U545CEU6Q, STM32U545JEY6QTR, STM32U545NEY6QTR, STM32U545REI6, STM32U545REI6Q, STM32U545RET6, STM32U545RET6Q, STM32U545VEI6, STM32U545VEI6Q, STM32U545VET6, STM32U545VET6Q, STM32U595AIH6, STM32U595AIH6Q, STM32U595AJH6, STM32U595AJH6Q, STM32U595QII6, STM32U595QII6Q, STM32U595QJI6, STM32U595QJI6Q, STM32U595RIT6, STM32U595RIT6Q, STM32U595RJT6, STM32U595RJT6Q, STM32U595VIT6, STM32U595VIT6Q, STM32U595VJT6, STM32U595VJT6Q, STM32U595ZIT6, STM32U595ZIT6Q, STM32U595ZIY6QTR, STM32U595ZJT6, STM32U595ZJT6Q, STM32U595ZJY6QTR, STM32U599BJY6QTR, STM32U599NIH6Q, STM32U599NJH6Q, STM32U599VIT6Q, STM32U599VJT6, STM32U599VJT6Q, STM32U599ZIT6Q, STM32U599ZIY6QTR, STM32U599ZJT6Q, STM32U599ZJY6QTR, STM32U5A5AJH6, STM32U5A5AJH6Q, STM32U5A5QJI6, STM32U5A5QJI6Q, STM32U5A5RJT6, STM32U5A5RJT6Q, STM32U5A5VJT6, STM32U5A5VJT6Q, STM32U5A5ZJT6, STM32U5A5ZJT6Q, STM32U5A5ZJY6QTR, STM32U5A9BJY6QTR, STM32U5A9J-DK, STM32U5A9NJH6Q, STM32U5A9VJT6Q, STM32U5A9ZJT6Q, STM32U5A9ZJY6QTR, STM32U5F7VIT6, STM32U5F7VIT6Q, STM32U5F7VJT6, STM32U5F7VJT6Q, STM32U5F9BJY6QTR, STM32U5F9NJH6Q, STM32U5F9VIT6Q, STM32U5F9VJT6Q, STM32U5F9ZIJ6QTR, STM32U5F9ZIT6Q, STM32U5F9ZJJ6QTR, STM32U5F9ZJT6Q, STM32U5G7VJT6, STM32U5G7VJT6Q, STM32U5G9BJY6QTR, STM32U5G9J-DK1, STM32U5G9J-DK2, STM32U5G9NJH6Q, STM32U5G9VJT6Q, STM32U5G9ZJJ6QTR, STM32U5G9ZJT6Q, STM32WB1MMCH6, STM32WBA52CEU6, STM32WBA52CEU6T, STM32WBA52CGU6, STM32WBA52CGU6T, STM32WBA52KEU6, STM32WBA52KEU6T, STM32WBA52KGU6, STM32WBA52KGU6T, STM32WL5MOCH6, STM32WL5MOCH6TR]
2026-05-08 19:47:01,751 [INFO] DbMcus:217 - Found 5030 MCUs, 4943 are supported
2026-05-08 19:47:01,751 [INFO] ApiDb:423 - Load user favorites file C:\Users\Admin/.stm32cubeide/favorites.mcus.txt: 0 item(s)
2026-05-08 19:47:01,751 [INFO] ApiDb:427 - User favorites MCUs=[]
2026-05-08 19:47:01,751 [INFO] DbMcus:223 - Set 0 / 0 favorites MCUs
2026-05-08 19:47:02,076 [ERROR] TargetSelectorAdapter:267 - Unable to refresh data
2026-05-08 19:47:02,164 [INFO] ApiDb:668 - CubeFinder database Data Model version=2.1
2026-05-08 19:47:02,164 [INFO] ApiDb:669 - CubeFinder database Configuration version=3.0.42
2026-05-08 19:47:02,164 [INFO] ApiDb:670 - CubeFinder database generation date=2026-03-11 (1773229989)
2026-05-08 19:47:02,164 [INFO] ApiDb:671 - CubeFinder database FW Pack versions=[FP-ATR-ASTRA1_V2.0.0, FP-SNS-FLIGHT1_V5.1.0, FP-SNS-MOTENV1_V5.1.0, FP-SNS-MOTENVWB1_V1.5.0, FP-SNS-SMARTAG2_V1.2.0, FP-SNS-STBOX1_V2.1.0, STM32Cube_FW_C0_V1.4.0, STM32Cube_FW_F4_V1.28.3, STM32Cube_FW_F7_V1.17.4, STM32Cube_FW_G0_V1.6.3, STM32Cube_FW_G4_V1.6.2, STM32Cube_FW_H5_V1.6.0, STM32Cube_FW_H7RS_V1.3.0, STM32Cube_FW_H7_V1.13.0, STM32Cube_FW_L0_V1.12.2, STM32Cube_FW_L4_V1.18.2, STM32Cube_FW_L5_V1.6.0, STM32Cube_FW_N6_V1.3.0, STM32Cube_FW_U0_V1.3.0, STM32Cube_FW_U3_V1.3.0, STM32Cube_FW_U5_V1.8.0, STM32Cube_FW_WB0_V1.4.0, STM32Cube_FW_WBA_V1.9.0, STM32Cube_FW_WB_V1.24.0, STM32Cube_FW_WL3_V1.4.0, STM32Cube_FW_WL_V1.5.0, X-CUBE-ALGOBUILD_V1.4.0, X-CUBE-ALS_V1.0.2, X-CUBE-AZRTOS-F4_V1.1.0, X-CUBE-AZRTOS-F7_V1.1.0, X-CUBE-AZRTOS-G0_V1.1.0, X-CUBE-AZRTOS-G4_V2.0.0, X-CUBE-AZRTOS-H7RS_V1.1.0, X-CUBE-AZRTOS-H7_V3.4.0, X-CUBE-AZRTOS-L4_V2.0.0, X-CUBE-AZRTOS-L5_V2.0.0, X-CUBE-AZRTOS-WB_V2.0.0, X-CUBE-AZRTOS-WL_V2.0.0, X-CUBE-BLE1_V7.1.0, X-CUBE-BLE2_V3.3.0, X-CUBE-BLEMGR_V4.1.0, X-CUBE-EEPRMA1_V5.2.0, X-CUBE-FREERTOS_V1.5.0, X-CUBE-GNSS1_V6.0.0, X-CUBE-MEMS1_V12.0.0, X-CUBE-NFC4_V3.0.0, X-CUBE-NFC7_V2.0.0, X-CUBE-SFXS2LP1_V4.0.0, X-CUBE-ST67W61_V1.2.0, X-CUBE-SUBG2_V5.0.0, X-CUBE-TOF1_V3.4.3]
2026-05-08 19:47:02,208 [INFO] DbBoardsSqlite:226 - include board P-NUCLEO-WB55-NUCLEO as a kit item of type 'Nucleo-64'
2026-05-08 19:47:02,208 [INFO] DbBoardsSqlite:226 - include board P-NUCLEO-WB55-USBDONGLE as a kit item of type 'Nucleo USB Dongle'
2026-05-08 19:47:02,208 [INFO] DbBoardsSqlite:226 - include board STEVAL-IDP005V1 as a kit item of type 'Evaluation Board'
2026-05-08 19:47:02,208 [INFO] DbBoardsSqlite:226 - include board STEVAL-IDP005V2 as a kit item of type 'Evaluation Board'
2026-05-08 19:47:02,272 [INFO] ApiDb:240 - Found 323 in-development CPN: [B-G473E-ZEST1S, B-WB1M-WPAN1, B-WL5M-SUBG1, NUCLEO-C031C6, NUCLEO-H503RB, NUCLEO-H563ZI, NUCLEO-U545RE-Q, NUCLEO-U5A5ZJ-Q, NUCLEO-WBA52CG, STEVAL-PROTEUS1, STEVAL-SMARTAG2, STEVAL-STWINBX1, STM320518-EVAL, STM32C0116-DK, STM32C011D6Y3TR, STM32C011D6Y6TR, STM32C011F4P3, STM32C011F4P6, STM32C011F4U3, STM32C011F4U6TR, STM32C011F6P3, STM32C011F6P6, STM32C011F6U3, STM32C011F6U6TR, STM32C011J4M3, STM32C011J4M6, STM32C011J6M3, STM32C011J6M6, STM32C0316-DK, STM32C031C4T3, STM32C031C4T6, STM32C031C4U3, STM32C031C4U6, STM32C031C6T3, STM32C031C6T6, STM32C031C6U3, STM32C031C6U6, STM32C031F4P3, STM32C031F4P6, STM32C031F6P3, STM32C031F6P6, STM32C031G4U3, STM32C031G4U6, STM32C031G6U3, STM32C031G6U6, STM32C031K4T3, STM32C031K4T6, STM32C031K4U3, STM32C031K4U6, STM32C031K6T3, STM32C031K6T6, STM32C031K6U3, STM32C031K6U6, STM32G071K8TXN, STM32G071K8UXN, STM32G081GBU6N, STM32G081KBT6N, STM32G081KBUXN, STM32G0B1CCT6N, STM32G0B1KCT6, STM32G0B1NEY6TR, STM32G0B1RCT6N, STM32G0C1CCT6, STM32G0C1CCT6N, STM32G0C1CCU6N, STM32G0C1CET6N, STM32G0C1CEU6N, STM32G0C1KCT6, STM32G0C1NEY6TR, STM32G0C1RCI6N, STM32G0C1RCT6N, STM32G0C1REI6N, STM32G0C1RET6N, STM32G0C1VCI6, STM32G0C1VEI6, STM32G471CCT6, STM32G471CCU6, STM32G471CET3, STM32G471CET6, STM32G471CEU3, STM32G471CEU6, STM32G471MCT6, STM32G471MET3, STM32G471MET6, STM32G471MEY6TR, STM32G471QCT6, STM32G471QET3, STM32G471RCT6, STM32G471RET3, STM32G471RET6, STM32G471VCH6, STM32G471VCI6, STM32G471VCT6, STM32G471VEH3, STM32G471VEH6, STM32G471VEI3, STM32G471VEI6, STM32G471VET3, STM32G471VET6, STM32G474CCT6, STM32H503CBT6, STM32H503CBU6, STM32H503EBY6TR, STM32H503KBU6, STM32H503RBT6, STM32H562AGI6, STM32H562AII6, STM32H562IGK6, STM32H562IGT6, STM32H562IIK6, STM32H562IIT6, STM32H562RGT6, STM32H562RGV6, STM32H562RIT6, STM32H562RIV6, STM32H562VGT6, STM32H562VIT6, STM32H562ZGT6, STM32H562ZIT6, STM32H563AGI6, STM32H563AII3Q, STM32H563AII6, STM32H563IGK6, STM32H563IGT6, STM32H563IIK3Q, STM32H563IIK6, STM32H563IIT3Q, STM32H563IIT6, STM32H563MIY3QTR, STM32H563RGT6, STM32H563RGV6, STM32H563RIT6, STM32H563RIV6, STM32H563VGT6, STM32H563VIT3Q, STM32H563VIT6, STM32H563ZGT6, STM32H563ZIT3Q, STM32H563ZIT6, STM32H573AII3Q, STM32H573AII6, STM32H573I-DK, STM32H573IIK3Q, STM32H573IIK6, STM32H573IIT3Q, STM32H573IIT6, STM32H573MIY3QTR, STM32H573RIT6, STM32H573RIV6, STM32H573VIT3Q, STM32H573VIT6, STM32H573ZIT3Q, STM32H573ZIT6, STM32L4R5QGI6STR, STM32MP131AAE3, STM32MP131AAF3, STM32MP131AAG3, STM32MP131CAE3, STM32MP131CAF3, STM32MP131CAG3, STM32MP131DAE7, STM32MP131DAF7, STM32MP131DAG7, STM32MP131FAE7, STM32MP131FAF7, STM32MP131FAG7, STM32MP133AAE3, STM32MP133AAF3, STM32MP133AAG3, STM32MP133CAE3, STM32MP133CAF3, STM32MP133CAG3, STM32MP133DAE7, STM32MP133DAF7, STM32MP133DAG7, STM32MP133FAE7, STM32MP133FAF7, STM32MP133FAG7, STM32MP135AAE3, STM32MP135AAF3, STM32MP135AAG3, STM32MP135CAE3, STM32MP135CAF3, STM32MP135CAG3, STM32MP135DAE7, STM32MP135DAF7, STM32MP135DAG7, STM32MP135F-DK, STM32MP135FAE7, STM32MP135FAF7, STM32MP135FAF7T, STM32MP135FAF7U, STM32MP135FAG7, STM32U535CBT6, STM32U535CBT6Q, STM32U535CBU6, STM32U535CBU6Q, STM32U535CCT6, STM32U535CCT6Q, STM32U535CCU6, STM32U535CCU6Q, STM32U535CET6, STM32U535CET6Q, STM32U535CEU6, STM32U535CEU6Q, STM32U535JEY6QTR, STM32U535NCY6QTR, STM32U535NEY6QTR, STM32U535RBI6, STM32U535RBI6Q, STM32U535RBT6, STM32U535RBT6Q, STM32U535RCI6, STM32U535RCI6Q, STM32U535RCT6, STM32U535RCT6Q, STM32U535REI6, STM32U535REI6Q, STM32U535RET6, STM32U535RET6Q, STM32U535VCI6, STM32U535VCI6Q, STM32U535VCT6, STM32U535VCT6Q, STM32U535VEI6, STM32U535VEI6Q, STM32U535VET6, STM32U535VET6Q, STM32U545CET6, STM32U545CET6Q, STM32U545CEU6, STM32U545CEU6Q, STM32U545JEY6QTR, STM32U545NEY6QTR, STM32U545REI6, STM32U545REI6Q, STM32U545RET6, STM32U545RET6Q, STM32U545VEI6, STM32U545VEI6Q, STM32U545VET6, STM32U545VET6Q, STM32U595AIH6, STM32U595AIH6Q, STM32U595AJH6, STM32U595AJH6Q, STM32U595QII6, STM32U595QII6Q, STM32U595QJI6, STM32U595QJI6Q, STM32U595RIT6, STM32U595RIT6Q, STM32U595RJT6, STM32U595RJT6Q, STM32U595VIT6, STM32U595VIT6Q, STM32U595VJT6, STM32U595VJT6Q, STM32U595ZIT6, STM32U595ZIT6Q, STM32U595ZIY6QTR, STM32U595ZJT6, STM32U595ZJT6Q, STM32U595ZJY6QTR, STM32U599BJY6QTR, STM32U599NIH6Q, STM32U599NJH6Q, STM32U599VIT6Q, STM32U599VJT6, STM32U599VJT6Q, STM32U599ZIT6Q, STM32U599ZIY6QTR, STM32U599ZJT6Q, STM32U599ZJY6QTR, STM32U5A5AJH6, STM32U5A5AJH6Q, STM32U5A5QJI6, STM32U5A5QJI6Q, STM32U5A5RJT6, STM32U5A5RJT6Q, STM32U5A5VJT6, STM32U5A5VJT6Q, STM32U5A5ZJT6, STM32U5A5ZJT6Q, STM32U5A5ZJY6QTR, STM32U5A9BJY6QTR, STM32U5A9J-DK, STM32U5A9NJH6Q, STM32U5A9VJT6Q, STM32U5A9ZJT6Q, STM32U5A9ZJY6QTR, STM32U5F7VIT6, STM32U5F7VIT6Q, STM32U5F7VJT6, STM32U5F7VJT6Q, STM32U5F9BJY6QTR, STM32U5F9NJH6Q, STM32U5F9VIT6Q, STM32U5F9VJT6Q, STM32U5F9ZIJ6QTR, STM32U5F9ZIT6Q, STM32U5F9ZJJ6QTR, STM32U5F9ZJT6Q, STM32U5G7VJT6, STM32U5G7VJT6Q, STM32U5G9BJY6QTR, STM32U5G9J-DK1, STM32U5G9J-DK2, STM32U5G9NJH6Q, STM32U5G9VJT6Q, STM32U5G9ZJJ6QTR, STM32U5G9ZJT6Q, STM32WB1MMCH6, STM32WBA52CEU6, STM32WBA52CEU6T, STM32WBA52CGU6, STM32WBA52CGU6T, STM32WBA52KEU6, STM32WBA52KEU6T, STM32WBA52KGU6, STM32WBA52KGU6T, STM32WL5MOCH6, STM32WL5MOCH6TR]
2026-05-08 19:47:02,298 [INFO] BoardInfo:880 - No configuration file found for board B-WBA5M-WPAN
2026-05-08 19:47:02,299 [INFO] DbBoards:157 - Board is not supported: B-WBA5M-WPAN
2026-05-08 19:47:02,301 [INFO] BoardInfo:880 - No configuration file found for board NUCLEO-C051C8
2026-05-08 19:47:02,301 [INFO] DbBoards:157 - Board is not supported: NUCLEO-C051C8
2026-05-08 19:47:02,302 [INFO] BoardInfo:880 - No configuration file found for board NUCLEO-C071RB
2026-05-08 19:47:02,302 [INFO] DbBoards:157 - Board is not supported: NUCLEO-C071RB
2026-05-08 19:47:02,303 [INFO] BoardInfo:880 - No configuration file found for board NUCLEO-C092RC
2026-05-08 19:47:02,303 [INFO] DbBoards:157 - Board is not supported: NUCLEO-C092RC
2026-05-08 19:47:02,332 [INFO] BoardInfo:880 - No configuration file found for board NUCLEO-H533RE
2026-05-08 19:47:02,332 [INFO] DbBoards:157 - Board is not supported: NUCLEO-H533RE
2026-05-08 19:47:02,333 [INFO] BoardInfo:880 - No configuration file found for board NUCLEO-H5E5ZJ
2026-05-08 19:47:02,333 [INFO] DbBoards:157 - Board is not supported: NUCLEO-H5E5ZJ
2026-05-08 19:47:02,339 [INFO] BoardInfo:880 - No configuration file found for board NUCLEO-H7S3L8
2026-05-08 19:47:02,339 [INFO] DbBoards:157 - Board is not supported: NUCLEO-H7S3L8
2026-05-08 19:47:02,353 [INFO] BoardInfo:880 - No configuration file found for board NUCLEO-N657X0-Q
2026-05-08 19:47:02,353 [INFO] DbBoards:157 - Board is not supported: NUCLEO-N657X0-Q
2026-05-08 19:47:02,354 [INFO] BoardInfo:880 - No configuration file found for board NUCLEO-U031R8
2026-05-08 19:47:02,354 [INFO] DbBoards:157 - Board is not supported: NUCLEO-U031R8
2026-05-08 19:47:02,355 [INFO] BoardInfo:880 - No configuration file found for board NUCLEO-U083RC
2026-05-08 19:47:02,355 [INFO] DbBoards:157 - Board is not supported: NUCLEO-U083RC
2026-05-08 19:47:02,356 [INFO] BoardInfo:880 - No configuration file found for board NUCLEO-U385RG-Q
2026-05-08 19:47:02,356 [INFO] DbBoards:157 - Board is not supported: NUCLEO-U385RG-Q
2026-05-08 19:47:02,356 [INFO] BoardInfo:880 - No configuration file found for board NUCLEO-U3C5ZI-Q
2026-05-08 19:47:02,356 [INFO] DbBoards:157 - Board is not supported: NUCLEO-U3C5ZI-Q
2026-05-08 19:47:02,359 [INFO] BoardInfo:880 - No configuration file found for board NUCLEO-WB05KZ
2026-05-08 19:47:02,359 [INFO] DbBoards:157 - Board is not supported: NUCLEO-WB05KZ
2026-05-08 19:47:02,360 [INFO] BoardInfo:880 - No configuration file found for board NUCLEO-WB07CC
2026-05-08 19:47:02,360 [INFO] DbBoards:157 - Board is not supported: NUCLEO-WB07CC
2026-05-08 19:47:02,361 [INFO] BoardInfo:880 - No configuration file found for board NUCLEO-WB09KE
2026-05-08 19:47:02,361 [INFO] DbBoards:157 - Board is not supported: NUCLEO-WB09KE
2026-05-08 19:47:02,363 [INFO] BoardInfo:880 - No configuration file found for board NUCLEO-WBA25CE1
2026-05-08 19:47:02,363 [INFO] DbBoards:157 - Board is not supported: NUCLEO-WBA25CE1
2026-05-08 19:47:02,364 [INFO] BoardInfo:880 - No configuration file found for board NUCLEO-WBA55CG
2026-05-08 19:47:02,364 [INFO] DbBoards:157 - Board is not supported: NUCLEO-WBA55CG
2026-05-08 19:47:02,365 [INFO] BoardInfo:880 - No configuration file found for board NUCLEO-WBA65RI
2026-05-08 19:47:02,365 [INFO] DbBoards:157 - Board is not supported: NUCLEO-WBA65RI
2026-05-08 19:47:02,366 [INFO] BoardInfo:880 - No configuration file found for board NUCLEO-WL33CC1
2026-05-08 19:47:02,366 [INFO] DbBoards:157 - Board is not supported: NUCLEO-WL33CC1
2026-05-08 19:47:02,366 [INFO] BoardInfo:880 - No configuration file found for board NUCLEO-WL33CC2
2026-05-08 19:47:02,367 [INFO] DbBoards:157 - Board is not supported: NUCLEO-WL33CC2
2026-05-08 19:47:02,367 [INFO] BoardInfo:880 - No configuration file found for board NUCLEO-WL3RKB1
2026-05-08 19:47:02,367 [INFO] DbBoards:157 - Board is not supported: NUCLEO-WL3RKB1
2026-05-08 19:47:02,368 [INFO] BoardInfo:880 - No configuration file found for board NUCLEO-WL3RKB2
2026-05-08 19:47:02,368 [INFO] DbBoards:157 - Board is not supported: NUCLEO-WL3RKB2
2026-05-08 19:47:02,371 [INFO] BoardInfo:880 - No configuration file found for board P-NUCLEO-WB55
2026-05-08 19:47:02,371 [INFO] DbBoards:157 - Kit is not supported: P-NUCLEO-WB55
2026-05-08 19:47:02,374 [INFO] BoardInfo:880 - No configuration file found for board STEVAL-BFA001V1B
2026-05-08 19:47:02,374 [INFO] DbBoards:157 - Kit is not supported: STEVAL-BFA001V1B
2026-05-08 19:47:02,375 [INFO] BoardInfo:880 - No configuration file found for board STEVAL-BFA001V2B
2026-05-08 19:47:02,375 [INFO] DbBoards:157 - Kit is not supported: STEVAL-BFA001V2B
2026-05-08 19:47:02,377 [INFO] BoardInfo:880 - No configuration file found for board STEVAL-MKBOXPRO
2026-05-08 19:47:02,377 [INFO] DbBoards:157 - Board is not supported: STEVAL-MKBOXPRO
2026-05-08 19:47:02,425 [INFO] BoardInfo:880 - No configuration file found for board STM32H5F5J-DK
2026-05-08 19:47:02,425 [INFO] DbBoards:157 - Board is not supported: STM32H5F5J-DK
2026-05-08 19:47:02,434 [INFO] BoardInfo:880 - No configuration file found for board STM32H7S78-DK
2026-05-08 19:47:02,434 [INFO] DbBoards:157 - Board is not supported: STM32H7S78-DK
2026-05-08 19:47:02,448 [INFO] BoardInfo:880 - No configuration file found for board STM32MP215F-DK
2026-05-08 19:47:02,448 [INFO] DbBoards:157 - Board is not supported: STM32MP215F-DK
2026-05-08 19:47:02,449 [INFO] BoardInfo:880 - No configuration file found for board STM32MP257F-DK
2026-05-08 19:47:02,449 [INFO] DbBoards:157 - Board is not supported: STM32MP257F-DK
2026-05-08 19:47:02,450 [INFO] BoardInfo:880 - No configuration file found for board STM32MP257F-EV1
2026-05-08 19:47:02,450 [INFO] DbBoards:157 - Board is not supported: STM32MP257F-EV1
2026-05-08 19:47:02,450 [INFO] BoardInfo:880 - No configuration file found for board STM32N6570-DK
2026-05-08 19:47:02,450 [INFO] DbBoards:157 - Board is not supported: STM32N6570-DK
2026-05-08 19:47:02,451 [INFO] BoardInfo:880 - No configuration file found for board STM32U083C-DK
2026-05-08 19:47:02,451 [INFO] DbBoards:157 - Board is not supported: STM32U083C-DK
2026-05-08 19:47:02,456 [INFO] BoardInfo:880 - No configuration file found for board STM32WBA55G-DK1
2026-05-08 19:47:02,456 [INFO] DbBoards:157 - Board is not supported: STM32WBA55G-DK1
2026-05-08 19:47:02,457 [INFO] BoardInfo:880 - No configuration file found for board STM32WBA65I-DK1
2026-05-08 19:47:02,457 [INFO] DbBoards:157 - Board is not supported: STM32WBA65I-DK1
2026-05-08 19:47:02,457 [INFO] DbBoards:161 - Found 218 boards, 183 are supported
2026-05-08 19:47:02,461 [INFO] ApiDb:423 - Load user favorites file C:\Users\Admin/.stm32cubeide/favorites.boards.txt: 0 item(s)
2026-05-08 19:47:02,461 [INFO] ApiDb:427 - User favorites Boards=[]
2026-05-08 19:47:02,461 [INFO] DbBoards:190 - Set 0 / 0 favorites Boards
2026-05-08 19:47:02,461 [INFO] McuFinderGlobals:76 - Set McuFinderConnectedMode to true
2026-05-08 19:47:02,467 [INFO] MultiScanPanel:200 - Auto-refresh data requested => check proxy status ongoing
2026-05-08 19:47:02,469 [INFO] FinderPluginLoader:95 - Searching for filters in installed packs
2026-05-08 19:47:03,450 [INFO] LoadUrlFilesThread:185 - End of LoadServerUrlFiles without Thread
2026-05-08 19:47:03,475 [INFO] DetailPanel:341 - Set advertising image to C:/Users/Admin/STM32Cube/Repository/\en.prom-stm32wba2-stm32-nucleo-board-0426.png
2026-05-08 19:47:14,309 [INFO] McuFinderGlobals:76 - Set McuFinderConnectedMode to true
2026-05-08 19:47:14,580 [INFO] ApiDb:448 - Save user favorites file C:\Users\Admin/.stm32cubeide/favorites.mcus.txt: 0 item(s)
2026-05-08 19:47:14,580 [INFO] ApiDb:452 - User favorites MCUs=[]
2026-05-08 19:47:20,243 [INFO] MainUpdater:2868 - connection check result : 10
2026-05-08 19:47:20,243 [INFO] McuFinderGlobals:76 - Set McuFinderConnectedMode to true
2026-05-08 19:47:20,547 [INFO] ServerAccessManage:473 - Download File mcusAds.json._tmp_
2026-05-08 19:47:20,662 [INFO] LoadUrlFilesThread:156 - End of LoadUrlFiles Thread
2026-05-08 19:47:20,956 [INFO] ServerAccessManage:473 - Download File cube-finder-db.zip
2026-05-08 19:48:09,904 [INFO] FileExtend:240 - Unzip File : cube-finder-db.zip
2026-05-08 19:48:09,904 [INFO] FileExtend:255 - Standard Zip Deflate
2026-05-08 19:48:10,466 [INFO] LoadUrlFilesThread:156 - End of LoadUrlFiles Thread
2026-05-08 19:48:11,374 [INFO] ServerAccessManage:473 - Download File crdb.zip
2026-05-08 19:48:13,858 [INFO] FileExtend:240 - Unzip File : crdb.zip
2026-05-08 19:48:13,859 [INFO] FileExtend:255 - Standard Zip Deflate
2026-05-08 19:48:13,985 [INFO] LoadUrlFilesThread:156 - End of LoadUrlFiles Thread
2026-05-08 19:48:14,122 [INFO] ServerAccessManage:473 - Download File tutoVideoDB.zip
2026-05-08 19:48:14,149 [INFO] FileExtend:240 - Unzip File : tutoVideoDB.zip
2026-05-08 19:48:14,149 [INFO] FileExtend:255 - Standard Zip Deflate
2026-05-08 19:48:14,264 [INFO] LoadUrlFilesThread:156 - End of LoadUrlFiles Thread
2026-05-08 19:48:14,265 [WARN] DbFile:41 - Overriding database path with different value: C:\Users\Admin\.stmcufinder\plugins\mcufinder/ => C:\Users\Admin\.stmcufinder\plugins\mcufinder
2026-05-08 19:48:14,888 [ERROR] ServerAccessManage:1089 - Problem, file not found on Server
2026-05-08 19:48:14,889 [ERROR] ServerAccessManage:651 - Problem, file not found on Server : api_config.json.
2026-05-08 19:48:53,628 [INFO] LoadUrlFilesThread:156 - End of LoadUrlFiles Thread
2026-05-08 19:49:08,642 [INFO] DbMcusAds:53 - JSON generation date=Mon Apr 27 15:14:29 GMT+07:00 2026 (1777277669683)
2026-05-08 19:49:08,644 [INFO] ApiDb:448 - Save user favorites file C:\Users\Admin/.stm32cubeide/favorites.mcus.txt: 0 item(s)
2026-05-08 19:49:08,644 [INFO] ApiDb:452 - User favorites MCUs=[]
2026-05-08 19:49:08,645 [INFO] ApiDb:581 - Connected to CubeFinder SQLite database (C:\Users\Admin\.stmcufinder\plugins\mcufinder\mcu\cube-finder-db.db)
2026-05-08 19:49:08,701 [INFO] ApiDb:668 - CubeFinder database Data Model version=2.1
2026-05-08 19:49:08,701 [INFO] ApiDb:669 - CubeFinder database Configuration version=3.0.42
2026-05-08 19:49:08,701 [INFO] ApiDb:670 - CubeFinder database generation date=2026-03-11 (1773229989)
2026-05-08 19:49:08,702 [INFO] ApiDb:671 - CubeFinder database FW Pack versions=[FP-ATR-ASTRA1_V2.0.0, FP-SNS-FLIGHT1_V5.1.0, FP-SNS-MOTENV1_V5.1.0, FP-SNS-MOTENVWB1_V1.5.0, FP-SNS-SMARTAG2_V1.2.0, FP-SNS-STBOX1_V2.1.0, STM32Cube_FW_C0_V1.4.0, STM32Cube_FW_F4_V1.28.3, STM32Cube_FW_F7_V1.17.4, STM32Cube_FW_G0_V1.6.3, STM32Cube_FW_G4_V1.6.2, STM32Cube_FW_H5_V1.6.0, STM32Cube_FW_H7RS_V1.3.0, STM32Cube_FW_H7_V1.13.0, STM32Cube_FW_L0_V1.12.2, STM32Cube_FW_L4_V1.18.2, STM32Cube_FW_L5_V1.6.0, STM32Cube_FW_N6_V1.3.0, STM32Cube_FW_U0_V1.3.0, STM32Cube_FW_U3_V1.3.0, STM32Cube_FW_U5_V1.8.0, STM32Cube_FW_WB0_V1.4.0, STM32Cube_FW_WBA_V1.9.0, STM32Cube_FW_WB_V1.24.0, STM32Cube_FW_WL3_V1.4.0, STM32Cube_FW_WL_V1.5.0, X-CUBE-ALGOBUILD_V1.4.0, X-CUBE-ALS_V1.0.2, X-CUBE-AZRTOS-F4_V1.1.0, X-CUBE-AZRTOS-F7_V1.1.0, X-CUBE-AZRTOS-G0_V1.1.0, X-CUBE-AZRTOS-G4_V2.0.0, X-CUBE-AZRTOS-H7RS_V1.1.0, X-CUBE-AZRTOS-H7_V3.4.0, X-CUBE-AZRTOS-L4_V2.0.0, X-CUBE-AZRTOS-L5_V2.0.0, X-CUBE-AZRTOS-WB_V2.0.0, X-CUBE-AZRTOS-WL_V2.0.0, X-CUBE-BLE1_V7.1.0, X-CUBE-BLE2_V3.3.0, X-CUBE-BLEMGR_V4.1.0, X-CUBE-EEPRMA1_V5.2.0, X-CUBE-FREERTOS_V1.5.0, X-CUBE-GNSS1_V6.0.0, X-CUBE-MEMS1_V12.0.0, X-CUBE-NFC4_V3.0.0, X-CUBE-NFC7_V2.0.0, X-CUBE-SFXS2LP1_V4.0.0, X-CUBE-ST67W61_V1.2.0, X-CUBE-SUBG2_V5.0.0, X-CUBE-TOF1_V3.4.3]
2026-05-08 19:49:10,402 [INFO] ApiDb:240 - Found 323 in-development CPN: [B-G473E-ZEST1S, B-WB1M-WPAN1, B-WL5M-SUBG1, NUCLEO-C031C6, NUCLEO-H503RB, NUCLEO-H563ZI, NUCLEO-U545RE-Q, NUCLEO-U5A5ZJ-Q, NUCLEO-WBA52CG, STEVAL-PROTEUS1, STEVAL-SMARTAG2, STEVAL-STWINBX1, STM320518-EVAL, STM32C0116-DK, STM32C011D6Y3TR, STM32C011D6Y6TR, STM32C011F4P3, STM32C011F4P6, STM32C011F4U3, STM32C011F4U6TR, STM32C011F6P3, STM32C011F6P6, STM32C011F6U3, STM32C011F6U6TR, STM32C011J4M3, STM32C011J4M6, STM32C011J6M3, STM32C011J6M6, STM32C0316-DK, STM32C031C4T3, STM32C031C4T6, STM32C031C4U3, STM32C031C4U6, STM32C031C6T3, STM32C031C6T6, STM32C031C6U3, STM32C031C6U6, STM32C031F4P3, STM32C031F4P6, STM32C031F6P3, STM32C031F6P6, STM32C031G4U3, STM32C031G4U6, STM32C031G6U3, STM32C031G6U6, STM32C031K4T3, STM32C031K4T6, STM32C031K4U3, STM32C031K4U6, STM32C031K6T3, STM32C031K6T6, STM32C031K6U3, STM32C031K6U6, STM32G071K8TXN, STM32G071K8UXN, STM32G081GBU6N, STM32G081KBT6N, STM32G081KBUXN, STM32G0B1CCT6N, STM32G0B1KCT6, STM32G0B1NEY6TR, STM32G0B1RCT6N, STM32G0C1CCT6, STM32G0C1CCT6N, STM32G0C1CCU6N, STM32G0C1CET6N, STM32G0C1CEU6N, STM32G0C1KCT6, STM32G0C1NEY6TR, STM32G0C1RCI6N, STM32G0C1RCT6N, STM32G0C1REI6N, STM32G0C1RET6N, STM32G0C1VCI6, STM32G0C1VEI6, STM32G471CCT6, STM32G471CCU6, STM32G471CET3, STM32G471CET6, STM32G471CEU3, STM32G471CEU6, STM32G471MCT6, STM32G471MET3, STM32G471MET6, STM32G471MEY6TR, STM32G471QCT6, STM32G471QET3, STM32G471RCT6, STM32G471RET3, STM32G471RET6, STM32G471VCH6, STM32G471VCI6, STM32G471VCT6, STM32G471VEH3, STM32G471VEH6, STM32G471VEI3, STM32G471VEI6, STM32G471VET3, STM32G471VET6, STM32G474CCT6, STM32H503CBT6, STM32H503CBU6, STM32H503EBY6TR, STM32H503KBU6, STM32H503RBT6, STM32H562AGI6, STM32H562AII6, STM32H562IGK6, STM32H562IGT6, STM32H562IIK6, STM32H562IIT6, STM32H562RGT6, STM32H562RGV6, STM32H562RIT6, STM32H562RIV6, STM32H562VGT6, STM32H562VIT6, STM32H562ZGT6, STM32H562ZIT6, STM32H563AGI6, STM32H563AII3Q, STM32H563AII6, STM32H563IGK6, STM32H563IGT6, STM32H563IIK3Q, STM32H563IIK6, STM32H563IIT3Q, STM32H563IIT6, STM32H563MIY3QTR, STM32H563RGT6, STM32H563RGV6, STM32H563RIT6, STM32H563RIV6, STM32H563VGT6, STM32H563VIT3Q, STM32H563VIT6, STM32H563ZGT6, STM32H563ZIT3Q, STM32H563ZIT6, STM32H573AII3Q, STM32H573AII6, STM32H573I-DK, STM32H573IIK3Q, STM32H573IIK6, STM32H573IIT3Q, STM32H573IIT6, STM32H573MIY3QTR, STM32H573RIT6, STM32H573RIV6, STM32H573VIT3Q, STM32H573VIT6, STM32H573ZIT3Q, STM32H573ZIT6, STM32L4R5QGI6STR, STM32MP131AAE3, STM32MP131AAF3, STM32MP131AAG3, STM32MP131CAE3, STM32MP131CAF3, STM32MP131CAG3, STM32MP131DAE7, STM32MP131DAF7, STM32MP131DAG7, STM32MP131FAE7, STM32MP131FAF7, STM32MP131FAG7, STM32MP133AAE3, STM32MP133AAF3, STM32MP133AAG3, STM32MP133CAE3, STM32MP133CAF3, STM32MP133CAG3, STM32MP133DAE7, STM32MP133DAF7, STM32MP133DAG7, STM32MP133FAE7, STM32MP133FAF7, STM32MP133FAG7, STM32MP135AAE3, STM32MP135AAF3, STM32MP135AAG3, STM32MP135CAE3, STM32MP135CAF3, STM32MP135CAG3, STM32MP135DAE7, STM32MP135DAF7, STM32MP135DAG7, STM32MP135F-DK, STM32MP135FAE7, STM32MP135FAF7, STM32MP135FAF7T, STM32MP135FAF7U, STM32MP135FAG7, STM32U535CBT6, STM32U535CBT6Q, STM32U535CBU6, STM32U535CBU6Q, STM32U535CCT6, STM32U535CCT6Q, STM32U535CCU6, STM32U535CCU6Q, STM32U535CET6, STM32U535CET6Q, STM32U535CEU6, STM32U535CEU6Q, STM32U535JEY6QTR, STM32U535NCY6QTR, STM32U535NEY6QTR, STM32U535RBI6, STM32U535RBI6Q, STM32U535RBT6, STM32U535RBT6Q, STM32U535RCI6, STM32U535RCI6Q, STM32U535RCT6, STM32U535RCT6Q, STM32U535REI6, STM32U535REI6Q, STM32U535RET6, STM32U535RET6Q, STM32U535VCI6, STM32U535VCI6Q, STM32U535VCT6, STM32U535VCT6Q, STM32U535VEI6, STM32U535VEI6Q, STM32U535VET6, STM32U535VET6Q, STM32U545CET6, STM32U545CET6Q, STM32U545CEU6, STM32U545CEU6Q, STM32U545JEY6QTR, STM32U545NEY6QTR, STM32U545REI6, STM32U545REI6Q, STM32U545RET6, STM32U545RET6Q, STM32U545VEI6, STM32U545VEI6Q, STM32U545VET6, STM32U545VET6Q, STM32U595AIH6, STM32U595AIH6Q, STM32U595AJH6, STM32U595AJH6Q, STM32U595QII6, STM32U595QII6Q, STM32U595QJI6, STM32U595QJI6Q, STM32U595RIT6, STM32U595RIT6Q, STM32U595RJT6, STM32U595RJT6Q, STM32U595VIT6, STM32U595VIT6Q, STM32U595VJT6, STM32U595VJT6Q, STM32U595ZIT6, STM32U595ZIT6Q, STM32U595ZIY6QTR, STM32U595ZJT6, STM32U595ZJT6Q, STM32U595ZJY6QTR, STM32U599BJY6QTR, STM32U599NIH6Q, STM32U599NJH6Q, STM32U599VIT6Q, STM32U599VJT6, STM32U599VJT6Q, STM32U599ZIT6Q, STM32U599ZIY6QTR, STM32U599ZJT6Q, STM32U599ZJY6QTR, STM32U5A5AJH6, STM32U5A5AJH6Q, STM32U5A5QJI6, STM32U5A5QJI6Q, STM32U5A5RJT6, STM32U5A5RJT6Q, STM32U5A5VJT6, STM32U5A5VJT6Q, STM32U5A5ZJT6, STM32U5A5ZJT6Q, STM32U5A5ZJY6QTR, STM32U5A9BJY6QTR, STM32U5A9J-DK, STM32U5A9NJH6Q, STM32U5A9VJT6Q, STM32U5A9ZJT6Q, STM32U5A9ZJY6QTR, STM32U5F7VIT6, STM32U5F7VIT6Q, STM32U5F7VJT6, STM32U5F7VJT6Q, STM32U5F9BJY6QTR, STM32U5F9NJH6Q, STM32U5F9VIT6Q, STM32U5F9VJT6Q, STM32U5F9ZIJ6QTR, STM32U5F9ZIT6Q, STM32U5F9ZJJ6QTR, STM32U5F9ZJT6Q, STM32U5G7VJT6, STM32U5G7VJT6Q, STM32U5G9BJY6QTR, STM32U5G9J-DK1, STM32U5G9J-DK2, STM32U5G9NJH6Q, STM32U5G9VJT6Q, STM32U5G9ZJJ6QTR, STM32U5G9ZJT6Q, STM32WB1MMCH6, STM32WBA52CEU6, STM32WBA52CEU6T, STM32WBA52CGU6, STM32WBA52CGU6T, STM32WBA52KEU6, STM32WBA52KEU6T, STM32WBA52KGU6, STM32WBA52KGU6T, STM32WL5MOCH6, STM32WL5MOCH6TR]
2026-05-08 19:49:10,404 [INFO] DbMcus:217 - Found 5030 MCUs, 4943 are supported
2026-05-08 19:49:10,404 [INFO] ApiDb:423 - Load user favorites file C:\Users\Admin/.stm32cubeide/favorites.mcus.txt: 0 item(s)
2026-05-08 19:49:10,405 [INFO] ApiDb:427 - User favorites MCUs=[]
2026-05-08 19:49:10,405 [INFO] DbMcus:223 - Set 0 / 0 favorites MCUs
2026-05-08 19:49:10,621 [INFO] ApiDb:448 - Save user favorites file C:\Users\Admin/.stm32cubeide/favorites.boards.txt: 0 item(s)
2026-05-08 19:49:10,622 [INFO] ApiDb:452 - User favorites Boards=[]
2026-05-08 19:49:10,623 [INFO] ApiDb:581 - Connected to CubeFinder SQLite database (C:\Users\Admin\.stmcufinder\plugins\mcufinder\mcu\cube-finder-db.db)
2026-05-08 19:49:10,679 [INFO] ApiDb:668 - CubeFinder database Data Model version=2.1
2026-05-08 19:49:10,679 [INFO] ApiDb:669 - CubeFinder database Configuration version=3.0.42
2026-05-08 19:49:10,679 [INFO] ApiDb:670 - CubeFinder database generation date=2026-03-11 (1773229989)
2026-05-08 19:49:10,679 [INFO] ApiDb:671 - CubeFinder database FW Pack versions=[FP-ATR-ASTRA1_V2.0.0, FP-SNS-FLIGHT1_V5.1.0, FP-SNS-MOTENV1_V5.1.0, FP-SNS-MOTENVWB1_V1.5.0, FP-SNS-SMARTAG2_V1.2.0, FP-SNS-STBOX1_V2.1.0, STM32Cube_FW_C0_V1.4.0, STM32Cube_FW_F4_V1.28.3, STM32Cube_FW_F7_V1.17.4, STM32Cube_FW_G0_V1.6.3, STM32Cube_FW_G4_V1.6.2, STM32Cube_FW_H5_V1.6.0, STM32Cube_FW_H7RS_V1.3.0, STM32Cube_FW_H7_V1.13.0, STM32Cube_FW_L0_V1.12.2, STM32Cube_FW_L4_V1.18.2, STM32Cube_FW_L5_V1.6.0, STM32Cube_FW_N6_V1.3.0, STM32Cube_FW_U0_V1.3.0, STM32Cube_FW_U3_V1.3.0, STM32Cube_FW_U5_V1.8.0, STM32Cube_FW_WB0_V1.4.0, STM32Cube_FW_WBA_V1.9.0, STM32Cube_FW_WB_V1.24.0, STM32Cube_FW_WL3_V1.4.0, STM32Cube_FW_WL_V1.5.0, X-CUBE-ALGOBUILD_V1.4.0, X-CUBE-ALS_V1.0.2, X-CUBE-AZRTOS-F4_V1.1.0, X-CUBE-AZRTOS-F7_V1.1.0, X-CUBE-AZRTOS-G0_V1.1.0, X-CUBE-AZRTOS-G4_V2.0.0, X-CUBE-AZRTOS-H7RS_V1.1.0, X-CUBE-AZRTOS-H7_V3.4.0, X-CUBE-AZRTOS-L4_V2.0.0, X-CUBE-AZRTOS-L5_V2.0.0, X-CUBE-AZRTOS-WB_V2.0.0, X-CUBE-AZRTOS-WL_V2.0.0, X-CUBE-BLE1_V7.1.0, X-CUBE-BLE2_V3.3.0, X-CUBE-BLEMGR_V4.1.0, X-CUBE-EEPRMA1_V5.2.0, X-CUBE-FREERTOS_V1.5.0, X-CUBE-GNSS1_V6.0.0, X-CUBE-MEMS1_V12.0.0, X-CUBE-NFC4_V3.0.0, X-CUBE-NFC7_V2.0.0, X-CUBE-SFXS2LP1_V4.0.0, X-CUBE-ST67W61_V1.2.0, X-CUBE-SUBG2_V5.0.0, X-CUBE-TOF1_V3.4.3]
2026-05-08 19:49:10,712 [INFO] DbBoardsSqlite:226 - include board P-NUCLEO-WB55-NUCLEO as a kit item of type 'Nucleo-64'
2026-05-08 19:49:10,712 [INFO] DbBoardsSqlite:226 - include board P-NUCLEO-WB55-USBDONGLE as a kit item of type 'Nucleo USB Dongle'
2026-05-08 19:49:10,712 [INFO] DbBoardsSqlite:226 - include board STEVAL-IDP005V1 as a kit item of type 'Evaluation Board'
2026-05-08 19:49:10,713 [INFO] DbBoardsSqlite:226 - include board STEVAL-IDP005V2 as a kit item of type 'Evaluation Board'
2026-05-08 19:49:10,763 [INFO] ApiDb:240 - Found 323 in-development CPN: [B-G473E-ZEST1S, B-WB1M-WPAN1, B-WL5M-SUBG1, NUCLEO-C031C6, NUCLEO-H503RB, NUCLEO-H563ZI, NUCLEO-U545RE-Q, NUCLEO-U5A5ZJ-Q, NUCLEO-WBA52CG, STEVAL-PROTEUS1, STEVAL-SMARTAG2, STEVAL-STWINBX1, STM320518-EVAL, STM32C0116-DK, STM32C011D6Y3TR, STM32C011D6Y6TR, STM32C011F4P3, STM32C011F4P6, STM32C011F4U3, STM32C011F4U6TR, STM32C011F6P3, STM32C011F6P6, STM32C011F6U3, STM32C011F6U6TR, STM32C011J4M3, STM32C011J4M6, STM32C011J6M3, STM32C011J6M6, STM32C0316-DK, STM32C031C4T3, STM32C031C4T6, STM32C031C4U3, STM32C031C4U6, STM32C031C6T3, STM32C031C6T6, STM32C031C6U3, STM32C031C6U6, STM32C031F4P3, STM32C031F4P6, STM32C031F6P3, STM32C031F6P6, STM32C031G4U3, STM32C031G4U6, STM32C031G6U3, STM32C031G6U6, STM32C031K4T3, STM32C031K4T6, STM32C031K4U3, STM32C031K4U6, STM32C031K6T3, STM32C031K6T6, STM32C031K6U3, STM32C031K6U6, STM32G071K8TXN, STM32G071K8UXN, STM32G081GBU6N, STM32G081KBT6N, STM32G081KBUXN, STM32G0B1CCT6N, STM32G0B1KCT6, STM32G0B1NEY6TR, STM32G0B1RCT6N, STM32G0C1CCT6, STM32G0C1CCT6N, STM32G0C1CCU6N, STM32G0C1CET6N, STM32G0C1CEU6N, STM32G0C1KCT6, STM32G0C1NEY6TR, STM32G0C1RCI6N, STM32G0C1RCT6N, STM32G0C1REI6N, STM32G0C1RET6N, STM32G0C1VCI6, STM32G0C1VEI6, STM32G471CCT6, STM32G471CCU6, STM32G471CET3, STM32G471CET6, STM32G471CEU3, STM32G471CEU6, STM32G471MCT6, STM32G471MET3, STM32G471MET6, STM32G471MEY6TR, STM32G471QCT6, STM32G471QET3, STM32G471RCT6, STM32G471RET3, STM32G471RET6, STM32G471VCH6, STM32G471VCI6, STM32G471VCT6, STM32G471VEH3, STM32G471VEH6, STM32G471VEI3, STM32G471VEI6, STM32G471VET3, STM32G471VET6, STM32G474CCT6, STM32H503CBT6, STM32H503CBU6, STM32H503EBY6TR, STM32H503KBU6, STM32H503RBT6, STM32H562AGI6, STM32H562AII6, STM32H562IGK6, STM32H562IGT6, STM32H562IIK6, STM32H562IIT6, STM32H562RGT6, STM32H562RGV6, STM32H562RIT6, STM32H562RIV6, STM32H562VGT6, STM32H562VIT6, STM32H562ZGT6, STM32H562ZIT6, STM32H563AGI6, STM32H563AII3Q, STM32H563AII6, STM32H563IGK6, STM32H563IGT6, STM32H563IIK3Q, STM32H563IIK6, STM32H563IIT3Q, STM32H563IIT6, STM32H563MIY3QTR, STM32H563RGT6, STM32H563RGV6, STM32H563RIT6, STM32H563RIV6, STM32H563VGT6, STM32H563VIT3Q, STM32H563VIT6, STM32H563ZGT6, STM32H563ZIT3Q, STM32H563ZIT6, STM32H573AII3Q, STM32H573AII6, STM32H573I-DK, STM32H573IIK3Q, STM32H573IIK6, STM32H573IIT3Q, STM32H573IIT6, STM32H573MIY3QTR, STM32H573RIT6, STM32H573RIV6, STM32H573VIT3Q, STM32H573VIT6, STM32H573ZIT3Q, STM32H573ZIT6, STM32L4R5QGI6STR, STM32MP131AAE3, STM32MP131AAF3, STM32MP131AAG3, STM32MP131CAE3, STM32MP131CAF3, STM32MP131CAG3, STM32MP131DAE7, STM32MP131DAF7, STM32MP131DAG7, STM32MP131FAE7, STM32MP131FAF7, STM32MP131FAG7, STM32MP133AAE3, STM32MP133AAF3, STM32MP133AAG3, STM32MP133CAE3, STM32MP133CAF3, STM32MP133CAG3, STM32MP133DAE7, STM32MP133DAF7, STM32MP133DAG7, STM32MP133FAE7, STM32MP133FAF7, STM32MP133FAG7, STM32MP135AAE3, STM32MP135AAF3, STM32MP135AAG3, STM32MP135CAE3, STM32MP135CAF3, STM32MP135CAG3, STM32MP135DAE7, STM32MP135DAF7, STM32MP135DAG7, STM32MP135F-DK, STM32MP135FAE7, STM32MP135FAF7, STM32MP135FAF7T, STM32MP135FAF7U, STM32MP135FAG7, STM32U535CBT6, STM32U535CBT6Q, STM32U535CBU6, STM32U535CBU6Q, STM32U535CCT6, STM32U535CCT6Q, STM32U535CCU6, STM32U535CCU6Q, STM32U535CET6, STM32U535CET6Q, STM32U535CEU6, STM32U535CEU6Q, STM32U535JEY6QTR, STM32U535NCY6QTR, STM32U535NEY6QTR, STM32U535RBI6, STM32U535RBI6Q, STM32U535RBT6, STM32U535RBT6Q, STM32U535RCI6, STM32U535RCI6Q, STM32U535RCT6, STM32U535RCT6Q, STM32U535REI6, STM32U535REI6Q, STM32U535RET6, STM32U535RET6Q, STM32U535VCI6, STM32U535VCI6Q, STM32U535VCT6, STM32U535VCT6Q, STM32U535VEI6, STM32U535VEI6Q, STM32U535VET6, STM32U535VET6Q, STM32U545CET6, STM32U545CET6Q, STM32U545CEU6, STM32U545CEU6Q, STM32U545JEY6QTR, STM32U545NEY6QTR, STM32U545REI6, STM32U545REI6Q, STM32U545RET6, STM32U545RET6Q, STM32U545VEI6, STM32U545VEI6Q, STM32U545VET6, STM32U545VET6Q, STM32U595AIH6, STM32U595AIH6Q, STM32U595AJH6, STM32U595AJH6Q, STM32U595QII6, STM32U595QII6Q, STM32U595QJI6, STM32U595QJI6Q, STM32U595RIT6, STM32U595RIT6Q, STM32U595RJT6, STM32U595RJT6Q, STM32U595VIT6, STM32U595VIT6Q, STM32U595VJT6, STM32U595VJT6Q, STM32U595ZIT6, STM32U595ZIT6Q, STM32U595ZIY6QTR, STM32U595ZJT6, STM32U595ZJT6Q, STM32U595ZJY6QTR, STM32U599BJY6QTR, STM32U599NIH6Q, STM32U599NJH6Q, STM32U599VIT6Q, STM32U599VJT6, STM32U599VJT6Q, STM32U599ZIT6Q, STM32U599ZIY6QTR, STM32U599ZJT6Q, STM32U599ZJY6QTR, STM32U5A5AJH6, STM32U5A5AJH6Q, STM32U5A5QJI6, STM32U5A5QJI6Q, STM32U5A5RJT6, STM32U5A5RJT6Q, STM32U5A5VJT6, STM32U5A5VJT6Q, STM32U5A5ZJT6, STM32U5A5ZJT6Q, STM32U5A5ZJY6QTR, STM32U5A9BJY6QTR, STM32U5A9J-DK, STM32U5A9NJH6Q, STM32U5A9VJT6Q, STM32U5A9ZJT6Q, STM32U5A9ZJY6QTR, STM32U5F7VIT6, STM32U5F7VIT6Q, STM32U5F7VJT6, STM32U5F7VJT6Q, STM32U5F9BJY6QTR, STM32U5F9NJH6Q, STM32U5F9VIT6Q, STM32U5F9VJT6Q, STM32U5F9ZIJ6QTR, STM32U5F9ZIT6Q, STM32U5F9ZJJ6QTR, STM32U5F9ZJT6Q, STM32U5G7VJT6, STM32U5G7VJT6Q, STM32U5G9BJY6QTR, STM32U5G9J-DK1, STM32U5G9J-DK2, STM32U5G9NJH6Q, STM32U5G9VJT6Q, STM32U5G9ZJJ6QTR, STM32U5G9ZJT6Q, STM32WB1MMCH6, STM32WBA52CEU6, STM32WBA52CEU6T, STM32WBA52CGU6, STM32WBA52CGU6T, STM32WBA52KEU6, STM32WBA52KEU6T, STM32WBA52KGU6, STM32WBA52KGU6T, STM32WL5MOCH6, STM32WL5MOCH6TR]
2026-05-08 19:49:10,773 [INFO] BoardInfo:880 - No configuration file found for board B-WBA5M-WPAN
2026-05-08 19:49:10,773 [INFO] DbBoards:157 - Board is not supported: B-WBA5M-WPAN
2026-05-08 19:49:10,775 [INFO] BoardInfo:880 - No configuration file found for board NUCLEO-C051C8
2026-05-08 19:49:10,775 [INFO] DbBoards:157 - Board is not supported: NUCLEO-C051C8
2026-05-08 19:49:10,776 [INFO] BoardInfo:880 - No configuration file found for board NUCLEO-C071RB
2026-05-08 19:49:10,776 [INFO] DbBoards:157 - Board is not supported: NUCLEO-C071RB
2026-05-08 19:49:10,777 [INFO] BoardInfo:880 - No configuration file found for board NUCLEO-C092RC
2026-05-08 19:49:10,777 [INFO] DbBoards:157 - Board is not supported: NUCLEO-C092RC
2026-05-08 19:49:10,808 [INFO] BoardInfo:880 - No configuration file found for board NUCLEO-H533RE
2026-05-08 19:49:10,808 [INFO] DbBoards:157 - Board is not supported: NUCLEO-H533RE
2026-05-08 19:49:10,809 [INFO] BoardInfo:880 - No configuration file found for board NUCLEO-H5E5ZJ
2026-05-08 19:49:10,810 [INFO] DbBoards:157 - Board is not supported: NUCLEO-H5E5ZJ
2026-05-08 19:49:10,815 [INFO] BoardInfo:880 - No configuration file found for board NUCLEO-H7S3L8
2026-05-08 19:49:10,815 [INFO] DbBoards:157 - Board is not supported: NUCLEO-H7S3L8
2026-05-08 19:49:10,829 [INFO] BoardInfo:880 - No configuration file found for board NUCLEO-N657X0-Q
2026-05-08 19:49:10,829 [INFO] DbBoards:157 - Board is not supported: NUCLEO-N657X0-Q
2026-05-08 19:49:10,830 [INFO] BoardInfo:880 - No configuration file found for board NUCLEO-U031R8
2026-05-08 19:49:10,830 [INFO] DbBoards:157 - Board is not supported: NUCLEO-U031R8
2026-05-08 19:49:10,831 [INFO] BoardInfo:880 - No configuration file found for board NUCLEO-U083RC
2026-05-08 19:49:10,831 [INFO] DbBoards:157 - Board is not supported: NUCLEO-U083RC
2026-05-08 19:49:10,832 [INFO] BoardInfo:880 - No configuration file found for board NUCLEO-U385RG-Q
2026-05-08 19:49:10,832 [INFO] DbBoards:157 - Board is not supported: NUCLEO-U385RG-Q
2026-05-08 19:49:10,832 [INFO] BoardInfo:880 - No configuration file found for board NUCLEO-U3C5ZI-Q
2026-05-08 19:49:10,832 [INFO] DbBoards:157 - Board is not supported: NUCLEO-U3C5ZI-Q
2026-05-08 19:49:10,835 [INFO] BoardInfo:880 - No configuration file found for board NUCLEO-WB05KZ
2026-05-08 19:49:10,835 [INFO] DbBoards:157 - Board is not supported: NUCLEO-WB05KZ
2026-05-08 19:49:10,836 [INFO] BoardInfo:880 - No configuration file found for board NUCLEO-WB07CC
2026-05-08 19:49:10,836 [INFO] DbBoards:157 - Board is not supported: NUCLEO-WB07CC
2026-05-08 19:49:10,837 [INFO] BoardInfo:880 - No configuration file found for board NUCLEO-WB09KE
2026-05-08 19:49:10,837 [INFO] DbBoards:157 - Board is not supported: NUCLEO-WB09KE
2026-05-08 19:49:10,839 [INFO] BoardInfo:880 - No configuration file found for board NUCLEO-WBA25CE1
2026-05-08 19:49:10,839 [INFO] DbBoards:157 - Board is not supported: NUCLEO-WBA25CE1
2026-05-08 19:49:10,840 [INFO] BoardInfo:880 - No configuration file found for board NUCLEO-WBA55CG
2026-05-08 19:49:10,840 [INFO] DbBoards:157 - Board is not supported: NUCLEO-WBA55CG
2026-05-08 19:49:10,841 [INFO] BoardInfo:880 - No configuration file found for board NUCLEO-WBA65RI
2026-05-08 19:49:10,841 [INFO] DbBoards:157 - Board is not supported: NUCLEO-WBA65RI
2026-05-08 19:49:10,842 [INFO] BoardInfo:880 - No configuration file found for board NUCLEO-WL33CC1
2026-05-08 19:49:10,842 [INFO] DbBoards:157 - Board is not supported: NUCLEO-WL33CC1
2026-05-08 19:49:10,842 [INFO] BoardInfo:880 - No configuration file found for board NUCLEO-WL33CC2
2026-05-08 19:49:10,842 [INFO] DbBoards:157 - Board is not supported: NUCLEO-WL33CC2
2026-05-08 19:49:10,843 [INFO] BoardInfo:880 - No configuration file found for board NUCLEO-WL3RKB1
2026-05-08 19:49:10,843 [INFO] DbBoards:157 - Board is not supported: NUCLEO-WL3RKB1
2026-05-08 19:49:10,844 [INFO] BoardInfo:880 - No configuration file found for board NUCLEO-WL3RKB2
2026-05-08 19:49:10,844 [INFO] DbBoards:157 - Board is not supported: NUCLEO-WL3RKB2
2026-05-08 19:49:10,847 [INFO] BoardInfo:880 - No configuration file found for board P-NUCLEO-WB55
2026-05-08 19:49:10,847 [INFO] DbBoards:157 - Kit is not supported: P-NUCLEO-WB55
2026-05-08 19:49:10,850 [INFO] BoardInfo:880 - No configuration file found for board STEVAL-BFA001V1B
2026-05-08 19:49:10,850 [INFO] DbBoards:157 - Kit is not supported: STEVAL-BFA001V1B
2026-05-08 19:49:10,851 [INFO] BoardInfo:880 - No configuration file found for board STEVAL-BFA001V2B
2026-05-08 19:49:10,851 [INFO] DbBoards:157 - Kit is not supported: STEVAL-BFA001V2B
2026-05-08 19:49:10,853 [INFO] BoardInfo:880 - No configuration file found for board STEVAL-MKBOXPRO
2026-05-08 19:49:10,853 [INFO] DbBoards:157 - Board is not supported: STEVAL-MKBOXPRO
2026-05-08 19:49:10,893 [INFO] BoardInfo:880 - No configuration file found for board STM32H5F5J-DK
2026-05-08 19:49:10,893 [INFO] DbBoards:157 - Board is not supported: STM32H5F5J-DK
2026-05-08 19:49:10,903 [INFO] BoardInfo:880 - No configuration file found for board STM32H7S78-DK
2026-05-08 19:49:10,903 [INFO] DbBoards:157 - Board is not supported: STM32H7S78-DK
2026-05-08 19:49:10,917 [INFO] BoardInfo:880 - No configuration file found for board STM32MP215F-DK
2026-05-08 19:49:10,917 [INFO] DbBoards:157 - Board is not supported: STM32MP215F-DK
2026-05-08 19:49:10,917 [INFO] BoardInfo:880 - No configuration file found for board STM32MP257F-DK
2026-05-08 19:49:10,917 [INFO] DbBoards:157 - Board is not supported: STM32MP257F-DK
2026-05-08 19:49:10,918 [INFO] BoardInfo:880 - No configuration file found for board STM32MP257F-EV1
2026-05-08 19:49:10,918 [INFO] DbBoards:157 - Board is not supported: STM32MP257F-EV1
2026-05-08 19:49:10,919 [INFO] BoardInfo:880 - No configuration file found for board STM32N6570-DK
2026-05-08 19:49:10,919 [INFO] DbBoards:157 - Board is not supported: STM32N6570-DK
2026-05-08 19:49:10,920 [INFO] BoardInfo:880 - No configuration file found for board STM32U083C-DK
2026-05-08 19:49:10,920 [INFO] DbBoards:157 - Board is not supported: STM32U083C-DK
2026-05-08 19:49:10,925 [INFO] BoardInfo:880 - No configuration file found for board STM32WBA55G-DK1
2026-05-08 19:49:10,925 [INFO] DbBoards:157 - Board is not supported: STM32WBA55G-DK1
2026-05-08 19:49:10,925 [INFO] BoardInfo:880 - No configuration file found for board STM32WBA65I-DK1
2026-05-08 19:49:10,925 [INFO] DbBoards:157 - Board is not supported: STM32WBA65I-DK1
2026-05-08 19:49:10,925 [INFO] DbBoards:161 - Found 218 boards, 183 are supported
2026-05-08 19:49:10,930 [INFO] ApiDb:423 - Load user favorites file C:\Users\Admin/.stm32cubeide/favorites.boards.txt: 0 item(s)
2026-05-08 19:49:10,930 [INFO] ApiDb:427 - User favorites Boards=[]
2026-05-08 19:49:10,930 [INFO] DbBoards:190 - Set 0 / 0 favorites Boards
2026-05-08 19:49:10,935 [ERROR] TargetSelectorAdapter:267 - Unable to refresh data
2026-05-08 19:49:10,958 [INFO] McuFinderGlobals:76 - Set McuFinderConnectedMode to true
2026-05-08 19:49:10,958 [INFO] MultiScanPanel:200 - Auto-refresh data requested => check proxy status ongoing
2026-05-08 19:49:10,958 [INFO] FinderPluginLoader:95 - Searching for filters in installed packs
2026-05-08 19:49:11,640 [INFO] LoadUrlFilesThread:185 - End of LoadServerUrlFiles without Thread
2026-05-08 19:49:11,641 [INFO] DetailPanel:341 - Set advertising image to C:/Users/Admin/STM32Cube/Repository/\en.prom-stm32wba2-stm32-nucleo-board-0426.png
2026-05-08 19:50:12,876 [INFO] McuResultTable:1395 - Mark MCU STM32F103C8T6 as favorite
2026-05-08 19:50:26,557 [INFO] MainUpdater:2868 - connection check result : 10
2026-05-08 19:50:26,557 [INFO] MainUpdater:2868 - connection check result : 10
2026-05-08 19:50:26,950 [INFO] MicroXplorer:468 - Change Database Path : 
2026-05-08 19:50:26,950 [INFO] MicroXplorer:498 - Change Database Version : DB.6.0.91
2026-05-08 19:50:26,964 [WARN] ThirdParty:871 - waiting for thirdparty lock release [close project]
2026-05-08 19:50:26,964 [INFO] ThirdParty:873 - entering critical section [close project]
2026-05-08 19:50:26,964 [INFO] ThirdParty:883 - exiting critical section [close project]
2026-05-08 19:50:26,965 [INFO] PinOutPanel:1499 - setPackage(No Configuration,No Configuration)
2026-05-08 19:50:26,969 [INFO] UtilMem:75 - Begin LoadConfig() Used Memory: 814112592 Bytes (1073741824)
2026-05-08 19:50:26,969 [INFO] MicroXplorer:468 - Change Database Path : 
2026-05-08 19:50:26,969 [INFO] MicroXplorer:498 - Change Database Version : DB.6.0.91
2026-05-08 19:50:26,970 [INFO] OpenFileManager:308 - Change cursor
2026-05-08 19:50:26,997 [INFO] Mcu:1946 - Initializing MCU STM32F103C8Tx STM32F103C8Tx STM32F103C8T6
2026-05-08 19:50:27,280 [INFO] Context:659 - Trying to add GPIOservice into a context  which must be forbidden
2026-05-08 19:50:27,351 [INFO] ImportTextPane:194 - (OptionalMessage_ERROR) Unable to find key (Mcu.ThirdPartyNb) in loaded IOC file
2026-05-08 19:50:27,351 [INFO] ImportTextPane:194 - (OptionalMessage_ERROR) Unable to find key (Mcu.PinsNb) in loaded IOC file
2026-05-08 19:50:27,351 [INFO] ImportTextPane:194 - (OptionalMessage_ERROR) Unable to find key (Mcu.IPNb) in loaded IOC file
2026-05-08 19:50:27,358 [WARN] ModelIntegratedComponent:63 - No mode defined for component null
2026-05-08 19:50:27,359 [WARN] ModelIntegratedComponent:63 - No mode defined for component null
2026-05-08 19:50:27,359 [WARN] ModelIntegratedComponent:63 - No mode defined for component null
2026-05-08 19:50:27,359 [WARN] ModelIntegratedComponent:63 - No mode defined for component null
2026-05-08 19:50:27,359 [WARN] ModelIntegratedComponent:63 - No mode defined for component null
2026-05-08 19:50:27,359 [WARN] ModelIntegratedComponent:63 - No mode defined for component null
2026-05-08 19:50:27,359 [WARN] ModelIntegratedComponent:63 - No mode defined for component null
2026-05-08 19:50:27,359 [WARN] ModelIntegratedComponent:63 - No mode defined for component null
2026-05-08 19:50:27,359 [WARN] ModelIntegratedComponent:63 - No mode defined for component null
2026-05-08 19:50:27,359 [WARN] ModelIntegratedComponent:63 - No mode defined for component null
2026-05-08 19:50:27,359 [WARN] ModelIntegratedComponent:63 - No mode defined for component null
2026-05-08 19:50:27,359 [WARN] ModelIntegratedComponent:63 - No mode defined for component null
2026-05-08 19:50:27,359 [WARN] ModelIntegratedComponent:63 - No mode defined for component null
2026-05-08 19:50:27,359 [WARN] ModelIntegratedComponent:63 - No mode defined for component null
2026-05-08 19:50:27,359 [WARN] ModelIntegratedComponent:63 - No mode defined for component null
2026-05-08 19:50:27,359 [WARN] ModelIntegratedComponent:63 - No mode defined for component null
2026-05-08 19:50:27,359 [WARN] ModelIntegratedComponent:63 - No mode defined for component null
2026-05-08 19:50:27,359 [WARN] ModelIntegratedComponent:63 - No mode defined for component null
2026-05-08 19:50:27,359 [WARN] ModelIntegratedComponent:63 - No mode defined for component null
2026-05-08 19:50:27,359 [WARN] ModelIntegratedComponent:63 - No mode defined for component null
2026-05-08 19:50:27,359 [WARN] ModelIntegratedComponent:63 - No mode defined for component null
2026-05-08 19:50:27,359 [WARN] ModelIntegratedComponent:63 - No mode defined for component null
2026-05-08 19:50:27,359 [WARN] ModelIntegratedComponent:63 - No mode defined for component null
2026-05-08 19:50:27,359 [WARN] ModelIntegratedComponent:63 - No mode defined for component null
2026-05-08 19:50:27,359 [WARN] ModelIntegratedComponent:63 - No mode defined for component null
2026-05-08 19:50:27,359 [WARN] ModelIntegratedComponent:63 - No mode defined for component null
2026-05-08 19:50:27,359 [WARN] ModelIntegratedComponent:63 - No mode defined for component null
2026-05-08 19:50:27,359 [WARN] ModelIntegratedComponent:63 - No mode defined for component null
2026-05-08 19:50:27,359 [WARN] ModelIntegratedComponent:63 - No mode defined for component null
2026-05-08 19:50:27,359 [WARN] ModelIntegratedComponent:63 - No mode defined for component null
2026-05-08 19:50:27,359 [WARN] ModelIntegratedComponent:63 - No mode defined for component null
2026-05-08 19:50:27,359 [WARN] ModelIntegratedComponent:63 - No mode defined for component null
2026-05-08 19:50:27,360 [WARN] ModelIntegratedComponent:63 - No mode defined for component null
2026-05-08 19:50:27,361 [INFO] RtosManager:555 - Registered RTOS mode: class=CMSIS, group=RTOS, mode=CMSIS_V1, owner=FREERTOS
2026-05-08 19:50:27,362 [INFO] RtosManager:555 - Registered RTOS mode: class=CMSIS, group=RTOS2, mode=CMSIS_V2, owner=FREERTOS
2026-05-08 19:50:27,362 [INFO] RtosManager:555 - Registered RTOS mode: class=RTOS, group=Core, mode=CMSIS_V1, owner=FREERTOS
2026-05-08 19:50:27,362 [INFO] RtosManager:555 - Registered RTOS mode: class=RTOS, group=Core, mode=CMSIS_V2, owner=FREERTOS
2026-05-08 19:50:27,362 [WARN] ModelIntegratedComponent:184 - Missing modes for component STMicroelectronics:FreeRTOS:0.0.1:STMicroelectronics:RTOS:FreeRTOS:Core:::10.2.0:
2026-05-08 19:50:27,367 [INFO] ThirdPartyModel:298 - Start build external matchings
2026-05-08 19:50:27,377 [INFO] ThirdPartyModel:316 - End build external matchings
2026-05-08 19:50:27,514 [INFO] UtilMem:75 - End LoadConfig() Used Memory: 742119912 Bytes (1073741824)
2026-05-08 19:50:27,526 [WARN] ThirdParty:833 - waiting for thirdparty lock release [change project]
2026-05-08 19:50:27,526 [INFO] ThirdParty:835 - entering critical section [change project]
2026-05-08 19:50:27,526 [INFO] ThirdParty:1030 - CMSIS Pack Vendor :STMicroelectronics USBPD 4.1
2026-05-08 19:50:27,526 [INFO] ThirdParty:1030 - CMSIS Pack Vendor :STMicroelectronics X-CUBE-DISPLAY 3.0.0
2026-05-08 19:50:27,526 [INFO] ThirdParty:1030 - CMSIS Pack Vendor :STMicroelectronics USB_HOST 2.0.0
2026-05-08 19:50:27,527 [INFO] ThirdParty:1030 - CMSIS Pack Vendor :STMicroelectronics X-CUBE-AZRTOS-F4 1.1.0
2026-05-08 19:50:27,527 [INFO] ThirdParty:1030 - CMSIS Pack Vendor :STMicroelectronics LIBJPEG 8.0.0
2026-05-08 19:50:27,527 [INFO] ThirdParty:1030 - CMSIS Pack Vendor :STMicroelectronics FP-ATR-SIGFOX1 3.2.0
2026-05-08 19:50:27,527 [INFO] ThirdParty:1030 - CMSIS Pack Vendor :STMicroelectronics X-CUBE-SMBUS 2.1.0
2026-05-08 19:50:27,527 [INFO] ThirdParty:1030 - CMSIS Pack Vendor :STMicroelectronics USB_DEVICE 3.0.0
2026-05-08 19:50:27,527 [INFO] ThirdParty:1030 - CMSIS Pack Vendor :STMicroelectronics HAL Drivers 0.0.0
2026-05-08 19:50:27,527 [INFO] ThirdParty:1030 - CMSIS Pack Vendor :STMicroelectronics MBEDTLS 2.16.2
2026-05-08 19:50:27,527 [INFO] ThirdParty:1030 - CMSIS Pack Vendor :STMicroelectronics MBEDTLS 2.14.1
2026-05-08 19:50:27,527 [INFO] ThirdParty:1030 - CMSIS Pack Vendor :STMicroelectronics X-CUBE-AZRTOS-F7 1.1.0
2026-05-08 19:50:27,527 [INFO] ThirdParty:1030 - CMSIS Pack Vendor :STMicroelectronics USB_DEVICE 2.0.0
2026-05-08 19:50:27,527 [INFO] ThirdParty:1030 - CMSIS Pack Vendor :STMicroelectronics ThreadX 1.0.0
2026-05-08 19:50:27,527 [INFO] ThirdParty:1030 - CMSIS Pack Vendor :STMicroelectronics X-CUBE-AZRTOS-WL 2.0.0
2026-05-08 19:50:27,527 [INFO] ThirdParty:1030 - CMSIS Pack Vendor :STMicroelectronics FreeRTOS 0.0.1
2026-05-08 19:50:27,527 [INFO] ThirdParty:1030 - CMSIS Pack Vendor :STMicroelectronics X-CUBE-AZRTOS-G0 1.1.0
2026-05-08 19:50:27,527 [INFO] ThirdParty:1030 - CMSIS Pack Vendor :STMicroelectronics USB_DEVICE 1.0.0
2026-05-08 19:50:27,527 [INFO] ThirdParty:1030 - CMSIS Pack Vendor :STMicroelectronics X-CUBE-SUBG2 5.0.0
2026-05-08 19:50:27,527 [INFO] ThirdParty:1030 - CMSIS Pack Vendor :STMicroelectronics X-CUBE-NFC4 3.0.0
2026-05-08 19:50:27,527 [INFO] ThirdParty:1030 - CMSIS Pack Vendor :STMicroelectronics STM32_WPAN 1.0.0
2026-05-08 19:50:27,527 [INFO] ThirdParty:1030 - CMSIS Pack Vendor :STMicroelectronics X-CUBE-AZRTOS-L4 2.0.0
2026-05-08 19:50:27,527 [INFO] ThirdParty:1030 - CMSIS Pack Vendor :STMicroelectronics ThreadX 0.0.2
2026-05-08 19:50:27,527 [INFO] ThirdParty:1030 - CMSIS Pack Vendor :STMicroelectronics lwIP 2.0.3
2026-05-08 19:50:27,527 [INFO] ThirdParty:1030 - CMSIS Pack Vendor :STMicroelectronics lwIP 2.1.2
2026-05-08 19:50:27,527 [INFO] ThirdParty:1030 - CMSIS Pack Vendor :STMicroelectronics X-CUBE-SFXS2LP1 4.0.0
2026-05-08 19:50:27,527 [INFO] ThirdParty:1030 - CMSIS Pack Vendor :STMicroelectronics X-CUBE-BLE2 3.3.0
2026-05-08 19:50:27,527 [INFO] ThirdParty:1030 - CMSIS Pack Vendor :STMicroelectronics USB_HOST 1.0.0
2026-05-08 19:50:27,527 [INFO] ThirdParty:1030 - CMSIS Pack Vendor :STMicroelectronics X-CUBE-AZRTOS-G4 2.0.0
2026-05-08 19:50:27,527 [INFO] ThirdParty:1030 - CMSIS Pack Vendor :STMicroelectronics PDM2PCM 3.1.0
2026-05-08 19:50:27,527 [INFO] ThirdParty:1030 - CMSIS Pack Vendor :STMicroelectronics PDM2PCM 3.2.0
2026-05-08 19:50:27,527 [INFO] ThirdParty:1030 - CMSIS Pack Vendor :STMicroelectronics PDM2PCM 3.3.0
2026-05-08 19:50:27,527 [INFO] ThirdParty:841 - exiting critical section [change project]
2026-05-08 19:50:27,610 [INFO] PinOutPanel:1499 - setPackage(No Configuration,No Configuration)
2026-05-08 19:50:27,611 [INFO] PinOutPanel:1499 - setPackage(STM32F103C8Tx,LQFP48)
2026-05-08 19:50:27,719 [INFO] UtilMem:75 - Before build in PCC Used Memory: 823566744 Bytes (1073741824)
2026-05-08 19:50:27,884 [INFO] UtilMem:75 - After build in PCC Used Memory: 866152776 Bytes (1073741824)
2026-05-08 19:50:27,898 [INFO] IPUIPlugin:80 - create IPUIPlugin
2026-05-08 19:50:27,898 [INFO] IPUIPlugin:80 - create IPUIPlugin
2026-05-08 19:50:27,899 [INFO] IPUIPlugin:80 - create IPUIPlugin
2026-05-08 19:50:27,899 [INFO] IPUIPlugin:80 - create IPUIPlugin
2026-05-08 19:50:27,899 [INFO] IPUIPlugin:80 - create IPUIPlugin
2026-05-08 19:50:27,899 [INFO] IPUIPlugin:80 - create IPUIPlugin
2026-05-08 19:50:27,899 [INFO] IPUIPlugin:80 - create IPUIPlugin
2026-05-08 19:50:27,899 [INFO] IPUIPlugin:80 - create IPUIPlugin
2026-05-08 19:50:27,899 [INFO] IPUIPlugin:80 - create IPUIPlugin
2026-05-08 19:50:27,899 [INFO] IPUIPlugin:80 - create IPUIPlugin
2026-05-08 19:50:27,899 [INFO] IPUIPlugin:80 - create IPUIPlugin
2026-05-08 19:50:27,899 [INFO] IPUIPlugin:80 - create IPUIPlugin
2026-05-08 19:50:27,899 [INFO] IPUIPlugin:80 - create IPUIPlugin
2026-05-08 19:50:27,900 [INFO] IPUIPlugin:80 - create IPUIPlugin
2026-05-08 19:50:27,900 [INFO] IPUIPlugin:80 - create IPUIPlugin
2026-05-08 19:50:27,900 [INFO] IPUIPlugin:80 - create IPUIPlugin
2026-05-08 19:50:27,900 [INFO] IPUIPlugin:80 - create IPUIPlugin
2026-05-08 19:50:27,900 [INFO] IPUIPlugin:80 - create IPUIPlugin
2026-05-08 19:50:27,900 [INFO] IPUIPlugin:80 - create IPUIPlugin
2026-05-08 19:50:27,900 [INFO] IPUIPlugin:80 - create IPUIPlugin
2026-05-08 19:50:27,900 [INFO] IPUIPlugin:80 - create IPUIPlugin
2026-05-08 19:50:27,900 [INFO] IPUIPlugin:80 - create IPUIPlugin
2026-05-08 19:50:27,900 [INFO] IPUIPlugin:80 - create IPUIPlugin
2026-05-08 19:50:27,901 [INFO] IPUIPlugin:80 - create IPUIPlugin
2026-05-08 19:50:27,901 [INFO] IPUIPlugin:80 - create IPUIPlugin
2026-05-08 19:50:27,901 [INFO] IPUIPlugin:80 - create IPUIPlugin
2026-05-08 19:50:27,902 [INFO] IPUIPlugin:80 - create IPUIPlugin
2026-05-08 19:50:27,920 [INFO] CADModel:165 - CPN selected for project levelSTM32F103C8T6
2026-05-08 19:50:27,920 [INFO] CADModel:114 - Register for checkConnection events
2026-05-08 19:50:27,962 [INFO] OpenFileManager:328 - Restore cursor
2026-05-08 19:50:28,629 [INFO] UtilMem:75 - End SaveConfig() Used Memory: 704479832 Bytes (1073741824)
2026-05-08 19:50:28,669 [INFO] UtilMem:75 - End SaveConfig() Used Memory: 669838384 Bytes (1073741824)
2026-05-08 19:50:29,006 [INFO] BlockDiagram:2759 - set Specific Code input for plugin: NVIC
2026-05-08 19:50:29,006 [INFO] BlockDiagram:2759 - set Specific Code input for plugin: RCC
2026-05-08 19:50:29,007 [INFO] CodeGenerator:799 - code generatio: config db path: C:\ST\STM32CubeIDE_1.13.1\STM32CubeIDE\plugins\com.st.stm32cube.common.mx_6.9.1.202307191849\\db\
2026-05-08 19:50:29,300 [INFO] CodeEngine:255 - oldGeneratedFile, D:\smart_garden\LORA_V3\MXTmpFiles\license.tmp_save
2026-05-08 19:50:29,799 [INFO] CodeEngine:279 - Generated code: D:\smart_garden\LORA_V3\MXTmpFiles\license.tmp
2026-05-08 19:50:29,808 [INFO] CodeEngine:255 - oldGeneratedFile, D:\smart_garden\LORA_V3\Core\Src\stm32f1xx_it.c_save
2026-05-08 19:50:29,951 [INFO] CodeEngine:279 - Generated code: D:\smart_garden\LORA_V3\Core\Src\stm32f1xx_it.c
2026-05-08 19:50:29,954 [INFO] CodeEngine:255 - oldGeneratedFile, D:\smart_garden\LORA_V3\Core\Inc\stm32f1xx_it.h_save
2026-05-08 19:50:30,075 [INFO] CodeEngine:279 - Generated code: D:\smart_garden\LORA_V3\Core\Inc\stm32f1xx_it.h
2026-05-08 19:50:30,202 [INFO] CodeEngine:255 - oldGeneratedFile, D:\smart_garden\LORA_V3\Core\Src\stm32f1xx_hal_msp.c_save
2026-05-08 19:50:30,347 [INFO] CodeEngine:279 - Generated code: D:\smart_garden\LORA_V3\Core\Src\stm32f1xx_hal_msp.c
2026-05-08 19:50:30,350 [INFO] CodeEngine:255 - oldGeneratedFile, D:\smart_garden\LORA_V3\MXTmpFiles\system.tmp_save
2026-05-08 19:50:30,435 [INFO] CodeEngine:279 - Generated code: D:\smart_garden\LORA_V3\MXTmpFiles\system.tmp
2026-05-08 19:50:30,444 [INFO] CodeEngine:311 - oldGeneratedFile, D:\smart_garden\LORA_V3\Core\Inc\stm32f1xx_hal_conf.h_save
2026-05-08 19:50:30,534 [INFO] CodeEngine:335 - Generated code: D:\smart_garden\LORA_V3\Core\Inc\stm32f1xx_hal_conf.h
2026-05-08 19:50:30,569 [INFO] CodeEngine:255 - oldGeneratedFile, D:\smart_garden\LORA_V3\Core\Inc\main.h_save
2026-05-08 19:50:30,678 [INFO] CodeEngine:279 - Generated code: D:\smart_garden\LORA_V3\Core\Inc\main.h
2026-05-08 19:50:30,681 [INFO] CodeEngine:255 - oldGeneratedFile, D:\smart_garden\LORA_V3\Core\Src\main.c_save
2026-05-08 19:50:30,817 [INFO] CodeEngine:279 - Generated code: D:\smart_garden\LORA_V3\Core\Src\main.c
2026-05-08 19:50:31,442 [INFO] ProjectBuilder:3064 - Time for Copy HAL[1] : 101mS.
2026-05-08 19:50:31,447 [INFO] ProjectBuilder:4404 - Project Generator version: 4.1.0
2026-05-08 19:50:31,660 [INFO] ConfigFileManager:1457 - The Die is : DIE410
2026-05-08 19:50:31,671 [INFO] ApiDbMcu:507 - Load IP Config File for FATFS
2026-05-08 19:50:31,692 [INFO] ApiDbMcu:507 - Load IP Config File for FREERTOS
2026-05-08 19:50:31,697 [INFO] ApiDbMcu:507 - Load IP Config File for USB_DEVICE
2026-05-08 19:50:32,513 [INFO] LogOutputStream:77 - [STDOUT_REDIRECT] 
2026-05-08 19:50:33,636 [INFO] ProjectBuilder:4626 - Time for Generating toolchain IDE Files: 2188mS.
2026-05-08 19:50:33,636 [INFO] ProjectBuilder:2935 - Time for Copy CMSIS : 0mS.
2026-05-08 19:50:33,637 [INFO] ProjectBuilder:2935 - Time for Copy CMSIS : 0mS.
2026-05-08 19:50:34,274 [INFO] McuFinderGlobals:76 - Set McuFinderConnectedMode to true
2026-05-08 19:50:34,277 [INFO] ApiDb:448 - Save user favorites file C:\Users\Admin/.stm32cubeide/favorites.mcus.txt: 1 item(s)
2026-05-08 19:50:34,277 [INFO] ApiDb:452 - User favorites MCUs=[STM32F103C8T6]
2026-05-08 19:55:10,524 [ERROR] LogOutputStream:75 - [STDERR_REDIRECT] java.lang.Error: no ComponentUI class for: com.st.microxplorer.plugins.ip.nvic.CheckBoxHeader[,0,0,0x0,invalid,alignmentX=0.0,alignmentY=0.0,border=,flags=0,maximumSize=,minimumSize=,preferredSize=,defaultIcon=,disabledIcon=,disabledSelectedIcon=,margin=null,paintBorder=true,paintFocus=true,pressedIcon=,rolloverEnabled=false,rolloverIcon=,rolloverSelectedIcon=,selectedIcon=,text=]
2026-05-08 19:55:10,525 [ERROR] LogOutputStream:75 - [STDERR_REDIRECT] 	at java.desktop/javax.swing.UIDefaults.getUIError(UIDefaults.java:763)
2026-05-08 19:55:10,526 [ERROR] LogOutputStream:75 - [STDERR_REDIRECT] 	at java.desktop/javax.swing.MultiUIDefaults.getUIError(MultiUIDefaults.java:144)
2026-05-08 19:55:10,527 [ERROR] LogOutputStream:75 - [STDERR_REDIRECT] 	at java.desktop/javax.swing.UIDefaults.getUI(UIDefaults.java:793)
2026-05-08 19:55:10,528 [ERROR] LogOutputStream:75 - [STDERR_REDIRECT] 	at java.desktop/javax.swing.UIManager.getUI(UIManager.java:1073)
2026-05-08 19:55:10,529 [ERROR] LogOutputStream:75 - [STDERR_REDIRECT] 	at java.desktop/javax.swing.JCheckBox.updateUI(JCheckBox.java:228)
2026-05-08 19:55:10,530 [ERROR] LogOutputStream:75 - [STDERR_REDIRECT] 	at java.desktop/javax.swing.AbstractButton.init(AbstractButton.java:2141)
2026-05-08 19:55:10,531 [ERROR] LogOutputStream:75 - [STDERR_REDIRECT] 	at java.desktop/javax.swing.JToggleButton.<init>(JToggleButton.java:187)
2026-05-08 19:55:10,532 [ERROR] LogOutputStream:75 - [STDERR_REDIRECT] 	at java.desktop/javax.swing.JCheckBox.<init>(JCheckBox.java:176)
2026-05-08 19:55:10,533 [ERROR] LogOutputStream:75 - [STDERR_REDIRECT] 	at java.desktop/javax.swing.JCheckBox.<init>(JCheckBox.java:97)
2026-05-08 19:55:10,534 [ERROR] LogOutputStream:75 - [STDERR_REDIRECT] 	at com.st.microxplorer.plugins.ip.nvic.CheckBoxHeader.<init>(CheckBoxHeader.java:55)
2026-05-08 19:55:10,535 [ERROR] LogOutputStream:75 - [STDERR_REDIRECT] 	at com.st.microxplorer.plugins.ip.nvic.NvicCodeSelectionTable.<init>(NvicCodeSelectionTable.java:75)
2026-05-08 19:55:10,536 [ERROR] LogOutputStream:75 - [STDERR_REDIRECT] 	at com.st.microxplorer.plugins.ip.nvic.NvicCodePanel.initComponents(NvicCodePanel.java:102)
2026-05-08 19:55:10,538 [ERROR] LogOutputStream:75 - [STDERR_REDIRECT] 	at com.st.microxplorer.plugins.ip.nvic.NvicCodePanel.<init>(NvicCodePanel.java:78)
2026-05-08 19:55:10,539 [ERROR] LogOutputStream:75 - [STDERR_REDIRECT] 	at com.st.microxplorer.plugins.ip.nvic.NvicTabbedPanel.<init>(NvicTabbedPanel.java:56)
2026-05-08 19:55:10,540 [ERROR] LogOutputStream:75 - [STDERR_REDIRECT] 	at com.st.microxplorer.plugins.ip.nvic.Nvic.getUI(Nvic.java:73)
2026-05-08 19:55:10,541 [ERROR] LogOutputStream:75 - [STDERR_REDIRECT] 	at com.st.microxplorer.plugins.ipmanager.gui.BlockDiagram.createIpPanel(BlockDiagram.java:422)
2026-05-08 19:55:10,543 [ERROR] LogOutputStream:75 - [STDERR_REDIRECT] 	at com.st.microxplorer.plugins.ipmanager.gui.BlockDiagram.getIPConfigPanel(BlockDiagram.java:560)
2026-05-08 19:55:10,544 [ERROR] LogOutputStream:75 - [STDERR_REDIRECT] 	at com.st.microxplorer.plugins.ipmanager.gui.BlockDiagram.getIPConfigPanel(BlockDiagram.java:466)
2026-05-08 19:55:10,545 [ERROR] LogOutputStream:75 - [STDERR_REDIRECT] 	at com.st.microxplorer.plugins.ipmanager.gui.BlockDiagram.propertyChange(BlockDiagram.java:1387)
2026-05-08 19:55:10,546 [ERROR] LogOutputStream:75 - [STDERR_REDIRECT] 	at java.desktop/java.beans.PropertyChangeSupport.fire(PropertyChangeSupport.java:343)
2026-05-08 19:55:10,548 [ERROR] LogOutputStream:75 - [STDERR_REDIRECT] 	at java.desktop/java.beans.PropertyChangeSupport.firePropertyChange(PropertyChangeSupport.java:335)
2026-05-08 19:55:10,549 [ERROR] LogOutputStream:75 - [STDERR_REDIRECT] 	at java.desktop/java.beans.PropertyChangeSupport.firePropertyChange(PropertyChangeSupport.java:268)
2026-05-08 19:55:10,550 [ERROR] LogOutputStream:75 - [STDERR_REDIRECT] 	at com.st.microxplorer.util.MXPropertyChangeSupport.firePropertyChange(MXPropertyChangeSupport.java:54)
2026-05-08 19:55:10,551 [ERROR] LogOutputStream:75 - [STDERR_REDIRECT] 	at com.st.microxplorer.mxsystem.MxSystem.firePropertyChange(MxSystem.java:358)
2026-05-08 19:55:10,553 [ERROR] LogOutputStream:75 - [STDERR_REDIRECT] 	at com.st.microxplorer.plugins.pinoutconfig.guiV5.PeripheralsSelectionPanel.selectIP(PeripheralsSelectionPanel.java:409)
2026-05-08 19:55:10,555 [ERROR] LogOutputStream:75 - [STDERR_REDIRECT] 	at com.st.microxplorer.plugins.pinoutconfig.guiV5.PeripheralsListListener.mouseClicked(PeripheralsListListener.java:103)
2026-05-08 19:55:10,556 [ERROR] LogOutputStream:75 - [STDERR_REDIRECT] 	at java.desktop/java.awt.AWTEventMulticaster.mouseClicked(AWTEventMulticaster.java:278)
2026-05-08 19:55:10,557 [ERROR] LogOutputStream:75 - [STDERR_REDIRECT] 	at java.desktop/java.awt.Component.processMouseEvent(Component.java:6629)
2026-05-08 19:55:10,558 [ERROR] LogOutputStream:75 - [STDERR_REDIRECT] 	at java.desktop/javax.swing.JComponent.processMouseEvent(JComponent.java:3389)
2026-05-08 19:55:10,559 [ERROR] LogOutputStream:75 - [STDERR_REDIRECT] 	at java.desktop/java.awt.Component.processEvent(Component.java:6391)
2026-05-08 19:55:10,560 [ERROR] LogOutputStream:75 - [STDERR_REDIRECT] 	at java.desktop/java.awt.Container.processEvent(Container.java:2266)
2026-05-08 19:55:10,561 [ERROR] LogOutputStream:75 - [STDERR_REDIRECT] 	at java.desktop/java.awt.Component.dispatchEventImpl(Component.java:5001)
2026-05-08 19:55:10,562 [ERROR] LogOutputStream:75 - [STDERR_REDIRECT] 	at java.desktop/java.awt.Container.dispatchEventImpl(Container.java:2324)
2026-05-08 19:55:10,563 [ERROR] LogOutputStream:75 - [STDERR_REDIRECT] 	at java.desktop/java.awt.Component.dispatchEvent(Component.java:4833)
2026-05-08 19:55:10,564 [ERROR] LogOutputStream:75 - [STDERR_REDIRECT] 	at java.desktop/java.awt.LightweightDispatcher.retargetMouseEvent(Container.java:4948)
2026-05-08 19:55:10,565 [ERROR] LogOutputStream:75 - [STDERR_REDIRECT] 	at java.desktop/java.awt.LightweightDispatcher.processMouseEvent(Container.java:4584)
2026-05-08 19:55:10,566 [ERROR] LogOutputStream:75 - [STDERR_REDIRECT] 	at java.desktop/java.awt.LightweightDispatcher.dispatchEvent(Container.java:4516)
2026-05-08 19:55:10,567 [ERROR] LogOutputStream:75 - [STDERR_REDIRECT] 	at java.desktop/java.awt.Container.dispatchEventImpl(Container.java:2310)
2026-05-08 19:55:10,568 [ERROR] LogOutputStream:75 - [STDERR_REDIRECT] 	at java.desktop/java.awt.Component.dispatchEvent(Component.java:4833)
2026-05-08 19:55:10,569 [ERROR] LogOutputStream:75 - [STDERR_REDIRECT] 	at java.desktop/java.awt.EventQueue.dispatchEventImpl(EventQueue.java:773)
2026-05-08 19:55:10,570 [ERROR] LogOutputStream:75 - [STDERR_REDIRECT] 	at java.desktop/java.awt.EventQueue$4.run(EventQueue.java:722)
2026-05-08 19:55:10,571 [ERROR] LogOutputStream:75 - [STDERR_REDIRECT] 	at java.desktop/java.awt.EventQueue$4.run(EventQueue.java:716)
2026-05-08 19:55:10,572 [ERROR] LogOutputStream:75 - [STDERR_REDIRECT] 	at java.base/java.security.AccessController.doPrivileged(AccessController.java:399)
2026-05-08 19:55:10,573 [ERROR] LogOutputStream:75 - [STDERR_REDIRECT] 	at java.base/java.security.ProtectionDomain$JavaSecurityAccessImpl.doIntersectionPrivilege(ProtectionDomain.java:86)
2026-05-08 19:55:10,575 [ERROR] LogOutputStream:75 - [STDERR_REDIRECT] 	at java.base/java.security.ProtectionDomain$JavaSecurityAccessImpl.doIntersectionPrivilege(ProtectionDomain.java:97)
2026-05-08 19:55:10,576 [ERROR] LogOutputStream:75 - [STDERR_REDIRECT] 	at java.desktop/java.awt.EventQueue$5.run(EventQueue.java:746)
2026-05-08 19:55:10,577 [ERROR] LogOutputStream:75 - [STDERR_REDIRECT] 	at java.desktop/java.awt.EventQueue$5.run(EventQueue.java:744)
2026-05-08 19:55:10,578 [ERROR] LogOutputStream:75 - [STDERR_REDIRECT] 	at java.base/java.security.AccessController.doPrivileged(AccessController.java:399)
2026-05-08 19:55:10,579 [ERROR] LogOutputStream:75 - [STDERR_REDIRECT] 	at java.base/java.security.ProtectionDomain$JavaSecurityAccessImpl.doIntersectionPrivilege(ProtectionDomain.java:86)
2026-05-08 19:55:10,580 [ERROR] LogOutputStream:75 - [STDERR_REDIRECT] 	at java.desktop/java.awt.EventQueue.dispatchEvent(EventQueue.java:743)
2026-05-08 19:55:10,581 [ERROR] LogOutputStream:75 - [STDERR_REDIRECT] 	at java.desktop/java.awt.EventDispatchThread.pumpOneEventForFilters(EventDispatchThread.java:203)
2026-05-08 19:55:10,582 [ERROR] LogOutputStream:75 - [STDERR_REDIRECT] 	at java.desktop/java.awt.EventDispatchThread.pumpEventsForFilter(EventDispatchThread.java:124)
2026-05-08 19:55:10,584 [ERROR] LogOutputStream:75 - [STDERR_REDIRECT] 	at java.desktop/java.awt.EventDispatchThread.pumpEventsForHierarchy(EventDispatchThread.java:113)
2026-05-08 19:55:10,585 [ERROR] LogOutputStream:75 - [STDERR_REDIRECT] 	at java.desktop/java.awt.EventDispatchThread.pumpEvents(EventDispatchThread.java:109)
2026-05-08 19:55:10,586 [ERROR] LogOutputStream:75 - [STDERR_REDIRECT] 	at java.desktop/java.awt.EventDispatchThread.pumpEvents(EventDispatchThread.java:101)
2026-05-08 19:55:10,587 [ERROR] LogOutputStream:75 - [STDERR_REDIRECT] 	at java.desktop/java.awt.EventDispatchThread.run(EventDispatchThread.java:90)
2026-05-08 19:55:10,592 [ERROR] LogOutputStream:75 - [STDERR_REDIRECT] java.lang.Error: no ComponentUI class for: com.st.microxplorer.plugins.ip.nvic.CheckBoxHeader[,0,0,0x0,invalid,alignmentX=0.0,alignmentY=0.0,border=,flags=0,maximumSize=,minimumSize=,preferredSize=,defaultIcon=,disabledIcon=,disabledSelectedIcon=,margin=null,paintBorder=true,paintFocus=true,pressedIcon=,rolloverEnabled=false,rolloverIcon=,rolloverSelectedIcon=,selectedIcon=,text=]
2026-05-08 19:55:10,593 [ERROR] LogOutputStream:75 - [STDERR_REDIRECT] 	at java.desktop/javax.swing.UIDefaults.getUIError(UIDefaults.java:763)
2026-05-08 19:55:10,594 [ERROR] LogOutputStream:75 - [STDERR_REDIRECT] 	at java.desktop/javax.swing.MultiUIDefaults.getUIError(MultiUIDefaults.java:144)
2026-05-08 19:55:10,595 [ERROR] LogOutputStream:75 - [STDERR_REDIRECT] 	at java.desktop/javax.swing.UIDefaults.getUI(UIDefaults.java:793)
2026-05-08 19:55:10,596 [ERROR] LogOutputStream:75 - [STDERR_REDIRECT] 	at java.desktop/javax.swing.UIManager.getUI(UIManager.java:1073)
2026-05-08 19:55:10,597 [ERROR] LogOutputStream:75 - [STDERR_REDIRECT] 	at java.desktop/javax.swing.JCheckBox.updateUI(JCheckBox.java:228)
2026-05-08 19:55:10,598 [ERROR] LogOutputStream:75 - [STDERR_REDIRECT] 	at java.desktop/javax.swing.AbstractButton.init(AbstractButton.java:2141)
2026-05-08 19:55:10,599 [ERROR] LogOutputStream:75 - [STDERR_REDIRECT] 	at java.desktop/javax.swing.JToggleButton.<init>(JToggleButton.java:187)
2026-05-08 19:55:10,600 [ERROR] LogOutputStream:75 - [STDERR_REDIRECT] 	at java.desktop/javax.swing.JCheckBox.<init>(JCheckBox.java:176)
2026-05-08 19:55:10,601 [ERROR] LogOutputStream:75 - [STDERR_REDIRECT] 	at java.desktop/javax.swing.JCheckBox.<init>(JCheckBox.java:97)
2026-05-08 19:55:10,602 [ERROR] LogOutputStream:75 - [STDERR_REDIRECT] 	at com.st.microxplorer.plugins.ip.nvic.CheckBoxHeader.<init>(CheckBoxHeader.java:55)
2026-05-08 19:55:10,604 [ERROR] LogOutputStream:75 - [STDERR_REDIRECT] 	at com.st.microxplorer.plugins.ip.nvic.NvicCodeSelectionTable.<init>(NvicCodeSelectionTable.java:78)
2026-05-08 19:55:10,605 [ERROR] LogOutputStream:75 - [STDERR_REDIRECT] 	at com.st.microxplorer.plugins.ip.nvic.NvicCodePanel.initComponents(NvicCodePanel.java:102)
2026-05-08 19:55:10,607 [ERROR] LogOutputStream:75 - [STDERR_REDIRECT] 	at com.st.microxplorer.plugins.ip.nvic.NvicCodePanel.<init>(NvicCodePanel.java:78)
2026-05-08 19:55:10,608 [ERROR] LogOutputStream:75 - [STDERR_REDIRECT] 	at com.st.microxplorer.plugins.ip.nvic.NvicTabbedPanel.<init>(NvicTabbedPanel.java:56)
2026-05-08 19:55:10,609 [ERROR] LogOutputStream:75 - [STDERR_REDIRECT] 	at com.st.microxplorer.plugins.ip.nvic.Nvic.getUI(Nvic.java:73)
2026-05-08 19:55:10,610 [ERROR] LogOutputStream:75 - [STDERR_REDIRECT] 	at com.st.microxplorer.plugins.ipmanager.gui.BlockDiagram.createIpPanel(BlockDiagram.java:422)
2026-05-08 19:55:10,612 [ERROR] LogOutputStream:75 - [STDERR_REDIRECT] 	at com.st.microxplorer.plugins.ipmanager.gui.BlockDiagram.getIPConfigPanel(BlockDiagram.java:560)
2026-05-08 19:55:10,613 [ERROR] LogOutputStream:75 - [STDERR_REDIRECT] 	at com.st.microxplorer.plugins.ipmanager.gui.BlockDiagram.getIPConfigPanel(BlockDiagram.java:466)
2026-05-08 19:55:10,615 [ERROR] LogOutputStream:75 - [STDERR_REDIRECT] 	at com.st.microxplorer.plugins.ipmanager.gui.BlockDiagram.propertyChange(BlockDiagram.java:1387)
2026-05-08 19:55:10,616 [ERROR] LogOutputStream:75 - [STDERR_REDIRECT] 	at java.desktop/java.beans.PropertyChangeSupport.fire(PropertyChangeSupport.java:343)
2026-05-08 19:55:10,617 [ERROR] LogOutputStream:75 - [STDERR_REDIRECT] 	at java.desktop/java.beans.PropertyChangeSupport.firePropertyChange(PropertyChangeSupport.java:335)
2026-05-08 19:55:10,618 [ERROR] LogOutputStream:75 - [STDERR_REDIRECT] 	at java.desktop/java.beans.PropertyChangeSupport.firePropertyChange(PropertyChangeSupport.java:268)
2026-05-08 19:55:10,619 [ERROR] LogOutputStream:75 - [STDERR_REDIRECT] 	at com.st.microxplorer.util.MXPropertyChangeSupport.firePropertyChange(MXPropertyChangeSupport.java:54)
2026-05-08 19:55:10,621 [ERROR] LogOutputStream:75 - [STDERR_REDIRECT] 	at com.st.microxplorer.mxsystem.MxSystem.firePropertyChange(MxSystem.java:358)
2026-05-08 19:55:10,622 [ERROR] LogOutputStream:75 - [STDERR_REDIRECT] 	at com.st.microxplorer.plugins.pinoutconfig.guiV5.PeripheralsSelectionPanel.selectIP(PeripheralsSelectionPanel.java:409)
2026-05-08 19:55:10,624 [ERROR] LogOutputStream:75 - [STDERR_REDIRECT] 	at com.st.microxplorer.plugins.pinoutconfig.guiV5.PeripheralsListListener.mouseClicked(PeripheralsListListener.java:103)
2026-05-08 19:55:10,625 [ERROR] LogOutputStream:75 - [STDERR_REDIRECT] 	at java.desktop/java.awt.AWTEventMulticaster.mouseClicked(AWTEventMulticaster.java:278)
2026-05-08 19:55:10,626 [ERROR] LogOutputStream:75 - [STDERR_REDIRECT] 	at java.desktop/java.awt.Component.processMouseEvent(Component.java:6629)
2026-05-08 19:55:10,627 [ERROR] LogOutputStream:75 - [STDERR_REDIRECT] 	at java.desktop/javax.swing.JComponent.processMouseEvent(JComponent.java:3389)
2026-05-08 19:55:10,627 [ERROR] LogOutputStream:75 - [STDERR_REDIRECT] 	at java.desktop/java.awt.Component.processEvent(Component.java:6391)
2026-05-08 19:55:10,628 [ERROR] LogOutputStream:75 - [STDERR_REDIRECT] 	at java.desktop/java.awt.Container.processEvent(Container.java:2266)
2026-05-08 19:55:10,629 [ERROR] LogOutputStream:75 - [STDERR_REDIRECT] 	at java.desktop/java.awt.Component.dispatchEventImpl(Component.java:5001)
2026-05-08 19:55:10,630 [ERROR] LogOutputStream:75 - [STDERR_REDIRECT] 	at java.desktop/java.awt.Container.dispatchEventImpl(Container.java:2324)
2026-05-08 19:55:10,631 [ERROR] LogOutputStream:75 - [STDERR_REDIRECT] 	at java.desktop/java.awt.Component.dispatchEvent(Component.java:4833)
2026-05-08 19:55:10,632 [ERROR] LogOutputStream:75 - [STDERR_REDIRECT] 	at java.desktop/java.awt.LightweightDispatcher.retargetMouseEvent(Container.java:4948)
2026-05-08 19:55:10,633 [ERROR] LogOutputStream:75 - [STDERR_REDIRECT] 	at java.desktop/java.awt.LightweightDispatcher.processMouseEvent(Container.java:4584)
2026-05-08 19:55:10,634 [ERROR] LogOutputStream:75 - [STDERR_REDIRECT] 	at java.desktop/java.awt.LightweightDispatcher.dispatchEvent(Container.java:4516)
2026-05-08 19:55:10,635 [ERROR] LogOutputStream:75 - [STDERR_REDIRECT] 	at java.desktop/java.awt.Container.dispatchEventImpl(Container.java:2310)
2026-05-08 19:55:10,636 [ERROR] LogOutputStream:75 - [STDERR_REDIRECT] 	at java.desktop/java.awt.Component.dispatchEvent(Component.java:4833)
2026-05-08 19:55:10,637 [ERROR] LogOutputStream:75 - [STDERR_REDIRECT] 	at java.desktop/java.awt.EventQueue.dispatchEventImpl(EventQueue.java:773)
2026-05-08 19:55:10,638 [ERROR] LogOutputStream:75 - [STDERR_REDIRECT] 	at java.desktop/java.awt.EventQueue$4.run(EventQueue.java:722)
2026-05-08 19:55:10,639 [ERROR] LogOutputStream:75 - [STDERR_REDIRECT] 	at java.desktop/java.awt.EventQueue$4.run(EventQueue.java:716)
2026-05-08 19:55:10,639 [ERROR] LogOutputStream:75 - [STDERR_REDIRECT] 	at java.base/java.security.AccessController.doPrivileged(AccessController.java:399)
2026-05-08 19:55:10,641 [ERROR] LogOutputStream:75 - [STDERR_REDIRECT] 	at java.base/java.security.ProtectionDomain$JavaSecurityAccessImpl.doIntersectionPrivilege(ProtectionDomain.java:86)
2026-05-08 19:55:10,642 [ERROR] LogOutputStream:75 - [STDERR_REDIRECT] 	at java.base/java.security.ProtectionDomain$JavaSecurityAccessImpl.doIntersectionPrivilege(ProtectionDomain.java:97)
2026-05-08 19:55:10,643 [ERROR] LogOutputStream:75 - [STDERR_REDIRECT] 	at java.desktop/java.awt.EventQueue$5.run(EventQueue.java:746)
2026-05-08 19:55:10,643 [ERROR] LogOutputStream:75 - [STDERR_REDIRECT] 	at java.desktop/java.awt.EventQueue$5.run(EventQueue.java:744)
2026-05-08 19:55:10,644 [ERROR] LogOutputStream:75 - [STDERR_REDIRECT] 	at java.base/java.security.AccessController.doPrivileged(AccessController.java:399)
2026-05-08 19:55:10,646 [ERROR] LogOutputStream:75 - [STDERR_REDIRECT] 	at java.base/java.security.ProtectionDomain$JavaSecurityAccessImpl.doIntersectionPrivilege(ProtectionDomain.java:86)
2026-05-08 19:55:10,646 [ERROR] LogOutputStream:75 - [STDERR_REDIRECT] 	at java.desktop/java.awt.EventQueue.dispatchEvent(EventQueue.java:743)
2026-05-08 19:55:10,647 [ERROR] LogOutputStream:75 - [STDERR_REDIRECT] 	at java.desktop/java.awt.EventDispatchThread.pumpOneEventForFilters(EventDispatchThread.java:203)
2026-05-08 19:55:10,648 [ERROR] LogOutputStream:75 - [STDERR_REDIRECT] 	at java.desktop/java.awt.EventDispatchThread.pumpEventsForFilter(EventDispatchThread.java:124)
2026-05-08 19:55:10,649 [ERROR] LogOutputStream:75 - [STDERR_REDIRECT] 	at java.desktop/java.awt.EventDispatchThread.pumpEventsForHierarchy(EventDispatchThread.java:113)
2026-05-08 19:55:10,650 [ERROR] LogOutputStream:75 - [STDERR_REDIRECT] 	at java.desktop/java.awt.EventDispatchThread.pumpEvents(EventDispatchThread.java:109)
2026-05-08 19:55:10,651 [ERROR] LogOutputStream:75 - [STDERR_REDIRECT] 	at java.desktop/java.awt.EventDispatchThread.pumpEvents(EventDispatchThread.java:101)
2026-05-08 19:55:10,652 [ERROR] LogOutputStream:75 - [STDERR_REDIRECT] 	at java.desktop/java.awt.EventDispatchThread.run(EventDispatchThread.java:90)
2026-05-08 19:56:11,049 [INFO] NvicIntPanel:101 - NVIC parent = com.st.microxplorer.plugins.ip.nvic.MultiNvicIntPanel[,0,0,0x0,invalid,layout=javax.swing.BoxLayout,alignmentX=0.0,alignmentY=0.0,border=,flags=9,maximumSize=,minimumSize=,preferredSize=]
2026-05-08 19:56:11,086 [INFO] NvicIntPanel:101 - NVIC parent = com.st.microxplorer.plugins.ip.nvic.MultiNvicIntPanel[,0,0,0x0,invalid,layout=javax.swing.BoxLayout,alignmentX=0.0,alignmentY=0.0,border=,flags=9,maximumSize=,minimumSize=,preferredSize=]
2026-05-08 19:56:13,308 [INFO] NvicIntPanel:101 - NVIC parent = com.st.microxplorer.plugins.ip.nvic.MultiNvicIntPanel[,0,0,0x0,invalid,layout=javax.swing.BoxLayout,alignmentX=0.0,alignmentY=0.0,border=,flags=9,maximumSize=,minimumSize=,preferredSize=]
2026-05-08 19:56:13,343 [INFO] NvicIntPanel:101 - NVIC parent = com.st.microxplorer.plugins.ip.nvic.MultiNvicIntPanel[,0,0,0x0,invalid,layout=javax.swing.BoxLayout,alignmentX=0.0,alignmentY=0.0,border=,flags=9,maximumSize=,minimumSize=,preferredSize=]
2026-05-08 20:00:07,351 [INFO] Gpio:273 - dependency for GPIO [SPI1, SYS]
2026-05-08 20:00:50,613 [INFO] Gpio:273 - dependency for GPIO [SPI1, SYS]
2026-05-08 20:00:50,660 [ERROR] LogOutputStream:75 - [STDERR_REDIRECT] java.lang.Error: no ComponentUI class for: com.st.microxplorer.plugins.ip.nvic.CheckBoxHeader[,0,0,0x0,invalid,alignmentX=0.0,alignmentY=0.0,border=,flags=0,maximumSize=,minimumSize=,preferredSize=,defaultIcon=,disabledIcon=,disabledSelectedIcon=,margin=null,paintBorder=true,paintFocus=true,pressedIcon=,rolloverEnabled=false,rolloverIcon=,rolloverSelectedIcon=,selectedIcon=,text=]
2026-05-08 20:00:50,661 [ERROR] LogOutputStream:75 - [STDERR_REDIRECT] 	at java.desktop/javax.swing.UIDefaults.getUIError(UIDefaults.java:763)
2026-05-08 20:00:50,662 [ERROR] LogOutputStream:75 - [STDERR_REDIRECT] 	at java.desktop/javax.swing.MultiUIDefaults.getUIError(MultiUIDefaults.java:144)
2026-05-08 20:00:50,662 [ERROR] LogOutputStream:75 - [STDERR_REDIRECT] 	at java.desktop/javax.swing.UIDefaults.getUI(UIDefaults.java:793)
2026-05-08 20:00:50,663 [ERROR] LogOutputStream:75 - [STDERR_REDIRECT] 	at java.desktop/javax.swing.UIManager.getUI(UIManager.java:1073)
2026-05-08 20:00:50,664 [ERROR] LogOutputStream:75 - [STDERR_REDIRECT] 	at java.desktop/javax.swing.JCheckBox.updateUI(JCheckBox.java:228)
2026-05-08 20:00:50,665 [ERROR] LogOutputStream:75 - [STDERR_REDIRECT] 	at java.desktop/javax.swing.AbstractButton.init(AbstractButton.java:2141)
2026-05-08 20:00:50,665 [ERROR] LogOutputStream:75 - [STDERR_REDIRECT] 	at java.desktop/javax.swing.JToggleButton.<init>(JToggleButton.java:187)
2026-05-08 20:00:50,666 [ERROR] LogOutputStream:75 - [STDERR_REDIRECT] 	at java.desktop/javax.swing.JCheckBox.<init>(JCheckBox.java:176)
2026-05-08 20:00:50,667 [ERROR] LogOutputStream:75 - [STDERR_REDIRECT] 	at java.desktop/javax.swing.JCheckBox.<init>(JCheckBox.java:97)
2026-05-08 20:00:50,668 [ERROR] LogOutputStream:75 - [STDERR_REDIRECT] 	at com.st.microxplorer.plugins.ip.nvic.CheckBoxHeader.<init>(CheckBoxHeader.java:55)
2026-05-08 20:00:50,669 [ERROR] LogOutputStream:75 - [STDERR_REDIRECT] 	at com.st.microxplorer.plugins.ip.nvic.NvicCodeSelectionTable.<init>(NvicCodeSelectionTable.java:75)
2026-05-08 20:00:50,670 [ERROR] LogOutputStream:75 - [STDERR_REDIRECT] 	at com.st.microxplorer.plugins.ip.nvic.NvicCodePanel.initComponents(NvicCodePanel.java:102)
2026-05-08 20:00:50,671 [ERROR] LogOutputStream:75 - [STDERR_REDIRECT] 	at com.st.microxplorer.plugins.ip.nvic.NvicCodePanel.<init>(NvicCodePanel.java:78)
2026-05-08 20:00:50,671 [ERROR] LogOutputStream:75 - [STDERR_REDIRECT] 	at com.st.microxplorer.plugins.ip.nvic.NvicTabbedPanel.<init>(NvicTabbedPanel.java:56)
2026-05-08 20:00:50,672 [ERROR] LogOutputStream:75 - [STDERR_REDIRECT] 	at com.st.microxplorer.plugins.ip.nvic.Nvic.getUI(Nvic.java:73)
2026-05-08 20:00:50,673 [ERROR] LogOutputStream:75 - [STDERR_REDIRECT] 	at com.st.microxplorer.plugins.ipmanager.gui.BlockDiagram.createIpPanel(BlockDiagram.java:422)
2026-05-08 20:00:50,674 [ERROR] LogOutputStream:75 - [STDERR_REDIRECT] 	at com.st.microxplorer.plugins.ipmanager.gui.BlockDiagram.getIPConfigPanel(BlockDiagram.java:560)
2026-05-08 20:00:50,675 [ERROR] LogOutputStream:75 - [STDERR_REDIRECT] 	at com.st.microxplorer.plugins.ipmanager.gui.BlockDiagram.getIPConfigPanel(BlockDiagram.java:466)
2026-05-08 20:00:50,676 [ERROR] LogOutputStream:75 - [STDERR_REDIRECT] 	at com.st.microxplorer.plugins.ipmanager.gui.BlockDiagram.propertyChange(BlockDiagram.java:1387)
2026-05-08 20:00:50,677 [ERROR] LogOutputStream:75 - [STDERR_REDIRECT] 	at java.desktop/java.beans.PropertyChangeSupport.fire(PropertyChangeSupport.java:343)
2026-05-08 20:00:50,678 [ERROR] LogOutputStream:75 - [STDERR_REDIRECT] 	at java.desktop/java.beans.PropertyChangeSupport.firePropertyChange(PropertyChangeSupport.java:335)
2026-05-08 20:00:50,679 [ERROR] LogOutputStream:75 - [STDERR_REDIRECT] 	at java.desktop/java.beans.PropertyChangeSupport.firePropertyChange(PropertyChangeSupport.java:268)
2026-05-08 20:00:50,680 [ERROR] LogOutputStream:75 - [STDERR_REDIRECT] 	at com.st.microxplorer.util.MXPropertyChangeSupport.firePropertyChange(MXPropertyChangeSupport.java:54)
2026-05-08 20:00:50,681 [ERROR] LogOutputStream:75 - [STDERR_REDIRECT] 	at com.st.microxplorer.mxsystem.MxSystem.firePropertyChange(MxSystem.java:358)
2026-05-08 20:00:50,682 [ERROR] LogOutputStream:75 - [STDERR_REDIRECT] 	at com.st.microxplorer.plugins.pinoutconfig.guiV5.PeripheralsSelectionPanel.selectIP(PeripheralsSelectionPanel.java:409)
2026-05-08 20:00:50,683 [ERROR] LogOutputStream:75 - [STDERR_REDIRECT] 	at com.st.microxplorer.plugins.pinoutconfig.guiV5.PeripheralsListListener.mouseClicked(PeripheralsListListener.java:103)
2026-05-08 20:00:50,684 [ERROR] LogOutputStream:75 - [STDERR_REDIRECT] 	at java.desktop/java.awt.AWTEventMulticaster.mouseClicked(AWTEventMulticaster.java:278)
2026-05-08 20:00:50,685 [ERROR] LogOutputStream:75 - [STDERR_REDIRECT] 	at java.desktop/java.awt.Component.processMouseEvent(Component.java:6629)
2026-05-08 20:00:50,686 [ERROR] LogOutputStream:75 - [STDERR_REDIRECT] 	at java.desktop/javax.swing.JComponent.processMouseEvent(JComponent.java:3389)
2026-05-08 20:00:50,687 [ERROR] LogOutputStream:75 - [STDERR_REDIRECT] 	at java.desktop/java.awt.Component.processEvent(Component.java:6391)
2026-05-08 20:00:50,687 [ERROR] LogOutputStream:75 - [STDERR_REDIRECT] 	at java.desktop/java.awt.Container.processEvent(Container.java:2266)
2026-05-08 20:00:50,688 [ERROR] LogOutputStream:75 - [STDERR_REDIRECT] 	at java.desktop/java.awt.Component.dispatchEventImpl(Component.java:5001)
2026-05-08 20:00:50,689 [ERROR] LogOutputStream:75 - [STDERR_REDIRECT] 	at java.desktop/java.awt.Container.dispatchEventImpl(Container.java:2324)
2026-05-08 20:00:50,690 [ERROR] LogOutputStream:75 - [STDERR_REDIRECT] 	at java.desktop/java.awt.Component.dispatchEvent(Component.java:4833)
2026-05-08 20:00:50,691 [ERROR] LogOutputStream:75 - [STDERR_REDIRECT] 	at java.desktop/java.awt.LightweightDispatcher.retargetMouseEvent(Container.java:4948)
2026-05-08 20:00:50,692 [ERROR] LogOutputStream:75 - [STDERR_REDIRECT] 	at java.desktop/java.awt.LightweightDispatcher.processMouseEvent(Container.java:4584)
2026-05-08 20:00:50,692 [ERROR] LogOutputStream:75 - [STDERR_REDIRECT] 	at java.desktop/java.awt.LightweightDispatcher.dispatchEvent(Container.java:4516)
2026-05-08 20:00:50,693 [ERROR] LogOutputStream:75 - [STDERR_REDIRECT] 	at java.desktop/java.awt.Container.dispatchEventImpl(Container.java:2310)
2026-05-08 20:00:50,694 [ERROR] LogOutputStream:75 - [STDERR_REDIRECT] 	at java.desktop/java.awt.Component.dispatchEvent(Component.java:4833)
2026-05-08 20:00:50,695 [ERROR] LogOutputStream:75 - [STDERR_REDIRECT] 	at java.desktop/java.awt.EventQueue.dispatchEventImpl(EventQueue.java:773)
2026-05-08 20:00:50,695 [ERROR] LogOutputStream:75 - [STDERR_REDIRECT] 	at java.desktop/java.awt.EventQueue$4.run(EventQueue.java:722)
2026-05-08 20:00:50,696 [ERROR] LogOutputStream:75 - [STDERR_REDIRECT] 	at java.desktop/java.awt.EventQueue$4.run(EventQueue.java:716)
2026-05-08 20:00:50,697 [ERROR] LogOutputStream:75 - [STDERR_REDIRECT] 	at java.base/java.security.AccessController.doPrivileged(AccessController.java:399)
2026-05-08 20:00:50,698 [ERROR] LogOutputStream:75 - [STDERR_REDIRECT] 	at java.base/java.security.ProtectionDomain$JavaSecurityAccessImpl.doIntersectionPrivilege(ProtectionDomain.java:86)
2026-05-08 20:00:50,699 [ERROR] LogOutputStream:75 - [STDERR_REDIRECT] 	at java.base/java.security.ProtectionDomain$JavaSecurityAccessImpl.doIntersectionPrivilege(ProtectionDomain.java:97)
2026-05-08 20:00:50,700 [ERROR] LogOutputStream:75 - [STDERR_REDIRECT] 	at java.desktop/java.awt.EventQueue$5.run(EventQueue.java:746)
2026-05-08 20:00:50,701 [ERROR] LogOutputStream:75 - [STDERR_REDIRECT] 	at java.desktop/java.awt.EventQueue$5.run(EventQueue.java:744)
2026-05-08 20:00:50,702 [ERROR] LogOutputStream:75 - [STDERR_REDIRECT] 	at java.base/java.security.AccessController.doPrivileged(AccessController.java:399)
2026-05-08 20:00:50,703 [ERROR] LogOutputStream:75 - [STDERR_REDIRECT] 	at java.base/java.security.ProtectionDomain$JavaSecurityAccessImpl.doIntersectionPrivilege(ProtectionDomain.java:86)
2026-05-08 20:00:50,704 [ERROR] LogOutputStream:75 - [STDERR_REDIRECT] 	at java.desktop/java.awt.EventQueue.dispatchEvent(EventQueue.java:743)
2026-05-08 20:00:50,704 [ERROR] LogOutputStream:75 - [STDERR_REDIRECT] 	at java.desktop/java.awt.EventDispatchThread.pumpOneEventForFilters(EventDispatchThread.java:203)
2026-05-08 20:00:50,705 [ERROR] LogOutputStream:75 - [STDERR_REDIRECT] 	at java.desktop/java.awt.EventDispatchThread.pumpEventsForFilter(EventDispatchThread.java:124)
2026-05-08 20:00:50,707 [ERROR] LogOutputStream:75 - [STDERR_REDIRECT] 	at java.desktop/java.awt.EventDispatchThread.pumpEventsForHierarchy(EventDispatchThread.java:113)
2026-05-08 20:00:50,708 [ERROR] LogOutputStream:75 - [STDERR_REDIRECT] 	at java.desktop/java.awt.EventDispatchThread.pumpEvents(EventDispatchThread.java:109)
2026-05-08 20:00:50,708 [ERROR] LogOutputStream:75 - [STDERR_REDIRECT] 	at java.desktop/java.awt.EventDispatchThread.pumpEvents(EventDispatchThread.java:101)
2026-05-08 20:00:50,709 [ERROR] LogOutputStream:75 - [STDERR_REDIRECT] 	at java.desktop/java.awt.EventDispatchThread.run(EventDispatchThread.java:90)
2026-05-08 20:00:50,713 [ERROR] LogOutputStream:75 - [STDERR_REDIRECT] java.lang.Error: no ComponentUI class for: com.st.microxplorer.plugins.ip.nvic.CheckBoxHeader[,0,0,0x0,invalid,alignmentX=0.0,alignmentY=0.0,border=,flags=0,maximumSize=,minimumSize=,preferredSize=,defaultIcon=,disabledIcon=,disabledSelectedIcon=,margin=null,paintBorder=true,paintFocus=true,pressedIcon=,rolloverEnabled=false,rolloverIcon=,rolloverSelectedIcon=,selectedIcon=,text=]
2026-05-08 20:00:50,714 [ERROR] LogOutputStream:75 - [STDERR_REDIRECT] 	at java.desktop/javax.swing.UIDefaults.getUIError(UIDefaults.java:763)
2026-05-08 20:00:50,715 [ERROR] LogOutputStream:75 - [STDERR_REDIRECT] 	at java.desktop/javax.swing.MultiUIDefaults.getUIError(MultiUIDefaults.java:144)
2026-05-08 20:00:50,715 [ERROR] LogOutputStream:75 - [STDERR_REDIRECT] 	at java.desktop/javax.swing.UIDefaults.getUI(UIDefaults.java:793)
2026-05-08 20:00:50,716 [ERROR] LogOutputStream:75 - [STDERR_REDIRECT] 	at java.desktop/javax.swing.UIManager.getUI(UIManager.java:1073)
2026-05-08 20:00:50,717 [ERROR] LogOutputStream:75 - [STDERR_REDIRECT] 	at java.desktop/javax.swing.JCheckBox.updateUI(JCheckBox.java:228)
2026-05-08 20:00:50,718 [ERROR] LogOutputStream:75 - [STDERR_REDIRECT] 	at java.desktop/javax.swing.AbstractButton.init(AbstractButton.java:2141)
2026-05-08 20:00:50,718 [ERROR] LogOutputStream:75 - [STDERR_REDIRECT] 	at java.desktop/javax.swing.JToggleButton.<init>(JToggleButton.java:187)
2026-05-08 20:00:50,719 [ERROR] LogOutputStream:75 - [STDERR_REDIRECT] 	at java.desktop/javax.swing.JCheckBox.<init>(JCheckBox.java:176)
2026-05-08 20:00:50,720 [ERROR] LogOutputStream:75 - [STDERR_REDIRECT] 	at java.desktop/javax.swing.JCheckBox.<init>(JCheckBox.java:97)
2026-05-08 20:00:50,721 [ERROR] LogOutputStream:75 - [STDERR_REDIRECT] 	at com.st.microxplorer.plugins.ip.nvic.CheckBoxHeader.<init>(CheckBoxHeader.java:55)
2026-05-08 20:00:50,722 [ERROR] LogOutputStream:75 - [STDERR_REDIRECT] 	at com.st.microxplorer.plugins.ip.nvic.NvicCodeSelectionTable.<init>(NvicCodeSelectionTable.java:78)
2026-05-08 20:00:50,723 [ERROR] LogOutputStream:75 - [STDERR_REDIRECT] 	at com.st.microxplorer.plugins.ip.nvic.NvicCodePanel.initComponents(NvicCodePanel.java:102)
2026-05-08 20:00:50,723 [ERROR] LogOutputStream:75 - [STDERR_REDIRECT] 	at com.st.microxplorer.plugins.ip.nvic.NvicCodePanel.<init>(NvicCodePanel.java:78)
2026-05-08 20:00:50,724 [ERROR] LogOutputStream:75 - [STDERR_REDIRECT] 	at com.st.microxplorer.plugins.ip.nvic.NvicTabbedPanel.<init>(NvicTabbedPanel.java:56)
2026-05-08 20:00:50,725 [ERROR] LogOutputStream:75 - [STDERR_REDIRECT] 	at com.st.microxplorer.plugins.ip.nvic.Nvic.getUI(Nvic.java:73)
2026-05-08 20:00:50,726 [ERROR] LogOutputStream:75 - [STDERR_REDIRECT] 	at com.st.microxplorer.plugins.ipmanager.gui.BlockDiagram.createIpPanel(BlockDiagram.java:422)
2026-05-08 20:00:50,727 [ERROR] LogOutputStream:75 - [STDERR_REDIRECT] 	at com.st.microxplorer.plugins.ipmanager.gui.BlockDiagram.getIPConfigPanel(BlockDiagram.java:560)
2026-05-08 20:00:50,728 [ERROR] LogOutputStream:75 - [STDERR_REDIRECT] 	at com.st.microxplorer.plugins.ipmanager.gui.BlockDiagram.getIPConfigPanel(BlockDiagram.java:466)
2026-05-08 20:00:50,729 [ERROR] LogOutputStream:75 - [STDERR_REDIRECT] 	at com.st.microxplorer.plugins.ipmanager.gui.BlockDiagram.propertyChange(BlockDiagram.java:1387)
2026-05-08 20:00:50,730 [ERROR] LogOutputStream:75 - [STDERR_REDIRECT] 	at java.desktop/java.beans.PropertyChangeSupport.fire(PropertyChangeSupport.java:343)
2026-05-08 20:00:50,730 [ERROR] LogOutputStream:75 - [STDERR_REDIRECT] 	at java.desktop/java.beans.PropertyChangeSupport.firePropertyChange(PropertyChangeSupport.java:335)
2026-05-08 20:00:50,731 [ERROR] LogOutputStream:75 - [STDERR_REDIRECT] 	at java.desktop/java.beans.PropertyChangeSupport.firePropertyChange(PropertyChangeSupport.java:268)
2026-05-08 20:00:50,732 [ERROR] LogOutputStream:75 - [STDERR_REDIRECT] 	at com.st.microxplorer.util.MXPropertyChangeSupport.firePropertyChange(MXPropertyChangeSupport.java:54)
2026-05-08 20:00:50,733 [ERROR] LogOutputStream:75 - [STDERR_REDIRECT] 	at com.st.microxplorer.mxsystem.MxSystem.firePropertyChange(MxSystem.java:358)
2026-05-08 20:00:50,734 [ERROR] LogOutputStream:75 - [STDERR_REDIRECT] 	at com.st.microxplorer.plugins.pinoutconfig.guiV5.PeripheralsSelectionPanel.selectIP(PeripheralsSelectionPanel.java:409)
2026-05-08 20:00:50,735 [ERROR] LogOutputStream:75 - [STDERR_REDIRECT] 	at com.st.microxplorer.plugins.pinoutconfig.guiV5.PeripheralsListListener.mouseClicked(PeripheralsListListener.java:103)
2026-05-08 20:00:50,736 [ERROR] LogOutputStream:75 - [STDERR_REDIRECT] 	at java.desktop/java.awt.AWTEventMulticaster.mouseClicked(AWTEventMulticaster.java:278)
2026-05-08 20:00:50,737 [ERROR] LogOutputStream:75 - [STDERR_REDIRECT] 	at java.desktop/java.awt.Component.processMouseEvent(Component.java:6629)
2026-05-08 20:00:50,738 [ERROR] LogOutputStream:75 - [STDERR_REDIRECT] 	at java.desktop/javax.swing.JComponent.processMouseEvent(JComponent.java:3389)
2026-05-08 20:00:50,739 [ERROR] LogOutputStream:75 - [STDERR_REDIRECT] 	at java.desktop/java.awt.Component.processEvent(Component.java:6391)
2026-05-08 20:00:50,740 [ERROR] LogOutputStream:75 - [STDERR_REDIRECT] 	at java.desktop/java.awt.Container.processEvent(Container.java:2266)
2026-05-08 20:00:50,740 [ERROR] LogOutputStream:75 - [STDERR_REDIRECT] 	at java.desktop/java.awt.Component.dispatchEventImpl(Component.java:5001)
2026-05-08 20:00:50,741 [ERROR] LogOutputStream:75 - [STDERR_REDIRECT] 	at java.desktop/java.awt.Container.dispatchEventImpl(Container.java:2324)
2026-05-08 20:00:50,742 [ERROR] LogOutputStream:75 - [STDERR_REDIRECT] 	at java.desktop/java.awt.Component.dispatchEvent(Component.java:4833)
2026-05-08 20:00:50,743 [ERROR] LogOutputStream:75 - [STDERR_REDIRECT] 	at java.desktop/java.awt.LightweightDispatcher.retargetMouseEvent(Container.java:4948)
2026-05-08 20:00:50,744 [ERROR] LogOutputStream:75 - [STDERR_REDIRECT] 	at java.desktop/java.awt.LightweightDispatcher.processMouseEvent(Container.java:4584)
2026-05-08 20:00:50,745 [ERROR] LogOutputStream:75 - [STDERR_REDIRECT] 	at java.desktop/java.awt.LightweightDispatcher.dispatchEvent(Container.java:4516)
2026-05-08 20:00:50,745 [ERROR] LogOutputStream:75 - [STDERR_REDIRECT] 	at java.desktop/java.awt.Container.dispatchEventImpl(Container.java:2310)
2026-05-08 20:00:50,746 [ERROR] LogOutputStream:75 - [STDERR_REDIRECT] 	at java.desktop/java.awt.Component.dispatchEvent(Component.java:4833)
2026-05-08 20:00:50,747 [ERROR] LogOutputStream:75 - [STDERR_REDIRECT] 	at java.desktop/java.awt.EventQueue.dispatchEventImpl(EventQueue.java:773)
2026-05-08 20:00:50,747 [ERROR] LogOutputStream:75 - [STDERR_REDIRECT] 	at java.desktop/java.awt.EventQueue$4.run(EventQueue.java:722)
2026-05-08 20:00:50,748 [ERROR] LogOutputStream:75 - [STDERR_REDIRECT] 	at java.desktop/java.awt.EventQueue$4.run(EventQueue.java:716)
2026-05-08 20:00:50,749 [ERROR] LogOutputStream:75 - [STDERR_REDIRECT] 	at java.base/java.security.AccessController.doPrivileged(AccessController.java:399)
2026-05-08 20:00:50,751 [ERROR] LogOutputStream:75 - [STDERR_REDIRECT] 	at java.base/java.security.ProtectionDomain$JavaSecurityAccessImpl.doIntersectionPrivilege(ProtectionDomain.java:86)
2026-05-08 20:00:50,752 [ERROR] LogOutputStream:75 - [STDERR_REDIRECT] 	at java.base/java.security.ProtectionDomain$JavaSecurityAccessImpl.doIntersectionPrivilege(ProtectionDomain.java:97)
2026-05-08 20:00:50,752 [ERROR] LogOutputStream:75 - [STDERR_REDIRECT] 	at java.desktop/java.awt.EventQueue$5.run(EventQueue.java:746)
2026-05-08 20:00:50,753 [ERROR] LogOutputStream:75 - [STDERR_REDIRECT] 	at java.desktop/java.awt.EventQueue$5.run(EventQueue.java:744)
2026-05-08 20:00:50,754 [ERROR] LogOutputStream:75 - [STDERR_REDIRECT] 	at java.base/java.security.AccessController.doPrivileged(AccessController.java:399)
2026-05-08 20:00:50,755 [ERROR] LogOutputStream:75 - [STDERR_REDIRECT] 	at java.base/java.security.ProtectionDomain$JavaSecurityAccessImpl.doIntersectionPrivilege(ProtectionDomain.java:86)
2026-05-08 20:00:50,756 [ERROR] LogOutputStream:75 - [STDERR_REDIRECT] 	at java.desktop/java.awt.EventQueue.dispatchEvent(EventQueue.java:743)
2026-05-08 20:00:50,757 [ERROR] LogOutputStream:75 - [STDERR_REDIRECT] 	at java.desktop/java.awt.EventDispatchThread.pumpOneEventForFilters(EventDispatchThread.java:203)
2026-05-08 20:00:50,757 [ERROR] LogOutputStream:75 - [STDERR_REDIRECT] 	at java.desktop/java.awt.EventDispatchThread.pumpEventsForFilter(EventDispatchThread.java:124)
2026-05-08 20:00:50,758 [ERROR] LogOutputStream:75 - [STDERR_REDIRECT] 	at java.desktop/java.awt.EventDispatchThread.pumpEventsForHierarchy(EventDispatchThread.java:113)
2026-05-08 20:00:50,759 [ERROR] LogOutputStream:75 - [STDERR_REDIRECT] 	at java.desktop/java.awt.EventDispatchThread.pumpEvents(EventDispatchThread.java:109)
2026-05-08 20:00:50,760 [ERROR] LogOutputStream:75 - [STDERR_REDIRECT] 	at java.desktop/java.awt.EventDispatchThread.pumpEvents(EventDispatchThread.java:101)
2026-05-08 20:00:50,761 [ERROR] LogOutputStream:75 - [STDERR_REDIRECT] 	at java.desktop/java.awt.EventDispatchThread.run(EventDispatchThread.java:90)
2026-05-08 20:01:09,992 [INFO] UtilMem:75 - End SaveConfig() Used Memory: 699981528 Bytes (1073741824)
2026-05-08 20:01:10,026 [INFO] UtilMem:75 - End SaveConfig() Used Memory: 711639272 Bytes (1073741824)
2026-05-08 20:01:10,593 [INFO] UtilMem:75 - End SaveConfig() Used Memory: 754835960 Bytes (1073741824)
2026-05-08 20:01:11,026 [INFO] BlockDiagram:2759 - set Specific Code input for plugin: SPI
2026-05-08 20:01:11,026 [INFO] BlockDiagram:2759 - set Specific Code input for plugin: NVIC
2026-05-08 20:01:11,026 [INFO] BlockDiagram:2759 - set Specific Code input for plugin: SYS
2026-05-08 20:01:11,026 [INFO] BlockDiagram:2759 - set Specific Code input for plugin: GPIO
2026-05-08 20:01:11,026 [INFO] BlockDiagram:2759 - set Specific Code input for plugin: RCC
2026-05-08 20:01:11,027 [INFO] CodeGenerator:799 - code generatio: config db path: C:\ST\STM32CubeIDE_1.13.1\STM32CubeIDE\plugins\com.st.stm32cube.common.mx_6.9.1.202307191849\\db\
2026-05-08 20:01:11,119 [INFO] CodeEngine:255 - oldGeneratedFile, D:\smart_garden\LORA_V3\MXTmpFiles\license.tmp_save
2026-05-08 20:01:11,207 [INFO] CodeEngine:279 - Generated code: D:\smart_garden\LORA_V3\MXTmpFiles\license.tmp
2026-05-08 20:01:11,241 [INFO] CodeEngine:255 - oldGeneratedFile, D:\smart_garden\LORA_V3\MXTmpFiles\gpio.tmp_save
2026-05-08 20:01:11,337 [INFO] CodeEngine:279 - Generated code: D:\smart_garden\LORA_V3\MXTmpFiles\gpio.tmp
2026-05-08 20:01:11,384 [INFO] CodeEngine:255 - oldGeneratedFile, D:\smart_garden\LORA_V3\Core\Src\stm32f1xx_it.c_save
2026-05-08 20:01:11,624 [INFO] CodeEngine:279 - Generated code: D:\smart_garden\LORA_V3\Core\Src\stm32f1xx_it.c
2026-05-08 20:01:11,627 [INFO] CodeEngine:255 - oldGeneratedFile, D:\smart_garden\LORA_V3\Core\Inc\stm32f1xx_it.h_save
2026-05-08 20:01:11,690 [INFO] CodeEngine:279 - Generated code: D:\smart_garden\LORA_V3\Core\Inc\stm32f1xx_it.h
2026-05-08 20:01:11,699 [INFO] CodeEngine:255 - oldGeneratedFile, D:\smart_garden\LORA_V3\Core\Src\stm32f1xx_hal_msp.c_save
2026-05-08 20:01:11,797 [INFO] CodeEngine:279 - Generated code: D:\smart_garden\LORA_V3\Core\Src\stm32f1xx_hal_msp.c
2026-05-08 20:01:11,799 [INFO] CodeEngine:255 - oldGeneratedFile, D:\smart_garden\LORA_V3\MXTmpFiles\system.tmp_save
2026-05-08 20:01:11,848 [INFO] CodeEngine:279 - Generated code: D:\smart_garden\LORA_V3\MXTmpFiles\system.tmp
2026-05-08 20:01:11,852 [INFO] CodeEngine:311 - oldGeneratedFile, D:\smart_garden\LORA_V3\Core\Inc\stm32f1xx_hal_conf.h_save
2026-05-08 20:01:11,906 [INFO] CodeEngine:335 - Generated code: D:\smart_garden\LORA_V3\Core\Inc\stm32f1xx_hal_conf.h
2026-05-08 20:01:11,920 [INFO] CodeEngine:255 - oldGeneratedFile, D:\smart_garden\LORA_V3\Core\Inc\main.h_save
2026-05-08 20:01:11,977 [INFO] CodeEngine:279 - Generated code: D:\smart_garden\LORA_V3\Core\Inc\main.h
2026-05-08 20:01:11,979 [INFO] CodeEngine:255 - oldGeneratedFile, D:\smart_garden\LORA_V3\Core\Src\main.c_save
2026-05-08 20:01:12,048 [INFO] CodeEngine:279 - Generated code: D:\smart_garden\LORA_V3\Core\Src\main.c
2026-05-08 20:01:12,459 [INFO] ProjectBuilder:3064 - Time for Copy HAL[1] : 95mS.
2026-05-08 20:01:12,461 [INFO] ProjectBuilder:4404 - Project Generator version: 4.1.0
2026-05-08 20:01:12,638 [INFO] ConfigFileManager:1457 - The Die is : DIE410
2026-05-08 20:01:13,858 [INFO] ProjectBuilder:4626 - Time for Generating toolchain IDE Files: 1396mS.
2026-05-08 20:01:13,858 [INFO] ProjectBuilder:2935 - Time for Copy CMSIS : 0mS.
2026-05-08 20:01:13,860 [INFO] ProjectBuilder:2935 - Time for Copy CMSIS : 1mS.
2026-05-08 20:21:35,975 [ERROR] LogOutputStream:75 - [STDERR_REDIRECT] 
2026-05-08 21:15:04,539 [INFO] Activator:176 - 


2026-05-08 21:15:04,541 [INFO] Activator:177 - !SESSION log4j initialized
2026-05-08 21:15:07,461 [INFO] LogOutputStream:77 - [STDOUT_REDIRECT] 
2026-05-08 21:15:07,702 [ERROR] ConfigurationRetriever:142 - IOException on connection: sw-center.st.com
2026-05-08 21:15:07,703 [ERROR] ConfigurationRetriever:142 - IOException on connection: sw-center.st.com
2026-05-08 21:15:07,703 [ERROR] ConfigurationRetriever:142 - IOException on connection: sw-center.st.com
2026-05-08 21:15:08,349 [INFO] ApplicationProperties:184 - Using Application install path: C:\ST\STM32CubeIDE_1.13.1\STM32CubeIDE\plugins\com.st.stm32cube.common.mx_6.9.1.202307191849
2026-05-08 21:15:08,366 [INFO] DbMcusXml:78 - Set database path to: C:\ST\STM32CubeIDE_1.13.1\STM32CubeIDE\plugins\com.st.stm32cube.common.mx_6.9.1.202307191849\\db\/mcu/
2026-05-08 21:15:08,366 [INFO] ApiDb:274 - Set plugin database path to: C:\ST\STM32CubeIDE_1.13.1\STM32CubeIDE\plugins\com.st.stm32cube.common.mx_6.9.1.202307191849\\db\/plugins/boardmanager/
2026-05-08 21:15:08,367 [WARN] ApiDb:259 - Overriding images path with different value:  => C:\ST\STM32CubeIDE_1.13.1\STM32CubeIDE\plugins\com.st.stm32cube.common.mx_6.9.1.202307191849\\db\/plugins/mcufinder/images/
2026-05-08 21:15:08,376 [INFO] ApiDb:250 - Set database path to: C:\Users\Admin\.stmcufinder\plugins\mcufinder//mcu/
2026-05-08 21:15:08,377 [INFO] DbMcusAds:125 - Set database path to: C:\Users\Admin\.stmcufinder\plugins\mcufinder//mcu/
2026-05-08 21:15:08,378 [INFO] CrossReferenceDbSqlite:203 - Set database path to: C:\Users\Admin\.stmcufinder\plugins\mcufinder//mcu/cs/
2026-05-08 21:15:08,455 [INFO] RulesReader:64 - Compatibility file has been processed (293 Rules)
2026-05-08 21:15:08,520 [INFO] DbMcusXml:78 - Set database path to: C:\ST\STM32CubeIDE_1.13.1\STM32CubeIDE\plugins\com.st.stm32cube.common.mx_6.9.1.202307191849\\db\/mcu/
2026-05-08 21:15:08,520 [INFO] ApiDb:274 - Set plugin database path to: C:\ST\STM32CubeIDE_1.13.1\STM32CubeIDE\plugins\com.st.stm32cube.common.mx_6.9.1.202307191849\\db\/plugins/boardmanager/
2026-05-08 21:15:08,520 [INFO] ApiDb:261 - Set plugin images path to: C:\ST\STM32CubeIDE_1.13.1\STM32CubeIDE\plugins\com.st.stm32cube.common.mx_6.9.1.202307191849\\db\/plugins/mcufinder/images/
2026-05-08 21:15:08,521 [WARN] DbFile:41 - Overriding database path with different value: C:\Users\Admin\.stmcufinder\plugins\mcufinder/ => C:\Users\Admin\.stmcufinder\plugins\mcufinder
2026-05-08 21:15:08,521 [INFO] ApiDb:250 - Set database path to: C:\Users\Admin\.stmcufinder\plugins\mcufinder//mcu/
2026-05-08 21:15:08,521 [WARN] DbFile:41 - Overriding database path with different value: C:\Users\Admin\.stmcufinder\plugins\mcufinder/ => C:\Users\Admin\.stmcufinder\plugins\mcufinder
2026-05-08 21:15:08,521 [INFO] DbMcusAds:125 - Set database path to: C:\Users\Admin\.stmcufinder\plugins\mcufinder//mcu/
2026-05-08 21:15:08,521 [WARN] DbFile:41 - Overriding database path with different value: C:\Users\Admin\.stmcufinder\plugins\mcufinder/ => C:\Users\Admin\.stmcufinder\plugins\mcufinder
2026-05-08 21:15:08,521 [WARN] DbFile:41 - Overriding database path with different value: C:\Users\Admin\.stmcufinder\plugins\mcufinder/ => C:\Users\Admin\.stmcufinder\plugins\mcufinder
2026-05-08 21:15:08,521 [INFO] CrossReferenceDbSqlite:203 - Set database path to: C:\Users\Admin\.stmcufinder\plugins\mcufinder//mcu/cs/
2026-05-08 21:15:08,584 [INFO] MainPanel:262 - HeapMemory: 268435456
2026-05-08 21:15:08,657 [INFO] DbMcusXml:78 - Set database path to: C:\ST\STM32CubeIDE_1.13.1\STM32CubeIDE\plugins\com.st.stm32cube.common.mx_6.9.1.202307191849\\db\/mcu/
2026-05-08 21:15:08,657 [INFO] ApiDb:274 - Set plugin database path to: C:\ST\STM32CubeIDE_1.13.1\STM32CubeIDE\plugins\com.st.stm32cube.common.mx_6.9.1.202307191849\\db\/plugins/boardmanager/
2026-05-08 21:15:08,657 [INFO] ApiDb:261 - Set plugin images path to: C:\ST\STM32CubeIDE_1.13.1\STM32CubeIDE\plugins\com.st.stm32cube.common.mx_6.9.1.202307191849\\db\/plugins/mcufinder/images/
2026-05-08 21:15:08,658 [WARN] DbFile:41 - Overriding database path with different value: C:\Users\Admin\.stmcufinder\plugins\mcufinder/ => C:\Users\Admin\.stmcufinder\plugins\mcufinder
2026-05-08 21:15:08,658 [INFO] ApiDb:250 - Set database path to: C:\Users\Admin\.stmcufinder\plugins\mcufinder//mcu/
2026-05-08 21:15:08,658 [WARN] DbFile:41 - Overriding database path with different value: C:\Users\Admin\.stmcufinder\plugins\mcufinder/ => C:\Users\Admin\.stmcufinder\plugins\mcufinder
2026-05-08 21:15:08,658 [INFO] DbMcusAds:125 - Set database path to: C:\Users\Admin\.stmcufinder\plugins\mcufinder//mcu/
2026-05-08 21:15:08,658 [WARN] DbFile:41 - Overriding database path with different value: C:\Users\Admin\.stmcufinder\plugins\mcufinder/ => C:\Users\Admin\.stmcufinder\plugins\mcufinder
2026-05-08 21:15:08,658 [WARN] DbFile:41 - Overriding database path with different value: C:\Users\Admin\.stmcufinder\plugins\mcufinder/ => C:\Users\Admin\.stmcufinder\plugins\mcufinder
2026-05-08 21:15:08,658 [INFO] CrossReferenceDbSqlite:203 - Set database path to: C:\Users\Admin\.stmcufinder\plugins\mcufinder//mcu/cs/
2026-05-08 21:15:08,673 [INFO] ApplicationProperties:184 - Using Application install path: C:\ST\STM32CubeIDE_1.13.1\STM32CubeIDE\plugins\com.st.stm32cube.common.mx_6.9.1.202307191849
2026-05-08 21:15:08,674 [INFO] PluginManage:196 - Search for loadable plugins [exclusion list=, ]
2026-05-08 21:15:08,675 [INFO] PluginManage:310 - Check plugin analytics
2026-05-08 21:15:08,789 [INFO] AnalyticsPlugin:253 - Accepted Software Licenses: 
2026-05-08 21:15:08,789 [INFO] AnalyticsPlugin:255 - Accepted CMSIS Pack Licenses: 
2026-05-08 21:15:08,789 [INFO] AnalyticsPlugin:257 - Accepted Firmware Licenses: 
2026-05-08 21:15:08,791 [INFO] PluginManage:359 - Loaded plugin analytics (category:tool,tabindex:-1)
2026-05-08 21:15:08,792 [INFO] PluginManage:310 - Check plugin cadmodel
2026-05-08 21:15:08,792 [ERROR] ConfigurationRetriever:142 - IOException on connection: sw-center.st.com
2026-05-08 21:15:08,792 [ERROR] ConfigurationRetriever:142 - IOException on connection: sw-center.st.com
2026-05-08 21:15:08,793 [ERROR] ConfigurationRetriever:142 - IOException on connection: sw-center.st.com
2026-05-08 21:15:08,797 [INFO] CADModel:105 - Init CAD model plugin
2026-05-08 21:15:08,797 [INFO] PluginManage:359 - Loaded plugin cadmodel (category:power,tabindex:5)
2026-05-08 21:15:08,797 [INFO] PluginManage:310 - Check plugin clock
2026-05-08 21:15:08,805 [INFO] PluginManage:359 - Loaded plugin clock (category:base,tabindex:2)
2026-05-08 21:15:08,805 [INFO] PluginManage:310 - Check plugin ddr
2026-05-08 21:15:08,807 [INFO] PluginManage:359 - Loaded plugin ddr (category:tool,tabindex:6)
2026-05-08 21:15:08,807 [INFO] PluginManage:310 - Check plugin filemanager
2026-05-08 21:15:08,906 [INFO] PluginManage:359 - Loaded plugin filemanager (category:base,tabindex:10)
2026-05-08 21:15:08,906 [INFO] PluginManage:310 - Check plugin ipmanager
2026-05-08 21:15:08,911 [INFO] PluginManage:359 - Loaded plugin ipmanager (category:base,tabindex:5)
2026-05-08 21:15:08,911 [INFO] PluginManage:310 - Check plugin lpbam
2026-05-08 21:15:08,917 [INFO] PluginManage:359 - Loaded plugin lpbam (category:base,tabindex:0)
2026-05-08 21:15:08,917 [INFO] PluginManage:310 - Check plugin memorymap
2026-05-08 21:15:08,928 [INFO] PluginManage:359 - Loaded plugin memorymap (category:base,tabindex:4)
2026-05-08 21:15:08,928 [INFO] PluginManage:310 - Check plugin pinoutandconfiguration
2026-05-08 21:15:08,934 [INFO] PluginManage:359 - Loaded plugin pinoutandconfiguration (category:base,tabindex:1)
2026-05-08 21:15:08,934 [INFO] PluginManage:310 - Check plugin pinoutconfig
2026-05-08 21:15:09,002 [WARN] SupportedApi:132 - Cannot load RTOS API schema: s4s-elt-must-match.1: The content of 'definitions' must match (annotation?, (simpleType | complexType)?, (unique | key | keyref)*)). A problem was found starting at: attribute.
2026-05-08 21:15:09,106 [INFO] PluginManage:359 - Loaded plugin pinoutconfig (category:base,tabindex:0)
2026-05-08 21:15:09,106 [INFO] PluginManage:310 - Check plugin power
2026-05-08 21:15:09,116 [INFO] PluginManage:359 - Loaded plugin power (category:power,tabindex:4)
2026-05-08 21:15:09,116 [INFO] PluginManage:310 - Check plugin projectmanager
2026-05-08 21:15:09,130 [INFO] PluginManage:359 - Loaded plugin projectmanager (category:projectmanager,tabindex:3)
2026-05-08 21:15:09,130 [INFO] PluginManage:310 - Check plugin thirdparty
2026-05-08 21:15:09,232 [INFO] PluginManage:359 - Loaded plugin thirdparty (category:base,tabindex:-1)
2026-05-08 21:15:09,232 [WARN] IntegrityCheckThread:84 - waiting for thirdparty lock release [integrity check]
2026-05-08 21:15:09,232 [INFO] PluginManage:310 - Check plugin tools
2026-05-08 21:15:09,232 [INFO] IntegrityCheckThread:86 - entering critical section [integrity check]
2026-05-08 21:15:09,232 [INFO] ThirdPartyUpdaterWithRetryManager:70 - Updater plugin not ready yet. [1/15]
2026-05-08 21:15:09,234 [INFO] PluginManage:359 - Loaded plugin tools (category:base,tabindex:7)
2026-05-08 21:15:09,235 [INFO] PluginManage:310 - Check plugin tutovideos
2026-05-08 21:15:09,373 [INFO] PluginManage:359 - Loaded plugin tutovideos (category:base,tabindex:-1)
2026-05-08 21:15:09,373 [INFO] PluginManage:310 - Check plugin updater
2026-05-08 21:15:09,383 [INFO] PluginManage:359 - Loaded plugin updater (category:base,tabindex:12)
2026-05-08 21:15:09,383 [INFO] PluginManage:310 - Check plugin userauth
2026-05-08 21:15:09,387 [INFO] UserAuth:113 - Init User Auth plugin
2026-05-08 21:15:09,387 [INFO] PluginManage:359 - Loaded plugin userauth (category:base,tabindex:14)
2026-05-08 21:15:09,387 [INFO] PluginManage:283 - PluginManage : Loaded plugins [17]
2026-05-08 21:15:09,546 [INFO] PinOutPanel:1499 - setPackage(No Configuration,No Configuration)
2026-05-08 21:15:09,623 [INFO] CADModel:165 - CPN selected for project level
2026-05-08 21:15:09,623 [INFO] CADModel:114 - Register for checkConnection events
2026-05-08 21:15:09,638 [INFO] IPUIPlugin:80 - create IPUIPlugin
2026-05-08 21:15:09,639 [INFO] PluginManager:220 - loadIPPluginJar : add adc
2026-05-08 21:15:09,641 [INFO] IPUIPlugin:80 - create IPUIPlugin
2026-05-08 21:15:09,641 [INFO] PluginManager:220 - loadIPPluginJar : add aes
2026-05-08 21:15:09,643 [INFO] IPUIPlugin:80 - create IPUIPlugin
2026-05-08 21:15:09,643 [INFO] PluginManager:220 - loadIPPluginJar : add can
2026-05-08 21:15:09,645 [INFO] IPUIPlugin:80 - create IPUIPlugin
2026-05-08 21:15:09,645 [INFO] PluginManager:220 - loadIPPluginJar : add comp
2026-05-08 21:15:09,647 [INFO] IPUIPlugin:80 - create IPUIPlugin
2026-05-08 21:15:09,647 [INFO] PluginManager:220 - loadIPPluginJar : add cryp
2026-05-08 21:15:09,649 [INFO] IPUIPlugin:80 - create IPUIPlugin
2026-05-08 21:15:09,649 [INFO] PluginManager:220 - loadIPPluginJar : add dfsdm
2026-05-08 21:15:09,653 [INFO] IPUIPlugin:80 - create IPUIPlugin
2026-05-08 21:15:09,654 [INFO] PluginManager:220 - loadIPPluginJar : add dma
2026-05-08 21:15:09,656 [INFO] IPUIPlugin:80 - create IPUIPlugin
2026-05-08 21:15:09,656 [INFO] PluginManager:220 - loadIPPluginJar : add dma3
2026-05-08 21:15:09,657 [INFO] IPUIPlugin:80 - create IPUIPlugin
2026-05-08 21:15:09,657 [INFO] PluginManager:220 - loadIPPluginJar : add fatfs
2026-05-08 21:15:09,660 [INFO] IPUIPlugin:80 - create IPUIPlugin
2026-05-08 21:15:09,660 [INFO] PluginManager:220 - loadIPPluginJar : add fmc
2026-05-08 21:15:09,665 [INFO] IPUIPlugin:80 - create IPUIPlugin
2026-05-08 21:15:09,665 [INFO] PluginManager:220 - loadIPPluginJar : add freertos
2026-05-08 21:15:09,668 [INFO] IPUIPlugin:80 - create IPUIPlugin
2026-05-08 21:15:09,668 [INFO] PluginManager:220 - loadIPPluginJar : add genericplugin
2026-05-08 21:15:09,671 [INFO] IPUIPlugin:80 - create IPUIPlugin
2026-05-08 21:15:09,671 [INFO] PluginManager:220 - loadIPPluginJar : add gfxmmu
2026-05-08 21:15:09,674 [INFO] IPUIPlugin:80 - create IPUIPlugin
2026-05-08 21:15:09,674 [INFO] PluginManager:220 - loadIPPluginJar : add gic
2026-05-08 21:15:09,677 [INFO] IPUIPlugin:80 - create IPUIPlugin
2026-05-08 21:15:09,677 [INFO] PluginManager:220 - loadIPPluginJar : add gpio
2026-05-08 21:15:09,680 [INFO] IPUIPlugin:80 - create IPUIPlugin
2026-05-08 21:15:09,680 [INFO] PluginManager:220 - loadIPPluginJar : add gtzc
2026-05-08 21:15:09,681 [INFO] IPUIPlugin:80 - create IPUIPlugin
2026-05-08 21:15:09,682 [INFO] PluginManager:220 - loadIPPluginJar : add hash
2026-05-08 21:15:09,684 [INFO] IPUIPlugin:80 - create IPUIPlugin
2026-05-08 21:15:09,684 [INFO] PluginManager:220 - loadIPPluginJar : add i2c
2026-05-08 21:15:09,686 [INFO] IPUIPlugin:80 - create IPUIPlugin
2026-05-08 21:15:09,686 [INFO] PluginManager:220 - loadIPPluginJar : add i2s
2026-05-08 21:15:09,688 [INFO] IPUIPlugin:80 - create IPUIPlugin
2026-05-08 21:15:09,688 [INFO] PluginManager:220 - loadIPPluginJar : add i3c
2026-05-08 21:15:09,690 [INFO] IPUIPlugin:80 - create IPUIPlugin
2026-05-08 21:15:09,690 [INFO] PluginManager:220 - loadIPPluginJar : add ipddr
2026-05-08 21:15:09,696 [INFO] IPUIPlugin:80 - create IPUIPlugin
2026-05-08 21:15:09,696 [INFO] PluginManager:220 - loadIPPluginJar : add linkedlist
2026-05-08 21:15:09,699 [INFO] IPUIPlugin:80 - create IPUIPlugin
2026-05-08 21:15:09,699 [INFO] PluginManager:220 - loadIPPluginJar : add lorawan
2026-05-08 21:15:09,700 [INFO] IPUIPlugin:80 - create IPUIPlugin
2026-05-08 21:15:09,700 [INFO] PluginManager:220 - loadIPPluginJar : add ltdc
2026-05-08 21:15:09,708 [INFO] IPUIPlugin:80 - create IPUIPlugin
2026-05-08 21:15:09,708 [INFO] PluginManager:220 - loadIPPluginJar : add mdma
2026-05-08 21:15:09,711 [INFO] IPUIPlugin:80 - create IPUIPlugin
2026-05-08 21:15:09,712 [INFO] PluginManager:220 - loadIPPluginJar : add nvic
2026-05-08 21:15:09,714 [INFO] IPUIPlugin:80 - create IPUIPlugin
2026-05-08 21:15:09,714 [INFO] PluginManager:220 - loadIPPluginJar : add opamp
2026-05-08 21:15:09,716 [INFO] IPUIPlugin:80 - create IPUIPlugin
2026-05-08 21:15:09,717 [INFO] PluginManager:220 - loadIPPluginJar : add openamp
2026-05-08 21:15:09,719 [INFO] IPUIPlugin:80 - create IPUIPlugin
2026-05-08 21:15:09,719 [INFO] PluginManager:220 - loadIPPluginJar : add pdm2pcm
2026-05-08 21:15:09,723 [INFO] IPUIPlugin:80 - create IPUIPlugin
2026-05-08 21:15:09,725 [INFO] PluginManager:220 - loadIPPluginJar : add plateformsettings
2026-05-08 21:15:09,727 [INFO] IPUIPlugin:80 - create IPUIPlugin
2026-05-08 21:15:09,727 [INFO] PluginManager:220 - loadIPPluginJar : add quadspi
2026-05-08 21:15:09,730 [INFO] IPUIPlugin:80 - create IPUIPlugin
2026-05-08 21:15:09,731 [INFO] PluginManager:220 - loadIPPluginJar : add resmgrutility
2026-05-08 21:15:09,733 [INFO] IPUIPlugin:80 - create IPUIPlugin
2026-05-08 21:15:09,733 [INFO] PluginManager:220 - loadIPPluginJar : add sai
2026-05-08 21:15:09,735 [INFO] IPUIPlugin:80 - create IPUIPlugin
2026-05-08 21:15:09,735 [INFO] PluginManager:220 - loadIPPluginJar : add spi
2026-05-08 21:15:09,738 [INFO] IPUIPlugin:80 - create IPUIPlugin
2026-05-08 21:15:09,739 [INFO] PluginManager:220 - loadIPPluginJar : add stm32_wpan
2026-05-08 21:15:09,740 [INFO] IPUIPlugin:80 - create IPUIPlugin
2026-05-08 21:15:09,740 [INFO] PluginManager:220 - loadIPPluginJar : add tim
2026-05-08 21:15:09,742 [INFO] IPUIPlugin:80 - create IPUIPlugin
2026-05-08 21:15:09,742 [INFO] PluginManager:220 - loadIPPluginJar : add touchsensing
2026-05-08 21:15:09,743 [INFO] IPUIPlugin:80 - create IPUIPlugin
2026-05-08 21:15:09,744 [INFO] PluginManager:220 - loadIPPluginJar : add tracer_emb
2026-05-08 21:15:09,745 [INFO] IPUIPlugin:80 - create IPUIPlugin
2026-05-08 21:15:09,745 [INFO] PluginManager:220 - loadIPPluginJar : add ts
2026-05-08 21:15:09,747 [INFO] IPUIPlugin:80 - create IPUIPlugin
2026-05-08 21:15:09,747 [INFO] PluginManager:220 - loadIPPluginJar : add tsc
2026-05-08 21:15:09,748 [INFO] IPUIPlugin:80 - create IPUIPlugin
2026-05-08 21:15:09,748 [INFO] PluginManager:220 - loadIPPluginJar : add ucpd
2026-05-08 21:15:09,750 [INFO] IPUIPlugin:80 - create IPUIPlugin
2026-05-08 21:15:09,750 [INFO] PluginManager:220 - loadIPPluginJar : add usart
2026-05-08 21:15:09,752 [INFO] IPUIPlugin:80 - create IPUIPlugin
2026-05-08 21:15:09,752 [INFO] PluginManager:220 - loadIPPluginJar : add usbx
2026-05-08 21:15:09,862 [INFO] CADModel:165 - CPN selected for project level
2026-05-08 21:15:09,862 [INFO] CADModel:114 - Register for checkConnection events
2026-05-08 21:15:09,862 [FATAL] Updater:308 - Updater called before beeing initialized
2026-05-08 21:15:09,862 [ERROR] CADModel:125 - Updater not yet initialized, retry later 
2026-05-08 21:15:09,974 [INFO] CADModel:165 - CPN selected for project level
2026-05-08 21:15:09,974 [INFO] CADModel:114 - Register for checkConnection events
2026-05-08 21:15:09,974 [FATAL] Updater:308 - Updater called before beeing initialized
2026-05-08 21:15:09,974 [ERROR] CADModel:125 - Updater not yet initialized, retry later 
2026-05-08 21:15:09,977 [FATAL] Updater:308 - Updater called before beeing initialized
2026-05-08 21:15:10,046 [FATAL] Updater:308 - Updater called before beeing initialized
2026-05-08 21:15:10,050 [INFO] DbMcusAds:53 - JSON generation date=Mon Apr 27 15:14:29 GMT+07:00 2026 (1777277669683)
2026-05-08 21:15:10,050 [FATAL] Updater:308 - Updater called before beeing initialized
2026-05-08 21:15:10,080 [WARN] DetailPanel:346 - Failed to get advertising image, set to default
2026-05-08 21:15:10,160 [FATAL] Updater:308 - Updater called before beeing initialized
2026-05-08 21:15:10,161 [FATAL] Updater:308 - Updater called before beeing initialized
2026-05-08 21:15:10,161 [FATAL] Updater:308 - Updater called before beeing initialized
2026-05-08 21:15:10,161 [WARN] DetailPanel:346 - Failed to get advertising image, set to default
2026-05-08 21:15:10,162 [FATAL] Updater:308 - Updater called before beeing initialized
2026-05-08 21:15:10,196 [ERROR] Updater:1120 - MainUpdater not yet initialized. External WinMGr cannot be set.
2026-05-08 21:15:10,197 [INFO] Updater:1056 - Updater Version found : 6.9.1
2026-05-08 21:15:10,213 [INFO] ApplicationProperties:184 - Using Application install path: C:\ST\STM32CubeIDE_1.13.1\STM32CubeIDE\plugins\com.st.stm32cube.common.mx_6.9.1.202307191849
2026-05-08 21:15:10,293 [ERROR] ServerAccessManage:1146 - Warning during Server Connection :  Unknown host sw-center.st.com
2026-05-08 21:15:10,297 [INFO] MainUpdater:2868 - connection check result : 22
2026-05-08 21:15:10,298 [INFO] MainUpdater:285 - Updater Check For Update Now.
2026-05-08 21:15:10,298 [INFO] MicroXplorer:498 - Change Database Version : DB.6.0.91
2026-05-08 21:15:10,309 [INFO] McuFinderGlobals:63 - Set McuFinder mode to 2 (CubeIDE integrated)
2026-05-08 21:15:10,309 [INFO] UserAuth:179 - activating auth plugin
2026-05-08 21:15:10,312 [INFO] UserAuth:393 - Internet connection configuration mode: 2
2026-05-08 21:15:10,494 [INFO] CheckServerUpdateThread:120 - End of CheckServer Thread
2026-05-08 21:15:12,355 [WARN] PackLoader:240 - Cannot read IP mode file for STMicroelectronics.X-CUBE-AZRTOS-F4.1.1.0
2026-05-08 21:15:12,371 [WARN] PackLoader:240 - Cannot read IP mode file for STMicroelectronics.X-CUBE-SMBUS.2.1.0
2026-05-08 21:15:12,389 [WARN] PackLoader:240 - Cannot read IP mode file for STMicroelectronics.X-CUBE-AZRTOS-F7.1.1.0
2026-05-08 21:15:12,402 [WARN] PackLoader:240 - Cannot read IP mode file for STMicroelectronics.X-CUBE-DISPLAY.3.0.0
2026-05-08 21:15:12,415 [INFO] LogOutputStream:77 - [STDOUT_REDIRECT] 1 : Invalid condition id : UX_CORESTACK_Condition cause : null
2026-05-08 21:15:12,416 [INFO] LogOutputStream:77 - [STDOUT_REDIRECT] 1 : Invalid condition id : UX_CORESTACK_Condition cause : null
2026-05-08 21:15:12,416 [INFO] LogOutputStream:77 - [STDOUT_REDIRECT] 1 : Invalid condition id : UX_CORESTACK_Condition cause : null
2026-05-08 21:15:12,417 [INFO] LogOutputStream:77 - [STDOUT_REDIRECT] 1 : Invalid condition id : UX_CORESTACK_Condition cause : null
2026-05-08 21:15:12,419 [INFO] LogOutputStream:77 - [STDOUT_REDIRECT] 1 : Invalid condition id : UX_CORESTACK_Condition cause : null
2026-05-08 21:15:12,421 [WARN] PackLoader:240 - Cannot read IP mode file for STMicroelectronics.X-CUBE-AZRTOS-WL.2.0.0
2026-05-08 21:15:12,440 [WARN] ConditionMgr:438 - getConditionDescription Invalid condition id : LAN8742 Phy interface Condition cause : null
2026-05-08 21:15:12,441 [WARN] PackLoader:240 - Cannot read IP mode file for STMicroelectronics.X-CUBE-AZRTOS-L4.2.0.0
2026-05-08 21:15:12,442 [WARN] ConditionMgr:1039 - genDependencies : Invalid condition id : LAN8742 Phy interface Condition cause : null
2026-05-08 21:15:12,442 [WARN] ConditionMgr:1039 - genDependencies : Invalid condition id : LAN8742 Phy interface Condition cause : null
2026-05-08 21:15:12,443 [WARN] ConditionMgr:1039 - genDependencies : Invalid condition id : LAN8742 Phy interface Condition cause : null
2026-05-08 21:15:12,453 [WARN] PackLoader:240 - Cannot read IP mode file for STMicroelectronics.X-CUBE-SFXS2LP1.4.0.0
2026-05-08 21:15:12,459 [WARN] PackLoader:240 - Cannot read IP mode file for STMicroelectronics.X-CUBE-BLE2.3.3.0
2026-05-08 21:15:12,471 [WARN] PackLoader:240 - Cannot read IP mode file for STMicroelectronics.X-CUBE-AZRTOS-G0.1.1.0
2026-05-08 21:15:12,482 [WARN] PackLoader:240 - Cannot read IP mode file for STMicroelectronics.X-CUBE-SUBG2.5.0.0
2026-05-08 21:15:12,491 [WARN] PackLoader:240 - Cannot read IP mode file for STMicroelectronics.X-CUBE-NFC4.3.0.0
2026-05-08 21:15:12,504 [WARN] PackLoader:240 - Cannot read IP mode file for STMicroelectronics.X-CUBE-AZRTOS-G4.2.0.0
2026-05-08 21:15:12,510 [WARN] PackLoader:240 - Cannot read IP mode file for STMicroelectronics.FP-ATR-SIGFOX1.3.2.0
2026-05-08 21:15:12,511 [INFO] ThirdParty:978 - Integrity check success = true
2026-05-08 21:15:12,512 [INFO] IntegrityCheckThread:100 - exiting critical section [integrity check]
2026-05-08 21:15:12,512 [INFO] IntegrityCheckThread:103 - End integrity checks thread
2026-05-08 21:15:30,915 [ERROR] LogOutputStream:75 - [STDERR_REDIRECT] SLF4J: Failed to load class "org.slf4j.impl.StaticLoggerBinder".
2026-05-08 21:15:30,915 [ERROR] LogOutputStream:75 - [STDERR_REDIRECT] SLF4J: Defaulting to no-operation (NOP) logger implementation
2026-05-08 21:15:30,916 [ERROR] LogOutputStream:75 - [STDERR_REDIRECT] SLF4J: See http://www.slf4j.org/codes.html#StaticLoggerBinder for further details.
