2026-05-28 14:09:58,335 [INFO] Activator:176 - 


2026-05-28 14:09:58,340 [INFO] Activator:177 - !SESSION log4j initialized
2026-05-28 14:10:02,831 [INFO] LogOutputStream:77 - [STDOUT_REDIRECT] 
2026-05-28 14:10:04,177 [INFO] ApplicationProperties:184 - Using Application install path: C:\ST\STM32CubeIDE_1.13.1\STM32CubeIDE\plugins\com.st.stm32cube.common.mx_6.9.1.202307191849
2026-05-28 14:10:04,194 [INFO] DbMcusXml:78 - Set database path to: C:\ST\STM32CubeIDE_1.13.1\STM32CubeIDE\plugins\com.st.stm32cube.common.mx_6.9.1.202307191849\\db\/mcu/
2026-05-28 14:10:04,194 [INFO] ApiDb:274 - Set plugin database path to: C:\ST\STM32CubeIDE_1.13.1\STM32CubeIDE\plugins\com.st.stm32cube.common.mx_6.9.1.202307191849\\db\/plugins/boardmanager/
2026-05-28 14:10:04,195 [WARN] ApiDb:259 - Overriding images path with different value:  => C:\ST\STM32CubeIDE_1.13.1\STM32CubeIDE\plugins\com.st.stm32cube.common.mx_6.9.1.202307191849\\db\/plugins/mcufinder/images/
2026-05-28 14:10:04,209 [INFO] ApiDb:250 - Set database path to: C:\Users\Admin\.stmcufinder\plugins\mcufinder//mcu/
2026-05-28 14:10:04,210 [INFO] DbMcusAds:125 - Set database path to: C:\Users\Admin\.stmcufinder\plugins\mcufinder//mcu/
2026-05-28 14:10:04,212 [INFO] CrossReferenceDbSqlite:203 - Set database path to: C:\Users\Admin\.stmcufinder\plugins\mcufinder//mcu/cs/
2026-05-28 14:10:04,313 [INFO] RulesReader:64 - Compatibility file has been processed (293 Rules)
2026-05-28 14:10:04,386 [INFO] DbMcusXml:78 - Set database path to: C:\ST\STM32CubeIDE_1.13.1\STM32CubeIDE\plugins\com.st.stm32cube.common.mx_6.9.1.202307191849\\db\/mcu/
2026-05-28 14:10:04,387 [INFO] ApiDb:274 - Set plugin database path to: C:\ST\STM32CubeIDE_1.13.1\STM32CubeIDE\plugins\com.st.stm32cube.common.mx_6.9.1.202307191849\\db\/plugins/boardmanager/
2026-05-28 14:10:04,387 [INFO] ApiDb:261 - Set plugin images path to: C:\ST\STM32CubeIDE_1.13.1\STM32CubeIDE\plugins\com.st.stm32cube.common.mx_6.9.1.202307191849\\db\/plugins/mcufinder/images/
2026-05-28 14:10:04,387 [WARN] DbFile:41 - Overriding database path with different value: C:\Users\Admin\.stmcufinder\plugins\mcufinder/ => C:\Users\Admin\.stmcufinder\plugins\mcufinder
2026-05-28 14:10:04,387 [INFO] ApiDb:250 - Set database path to: C:\Users\Admin\.stmcufinder\plugins\mcufinder//mcu/
2026-05-28 14:10:04,387 [WARN] DbFile:41 - Overriding database path with different value: C:\Users\Admin\.stmcufinder\plugins\mcufinder/ => C:\Users\Admin\.stmcufinder\plugins\mcufinder
2026-05-28 14:10:04,387 [INFO] DbMcusAds:125 - Set database path to: C:\Users\Admin\.stmcufinder\plugins\mcufinder//mcu/
2026-05-28 14:10:04,387 [WARN] DbFile:41 - Overriding database path with different value: C:\Users\Admin\.stmcufinder\plugins\mcufinder/ => C:\Users\Admin\.stmcufinder\plugins\mcufinder
2026-05-28 14:10:04,388 [WARN] DbFile:41 - Overriding database path with different value: C:\Users\Admin\.stmcufinder\plugins\mcufinder/ => C:\Users\Admin\.stmcufinder\plugins\mcufinder
2026-05-28 14:10:04,388 [INFO] CrossReferenceDbSqlite:203 - Set database path to: C:\Users\Admin\.stmcufinder\plugins\mcufinder//mcu/cs/
2026-05-28 14:10:04,456 [INFO] MainPanel:262 - HeapMemory: 268435456
2026-05-28 14:10:04,543 [INFO] DbMcusXml:78 - Set database path to: C:\ST\STM32CubeIDE_1.13.1\STM32CubeIDE\plugins\com.st.stm32cube.common.mx_6.9.1.202307191849\\db\/mcu/
2026-05-28 14:10:04,543 [INFO] ApiDb:274 - Set plugin database path to: C:\ST\STM32CubeIDE_1.13.1\STM32CubeIDE\plugins\com.st.stm32cube.common.mx_6.9.1.202307191849\\db\/plugins/boardmanager/
2026-05-28 14:10:04,543 [INFO] ApiDb:261 - Set plugin images path to: C:\ST\STM32CubeIDE_1.13.1\STM32CubeIDE\plugins\com.st.stm32cube.common.mx_6.9.1.202307191849\\db\/plugins/mcufinder/images/
2026-05-28 14:10:04,543 [WARN] DbFile:41 - Overriding database path with different value: C:\Users\Admin\.stmcufinder\plugins\mcufinder/ => C:\Users\Admin\.stmcufinder\plugins\mcufinder
2026-05-28 14:10:04,543 [INFO] ApiDb:250 - Set database path to: C:\Users\Admin\.stmcufinder\plugins\mcufinder//mcu/
2026-05-28 14:10:04,544 [WARN] DbFile:41 - Overriding database path with different value: C:\Users\Admin\.stmcufinder\plugins\mcufinder/ => C:\Users\Admin\.stmcufinder\plugins\mcufinder
2026-05-28 14:10:04,544 [INFO] DbMcusAds:125 - Set database path to: C:\Users\Admin\.stmcufinder\plugins\mcufinder//mcu/
2026-05-28 14:10:04,544 [WARN] DbFile:41 - Overriding database path with different value: C:\Users\Admin\.stmcufinder\plugins\mcufinder/ => C:\Users\Admin\.stmcufinder\plugins\mcufinder
2026-05-28 14:10:04,544 [WARN] DbFile:41 - Overriding database path with different value: C:\Users\Admin\.stmcufinder\plugins\mcufinder/ => C:\Users\Admin\.stmcufinder\plugins\mcufinder
2026-05-28 14:10:04,544 [INFO] CrossReferenceDbSqlite:203 - Set database path to: C:\Users\Admin\.stmcufinder\plugins\mcufinder//mcu/cs/
2026-05-28 14:10:04,561 [INFO] ApplicationProperties:184 - Using Application install path: C:\ST\STM32CubeIDE_1.13.1\STM32CubeIDE\plugins\com.st.stm32cube.common.mx_6.9.1.202307191849
2026-05-28 14:10:04,562 [INFO] PluginManage:196 - Search for loadable plugins [exclusion list=, ]
2026-05-28 14:10:04,563 [INFO] PluginManage:310 - Check plugin analytics
2026-05-28 14:10:04,685 [INFO] AnalyticsPlugin:253 - Accepted Software Licenses: 
2026-05-28 14:10:04,685 [INFO] AnalyticsPlugin:255 - Accepted CMSIS Pack Licenses: 
2026-05-28 14:10:04,685 [INFO] AnalyticsPlugin:257 - Accepted Firmware Licenses: FW.F4.1.27.0
2026-05-28 14:10:04,688 [INFO] PluginManage:359 - Loaded plugin analytics (category:tool,tabindex:-1)
2026-05-28 14:10:04,688 [INFO] PluginManage:310 - Check plugin cadmodel
2026-05-28 14:10:04,694 [INFO] CADModel:105 - Init CAD model plugin
2026-05-28 14:10:04,694 [INFO] PluginManage:359 - Loaded plugin cadmodel (category:power,tabindex:5)
2026-05-28 14:10:04,695 [INFO] PluginManage:310 - Check plugin clock
2026-05-28 14:10:04,704 [INFO] PluginManage:359 - Loaded plugin clock (category:base,tabindex:2)
2026-05-28 14:10:04,705 [INFO] PluginManage:310 - Check plugin ddr
2026-05-28 14:10:04,707 [INFO] PluginManage:359 - Loaded plugin ddr (category:tool,tabindex:6)
2026-05-28 14:10:04,707 [INFO] PluginManage:310 - Check plugin filemanager
2026-05-28 14:10:04,820 [INFO] PluginManage:359 - Loaded plugin filemanager (category:base,tabindex:10)
2026-05-28 14:10:04,821 [INFO] PluginManage:310 - Check plugin ipmanager
2026-05-28 14:10:04,826 [INFO] PluginManage:359 - Loaded plugin ipmanager (category:base,tabindex:5)
2026-05-28 14:10:04,826 [INFO] PluginManage:310 - Check plugin lpbam
2026-05-28 14:10:04,834 [INFO] PluginManage:359 - Loaded plugin lpbam (category:base,tabindex:0)
2026-05-28 14:10:04,834 [INFO] PluginManage:310 - Check plugin memorymap
2026-05-28 14:10:04,846 [INFO] PluginManage:359 - Loaded plugin memorymap (category:base,tabindex:4)
2026-05-28 14:10:04,846 [INFO] PluginManage:310 - Check plugin pinoutandconfiguration
2026-05-28 14:10:04,853 [INFO] PluginManage:359 - Loaded plugin pinoutandconfiguration (category:base,tabindex:1)
2026-05-28 14:10:04,853 [INFO] PluginManage:310 - Check plugin pinoutconfig
2026-05-28 14:10:04,925 [WARN] SupportedApi:132 - Cannot load RTOS API schema: s4s-elt-must-match.1: The content of 'definitions' must match (annotation?, (simpleType | complexType)?, (unique | key | keyref)*)). A problem was found starting at: attribute.
2026-05-28 14:10:05,035 [INFO] PluginManage:359 - Loaded plugin pinoutconfig (category:base,tabindex:0)
2026-05-28 14:10:05,035 [INFO] PluginManage:310 - Check plugin power
2026-05-28 14:10:05,044 [INFO] PluginManage:359 - Loaded plugin power (category:power,tabindex:4)
2026-05-28 14:10:05,044 [INFO] PluginManage:310 - Check plugin projectmanager
2026-05-28 14:10:05,056 [INFO] PluginManage:359 - Loaded plugin projectmanager (category:projectmanager,tabindex:3)
2026-05-28 14:10:05,057 [INFO] PluginManage:310 - Check plugin thirdparty
2026-05-28 14:10:05,166 [INFO] PluginManage:359 - Loaded plugin thirdparty (category:base,tabindex:-1)
2026-05-28 14:10:05,166 [WARN] IntegrityCheckThread:84 - waiting for thirdparty lock release [integrity check]
2026-05-28 14:10:05,167 [INFO] PluginManage:310 - Check plugin tools
2026-05-28 14:10:05,167 [INFO] IntegrityCheckThread:86 - entering critical section [integrity check]
2026-05-28 14:10:05,167 [INFO] ThirdPartyUpdaterWithRetryManager:70 - Updater plugin not ready yet. [1/15]
2026-05-28 14:10:05,169 [INFO] PluginManage:359 - Loaded plugin tools (category:base,tabindex:7)
2026-05-28 14:10:05,169 [INFO] PluginManage:310 - Check plugin tutovideos
2026-05-28 14:10:05,326 [INFO] PluginManage:359 - Loaded plugin tutovideos (category:base,tabindex:-1)
2026-05-28 14:10:05,326 [INFO] PluginManage:310 - Check plugin updater
2026-05-28 14:10:05,336 [INFO] PluginManage:359 - Loaded plugin updater (category:base,tabindex:12)
2026-05-28 14:10:05,336 [INFO] PluginManage:310 - Check plugin userauth
2026-05-28 14:10:05,341 [INFO] UserAuth:113 - Init User Auth plugin
2026-05-28 14:10:05,341 [INFO] PluginManage:359 - Loaded plugin userauth (category:base,tabindex:14)
2026-05-28 14:10:05,342 [INFO] PluginManage:283 - PluginManage : Loaded plugins [17]
2026-05-28 14:10:05,523 [INFO] PinOutPanel:1499 - setPackage(No Configuration,No Configuration)
2026-05-28 14:10:05,605 [INFO] CADModel:165 - CPN selected for project level
2026-05-28 14:10:05,606 [INFO] CADModel:114 - Register for checkConnection events
2026-05-28 14:10:05,636 [INFO] IPUIPlugin:80 - create IPUIPlugin
2026-05-28 14:10:05,636 [INFO] PluginManager:220 - loadIPPluginJar : add adc
2026-05-28 14:10:05,638 [INFO] IPUIPlugin:80 - create IPUIPlugin
2026-05-28 14:10:05,638 [INFO] PluginManager:220 - loadIPPluginJar : add aes
2026-05-28 14:10:05,640 [INFO] IPUIPlugin:80 - create IPUIPlugin
2026-05-28 14:10:05,641 [INFO] PluginManager:220 - loadIPPluginJar : add can
2026-05-28 14:10:05,642 [INFO] IPUIPlugin:80 - create IPUIPlugin
2026-05-28 14:10:05,642 [INFO] PluginManager:220 - loadIPPluginJar : add comp
2026-05-28 14:10:05,644 [INFO] IPUIPlugin:80 - create IPUIPlugin
2026-05-28 14:10:05,644 [INFO] PluginManager:220 - loadIPPluginJar : add cryp
2026-05-28 14:10:05,646 [INFO] IPUIPlugin:80 - create IPUIPlugin
2026-05-28 14:10:05,646 [INFO] PluginManager:220 - loadIPPluginJar : add dfsdm
2026-05-28 14:10:05,656 [INFO] IPUIPlugin:80 - create IPUIPlugin
2026-05-28 14:10:05,657 [INFO] PluginManager:220 - loadIPPluginJar : add dma
2026-05-28 14:10:05,660 [INFO] IPUIPlugin:80 - create IPUIPlugin
2026-05-28 14:10:05,660 [INFO] PluginManager:220 - loadIPPluginJar : add dma3
2026-05-28 14:10:05,662 [INFO] IPUIPlugin:80 - create IPUIPlugin
2026-05-28 14:10:05,662 [INFO] PluginManager:220 - loadIPPluginJar : add fatfs
2026-05-28 14:10:05,666 [INFO] IPUIPlugin:80 - create IPUIPlugin
2026-05-28 14:10:05,666 [INFO] PluginManager:220 - loadIPPluginJar : add fmc
2026-05-28 14:10:05,671 [INFO] IPUIPlugin:80 - create IPUIPlugin
2026-05-28 14:10:05,672 [INFO] PluginManager:220 - loadIPPluginJar : add freertos
2026-05-28 14:10:05,673 [INFO] IPUIPlugin:80 - create IPUIPlugin
2026-05-28 14:10:05,673 [INFO] PluginManager:220 - loadIPPluginJar : add genericplugin
2026-05-28 14:10:05,675 [INFO] IPUIPlugin:80 - create IPUIPlugin
2026-05-28 14:10:05,675 [INFO] PluginManager:220 - loadIPPluginJar : add gfxmmu
2026-05-28 14:10:05,680 [INFO] IPUIPlugin:80 - create IPUIPlugin
2026-05-28 14:10:05,680 [INFO] PluginManager:220 - loadIPPluginJar : add gic
2026-05-28 14:10:05,684 [INFO] IPUIPlugin:80 - create IPUIPlugin
2026-05-28 14:10:05,684 [INFO] PluginManager:220 - loadIPPluginJar : add gpio
2026-05-28 14:10:05,687 [INFO] IPUIPlugin:80 - create IPUIPlugin
2026-05-28 14:10:05,687 [INFO] PluginManager:220 - loadIPPluginJar : add gtzc
2026-05-28 14:10:05,688 [INFO] IPUIPlugin:80 - create IPUIPlugin
2026-05-28 14:10:05,689 [INFO] PluginManager:220 - loadIPPluginJar : add hash
2026-05-28 14:10:05,690 [INFO] IPUIPlugin:80 - create IPUIPlugin
2026-05-28 14:10:05,691 [INFO] PluginManager:220 - loadIPPluginJar : add i2c
2026-05-28 14:10:05,692 [INFO] IPUIPlugin:80 - create IPUIPlugin
2026-05-28 14:10:05,693 [INFO] PluginManager:220 - loadIPPluginJar : add i2s
2026-05-28 14:10:05,695 [INFO] IPUIPlugin:80 - create IPUIPlugin
2026-05-28 14:10:05,695 [INFO] PluginManager:220 - loadIPPluginJar : add i3c
2026-05-28 14:10:05,698 [INFO] IPUIPlugin:80 - create IPUIPlugin
2026-05-28 14:10:05,698 [INFO] PluginManager:220 - loadIPPluginJar : add ipddr
2026-05-28 14:10:05,704 [INFO] IPUIPlugin:80 - create IPUIPlugin
2026-05-28 14:10:05,704 [INFO] PluginManager:220 - loadIPPluginJar : add linkedlist
2026-05-28 14:10:05,706 [INFO] IPUIPlugin:80 - create IPUIPlugin
2026-05-28 14:10:05,707 [INFO] PluginManager:220 - loadIPPluginJar : add lorawan
2026-05-28 14:10:05,708 [INFO] IPUIPlugin:80 - create IPUIPlugin
2026-05-28 14:10:05,708 [INFO] PluginManager:220 - loadIPPluginJar : add ltdc
2026-05-28 14:10:05,713 [INFO] IPUIPlugin:80 - create IPUIPlugin
2026-05-28 14:10:05,713 [INFO] PluginManager:220 - loadIPPluginJar : add mdma
2026-05-28 14:10:05,716 [INFO] IPUIPlugin:80 - create IPUIPlugin
2026-05-28 14:10:05,716 [INFO] PluginManager:220 - loadIPPluginJar : add nvic
2026-05-28 14:10:05,719 [INFO] IPUIPlugin:80 - create IPUIPlugin
2026-05-28 14:10:05,719 [INFO] PluginManager:220 - loadIPPluginJar : add opamp
2026-05-28 14:10:05,722 [INFO] IPUIPlugin:80 - create IPUIPlugin
2026-05-28 14:10:05,722 [INFO] PluginManager:220 - loadIPPluginJar : add openamp
2026-05-28 14:10:05,724 [INFO] IPUIPlugin:80 - create IPUIPlugin
2026-05-28 14:10:05,724 [INFO] PluginManager:220 - loadIPPluginJar : add pdm2pcm
2026-05-28 14:10:05,729 [INFO] IPUIPlugin:80 - create IPUIPlugin
2026-05-28 14:10:05,732 [INFO] PluginManager:220 - loadIPPluginJar : add plateformsettings
2026-05-28 14:10:05,733 [INFO] IPUIPlugin:80 - create IPUIPlugin
2026-05-28 14:10:05,733 [INFO] PluginManager:220 - loadIPPluginJar : add quadspi
2026-05-28 14:10:05,737 [INFO] IPUIPlugin:80 - create IPUIPlugin
2026-05-28 14:10:05,737 [INFO] PluginManager:220 - loadIPPluginJar : add resmgrutility
2026-05-28 14:10:05,739 [INFO] IPUIPlugin:80 - create IPUIPlugin
2026-05-28 14:10:05,739 [INFO] PluginManager:220 - loadIPPluginJar : add sai
2026-05-28 14:10:05,741 [INFO] IPUIPlugin:80 - create IPUIPlugin
2026-05-28 14:10:05,741 [INFO] PluginManager:220 - loadIPPluginJar : add spi
2026-05-28 14:10:05,745 [INFO] IPUIPlugin:80 - create IPUIPlugin
2026-05-28 14:10:05,745 [INFO] PluginManager:220 - loadIPPluginJar : add stm32_wpan
2026-05-28 14:10:05,747 [INFO] IPUIPlugin:80 - create IPUIPlugin
2026-05-28 14:10:05,747 [INFO] PluginManager:220 - loadIPPluginJar : add tim
2026-05-28 14:10:05,750 [INFO] IPUIPlugin:80 - create IPUIPlugin
2026-05-28 14:10:05,750 [INFO] PluginManager:220 - loadIPPluginJar : add touchsensing
2026-05-28 14:10:05,751 [INFO] IPUIPlugin:80 - create IPUIPlugin
2026-05-28 14:10:05,752 [INFO] PluginManager:220 - loadIPPluginJar : add tracer_emb
2026-05-28 14:10:05,753 [INFO] IPUIPlugin:80 - create IPUIPlugin
2026-05-28 14:10:05,753 [INFO] PluginManager:220 - loadIPPluginJar : add ts
2026-05-28 14:10:05,754 [INFO] IPUIPlugin:80 - create IPUIPlugin
2026-05-28 14:10:05,754 [INFO] PluginManager:220 - loadIPPluginJar : add tsc
2026-05-28 14:10:05,756 [INFO] IPUIPlugin:80 - create IPUIPlugin
2026-05-28 14:10:05,756 [INFO] PluginManager:220 - loadIPPluginJar : add ucpd
2026-05-28 14:10:05,759 [INFO] IPUIPlugin:80 - create IPUIPlugin
2026-05-28 14:10:05,759 [INFO] PluginManager:220 - loadIPPluginJar : add usart
2026-05-28 14:10:05,762 [INFO] IPUIPlugin:80 - create IPUIPlugin
2026-05-28 14:10:05,762 [INFO] PluginManager:220 - loadIPPluginJar : add usbx
2026-05-28 14:10:05,890 [INFO] CADModel:165 - CPN selected for project level
2026-05-28 14:10:05,890 [INFO] CADModel:114 - Register for checkConnection events
2026-05-28 14:10:05,890 [FATAL] Updater:308 - Updater called before beeing initialized
2026-05-28 14:10:05,890 [ERROR] CADModel:125 - Updater not yet initialized, retry later 
2026-05-28 14:10:06,019 [INFO] CADModel:165 - CPN selected for project level
2026-05-28 14:10:06,019 [INFO] CADModel:114 - Register for checkConnection events
2026-05-28 14:10:06,019 [FATAL] Updater:308 - Updater called before beeing initialized
2026-05-28 14:10:06,019 [ERROR] CADModel:125 - Updater not yet initialized, retry later 
2026-05-28 14:10:06,022 [FATAL] Updater:308 - Updater called before beeing initialized
2026-05-28 14:10:06,108 [FATAL] Updater:308 - Updater called before beeing initialized
2026-05-28 14:10:06,114 [INFO] DbMcusAds:53 - JSON generation date=Mon Apr 27 15:14:29 GMT+07:00 2026 (1777277669924)
2026-05-28 14:10:06,114 [FATAL] Updater:308 - Updater called before beeing initialized
2026-05-28 14:10:06,126 [ERROR] ConfigurationRetriever:142 - IOException on connection: Connect timed out
2026-05-28 14:10:06,147 [WARN] DetailPanel:346 - Failed to get advertising image, set to default
2026-05-28 14:10:06,228 [FATAL] Updater:308 - Updater called before beeing initialized
2026-05-28 14:10:06,230 [FATAL] Updater:308 - Updater called before beeing initialized
2026-05-28 14:10:06,231 [FATAL] Updater:308 - Updater called before beeing initialized
2026-05-28 14:10:06,231 [WARN] DetailPanel:346 - Failed to get advertising image, set to default
2026-05-28 14:10:06,232 [FATAL] Updater:308 - Updater called before beeing initialized
2026-05-28 14:10:06,273 [ERROR] Updater:1120 - MainUpdater not yet initialized. External WinMGr cannot be set.
2026-05-28 14:10:06,275 [INFO] Updater:1056 - Updater Version found : 6.9.1
2026-05-28 14:10:06,293 [INFO] ApplicationProperties:184 - Using Application install path: C:\ST\STM32CubeIDE_1.13.1\STM32CubeIDE\plugins\com.st.stm32cube.common.mx_6.9.1.202307191849
2026-05-28 14:10:08,126 [ERROR] ConfigurationRetriever:142 - IOException on connection: Connect timed out
2026-05-28 14:10:08,167 [INFO] ThirdPartyUpdaterWithRetryManager:70 - Updater plugin not ready yet. [2/15]
2026-05-28 14:10:08,389 [WARN] ServerAccessManage:1168 - Warning during Server Connection :  timeout Connect timed out
2026-05-28 14:10:09,688 [ERROR] ConfigurationRetriever:142 - IOException on connection: Connect timed out
2026-05-28 14:10:10,391 [WARN] ServerAccessManage:1168 - Warning during Server Connection :  timeout Connect timed out
2026-05-28 14:10:10,394 [INFO] MainUpdater:2868 - connection check result : 22
2026-05-28 14:10:10,394 [INFO] MainUpdater:285 - Updater Check For Update Now.
2026-05-28 14:10:10,394 [INFO] MicroXplorer:498 - Change Database Version : DB.6.0.91
2026-05-28 14:10:10,400 [INFO] McuFinderGlobals:63 - Set McuFinder mode to 2 (CubeIDE integrated)
2026-05-28 14:10:10,400 [INFO] UserAuth:179 - activating auth plugin
2026-05-28 14:10:10,402 [INFO] UserAuth:393 - Internet connection configuration mode: 2
2026-05-28 14:10:10,553 [INFO] CheckServerUpdateThread:120 - End of CheckServer Thread
2026-05-28 14:10:11,303 [WARN] PackLoader:240 - Cannot read IP mode file for STMicroelectronics.X-CUBE-AZRTOS-F4.1.1.0
2026-05-28 14:10:11,320 [WARN] PackLoader:240 - Cannot read IP mode file for STMicroelectronics.X-CUBE-SMBUS.2.1.0
2026-05-28 14:10:11,340 [WARN] PackLoader:240 - Cannot read IP mode file for STMicroelectronics.X-CUBE-AZRTOS-F7.1.1.0
2026-05-28 14:10:11,352 [WARN] PackLoader:240 - Cannot read IP mode file for STMicroelectronics.X-CUBE-DISPLAY.3.0.0
2026-05-28 14:10:11,366 [INFO] LogOutputStream:77 - [STDOUT_REDIRECT] 1 : Invalid condition id : UX_CORESTACK_Condition cause : null
2026-05-28 14:10:11,367 [INFO] LogOutputStream:77 - [STDOUT_REDIRECT] 1 : Invalid condition id : UX_CORESTACK_Condition cause : null
2026-05-28 14:10:11,368 [INFO] LogOutputStream:77 - [STDOUT_REDIRECT] 1 : Invalid condition id : UX_CORESTACK_Condition cause : null
2026-05-28 14:10:11,369 [INFO] LogOutputStream:77 - [STDOUT_REDIRECT] 1 : Invalid condition id : UX_CORESTACK_Condition cause : null
2026-05-28 14:10:11,370 [INFO] LogOutputStream:77 - [STDOUT_REDIRECT] 1 : Invalid condition id : UX_CORESTACK_Condition cause : null
2026-05-28 14:10:11,373 [WARN] PackLoader:240 - Cannot read IP mode file for STMicroelectronics.X-CUBE-AZRTOS-WL.2.0.0
2026-05-28 14:10:11,394 [WARN] ConditionMgr:438 - getConditionDescription Invalid condition id : LAN8742 Phy interface Condition cause : null
2026-05-28 14:10:11,395 [WARN] PackLoader:240 - Cannot read IP mode file for STMicroelectronics.X-CUBE-AZRTOS-L4.2.0.0
2026-05-28 14:10:11,398 [WARN] ConditionMgr:1039 - genDependencies : Invalid condition id : LAN8742 Phy interface Condition cause : null
2026-05-28 14:10:11,398 [WARN] ConditionMgr:1039 - genDependencies : Invalid condition id : LAN8742 Phy interface Condition cause : null
2026-05-28 14:10:11,399 [WARN] ConditionMgr:1039 - genDependencies : Invalid condition id : LAN8742 Phy interface Condition cause : null
2026-05-28 14:10:11,417 [WARN] PackLoader:240 - Cannot read IP mode file for STMicroelectronics.X-CUBE-SFXS2LP1.4.0.0
2026-05-28 14:10:11,428 [WARN] PackLoader:240 - Cannot read IP mode file for STMicroelectronics.X-CUBE-BLE2.3.3.0
2026-05-28 14:10:11,440 [WARN] PackLoader:240 - Cannot read IP mode file for STMicroelectronics.X-CUBE-AZRTOS-G0.1.1.0
2026-05-28 14:10:11,450 [WARN] PackLoader:240 - Cannot read IP mode file for STMicroelectronics.X-CUBE-SUBG2.5.0.0
2026-05-28 14:10:11,459 [WARN] PackLoader:240 - Cannot read IP mode file for STMicroelectronics.X-CUBE-NFC4.3.0.0
2026-05-28 14:10:11,471 [WARN] PackLoader:240 - Cannot read IP mode file for STMicroelectronics.X-CUBE-AZRTOS-G4.2.0.0
2026-05-28 14:10:11,477 [WARN] PackLoader:240 - Cannot read IP mode file for STMicroelectronics.FP-ATR-SIGFOX1.3.2.0
2026-05-28 14:10:11,479 [INFO] ThirdParty:978 - Integrity check success = true
2026-05-28 14:10:11,479 [INFO] IntegrityCheckThread:100 - exiting critical section [integrity check]
2026-05-28 14:10:11,479 [INFO] IntegrityCheckThread:103 - End integrity checks thread
2026-05-28 14:10:14,689 [ERROR] ConfigurationRetriever:142 - IOException on connection: Connect timed out
2026-05-28 14:10:19,689 [ERROR] ConfigurationRetriever:142 - IOException on connection: Connect timed out
2026-05-28 14:10:30,889 [ERROR] LogOutputStream:75 - [STDERR_REDIRECT] SLF4J: Failed to load class "org.slf4j.impl.StaticLoggerBinder".
2026-05-28 14:10:30,889 [ERROR] LogOutputStream:75 - [STDERR_REDIRECT] SLF4J: Defaulting to no-operation (NOP) logger implementation
2026-05-28 14:10:30,890 [ERROR] LogOutputStream:75 - [STDERR_REDIRECT] SLF4J: See http://www.slf4j.org/codes.html#StaticLoggerBinder for further details.
2026-05-28 14:11:07,704 [INFO] McuFinderGlobals:63 - Set McuFinder mode to 2 (CubeIDE integrated)
2026-05-28 14:11:07,868 [INFO] MainUpdater:2868 - connection check result : 10
2026-05-28 14:11:07,870 [INFO] MainUpdater:2868 - connection check result : 10
2026-05-28 14:11:07,902 [INFO] MicroXplorer:468 - Change Database Path : 
2026-05-28 14:11:07,902 [INFO] MicroXplorer:498 - Change Database Version : DB.6.0.91
2026-05-28 14:11:07,905 [WARN] ThirdParty:871 - waiting for thirdparty lock release [close project]
2026-05-28 14:11:07,905 [INFO] ThirdParty:873 - entering critical section [close project]
2026-05-28 14:11:07,906 [INFO] ThirdParty:883 - exiting critical section [close project]
2026-05-28 14:11:07,907 [INFO] PinOutPanel:1499 - setPackage(No Configuration,No Configuration)
2026-05-28 14:11:07,912 [INFO] UtilMem:75 - Begin LoadConfig() Used Memory: 136420488 Bytes (268435456)
2026-05-28 14:11:07,913 [INFO] MicroXplorer:468 - Change Database Path : 
2026-05-28 14:11:07,913 [INFO] MicroXplorer:498 - Change Database Version : DB.6.0.91
2026-05-28 14:11:07,913 [INFO] OpenFileManager:308 - Change cursor
2026-05-28 14:11:07,930 [INFO] Mcu:1946 - Initializing MCU STM32F103C(8-B)Tx STM32F103C8Tx STM32F103C8T6
2026-05-28 14:11:08,504 [INFO] Context:659 - Trying to add GPIOservice into a context  which must be forbidden
2026-05-28 14:11:08,764 [WARN] ModelIntegratedComponent:63 - No mode defined for component null
2026-05-28 14:11:08,764 [WARN] ModelIntegratedComponent:63 - No mode defined for component null
2026-05-28 14:11:08,764 [WARN] ModelIntegratedComponent:63 - No mode defined for component null
2026-05-28 14:11:08,764 [WARN] ModelIntegratedComponent:63 - No mode defined for component null
2026-05-28 14:11:08,764 [WARN] ModelIntegratedComponent:63 - No mode defined for component null
2026-05-28 14:11:08,764 [WARN] ModelIntegratedComponent:63 - No mode defined for component null
2026-05-28 14:11:08,764 [WARN] ModelIntegratedComponent:63 - No mode defined for component null
2026-05-28 14:11:08,764 [WARN] ModelIntegratedComponent:63 - No mode defined for component null
2026-05-28 14:11:08,764 [WARN] ModelIntegratedComponent:63 - No mode defined for component null
2026-05-28 14:11:08,765 [WARN] ModelIntegratedComponent:63 - No mode defined for component null
2026-05-28 14:11:08,765 [WARN] ModelIntegratedComponent:63 - No mode defined for component null
2026-05-28 14:11:08,765 [WARN] ModelIntegratedComponent:63 - No mode defined for component null
2026-05-28 14:11:08,765 [WARN] ModelIntegratedComponent:63 - No mode defined for component null
2026-05-28 14:11:08,765 [WARN] ModelIntegratedComponent:63 - No mode defined for component null
2026-05-28 14:11:08,765 [WARN] ModelIntegratedComponent:63 - No mode defined for component null
2026-05-28 14:11:08,765 [WARN] ModelIntegratedComponent:63 - No mode defined for component null
2026-05-28 14:11:08,765 [WARN] ModelIntegratedComponent:63 - No mode defined for component null
2026-05-28 14:11:08,765 [WARN] ModelIntegratedComponent:63 - No mode defined for component null
2026-05-28 14:11:08,765 [WARN] ModelIntegratedComponent:63 - No mode defined for component null
2026-05-28 14:11:08,765 [WARN] ModelIntegratedComponent:63 - No mode defined for component null
2026-05-28 14:11:08,765 [WARN] ModelIntegratedComponent:63 - No mode defined for component null
2026-05-28 14:11:08,765 [WARN] ModelIntegratedComponent:63 - No mode defined for component null
2026-05-28 14:11:08,765 [WARN] ModelIntegratedComponent:63 - No mode defined for component null
2026-05-28 14:11:08,765 [WARN] ModelIntegratedComponent:63 - No mode defined for component null
2026-05-28 14:11:08,765 [WARN] ModelIntegratedComponent:63 - No mode defined for component null
2026-05-28 14:11:08,766 [WARN] ModelIntegratedComponent:63 - No mode defined for component null
2026-05-28 14:11:08,766 [WARN] ModelIntegratedComponent:63 - No mode defined for component null
2026-05-28 14:11:08,766 [WARN] ModelIntegratedComponent:63 - No mode defined for component null
2026-05-28 14:11:08,766 [WARN] ModelIntegratedComponent:63 - No mode defined for component null
2026-05-28 14:11:08,766 [WARN] ModelIntegratedComponent:63 - No mode defined for component null
2026-05-28 14:11:08,766 [WARN] ModelIntegratedComponent:63 - No mode defined for component null
2026-05-28 14:11:08,766 [WARN] ModelIntegratedComponent:63 - No mode defined for component null
2026-05-28 14:11:08,766 [WARN] ModelIntegratedComponent:63 - No mode defined for component null
2026-05-28 14:11:08,772 [INFO] RtosManager:555 - Registered RTOS mode: class=CMSIS, group=RTOS, mode=CMSIS_V1, owner=FREERTOS
2026-05-28 14:11:08,772 [INFO] RtosManager:555 - Registered RTOS mode: class=CMSIS, group=RTOS2, mode=CMSIS_V2, owner=FREERTOS
2026-05-28 14:11:08,773 [INFO] RtosManager:555 - Registered RTOS mode: class=RTOS, group=Core, mode=CMSIS_V1, owner=FREERTOS
2026-05-28 14:11:08,773 [INFO] RtosManager:555 - Registered RTOS mode: class=RTOS, group=Core, mode=CMSIS_V2, owner=FREERTOS
2026-05-28 14:11:08,773 [WARN] ModelIntegratedComponent:184 - Missing modes for component STMicroelectronics:FreeRTOS:0.0.1:STMicroelectronics:RTOS:FreeRTOS:Core:::10.2.0:
2026-05-28 14:11:08,785 [INFO] ThirdPartyModel:298 - Start build external matchings
2026-05-28 14:11:08,805 [INFO] ThirdPartyModel:316 - End build external matchings
2026-05-28 14:11:08,810 [INFO] ImportTextPane:194 - (OptionalMessage_ERROR) IP (RCC) : Parameter (ADCFreqValue) has invalid value (36000000)
2026-05-28 14:11:08,810 [INFO] ImportTextPane:194 - (OptionalMessage_ERROR) IP (RCC) : Invalid parameter (FamilyName)
2026-05-28 14:11:08,810 [INFO] ImportTextPane:194 - (OptionalMessage_ERROR) IP (RCC) : Parameter (MCOFreq_Value) has invalid value (72000000)
2026-05-28 14:11:08,811 [INFO] ImportTextPane:194 - (OptionalMessage_ERROR) IP (RCC) : Parameter (USBFreq_Value) has invalid value (72000000)
2026-05-28 14:11:08,965 [INFO] UtilMem:75 - End LoadConfig() Used Memory: 218972952 Bytes (268435456)
2026-05-28 14:11:09,026 [INFO] ApiDb:581 - Connected to CubeFinder SQLite database (C:\Users\Admin\.stmcufinder\plugins\mcufinder\mcu\cube-finder-db.db)
2026-05-28 14:11:09,113 [INFO] ApiDb:668 - CubeFinder database Data Model version=2.1
2026-05-28 14:11:09,113 [INFO] ApiDb:669 - CubeFinder database Configuration version=3.0.42
2026-05-28 14:11:09,113 [INFO] ApiDb:670 - CubeFinder database generation date=2026-05-06 (1778060171)
2026-05-28 14:11:09,113 [INFO] ApiDb:671 - CubeFinder database FW Pack versions=[FP-ATR-ASTRA1_V2.0.0, FP-SNS-FLIGHT1_V5.1.0, FP-SNS-MOTENV1_V5.1.0, FP-SNS-MOTENVWB1_V1.5.0, FP-SNS-SMARTAG2_V1.2.0, FP-SNS-STBOX1_V2.1.0, STM32Cube_FW_C0_V1.4.0, STM32Cube_FW_F4_V1.28.3, STM32Cube_FW_F7_V1.17.4, STM32Cube_FW_G0_V1.6.3, STM32Cube_FW_G4_V1.6.2, STM32Cube_FW_H5_V1.6.0, STM32Cube_FW_H7RS_V1.3.0, STM32Cube_FW_H7_V1.13.0, STM32Cube_FW_L0_V1.12.2, STM32Cube_FW_L4_V1.18.2, STM32Cube_FW_L5_V1.6.0, STM32Cube_FW_N6_V1.3.0, STM32Cube_FW_U0_V1.3.0, STM32Cube_FW_U3_V1.3.0, STM32Cube_FW_U5_V1.8.0, STM32Cube_FW_WB0_V1.4.0, STM32Cube_FW_WBA_V1.9.0, STM32Cube_FW_WB_V1.24.0, STM32Cube_FW_WL3_V1.4.0, STM32Cube_FW_WL_V1.5.0, X-CUBE-ALGOBUILD_V1.4.0, X-CUBE-ALS_V1.0.2, X-CUBE-AZRTOS-F4_V1.1.0, X-CUBE-AZRTOS-F7_V1.1.0, X-CUBE-AZRTOS-G0_V1.1.0, X-CUBE-AZRTOS-G4_V2.0.0, X-CUBE-AZRTOS-H7RS_V1.1.0, X-CUBE-AZRTOS-H7_V3.5.0, X-CUBE-AZRTOS-L4_V2.0.0, X-CUBE-AZRTOS-L5_V2.0.0, X-CUBE-AZRTOS-WB_V2.0.0, X-CUBE-AZRTOS-WL_V2.0.0, X-CUBE-BLE1_V7.1.0, X-CUBE-BLE2_V3.3.0, X-CUBE-BLEMGR_V4.1.0, X-CUBE-EEPRMA1_V5.2.0, X-CUBE-FREERTOS_V1.5.0, X-CUBE-GNSS1_V6.0.0, X-CUBE-MEMS1_V12.0.0, X-CUBE-NFC4_V3.0.0, X-CUBE-NFC7_V2.0.0, X-CUBE-SFXS2LP1_V4.0.0, X-CUBE-ST67W61_V1.2.0, X-CUBE-SUBG2_V5.0.0, X-CUBE-TOF1_V3.4.3]
2026-05-28 14:11:11,707 [INFO] ApiDb:240 - Found 323 in-development CPN: [B-G473E-ZEST1S, B-WB1M-WPAN1, B-WL5M-SUBG1, NUCLEO-C031C6, NUCLEO-H503RB, NUCLEO-H563ZI, NUCLEO-U545RE-Q, NUCLEO-U5A5ZJ-Q, NUCLEO-WBA52CG, STEVAL-PROTEUS1, STEVAL-SMARTAG2, STEVAL-STWINBX1, STM320518-EVAL, STM32C0116-DK, STM32C011D6Y3TR, STM32C011D6Y6TR, STM32C011F4P3, STM32C011F4P6, STM32C011F4U3, STM32C011F4U6TR, STM32C011F6P3, STM32C011F6P6, STM32C011F6U3, STM32C011F6U6TR, STM32C011J4M3, STM32C011J4M6, STM32C011J6M3, STM32C011J6M6, STM32C0316-DK, STM32C031C4T3, STM32C031C4T6, STM32C031C4U3, STM32C031C4U6, STM32C031C6T3, STM32C031C6T6, STM32C031C6U3, STM32C031C6U6, STM32C031F4P3, STM32C031F4P6, STM32C031F6P3, STM32C031F6P6, STM32C031G4U3, STM32C031G4U6, STM32C031G6U3, STM32C031G6U6, STM32C031K4T3, STM32C031K4T6, STM32C031K4U3, STM32C031K4U6, STM32C031K6T3, STM32C031K6T6, STM32C031K6U3, STM32C031K6U6, STM32G071K8TXN, STM32G071K8UXN, STM32G081GBU6N, STM32G081KBT6N, STM32G081KBUXN, STM32G0B1CCT6N, STM32G0B1KCT6, STM32G0B1NEY6TR, STM32G0B1RCT6N, STM32G0C1CCT6, STM32G0C1CCT6N, STM32G0C1CCU6N, STM32G0C1CET6N, STM32G0C1CEU6N, STM32G0C1KCT6, STM32G0C1NEY6TR, STM32G0C1RCI6N, STM32G0C1RCT6N, STM32G0C1REI6N, STM32G0C1RET6N, STM32G0C1VCI6, STM32G0C1VEI6, STM32G471CCT6, STM32G471CCU6, STM32G471CET3, STM32G471CET6, STM32G471CEU3, STM32G471CEU6, STM32G471MCT6, STM32G471MET3, STM32G471MET6, STM32G471MEY6TR, STM32G471QCT6, STM32G471QET3, STM32G471RCT6, STM32G471RET3, STM32G471RET6, STM32G471VCH6, STM32G471VCI6, STM32G471VCT6, STM32G471VEH3, STM32G471VEH6, STM32G471VEI3, STM32G471VEI6, STM32G471VET3, STM32G471VET6, STM32G474CCT6, STM32H503CBT6, STM32H503CBU6, STM32H503EBY6TR, STM32H503KBU6, STM32H503RBT6, STM32H562AGI6, STM32H562AII6, STM32H562IGK6, STM32H562IGT6, STM32H562IIK6, STM32H562IIT6, STM32H562RGT6, STM32H562RGV6, STM32H562RIT6, STM32H562RIV6, STM32H562VGT6, STM32H562VIT6, STM32H562ZGT6, STM32H562ZIT6, STM32H563AGI6, STM32H563AII3Q, STM32H563AII6, STM32H563IGK6, STM32H563IGT6, STM32H563IIK3Q, STM32H563IIK6, STM32H563IIT3Q, STM32H563IIT6, STM32H563MIY3QTR, STM32H563RGT6, STM32H563RGV6, STM32H563RIT6, STM32H563RIV6, STM32H563VGT6, STM32H563VIT3Q, STM32H563VIT6, STM32H563ZGT6, STM32H563ZIT3Q, STM32H563ZIT6, STM32H573AII3Q, STM32H573AII6, STM32H573I-DK, STM32H573IIK3Q, STM32H573IIK6, STM32H573IIT3Q, STM32H573IIT6, STM32H573MIY3QTR, STM32H573RIT6, STM32H573RIV6, STM32H573VIT3Q, STM32H573VIT6, STM32H573ZIT3Q, STM32H573ZIT6, STM32L4R5QGI6STR, STM32MP131AAE3, STM32MP131AAF3, STM32MP131AAG3, STM32MP131CAE3, STM32MP131CAF3, STM32MP131CAG3, STM32MP131DAE7, STM32MP131DAF7, STM32MP131DAG7, STM32MP131FAE7, STM32MP131FAF7, STM32MP131FAG7, STM32MP133AAE3, STM32MP133AAF3, STM32MP133AAG3, STM32MP133CAE3, STM32MP133CAF3, STM32MP133CAG3, STM32MP133DAE7, STM32MP133DAF7, STM32MP133DAG7, STM32MP133FAE7, STM32MP133FAF7, STM32MP133FAG7, STM32MP135AAE3, STM32MP135AAF3, STM32MP135AAG3, STM32MP135CAE3, STM32MP135CAF3, STM32MP135CAG3, STM32MP135DAE7, STM32MP135DAF7, STM32MP135DAG7, STM32MP135F-DK, STM32MP135FAE7, STM32MP135FAF7, STM32MP135FAF7T, STM32MP135FAF7U, STM32MP135FAG7, STM32U535CBT6, STM32U535CBT6Q, STM32U535CBU6, STM32U535CBU6Q, STM32U535CCT6, STM32U535CCT6Q, STM32U535CCU6, STM32U535CCU6Q, STM32U535CET6, STM32U535CET6Q, STM32U535CEU6, STM32U535CEU6Q, STM32U535JEY6QTR, STM32U535NCY6QTR, STM32U535NEY6QTR, STM32U535RBI6, STM32U535RBI6Q, STM32U535RBT6, STM32U535RBT6Q, STM32U535RCI6, STM32U535RCI6Q, STM32U535RCT6, STM32U535RCT6Q, STM32U535REI6, STM32U535REI6Q, STM32U535RET6, STM32U535RET6Q, STM32U535VCI6, STM32U535VCI6Q, STM32U535VCT6, STM32U535VCT6Q, STM32U535VEI6, STM32U535VEI6Q, STM32U535VET6, STM32U535VET6Q, STM32U545CET6, STM32U545CET6Q, STM32U545CEU6, STM32U545CEU6Q, STM32U545JEY6QTR, STM32U545NEY6QTR, STM32U545REI6, STM32U545REI6Q, STM32U545RET6, STM32U545RET6Q, STM32U545VEI6, STM32U545VEI6Q, STM32U545VET6, STM32U545VET6Q, STM32U595AIH6, STM32U595AIH6Q, STM32U595AJH6, STM32U595AJH6Q, STM32U595QII6, STM32U595QII6Q, STM32U595QJI6, STM32U595QJI6Q, STM32U595RIT6, STM32U595RIT6Q, STM32U595RJT6, STM32U595RJT6Q, STM32U595VIT6, STM32U595VIT6Q, STM32U595VJT6, STM32U595VJT6Q, STM32U595ZIT6, STM32U595ZIT6Q, STM32U595ZIY6QTR, STM32U595ZJT6, STM32U595ZJT6Q, STM32U595ZJY6QTR, STM32U599BJY6QTR, STM32U599NIH6Q, STM32U599NJH6Q, STM32U599VIT6Q, STM32U599VJT6, STM32U599VJT6Q, STM32U599ZIT6Q, STM32U599ZIY6QTR, STM32U599ZJT6Q, STM32U599ZJY6QTR, STM32U5A5AJH6, STM32U5A5AJH6Q, STM32U5A5QJI6, STM32U5A5QJI6Q, STM32U5A5RJT6, STM32U5A5RJT6Q, STM32U5A5VJT6, STM32U5A5VJT6Q, STM32U5A5ZJT6, STM32U5A5ZJT6Q, STM32U5A5ZJY6QTR, STM32U5A9BJY6QTR, STM32U5A9J-DK, STM32U5A9NJH6Q, STM32U5A9VJT6Q, STM32U5A9ZJT6Q, STM32U5A9ZJY6QTR, STM32U5F7VIT6, STM32U5F7VIT6Q, STM32U5F7VJT6, STM32U5F7VJT6Q, STM32U5F9BJY6QTR, STM32U5F9NJH6Q, STM32U5F9VIT6Q, STM32U5F9VJT6Q, STM32U5F9ZIJ6QTR, STM32U5F9ZIT6Q, STM32U5F9ZJJ6QTR, STM32U5F9ZJT6Q, STM32U5G7VJT6, STM32U5G7VJT6Q, STM32U5G9BJY6QTR, STM32U5G9J-DK1, STM32U5G9J-DK2, STM32U5G9NJH6Q, STM32U5G9VJT6Q, STM32U5G9ZJJ6QTR, STM32U5G9ZJT6Q, STM32WB1MMCH6, STM32WBA52CEU6, STM32WBA52CEU6T, STM32WBA52CGU6, STM32WBA52CGU6T, STM32WBA52KEU6, STM32WBA52KEU6T, STM32WBA52KGU6, STM32WBA52KGU6T, STM32WL5MOCH6, STM32WL5MOCH6TR]
2026-05-28 14:11:11,712 [INFO] DbMcus:217 - Found 5061 MCUs, 4943 are supported
2026-05-28 14:11:11,713 [INFO] ApiDb:423 - Load user favorites file C:\Users\Admin/.stm32cubeide/favorites.mcus.txt: 2 item(s)
2026-05-28 14:11:11,713 [INFO] ApiDb:427 - User favorites MCUs=[STM32F103C8T6, STM32F405RGT6]
2026-05-28 14:11:11,713 [INFO] DbMcus:223 - Set 2 / 2 favorites MCUs
2026-05-28 14:11:12,148 [WARN] ThirdParty:833 - waiting for thirdparty lock release [change project]
2026-05-28 14:11:12,148 [INFO] ThirdParty:835 - entering critical section [change project]
2026-05-28 14:11:12,148 [INFO] ThirdParty:1030 - CMSIS Pack Vendor :STMicroelectronics USBPD 4.1
2026-05-28 14:11:12,148 [INFO] ThirdParty:1030 - CMSIS Pack Vendor :STMicroelectronics X-CUBE-DISPLAY 3.0.0
2026-05-28 14:11:12,148 [INFO] ThirdParty:1030 - CMSIS Pack Vendor :STMicroelectronics USB_HOST 2.0.0
2026-05-28 14:11:12,148 [INFO] ThirdParty:1030 - CMSIS Pack Vendor :STMicroelectronics X-CUBE-AZRTOS-F4 1.1.0
2026-05-28 14:11:12,148 [INFO] ThirdParty:1030 - CMSIS Pack Vendor :STMicroelectronics LIBJPEG 8.0.0
2026-05-28 14:11:12,148 [INFO] ThirdParty:1030 - CMSIS Pack Vendor :STMicroelectronics FP-ATR-SIGFOX1 3.2.0
2026-05-28 14:11:12,148 [INFO] ThirdParty:1030 - CMSIS Pack Vendor :STMicroelectronics X-CUBE-SMBUS 2.1.0
2026-05-28 14:11:12,148 [INFO] ThirdParty:1030 - CMSIS Pack Vendor :STMicroelectronics USB_DEVICE 3.0.0
2026-05-28 14:11:12,149 [INFO] ThirdParty:1030 - CMSIS Pack Vendor :STMicroelectronics HAL Drivers 0.0.0
2026-05-28 14:11:12,149 [INFO] ThirdParty:1030 - CMSIS Pack Vendor :STMicroelectronics MBEDTLS 2.16.2
2026-05-28 14:11:12,149 [INFO] ThirdParty:1030 - CMSIS Pack Vendor :STMicroelectronics MBEDTLS 2.14.1
2026-05-28 14:11:12,149 [INFO] ThirdParty:1030 - CMSIS Pack Vendor :STMicroelectronics X-CUBE-AZRTOS-F7 1.1.0
2026-05-28 14:11:12,149 [INFO] ThirdParty:1030 - CMSIS Pack Vendor :STMicroelectronics USB_DEVICE 2.0.0
2026-05-28 14:11:12,149 [INFO] ThirdParty:1030 - CMSIS Pack Vendor :STMicroelectronics ThreadX 1.0.0
2026-05-28 14:11:12,149 [INFO] ThirdParty:1030 - CMSIS Pack Vendor :STMicroelectronics X-CUBE-AZRTOS-WL 2.0.0
2026-05-28 14:11:12,149 [INFO] ThirdParty:1030 - CMSIS Pack Vendor :STMicroelectronics FreeRTOS 0.0.1
2026-05-28 14:11:12,149 [INFO] ThirdParty:1030 - CMSIS Pack Vendor :STMicroelectronics X-CUBE-AZRTOS-G0 1.1.0
2026-05-28 14:11:12,149 [INFO] ThirdParty:1030 - CMSIS Pack Vendor :STMicroelectronics USB_DEVICE 1.0.0
2026-05-28 14:11:12,149 [INFO] ThirdParty:1030 - CMSIS Pack Vendor :STMicroelectronics X-CUBE-SUBG2 5.0.0
2026-05-28 14:11:12,149 [INFO] ThirdParty:1030 - CMSIS Pack Vendor :STMicroelectronics X-CUBE-NFC4 3.0.0
2026-05-28 14:11:12,149 [INFO] ThirdParty:1030 - CMSIS Pack Vendor :STMicroelectronics STM32_WPAN 1.0.0
2026-05-28 14:11:12,149 [INFO] ThirdParty:1030 - CMSIS Pack Vendor :STMicroelectronics X-CUBE-AZRTOS-L4 2.0.0
2026-05-28 14:11:12,149 [INFO] ThirdParty:1030 - CMSIS Pack Vendor :STMicroelectronics ThreadX 0.0.2
2026-05-28 14:11:12,149 [INFO] ThirdParty:1030 - CMSIS Pack Vendor :STMicroelectronics lwIP 2.0.3
2026-05-28 14:11:12,149 [INFO] ThirdParty:1030 - CMSIS Pack Vendor :STMicroelectronics lwIP 2.1.2
2026-05-28 14:11:12,149 [INFO] ThirdParty:1030 - CMSIS Pack Vendor :STMicroelectronics X-CUBE-SFXS2LP1 4.0.0
2026-05-28 14:11:12,149 [INFO] ThirdParty:1030 - CMSIS Pack Vendor :STMicroelectronics X-CUBE-BLE2 3.3.0
2026-05-28 14:11:12,149 [INFO] ThirdParty:1030 - CMSIS Pack Vendor :STMicroelectronics USB_HOST 1.0.0
2026-05-28 14:11:12,149 [INFO] ThirdParty:1030 - CMSIS Pack Vendor :STMicroelectronics X-CUBE-AZRTOS-G4 2.0.0
2026-05-28 14:11:12,149 [INFO] ThirdParty:1030 - CMSIS Pack Vendor :STMicroelectronics PDM2PCM 3.1.0
2026-05-28 14:11:12,149 [INFO] ThirdParty:1030 - CMSIS Pack Vendor :STMicroelectronics PDM2PCM 3.2.0
2026-05-28 14:11:12,149 [INFO] ThirdParty:1030 - CMSIS Pack Vendor :STMicroelectronics PDM2PCM 3.3.0
2026-05-28 14:11:12,149 [INFO] ThirdParty:841 - exiting critical section [change project]
2026-05-28 14:11:12,367 [INFO] PinOutPanel:1499 - setPackage(No Configuration,No Configuration)
2026-05-28 14:11:12,368 [INFO] PinOutPanel:1499 - setPackage(STM32F103C8Tx,LQFP48)
2026-05-28 14:11:12,800 [INFO] UtilMem:75 - Before build in PCC Used Memory: 285476648 Bytes (520093696)
2026-05-28 14:11:13,652 [INFO] UtilMem:75 - After build in PCC Used Memory: 349465304 Bytes (520093696)
2026-05-28 14:11:13,679 [INFO] IPUIPlugin:80 - create IPUIPlugin
2026-05-28 14:11:13,680 [INFO] IPUIPlugin:80 - create IPUIPlugin
2026-05-28 14:11:13,680 [INFO] IPUIPlugin:80 - create IPUIPlugin
2026-05-28 14:11:13,680 [INFO] IPUIPlugin:80 - create IPUIPlugin
2026-05-28 14:11:13,681 [INFO] IPUIPlugin:80 - create IPUIPlugin
2026-05-28 14:11:13,681 [INFO] IPUIPlugin:80 - create IPUIPlugin
2026-05-28 14:11:13,681 [INFO] IPUIPlugin:80 - create IPUIPlugin
2026-05-28 14:11:13,681 [INFO] IPUIPlugin:80 - create IPUIPlugin
2026-05-28 14:11:13,681 [INFO] IPUIPlugin:80 - create IPUIPlugin
2026-05-28 14:11:13,681 [INFO] IPUIPlugin:80 - create IPUIPlugin
2026-05-28 14:11:13,682 [INFO] IPUIPlugin:80 - create IPUIPlugin
2026-05-28 14:11:13,682 [INFO] IPUIPlugin:80 - create IPUIPlugin
2026-05-28 14:11:13,682 [INFO] IPUIPlugin:80 - create IPUIPlugin
2026-05-28 14:11:13,682 [INFO] IPUIPlugin:80 - create IPUIPlugin
2026-05-28 14:11:13,683 [INFO] IPUIPlugin:80 - create IPUIPlugin
2026-05-28 14:11:13,683 [INFO] IPUIPlugin:80 - create IPUIPlugin
2026-05-28 14:11:13,683 [INFO] IPUIPlugin:80 - create IPUIPlugin
2026-05-28 14:11:13,683 [INFO] IPUIPlugin:80 - create IPUIPlugin
2026-05-28 14:11:13,684 [INFO] IPUIPlugin:80 - create IPUIPlugin
2026-05-28 14:11:13,684 [INFO] IPUIPlugin:80 - create IPUIPlugin
2026-05-28 14:11:13,684 [INFO] IPUIPlugin:80 - create IPUIPlugin
2026-05-28 14:11:13,684 [INFO] IPUIPlugin:80 - create IPUIPlugin
2026-05-28 14:11:13,685 [INFO] IPUIPlugin:80 - create IPUIPlugin
2026-05-28 14:11:13,685 [INFO] IPUIPlugin:80 - create IPUIPlugin
2026-05-28 14:11:13,685 [INFO] IPUIPlugin:80 - create IPUIPlugin
2026-05-28 14:11:13,686 [INFO] IPUIPlugin:80 - create IPUIPlugin
2026-05-28 14:11:13,686 [INFO] IPUIPlugin:80 - create IPUIPlugin
2026-05-28 14:11:13,922 [INFO] CADModel:165 - CPN selected for project levelSTM32F103C8T6
2026-05-28 14:11:13,922 [INFO] CADModel:114 - Register for checkConnection events
2026-05-28 14:11:13,973 [INFO] OpenFileManager:328 - Restore cursor
2026-05-28 14:13:01,379 [INFO] MainUpdater:2868 - connection check result : 10
2026-05-28 14:13:01,379 [INFO] MainUpdater:2868 - connection check result : 10
2026-05-28 14:13:01,515 [INFO] MicroXplorer:468 - Change Database Path : 
2026-05-28 14:13:01,515 [INFO] MicroXplorer:498 - Change Database Version : DB.6.0.91
2026-05-28 14:13:01,531 [WARN] ThirdParty:871 - waiting for thirdparty lock release [close project]
2026-05-28 14:13:01,532 [INFO] ThirdParty:873 - entering critical section [close project]
2026-05-28 14:13:01,532 [INFO] ThirdParty:883 - exiting critical section [close project]
2026-05-28 14:13:01,532 [INFO] PinOutPanel:1499 - setPackage(No Configuration,No Configuration)
2026-05-28 14:13:01,538 [INFO] UtilMem:75 - Begin LoadConfig() Used Memory: 738502744 Bytes (1073741824)
2026-05-28 14:13:01,539 [INFO] MicroXplorer:468 - Change Database Path : 
2026-05-28 14:13:01,539 [INFO] MicroXplorer:498 - Change Database Version : DB.6.0.91
2026-05-28 14:13:01,539 [INFO] OpenFileManager:308 - Change cursor
2026-05-28 14:13:01,545 [INFO] Mcu:1946 - Initializing MCU STM32F103C(8-B)Tx STM32F103C8Tx STM32F103C8T6
2026-05-28 14:13:01,890 [INFO] Context:659 - Trying to add GPIOservice into a context  which must be forbidden
2026-05-28 14:13:02,006 [WARN] ModelIntegratedComponent:63 - No mode defined for component null
2026-05-28 14:13:02,007 [WARN] ModelIntegratedComponent:63 - No mode defined for component null
2026-05-28 14:13:02,007 [WARN] ModelIntegratedComponent:63 - No mode defined for component null
2026-05-28 14:13:02,007 [WARN] ModelIntegratedComponent:63 - No mode defined for component null
2026-05-28 14:13:02,007 [WARN] ModelIntegratedComponent:63 - No mode defined for component null
2026-05-28 14:13:02,007 [WARN] ModelIntegratedComponent:63 - No mode defined for component null
2026-05-28 14:13:02,007 [WARN] ModelIntegratedComponent:63 - No mode defined for component null
2026-05-28 14:13:02,007 [WARN] ModelIntegratedComponent:63 - No mode defined for component null
2026-05-28 14:13:02,007 [WARN] ModelIntegratedComponent:63 - No mode defined for component null
2026-05-28 14:13:02,007 [WARN] ModelIntegratedComponent:63 - No mode defined for component null
2026-05-28 14:13:02,007 [WARN] ModelIntegratedComponent:63 - No mode defined for component null
2026-05-28 14:13:02,007 [WARN] ModelIntegratedComponent:63 - No mode defined for component null
2026-05-28 14:13:02,007 [WARN] ModelIntegratedComponent:63 - No mode defined for component null
2026-05-28 14:13:02,007 [WARN] ModelIntegratedComponent:63 - No mode defined for component null
2026-05-28 14:13:02,007 [WARN] ModelIntegratedComponent:63 - No mode defined for component null
2026-05-28 14:13:02,007 [WARN] ModelIntegratedComponent:63 - No mode defined for component null
2026-05-28 14:13:02,007 [WARN] ModelIntegratedComponent:63 - No mode defined for component null
2026-05-28 14:13:02,008 [WARN] ModelIntegratedComponent:63 - No mode defined for component null
2026-05-28 14:13:02,008 [WARN] ModelIntegratedComponent:63 - No mode defined for component null
2026-05-28 14:13:02,008 [WARN] ModelIntegratedComponent:63 - No mode defined for component null
2026-05-28 14:13:02,008 [WARN] ModelIntegratedComponent:63 - No mode defined for component null
2026-05-28 14:13:02,008 [WARN] ModelIntegratedComponent:63 - No mode defined for component null
2026-05-28 14:13:02,008 [WARN] ModelIntegratedComponent:63 - No mode defined for component null
2026-05-28 14:13:02,008 [WARN] ModelIntegratedComponent:63 - No mode defined for component null
2026-05-28 14:13:02,008 [WARN] ModelIntegratedComponent:63 - No mode defined for component null
2026-05-28 14:13:02,008 [WARN] ModelIntegratedComponent:63 - No mode defined for component null
2026-05-28 14:13:02,008 [WARN] ModelIntegratedComponent:63 - No mode defined for component null
2026-05-28 14:13:02,008 [WARN] ModelIntegratedComponent:63 - No mode defined for component null
2026-05-28 14:13:02,008 [WARN] ModelIntegratedComponent:63 - No mode defined for component null
2026-05-28 14:13:02,008 [WARN] ModelIntegratedComponent:63 - No mode defined for component null
2026-05-28 14:13:02,009 [WARN] ModelIntegratedComponent:63 - No mode defined for component null
2026-05-28 14:13:02,009 [WARN] ModelIntegratedComponent:63 - No mode defined for component null
2026-05-28 14:13:02,009 [WARN] ModelIntegratedComponent:63 - No mode defined for component null
2026-05-28 14:13:02,012 [INFO] RtosManager:555 - Registered RTOS mode: class=CMSIS, group=RTOS, mode=CMSIS_V1, owner=FREERTOS
2026-05-28 14:13:02,012 [INFO] RtosManager:555 - Registered RTOS mode: class=CMSIS, group=RTOS2, mode=CMSIS_V2, owner=FREERTOS
2026-05-28 14:13:02,012 [INFO] RtosManager:555 - Registered RTOS mode: class=RTOS, group=Core, mode=CMSIS_V1, owner=FREERTOS
2026-05-28 14:13:02,012 [INFO] RtosManager:555 - Registered RTOS mode: class=RTOS, group=Core, mode=CMSIS_V2, owner=FREERTOS
2026-05-28 14:13:02,012 [WARN] ModelIntegratedComponent:184 - Missing modes for component STMicroelectronics:FreeRTOS:0.0.1:STMicroelectronics:RTOS:FreeRTOS:Core:::10.2.0:
2026-05-28 14:13:02,025 [INFO] ThirdPartyModel:298 - Start build external matchings
2026-05-28 14:13:02,081 [INFO] ThirdPartyModel:316 - End build external matchings
2026-05-28 14:13:02,247 [INFO] UtilMem:75 - End LoadConfig() Used Memory: 891481472 Bytes (1073741824)
2026-05-28 14:13:02,273 [WARN] ThirdParty:833 - waiting for thirdparty lock release [change project]
2026-05-28 14:13:02,274 [INFO] ThirdParty:835 - entering critical section [change project]
2026-05-28 14:13:02,274 [INFO] ThirdParty:1030 - CMSIS Pack Vendor :STMicroelectronics USBPD 4.1
2026-05-28 14:13:02,274 [INFO] ThirdParty:1030 - CMSIS Pack Vendor :STMicroelectronics X-CUBE-DISPLAY 3.0.0
2026-05-28 14:13:02,274 [INFO] ThirdParty:1030 - CMSIS Pack Vendor :STMicroelectronics USB_HOST 2.0.0
2026-05-28 14:13:02,274 [INFO] ThirdParty:1030 - CMSIS Pack Vendor :STMicroelectronics X-CUBE-AZRTOS-F4 1.1.0
2026-05-28 14:13:02,274 [INFO] ThirdParty:1030 - CMSIS Pack Vendor :STMicroelectronics LIBJPEG 8.0.0
2026-05-28 14:13:02,274 [INFO] ThirdParty:1030 - CMSIS Pack Vendor :STMicroelectronics FP-ATR-SIGFOX1 3.2.0
2026-05-28 14:13:02,274 [INFO] ThirdParty:1030 - CMSIS Pack Vendor :STMicroelectronics X-CUBE-SMBUS 2.1.0
2026-05-28 14:13:02,274 [INFO] ThirdParty:1030 - CMSIS Pack Vendor :STMicroelectronics USB_DEVICE 3.0.0
2026-05-28 14:13:02,274 [INFO] ThirdParty:1030 - CMSIS Pack Vendor :STMicroelectronics HAL Drivers 0.0.0
2026-05-28 14:13:02,274 [INFO] ThirdParty:1030 - CMSIS Pack Vendor :STMicroelectronics MBEDTLS 2.16.2
2026-05-28 14:13:02,274 [INFO] ThirdParty:1030 - CMSIS Pack Vendor :STMicroelectronics MBEDTLS 2.14.1
2026-05-28 14:13:02,274 [INFO] ThirdParty:1030 - CMSIS Pack Vendor :STMicroelectronics X-CUBE-AZRTOS-F7 1.1.0
2026-05-28 14:13:02,275 [INFO] ThirdParty:1030 - CMSIS Pack Vendor :STMicroelectronics USB_DEVICE 2.0.0
2026-05-28 14:13:02,275 [INFO] ThirdParty:1030 - CMSIS Pack Vendor :STMicroelectronics ThreadX 1.0.0
2026-05-28 14:13:02,275 [INFO] ThirdParty:1030 - CMSIS Pack Vendor :STMicroelectronics X-CUBE-AZRTOS-WL 2.0.0
2026-05-28 14:13:02,275 [INFO] ThirdParty:1030 - CMSIS Pack Vendor :STMicroelectronics FreeRTOS 0.0.1
2026-05-28 14:13:02,275 [INFO] ThirdParty:1030 - CMSIS Pack Vendor :STMicroelectronics X-CUBE-AZRTOS-G0 1.1.0
2026-05-28 14:13:02,275 [INFO] ThirdParty:1030 - CMSIS Pack Vendor :STMicroelectronics USB_DEVICE 1.0.0
2026-05-28 14:13:02,275 [INFO] ThirdParty:1030 - CMSIS Pack Vendor :STMicroelectronics X-CUBE-SUBG2 5.0.0
2026-05-28 14:13:02,275 [INFO] ThirdParty:1030 - CMSIS Pack Vendor :STMicroelectronics X-CUBE-NFC4 3.0.0
2026-05-28 14:13:02,275 [INFO] ThirdParty:1030 - CMSIS Pack Vendor :STMicroelectronics STM32_WPAN 1.0.0
2026-05-28 14:13:02,275 [INFO] ThirdParty:1030 - CMSIS Pack Vendor :STMicroelectronics X-CUBE-AZRTOS-L4 2.0.0
2026-05-28 14:13:02,275 [INFO] ThirdParty:1030 - CMSIS Pack Vendor :STMicroelectronics ThreadX 0.0.2
2026-05-28 14:13:02,275 [INFO] ThirdParty:1030 - CMSIS Pack Vendor :STMicroelectronics lwIP 2.0.3
2026-05-28 14:13:02,275 [INFO] ThirdParty:1030 - CMSIS Pack Vendor :STMicroelectronics lwIP 2.1.2
2026-05-28 14:13:02,275 [INFO] ThirdParty:1030 - CMSIS Pack Vendor :STMicroelectronics X-CUBE-SFXS2LP1 4.0.0
2026-05-28 14:13:02,275 [INFO] ThirdParty:1030 - CMSIS Pack Vendor :STMicroelectronics X-CUBE-BLE2 3.3.0
2026-05-28 14:13:02,275 [INFO] ThirdParty:1030 - CMSIS Pack Vendor :STMicroelectronics USB_HOST 1.0.0
2026-05-28 14:13:02,275 [INFO] ThirdParty:1030 - CMSIS Pack Vendor :STMicroelectronics X-CUBE-AZRTOS-G4 2.0.0
2026-05-28 14:13:02,275 [INFO] ThirdParty:1030 - CMSIS Pack Vendor :STMicroelectronics PDM2PCM 3.1.0
2026-05-28 14:13:02,275 [INFO] ThirdParty:1030 - CMSIS Pack Vendor :STMicroelectronics PDM2PCM 3.2.0
2026-05-28 14:13:02,275 [INFO] ThirdParty:1030 - CMSIS Pack Vendor :STMicroelectronics PDM2PCM 3.3.0
2026-05-28 14:13:02,275 [INFO] ThirdParty:841 - exiting critical section [change project]
2026-05-28 14:13:02,367 [INFO] PinOutPanel:1499 - setPackage(No Configuration,No Configuration)
2026-05-28 14:13:02,367 [INFO] PinOutPanel:1499 - setPackage(STM32F103C8Tx,LQFP48)
2026-05-28 14:13:02,464 [INFO] UtilMem:75 - Before build in PCC Used Memory: 774812416 Bytes (1073741824)
2026-05-28 14:13:02,611 [INFO] UtilMem:75 - After build in PCC Used Memory: 816755456 Bytes (1073741824)
2026-05-28 14:13:02,623 [INFO] IPUIPlugin:80 - create IPUIPlugin
2026-05-28 14:13:02,623 [INFO] IPUIPlugin:80 - create IPUIPlugin
2026-05-28 14:13:02,623 [INFO] IPUIPlugin:80 - create IPUIPlugin
2026-05-28 14:13:02,624 [INFO] IPUIPlugin:80 - create IPUIPlugin
2026-05-28 14:13:02,624 [INFO] IPUIPlugin:80 - create IPUIPlugin
2026-05-28 14:13:02,624 [INFO] IPUIPlugin:80 - create IPUIPlugin
2026-05-28 14:13:02,624 [INFO] IPUIPlugin:80 - create IPUIPlugin
2026-05-28 14:13:02,624 [INFO] IPUIPlugin:80 - create IPUIPlugin
2026-05-28 14:13:02,624 [INFO] IPUIPlugin:80 - create IPUIPlugin
2026-05-28 14:13:02,624 [INFO] IPUIPlugin:80 - create IPUIPlugin
2026-05-28 14:13:02,624 [INFO] IPUIPlugin:80 - create IPUIPlugin
2026-05-28 14:13:02,624 [INFO] IPUIPlugin:80 - create IPUIPlugin
2026-05-28 14:13:02,624 [INFO] IPUIPlugin:80 - create IPUIPlugin
2026-05-28 14:13:02,625 [INFO] IPUIPlugin:80 - create IPUIPlugin
2026-05-28 14:13:02,625 [INFO] IPUIPlugin:80 - create IPUIPlugin
2026-05-28 14:13:02,625 [INFO] IPUIPlugin:80 - create IPUIPlugin
2026-05-28 14:13:02,625 [INFO] IPUIPlugin:80 - create IPUIPlugin
2026-05-28 14:13:02,625 [INFO] IPUIPlugin:80 - create IPUIPlugin
2026-05-28 14:13:02,625 [INFO] IPUIPlugin:80 - create IPUIPlugin
2026-05-28 14:13:02,625 [INFO] IPUIPlugin:80 - create IPUIPlugin
2026-05-28 14:13:02,625 [INFO] IPUIPlugin:80 - create IPUIPlugin
2026-05-28 14:13:02,625 [INFO] IPUIPlugin:80 - create IPUIPlugin
2026-05-28 14:13:02,626 [INFO] IPUIPlugin:80 - create IPUIPlugin
2026-05-28 14:13:02,626 [INFO] IPUIPlugin:80 - create IPUIPlugin
2026-05-28 14:13:02,626 [INFO] IPUIPlugin:80 - create IPUIPlugin
2026-05-28 14:13:02,626 [INFO] IPUIPlugin:80 - create IPUIPlugin
2026-05-28 14:13:02,627 [INFO] IPUIPlugin:80 - create IPUIPlugin
2026-05-28 14:13:02,629 [WARN] IP:2114 - I2C_Coeff_DF not found: check if there is a RefParameter without a condition.
2026-05-28 14:13:02,629 [WARN] IP:2114 - Analog_Filter not found: check if there is a RefParameter without a condition.
2026-05-28 14:13:02,665 [INFO] CADModel:165 - CPN selected for project levelSTM32F103C8T6
2026-05-28 14:13:02,665 [INFO] CADModel:114 - Register for checkConnection events
2026-05-28 14:13:02,716 [INFO] OpenFileManager:328 - Restore cursor
2026-05-28 14:13:02,851 [WARN] IP:2114 - I2C_Coeff_DF not found: check if there is a RefParameter without a condition.
2026-05-28 14:13:02,851 [WARN] IP:2114 - Analog_Filter not found: check if there is a RefParameter without a condition.
2026-05-28 14:13:02,852 [WARN] IP:2114 - I2C_Coeff_DF not found: check if there is a RefParameter without a condition.
2026-05-28 14:13:02,852 [WARN] IP:2114 - Analog_Filter not found: check if there is a RefParameter without a condition.
2026-05-28 14:21:40,266 [WARN] IP:2114 - I2C_Coeff_DF not found: check if there is a RefParameter without a condition.
2026-05-28 14:21:40,266 [WARN] IP:2114 - Analog_Filter not found: check if there is a RefParameter without a condition.
2026-05-28 14:21:40,267 [WARN] IP:2114 - I2C_Coeff_DF not found: check if there is a RefParameter without a condition.
2026-05-28 14:21:40,267 [WARN] IP:2114 - Analog_Filter not found: check if there is a RefParameter without a condition.
2026-05-28 16:00:59,276 [WARN] IP:2114 - I2C_Coeff_DF not found: check if there is a RefParameter without a condition.
2026-05-28 16:00:59,276 [WARN] IP:2114 - Analog_Filter not found: check if there is a RefParameter without a condition.
2026-05-28 16:00:59,276 [WARN] IP:2114 - I2C_Coeff_DF not found: check if there is a RefParameter without a condition.
2026-05-28 16:00:59,277 [WARN] IP:2114 - Analog_Filter not found: check if there is a RefParameter without a condition.
2026-05-28 16:13:21,697 [INFO] MainUpdater:2868 - connection check result : 10
2026-05-28 16:13:21,699 [INFO] McuFinderGlobals:76 - Set McuFinderConnectedMode to true
2026-05-28 16:13:21,917 [INFO] ServerAccessManage:473 - Download File mcusAds.json._tmp_
2026-05-28 16:13:22,035 [INFO] LoadUrlFilesThread:156 - End of LoadUrlFiles Thread
2026-05-28 16:13:22,305 [INFO] ServerAccessManage:473 - Download File cube-finder-db.zip
2026-05-28 16:13:27,667 [INFO] FileExtend:240 - Unzip File : cube-finder-db.zip
2026-05-28 16:13:27,668 [INFO] FileExtend:255 - Standard Zip Deflate
2026-05-28 16:13:28,341 [INFO] LoadUrlFilesThread:156 - End of LoadUrlFiles Thread
2026-05-28 16:13:29,620 [INFO] ServerAccessManage:473 - Download File crdb.zip
2026-05-28 16:13:31,309 [INFO] FileExtend:240 - Unzip File : crdb.zip
2026-05-28 16:13:31,309 [INFO] FileExtend:255 - Standard Zip Deflate
2026-05-28 16:13:31,441 [INFO] LoadUrlFilesThread:156 - End of LoadUrlFiles Thread
2026-05-28 16:13:31,575 [INFO] ServerAccessManage:473 - Download File tutoVideoDB.zip
2026-05-28 16:13:31,606 [INFO] FileExtend:240 - Unzip File : tutoVideoDB.zip
2026-05-28 16:13:31,606 [INFO] FileExtend:255 - Standard Zip Deflate
2026-05-28 16:13:31,723 [INFO] LoadUrlFilesThread:156 - End of LoadUrlFiles Thread
2026-05-28 16:13:31,727 [WARN] DbFile:41 - Overriding database path with different value: C:\Users\Admin\.stmcufinder\plugins\mcufinder/ => C:\Users\Admin\.stmcufinder\plugins\mcufinder
2026-05-28 16:13:32,192 [ERROR] ServerAccessManage:1089 - Problem, file not found on Server
2026-05-28 16:13:32,193 [ERROR] ServerAccessManage:651 - Problem, file not found on Server : api_config.json.
2026-05-28 16:13:40,257 [INFO] LoadUrlFilesThread:156 - End of LoadUrlFiles Thread
2026-05-28 16:13:41,234 [INFO] DbMcusAds:53 - JSON generation date=Mon Apr 27 15:14:29 GMT+07:00 2026 (1777277669924)
2026-05-28 16:13:41,240 [INFO] ApiDb:448 - Save user favorites file C:\Users\Admin/.stm32cubeide/favorites.mcus.txt: 2 item(s)
2026-05-28 16:13:41,240 [INFO] ApiDb:452 - User favorites MCUs=[STM32F103C8T6, STM32F405RGT6]
2026-05-28 16:13:41,243 [INFO] ApiDb:581 - Connected to CubeFinder SQLite database (C:\Users\Admin\.stmcufinder\plugins\mcufinder\mcu\cube-finder-db.db)
2026-05-28 16:13:41,322 [INFO] ApiDb:668 - CubeFinder database Data Model version=2.1
2026-05-28 16:13:41,322 [INFO] ApiDb:669 - CubeFinder database Configuration version=3.0.42
2026-05-28 16:13:41,322 [INFO] ApiDb:670 - CubeFinder database generation date=2026-05-06 (1778060171)
2026-05-28 16:13:41,322 [INFO] ApiDb:671 - CubeFinder database FW Pack versions=[FP-ATR-ASTRA1_V2.0.0, FP-SNS-FLIGHT1_V5.1.0, FP-SNS-MOTENV1_V5.1.0, FP-SNS-MOTENVWB1_V1.5.0, FP-SNS-SMARTAG2_V1.2.0, FP-SNS-STBOX1_V2.1.0, STM32Cube_FW_C0_V1.4.0, STM32Cube_FW_F4_V1.28.3, STM32Cube_FW_F7_V1.17.4, STM32Cube_FW_G0_V1.6.3, STM32Cube_FW_G4_V1.6.2, STM32Cube_FW_H5_V1.6.0, STM32Cube_FW_H7RS_V1.3.0, STM32Cube_FW_H7_V1.13.0, STM32Cube_FW_L0_V1.12.2, STM32Cube_FW_L4_V1.18.2, STM32Cube_FW_L5_V1.6.0, STM32Cube_FW_N6_V1.3.0, STM32Cube_FW_U0_V1.3.0, STM32Cube_FW_U3_V1.3.0, STM32Cube_FW_U5_V1.8.0, STM32Cube_FW_WB0_V1.4.0, STM32Cube_FW_WBA_V1.9.0, STM32Cube_FW_WB_V1.24.0, STM32Cube_FW_WL3_V1.4.0, STM32Cube_FW_WL_V1.5.0, X-CUBE-ALGOBUILD_V1.4.0, X-CUBE-ALS_V1.0.2, X-CUBE-AZRTOS-F4_V1.1.0, X-CUBE-AZRTOS-F7_V1.1.0, X-CUBE-AZRTOS-G0_V1.1.0, X-CUBE-AZRTOS-G4_V2.0.0, X-CUBE-AZRTOS-H7RS_V1.1.0, X-CUBE-AZRTOS-H7_V3.5.0, X-CUBE-AZRTOS-L4_V2.0.0, X-CUBE-AZRTOS-L5_V2.0.0, X-CUBE-AZRTOS-WB_V2.0.0, X-CUBE-AZRTOS-WL_V2.0.0, X-CUBE-BLE1_V7.1.0, X-CUBE-BLE2_V3.3.0, X-CUBE-BLEMGR_V4.1.0, X-CUBE-EEPRMA1_V5.2.0, X-CUBE-FREERTOS_V1.5.0, X-CUBE-GNSS1_V6.0.0, X-CUBE-MEMS1_V12.0.0, X-CUBE-NFC4_V3.0.0, X-CUBE-NFC7_V2.0.0, X-CUBE-SFXS2LP1_V4.0.0, X-CUBE-ST67W61_V1.2.0, X-CUBE-SUBG2_V5.0.0, X-CUBE-TOF1_V3.4.3]
2026-05-28 16:13:43,394 [INFO] ApiDb:240 - Found 323 in-development CPN: [B-G473E-ZEST1S, B-WB1M-WPAN1, B-WL5M-SUBG1, NUCLEO-C031C6, NUCLEO-H503RB, NUCLEO-H563ZI, NUCLEO-U545RE-Q, NUCLEO-U5A5ZJ-Q, NUCLEO-WBA52CG, STEVAL-PROTEUS1, STEVAL-SMARTAG2, STEVAL-STWINBX1, STM320518-EVAL, STM32C0116-DK, STM32C011D6Y3TR, STM32C011D6Y6TR, STM32C011F4P3, STM32C011F4P6, STM32C011F4U3, STM32C011F4U6TR, STM32C011F6P3, STM32C011F6P6, STM32C011F6U3, STM32C011F6U6TR, STM32C011J4M3, STM32C011J4M6, STM32C011J6M3, STM32C011J6M6, STM32C0316-DK, STM32C031C4T3, STM32C031C4T6, STM32C031C4U3, STM32C031C4U6, STM32C031C6T3, STM32C031C6T6, STM32C031C6U3, STM32C031C6U6, STM32C031F4P3, STM32C031F4P6, STM32C031F6P3, STM32C031F6P6, STM32C031G4U3, STM32C031G4U6, STM32C031G6U3, STM32C031G6U6, STM32C031K4T3, STM32C031K4T6, STM32C031K4U3, STM32C031K4U6, STM32C031K6T3, STM32C031K6T6, STM32C031K6U3, STM32C031K6U6, STM32G071K8TXN, STM32G071K8UXN, STM32G081GBU6N, STM32G081KBT6N, STM32G081KBUXN, STM32G0B1CCT6N, STM32G0B1KCT6, STM32G0B1NEY6TR, STM32G0B1RCT6N, STM32G0C1CCT6, STM32G0C1CCT6N, STM32G0C1CCU6N, STM32G0C1CET6N, STM32G0C1CEU6N, STM32G0C1KCT6, STM32G0C1NEY6TR, STM32G0C1RCI6N, STM32G0C1RCT6N, STM32G0C1REI6N, STM32G0C1RET6N, STM32G0C1VCI6, STM32G0C1VEI6, STM32G471CCT6, STM32G471CCU6, STM32G471CET3, STM32G471CET6, STM32G471CEU3, STM32G471CEU6, STM32G471MCT6, STM32G471MET3, STM32G471MET6, STM32G471MEY6TR, STM32G471QCT6, STM32G471QET3, STM32G471RCT6, STM32G471RET3, STM32G471RET6, STM32G471VCH6, STM32G471VCI6, STM32G471VCT6, STM32G471VEH3, STM32G471VEH6, STM32G471VEI3, STM32G471VEI6, STM32G471VET3, STM32G471VET6, STM32G474CCT6, STM32H503CBT6, STM32H503CBU6, STM32H503EBY6TR, STM32H503KBU6, STM32H503RBT6, STM32H562AGI6, STM32H562AII6, STM32H562IGK6, STM32H562IGT6, STM32H562IIK6, STM32H562IIT6, STM32H562RGT6, STM32H562RGV6, STM32H562RIT6, STM32H562RIV6, STM32H562VGT6, STM32H562VIT6, STM32H562ZGT6, STM32H562ZIT6, STM32H563AGI6, STM32H563AII3Q, STM32H563AII6, STM32H563IGK6, STM32H563IGT6, STM32H563IIK3Q, STM32H563IIK6, STM32H563IIT3Q, STM32H563IIT6, STM32H563MIY3QTR, STM32H563RGT6, STM32H563RGV6, STM32H563RIT6, STM32H563RIV6, STM32H563VGT6, STM32H563VIT3Q, STM32H563VIT6, STM32H563ZGT6, STM32H563ZIT3Q, STM32H563ZIT6, STM32H573AII3Q, STM32H573AII6, STM32H573I-DK, STM32H573IIK3Q, STM32H573IIK6, STM32H573IIT3Q, STM32H573IIT6, STM32H573MIY3QTR, STM32H573RIT6, STM32H573RIV6, STM32H573VIT3Q, STM32H573VIT6, STM32H573ZIT3Q, STM32H573ZIT6, STM32L4R5QGI6STR, STM32MP131AAE3, STM32MP131AAF3, STM32MP131AAG3, STM32MP131CAE3, STM32MP131CAF3, STM32MP131CAG3, STM32MP131DAE7, STM32MP131DAF7, STM32MP131DAG7, STM32MP131FAE7, STM32MP131FAF7, STM32MP131FAG7, STM32MP133AAE3, STM32MP133AAF3, STM32MP133AAG3, STM32MP133CAE3, STM32MP133CAF3, STM32MP133CAG3, STM32MP133DAE7, STM32MP133DAF7, STM32MP133DAG7, STM32MP133FAE7, STM32MP133FAF7, STM32MP133FAG7, STM32MP135AAE3, STM32MP135AAF3, STM32MP135AAG3, STM32MP135CAE3, STM32MP135CAF3, STM32MP135CAG3, STM32MP135DAE7, STM32MP135DAF7, STM32MP135DAG7, STM32MP135F-DK, STM32MP135FAE7, STM32MP135FAF7, STM32MP135FAF7T, STM32MP135FAF7U, STM32MP135FAG7, STM32U535CBT6, STM32U535CBT6Q, STM32U535CBU6, STM32U535CBU6Q, STM32U535CCT6, STM32U535CCT6Q, STM32U535CCU6, STM32U535CCU6Q, STM32U535CET6, STM32U535CET6Q, STM32U535CEU6, STM32U535CEU6Q, STM32U535JEY6QTR, STM32U535NCY6QTR, STM32U535NEY6QTR, STM32U535RBI6, STM32U535RBI6Q, STM32U535RBT6, STM32U535RBT6Q, STM32U535RCI6, STM32U535RCI6Q, STM32U535RCT6, STM32U535RCT6Q, STM32U535REI6, STM32U535REI6Q, STM32U535RET6, STM32U535RET6Q, STM32U535VCI6, STM32U535VCI6Q, STM32U535VCT6, STM32U535VCT6Q, STM32U535VEI6, STM32U535VEI6Q, STM32U535VET6, STM32U535VET6Q, STM32U545CET6, STM32U545CET6Q, STM32U545CEU6, STM32U545CEU6Q, STM32U545JEY6QTR, STM32U545NEY6QTR, STM32U545REI6, STM32U545REI6Q, STM32U545RET6, STM32U545RET6Q, STM32U545VEI6, STM32U545VEI6Q, STM32U545VET6, STM32U545VET6Q, STM32U595AIH6, STM32U595AIH6Q, STM32U595AJH6, STM32U595AJH6Q, STM32U595QII6, STM32U595QII6Q, STM32U595QJI6, STM32U595QJI6Q, STM32U595RIT6, STM32U595RIT6Q, STM32U595RJT6, STM32U595RJT6Q, STM32U595VIT6, STM32U595VIT6Q, STM32U595VJT6, STM32U595VJT6Q, STM32U595ZIT6, STM32U595ZIT6Q, STM32U595ZIY6QTR, STM32U595ZJT6, STM32U595ZJT6Q, STM32U595ZJY6QTR, STM32U599BJY6QTR, STM32U599NIH6Q, STM32U599NJH6Q, STM32U599VIT6Q, STM32U599VJT6, STM32U599VJT6Q, STM32U599ZIT6Q, STM32U599ZIY6QTR, STM32U599ZJT6Q, STM32U599ZJY6QTR, STM32U5A5AJH6, STM32U5A5AJH6Q, STM32U5A5QJI6, STM32U5A5QJI6Q, STM32U5A5RJT6, STM32U5A5RJT6Q, STM32U5A5VJT6, STM32U5A5VJT6Q, STM32U5A5ZJT6, STM32U5A5ZJT6Q, STM32U5A5ZJY6QTR, STM32U5A9BJY6QTR, STM32U5A9J-DK, STM32U5A9NJH6Q, STM32U5A9VJT6Q, STM32U5A9ZJT6Q, STM32U5A9ZJY6QTR, STM32U5F7VIT6, STM32U5F7VIT6Q, STM32U5F7VJT6, STM32U5F7VJT6Q, STM32U5F9BJY6QTR, STM32U5F9NJH6Q, STM32U5F9VIT6Q, STM32U5F9VJT6Q, STM32U5F9ZIJ6QTR, STM32U5F9ZIT6Q, STM32U5F9ZJJ6QTR, STM32U5F9ZJT6Q, STM32U5G7VJT6, STM32U5G7VJT6Q, STM32U5G9BJY6QTR, STM32U5G9J-DK1, STM32U5G9J-DK2, STM32U5G9NJH6Q, STM32U5G9VJT6Q, STM32U5G9ZJJ6QTR, STM32U5G9ZJT6Q, STM32WB1MMCH6, STM32WBA52CEU6, STM32WBA52CEU6T, STM32WBA52CGU6, STM32WBA52CGU6T, STM32WBA52KEU6, STM32WBA52KEU6T, STM32WBA52KGU6, STM32WBA52KGU6T, STM32WL5MOCH6, STM32WL5MOCH6TR]
2026-05-28 16:13:43,397 [INFO] DbMcus:217 - Found 5061 MCUs, 4943 are supported
2026-05-28 16:13:43,397 [INFO] ApiDb:423 - Load user favorites file C:\Users\Admin/.stm32cubeide/favorites.mcus.txt: 2 item(s)
2026-05-28 16:13:43,398 [INFO] ApiDb:427 - User favorites MCUs=[STM32F103C8T6, STM32F405RGT6]
2026-05-28 16:13:43,398 [INFO] DbMcus:223 - Set 2 / 2 favorites MCUs
2026-05-28 16:13:43,734 [ERROR] TargetSelectorAdapter:267 - Unable to refresh data
2026-05-28 16:13:43,836 [INFO] ApiDb:668 - CubeFinder database Data Model version=2.1
2026-05-28 16:13:43,836 [INFO] ApiDb:669 - CubeFinder database Configuration version=3.0.42
2026-05-28 16:13:43,836 [INFO] ApiDb:670 - CubeFinder database generation date=2026-05-06 (1778060171)
2026-05-28 16:13:43,836 [INFO] ApiDb:671 - CubeFinder database FW Pack versions=[FP-ATR-ASTRA1_V2.0.0, FP-SNS-FLIGHT1_V5.1.0, FP-SNS-MOTENV1_V5.1.0, FP-SNS-MOTENVWB1_V1.5.0, FP-SNS-SMARTAG2_V1.2.0, FP-SNS-STBOX1_V2.1.0, STM32Cube_FW_C0_V1.4.0, STM32Cube_FW_F4_V1.28.3, STM32Cube_FW_F7_V1.17.4, STM32Cube_FW_G0_V1.6.3, STM32Cube_FW_G4_V1.6.2, STM32Cube_FW_H5_V1.6.0, STM32Cube_FW_H7RS_V1.3.0, STM32Cube_FW_H7_V1.13.0, STM32Cube_FW_L0_V1.12.2, STM32Cube_FW_L4_V1.18.2, STM32Cube_FW_L5_V1.6.0, STM32Cube_FW_N6_V1.3.0, STM32Cube_FW_U0_V1.3.0, STM32Cube_FW_U3_V1.3.0, STM32Cube_FW_U5_V1.8.0, STM32Cube_FW_WB0_V1.4.0, STM32Cube_FW_WBA_V1.9.0, STM32Cube_FW_WB_V1.24.0, STM32Cube_FW_WL3_V1.4.0, STM32Cube_FW_WL_V1.5.0, X-CUBE-ALGOBUILD_V1.4.0, X-CUBE-ALS_V1.0.2, X-CUBE-AZRTOS-F4_V1.1.0, X-CUBE-AZRTOS-F7_V1.1.0, X-CUBE-AZRTOS-G0_V1.1.0, X-CUBE-AZRTOS-G4_V2.0.0, X-CUBE-AZRTOS-H7RS_V1.1.0, X-CUBE-AZRTOS-H7_V3.5.0, X-CUBE-AZRTOS-L4_V2.0.0, X-CUBE-AZRTOS-L5_V2.0.0, X-CUBE-AZRTOS-WB_V2.0.0, X-CUBE-AZRTOS-WL_V2.0.0, X-CUBE-BLE1_V7.1.0, X-CUBE-BLE2_V3.3.0, X-CUBE-BLEMGR_V4.1.0, X-CUBE-EEPRMA1_V5.2.0, X-CUBE-FREERTOS_V1.5.0, X-CUBE-GNSS1_V6.0.0, X-CUBE-MEMS1_V12.0.0, X-CUBE-NFC4_V3.0.0, X-CUBE-NFC7_V2.0.0, X-CUBE-SFXS2LP1_V4.0.0, X-CUBE-ST67W61_V1.2.0, X-CUBE-SUBG2_V5.0.0, X-CUBE-TOF1_V3.4.3]
2026-05-28 16:13:43,887 [INFO] DbBoardsSqlite:226 - include board P-NUCLEO-WB55-NUCLEO as a kit item of type 'Nucleo-64'
2026-05-28 16:13:43,887 [INFO] DbBoardsSqlite:226 - include board P-NUCLEO-WB55-USBDONGLE as a kit item of type 'Nucleo USB Dongle'
2026-05-28 16:13:43,887 [INFO] DbBoardsSqlite:226 - include board STEVAL-IDP005V1 as a kit item of type 'Evaluation Board'
2026-05-28 16:13:43,888 [INFO] DbBoardsSqlite:226 - include board STEVAL-IDP005V2 as a kit item of type 'Evaluation Board'
2026-05-28 16:13:43,956 [INFO] ApiDb:240 - Found 323 in-development CPN: [B-G473E-ZEST1S, B-WB1M-WPAN1, B-WL5M-SUBG1, NUCLEO-C031C6, NUCLEO-H503RB, NUCLEO-H563ZI, NUCLEO-U545RE-Q, NUCLEO-U5A5ZJ-Q, NUCLEO-WBA52CG, STEVAL-PROTEUS1, STEVAL-SMARTAG2, STEVAL-STWINBX1, STM320518-EVAL, STM32C0116-DK, STM32C011D6Y3TR, STM32C011D6Y6TR, STM32C011F4P3, STM32C011F4P6, STM32C011F4U3, STM32C011F4U6TR, STM32C011F6P3, STM32C011F6P6, STM32C011F6U3, STM32C011F6U6TR, STM32C011J4M3, STM32C011J4M6, STM32C011J6M3, STM32C011J6M6, STM32C0316-DK, STM32C031C4T3, STM32C031C4T6, STM32C031C4U3, STM32C031C4U6, STM32C031C6T3, STM32C031C6T6, STM32C031C6U3, STM32C031C6U6, STM32C031F4P3, STM32C031F4P6, STM32C031F6P3, STM32C031F6P6, STM32C031G4U3, STM32C031G4U6, STM32C031G6U3, STM32C031G6U6, STM32C031K4T3, STM32C031K4T6, STM32C031K4U3, STM32C031K4U6, STM32C031K6T3, STM32C031K6T6, STM32C031K6U3, STM32C031K6U6, STM32G071K8TXN, STM32G071K8UXN, STM32G081GBU6N, STM32G081KBT6N, STM32G081KBUXN, STM32G0B1CCT6N, STM32G0B1KCT6, STM32G0B1NEY6TR, STM32G0B1RCT6N, STM32G0C1CCT6, STM32G0C1CCT6N, STM32G0C1CCU6N, STM32G0C1CET6N, STM32G0C1CEU6N, STM32G0C1KCT6, STM32G0C1NEY6TR, STM32G0C1RCI6N, STM32G0C1RCT6N, STM32G0C1REI6N, STM32G0C1RET6N, STM32G0C1VCI6, STM32G0C1VEI6, STM32G471CCT6, STM32G471CCU6, STM32G471CET3, STM32G471CET6, STM32G471CEU3, STM32G471CEU6, STM32G471MCT6, STM32G471MET3, STM32G471MET6, STM32G471MEY6TR, STM32G471QCT6, STM32G471QET3, STM32G471RCT6, STM32G471RET3, STM32G471RET6, STM32G471VCH6, STM32G471VCI6, STM32G471VCT6, STM32G471VEH3, STM32G471VEH6, STM32G471VEI3, STM32G471VEI6, STM32G471VET3, STM32G471VET6, STM32G474CCT6, STM32H503CBT6, STM32H503CBU6, STM32H503EBY6TR, STM32H503KBU6, STM32H503RBT6, STM32H562AGI6, STM32H562AII6, STM32H562IGK6, STM32H562IGT6, STM32H562IIK6, STM32H562IIT6, STM32H562RGT6, STM32H562RGV6, STM32H562RIT6, STM32H562RIV6, STM32H562VGT6, STM32H562VIT6, STM32H562ZGT6, STM32H562ZIT6, STM32H563AGI6, STM32H563AII3Q, STM32H563AII6, STM32H563IGK6, STM32H563IGT6, STM32H563IIK3Q, STM32H563IIK6, STM32H563IIT3Q, STM32H563IIT6, STM32H563MIY3QTR, STM32H563RGT6, STM32H563RGV6, STM32H563RIT6, STM32H563RIV6, STM32H563VGT6, STM32H563VIT3Q, STM32H563VIT6, STM32H563ZGT6, STM32H563ZIT3Q, STM32H563ZIT6, STM32H573AII3Q, STM32H573AII6, STM32H573I-DK, STM32H573IIK3Q, STM32H573IIK6, STM32H573IIT3Q, STM32H573IIT6, STM32H573MIY3QTR, STM32H573RIT6, STM32H573RIV6, STM32H573VIT3Q, STM32H573VIT6, STM32H573ZIT3Q, STM32H573ZIT6, STM32L4R5QGI6STR, STM32MP131AAE3, STM32MP131AAF3, STM32MP131AAG3, STM32MP131CAE3, STM32MP131CAF3, STM32MP131CAG3, STM32MP131DAE7, STM32MP131DAF7, STM32MP131DAG7, STM32MP131FAE7, STM32MP131FAF7, STM32MP131FAG7, STM32MP133AAE3, STM32MP133AAF3, STM32MP133AAG3, STM32MP133CAE3, STM32MP133CAF3, STM32MP133CAG3, STM32MP133DAE7, STM32MP133DAF7, STM32MP133DAG7, STM32MP133FAE7, STM32MP133FAF7, STM32MP133FAG7, STM32MP135AAE3, STM32MP135AAF3, STM32MP135AAG3, STM32MP135CAE3, STM32MP135CAF3, STM32MP135CAG3, STM32MP135DAE7, STM32MP135DAF7, STM32MP135DAG7, STM32MP135F-DK, STM32MP135FAE7, STM32MP135FAF7, STM32MP135FAF7T, STM32MP135FAF7U, STM32MP135FAG7, STM32U535CBT6, STM32U535CBT6Q, STM32U535CBU6, STM32U535CBU6Q, STM32U535CCT6, STM32U535CCT6Q, STM32U535CCU6, STM32U535CCU6Q, STM32U535CET6, STM32U535CET6Q, STM32U535CEU6, STM32U535CEU6Q, STM32U535JEY6QTR, STM32U535NCY6QTR, STM32U535NEY6QTR, STM32U535RBI6, STM32U535RBI6Q, STM32U535RBT6, STM32U535RBT6Q, STM32U535RCI6, STM32U535RCI6Q, STM32U535RCT6, STM32U535RCT6Q, STM32U535REI6, STM32U535REI6Q, STM32U535RET6, STM32U535RET6Q, STM32U535VCI6, STM32U535VCI6Q, STM32U535VCT6, STM32U535VCT6Q, STM32U535VEI6, STM32U535VEI6Q, STM32U535VET6, STM32U535VET6Q, STM32U545CET6, STM32U545CET6Q, STM32U545CEU6, STM32U545CEU6Q, STM32U545JEY6QTR, STM32U545NEY6QTR, STM32U545REI6, STM32U545REI6Q, STM32U545RET6, STM32U545RET6Q, STM32U545VEI6, STM32U545VEI6Q, STM32U545VET6, STM32U545VET6Q, STM32U595AIH6, STM32U595AIH6Q, STM32U595AJH6, STM32U595AJH6Q, STM32U595QII6, STM32U595QII6Q, STM32U595QJI6, STM32U595QJI6Q, STM32U595RIT6, STM32U595RIT6Q, STM32U595RJT6, STM32U595RJT6Q, STM32U595VIT6, STM32U595VIT6Q, STM32U595VJT6, STM32U595VJT6Q, STM32U595ZIT6, STM32U595ZIT6Q, STM32U595ZIY6QTR, STM32U595ZJT6, STM32U595ZJT6Q, STM32U595ZJY6QTR, STM32U599BJY6QTR, STM32U599NIH6Q, STM32U599NJH6Q, STM32U599VIT6Q, STM32U599VJT6, STM32U599VJT6Q, STM32U599ZIT6Q, STM32U599ZIY6QTR, STM32U599ZJT6Q, STM32U599ZJY6QTR, STM32U5A5AJH6, STM32U5A5AJH6Q, STM32U5A5QJI6, STM32U5A5QJI6Q, STM32U5A5RJT6, STM32U5A5RJT6Q, STM32U5A5VJT6, STM32U5A5VJT6Q, STM32U5A5ZJT6, STM32U5A5ZJT6Q, STM32U5A5ZJY6QTR, STM32U5A9BJY6QTR, STM32U5A9J-DK, STM32U5A9NJH6Q, STM32U5A9VJT6Q, STM32U5A9ZJT6Q, STM32U5A9ZJY6QTR, STM32U5F7VIT6, STM32U5F7VIT6Q, STM32U5F7VJT6, STM32U5F7VJT6Q, STM32U5F9BJY6QTR, STM32U5F9NJH6Q, STM32U5F9VIT6Q, STM32U5F9VJT6Q, STM32U5F9ZIJ6QTR, STM32U5F9ZIT6Q, STM32U5F9ZJJ6QTR, STM32U5F9ZJT6Q, STM32U5G7VJT6, STM32U5G7VJT6Q, STM32U5G9BJY6QTR, STM32U5G9J-DK1, STM32U5G9J-DK2, STM32U5G9NJH6Q, STM32U5G9VJT6Q, STM32U5G9ZJJ6QTR, STM32U5G9ZJT6Q, STM32WB1MMCH6, STM32WBA52CEU6, STM32WBA52CEU6T, STM32WBA52CGU6, STM32WBA52CGU6T, STM32WBA52KEU6, STM32WBA52KEU6T, STM32WBA52KGU6, STM32WBA52KGU6T, STM32WL5MOCH6, STM32WL5MOCH6TR]
2026-05-28 16:13:43,991 [INFO] BoardInfo:880 - No configuration file found for board B-WBA5M-WPAN
2026-05-28 16:13:43,991 [INFO] DbBoards:157 - Board is not supported: B-WBA5M-WPAN
2026-05-28 16:13:43,995 [INFO] BoardInfo:880 - No configuration file found for board NUCLEO-C051C8
2026-05-28 16:13:43,995 [INFO] DbBoards:157 - Board is not supported: NUCLEO-C051C8
2026-05-28 16:13:43,996 [INFO] BoardInfo:880 - No configuration file found for board NUCLEO-C071RB
2026-05-28 16:13:43,996 [INFO] DbBoards:157 - Board is not supported: NUCLEO-C071RB
2026-05-28 16:13:43,997 [INFO] BoardInfo:880 - No configuration file found for board NUCLEO-C092RC
2026-05-28 16:13:43,997 [INFO] DbBoards:157 - Board is not supported: NUCLEO-C092RC
2026-05-28 16:13:44,031 [INFO] BoardInfo:880 - No configuration file found for board NUCLEO-H533RE
2026-05-28 16:13:44,032 [INFO] DbBoards:157 - Board is not supported: NUCLEO-H533RE
2026-05-28 16:13:44,033 [INFO] BoardInfo:880 - No configuration file found for board NUCLEO-H5E5ZJ
2026-05-28 16:13:44,033 [INFO] DbBoards:157 - Board is not supported: NUCLEO-H5E5ZJ
2026-05-28 16:13:44,039 [INFO] BoardInfo:880 - No configuration file found for board NUCLEO-H7S3L8
2026-05-28 16:13:44,039 [INFO] DbBoards:157 - Board is not supported: NUCLEO-H7S3L8
2026-05-28 16:13:44,056 [INFO] BoardInfo:880 - No configuration file found for board NUCLEO-N657X0-Q
2026-05-28 16:13:44,057 [INFO] DbBoards:157 - Board is not supported: NUCLEO-N657X0-Q
2026-05-28 16:13:44,057 [INFO] BoardInfo:880 - No configuration file found for board NUCLEO-U031R8
2026-05-28 16:13:44,057 [INFO] DbBoards:157 - Board is not supported: NUCLEO-U031R8
2026-05-28 16:13:44,058 [INFO] BoardInfo:880 - No configuration file found for board NUCLEO-U083RC
2026-05-28 16:13:44,058 [INFO] DbBoards:157 - Board is not supported: NUCLEO-U083RC
2026-05-28 16:13:44,059 [INFO] BoardInfo:880 - No configuration file found for board NUCLEO-U385RG-Q
2026-05-28 16:13:44,059 [INFO] DbBoards:157 - Board is not supported: NUCLEO-U385RG-Q
2026-05-28 16:13:44,060 [INFO] BoardInfo:880 - No configuration file found for board NUCLEO-U3C5ZI-Q
2026-05-28 16:13:44,060 [INFO] DbBoards:157 - Board is not supported: NUCLEO-U3C5ZI-Q
2026-05-28 16:13:44,064 [INFO] BoardInfo:880 - No configuration file found for board NUCLEO-WB05KZ
2026-05-28 16:13:44,064 [INFO] DbBoards:157 - Board is not supported: NUCLEO-WB05KZ
2026-05-28 16:13:44,065 [INFO] BoardInfo:880 - No configuration file found for board NUCLEO-WB07CC
2026-05-28 16:13:44,065 [INFO] DbBoards:157 - Board is not supported: NUCLEO-WB07CC
2026-05-28 16:13:44,066 [INFO] BoardInfo:880 - No configuration file found for board NUCLEO-WB09KE
2026-05-28 16:13:44,066 [INFO] DbBoards:157 - Board is not supported: NUCLEO-WB09KE
2026-05-28 16:13:44,068 [INFO] BoardInfo:880 - No configuration file found for board NUCLEO-WBA25CE1
2026-05-28 16:13:44,068 [INFO] DbBoards:157 - Board is not supported: NUCLEO-WBA25CE1
2026-05-28 16:13:44,069 [INFO] BoardInfo:880 - No configuration file found for board NUCLEO-WBA55CG
2026-05-28 16:13:44,069 [INFO] DbBoards:157 - Board is not supported: NUCLEO-WBA55CG
2026-05-28 16:13:44,070 [INFO] BoardInfo:880 - No configuration file found for board NUCLEO-WBA65RI
2026-05-28 16:13:44,070 [INFO] DbBoards:157 - Board is not supported: NUCLEO-WBA65RI
2026-05-28 16:13:44,071 [INFO] BoardInfo:880 - No configuration file found for board NUCLEO-WL33CC1
2026-05-28 16:13:44,071 [INFO] DbBoards:157 - Board is not supported: NUCLEO-WL33CC1
2026-05-28 16:13:44,072 [INFO] BoardInfo:880 - No configuration file found for board NUCLEO-WL33CC2
2026-05-28 16:13:44,072 [INFO] DbBoards:157 - Board is not supported: NUCLEO-WL33CC2
2026-05-28 16:13:44,072 [INFO] BoardInfo:880 - No configuration file found for board NUCLEO-WL3RKB1
2026-05-28 16:13:44,072 [INFO] DbBoards:157 - Board is not supported: NUCLEO-WL3RKB1
2026-05-28 16:13:44,074 [INFO] BoardInfo:880 - No configuration file found for board NUCLEO-WL3RKB2
2026-05-28 16:13:44,074 [INFO] DbBoards:157 - Board is not supported: NUCLEO-WL3RKB2
2026-05-28 16:13:44,080 [INFO] BoardInfo:880 - No configuration file found for board P-NUCLEO-WB55
2026-05-28 16:13:44,080 [INFO] DbBoards:157 - Kit is not supported: P-NUCLEO-WB55
2026-05-28 16:13:44,084 [INFO] BoardInfo:880 - No configuration file found for board STEVAL-BFA001V1B
2026-05-28 16:13:44,084 [INFO] DbBoards:157 - Kit is not supported: STEVAL-BFA001V1B
2026-05-28 16:13:44,085 [INFO] BoardInfo:880 - No configuration file found for board STEVAL-BFA001V2B
2026-05-28 16:13:44,085 [INFO] DbBoards:157 - Kit is not supported: STEVAL-BFA001V2B
2026-05-28 16:13:44,088 [INFO] BoardInfo:880 - No configuration file found for board STEVAL-MKBOXPRO
2026-05-28 16:13:44,088 [INFO] DbBoards:157 - Board is not supported: STEVAL-MKBOXPRO
2026-05-28 16:13:44,139 [INFO] BoardInfo:880 - No configuration file found for board STM32H5F5J-DK
2026-05-28 16:13:44,139 [INFO] DbBoards:157 - Board is not supported: STM32H5F5J-DK
2026-05-28 16:13:44,150 [INFO] BoardInfo:880 - No configuration file found for board STM32H7S78-DK
2026-05-28 16:13:44,150 [INFO] DbBoards:157 - Board is not supported: STM32H7S78-DK
2026-05-28 16:13:44,168 [INFO] BoardInfo:880 - No configuration file found for board STM32MP215F-DK
2026-05-28 16:13:44,169 [INFO] DbBoards:157 - Board is not supported: STM32MP215F-DK
2026-05-28 16:13:44,170 [INFO] BoardInfo:880 - No configuration file found for board STM32MP257F-DK
2026-05-28 16:13:44,170 [INFO] DbBoards:157 - Board is not supported: STM32MP257F-DK
2026-05-28 16:13:44,171 [INFO] BoardInfo:880 - No configuration file found for board STM32MP257F-EV1
2026-05-28 16:13:44,171 [INFO] DbBoards:157 - Board is not supported: STM32MP257F-EV1
2026-05-28 16:13:44,172 [INFO] BoardInfo:880 - No configuration file found for board STM32N6570-DK
2026-05-28 16:13:44,173 [INFO] DbBoards:157 - Board is not supported: STM32N6570-DK
2026-05-28 16:13:44,174 [INFO] BoardInfo:880 - No configuration file found for board STM32U083C-DK
2026-05-28 16:13:44,174 [INFO] DbBoards:157 - Board is not supported: STM32U083C-DK
2026-05-28 16:13:44,180 [INFO] BoardInfo:880 - No configuration file found for board STM32WBA55G-DK1
2026-05-28 16:13:44,180 [INFO] DbBoards:157 - Board is not supported: STM32WBA55G-DK1
2026-05-28 16:13:44,181 [INFO] BoardInfo:880 - No configuration file found for board STM32WBA65I-DK1
2026-05-28 16:13:44,181 [INFO] DbBoards:157 - Board is not supported: STM32WBA65I-DK1
2026-05-28 16:13:44,182 [INFO] DbBoards:161 - Found 218 boards, 183 are supported
2026-05-28 16:13:44,185 [INFO] ApiDb:423 - Load user favorites file C:\Users\Admin/.stm32cubeide/favorites.boards.txt: 0 item(s)
2026-05-28 16:13:44,185 [INFO] ApiDb:427 - User favorites Boards=[]
2026-05-28 16:13:44,185 [INFO] DbBoards:190 - Set 0 / 0 favorites Boards
2026-05-28 16:13:44,185 [INFO] McuFinderGlobals:76 - Set McuFinderConnectedMode to true
2026-05-28 16:13:44,194 [INFO] MultiScanPanel:200 - Auto-refresh data requested => check proxy status ongoing
2026-05-28 16:13:44,196 [INFO] FinderPluginLoader:95 - Searching for filters in installed packs
2026-05-28 16:13:45,787 [INFO] LoadUrlFilesThread:185 - End of LoadServerUrlFiles without Thread
2026-05-28 16:13:45,805 [INFO] DetailPanel:341 - Set advertising image to C:/Users/Admin/STM32Cube/Repository/\en.prom-stm32wba2-stm32-nucleo-board-0426.png
2026-05-28 16:14:14,279 [INFO] MainUpdater:2868 - connection check result : 10
2026-05-28 16:14:14,279 [INFO] MainUpdater:2868 - connection check result : 10
2026-05-28 16:14:14,461 [INFO] MicroXplorer:468 - Change Database Path : 
2026-05-28 16:14:14,462 [INFO] MicroXplorer:498 - Change Database Version : DB.6.0.91
2026-05-28 16:14:14,507 [WARN] ThirdParty:871 - waiting for thirdparty lock release [close project]
2026-05-28 16:14:14,507 [INFO] ThirdParty:873 - entering critical section [close project]
2026-05-28 16:14:14,507 [INFO] ThirdParty:883 - exiting critical section [close project]
2026-05-28 16:14:14,508 [INFO] PinOutPanel:1499 - setPackage(No Configuration,No Configuration)
2026-05-28 16:14:14,512 [INFO] UtilMem:75 - Begin LoadConfig() Used Memory: 692886792 Bytes (1073741824)
2026-05-28 16:14:14,512 [INFO] MicroXplorer:468 - Change Database Path : 
2026-05-28 16:14:14,512 [INFO] MicroXplorer:498 - Change Database Version : DB.6.0.91
2026-05-28 16:14:14,512 [INFO] OpenFileManager:308 - Change cursor
2026-05-28 16:14:14,621 [INFO] Mcu:1946 - Initializing MCU STM32F103C8Tx STM32F103C8Tx STM32F103C8T6
2026-05-28 16:14:15,211 [INFO] Context:659 - Trying to add GPIOservice into a context  which must be forbidden
2026-05-28 16:14:15,443 [INFO] ImportTextPane:194 - (OptionalMessage_ERROR) Unable to find key (Mcu.ThirdPartyNb) in loaded IOC file
2026-05-28 16:14:15,444 [INFO] ImportTextPane:194 - (OptionalMessage_ERROR) Unable to find key (Mcu.PinsNb) in loaded IOC file
2026-05-28 16:14:15,444 [INFO] ImportTextPane:194 - (OptionalMessage_ERROR) Unable to find key (Mcu.IPNb) in loaded IOC file
2026-05-28 16:14:15,462 [WARN] ModelIntegratedComponent:63 - No mode defined for component null
2026-05-28 16:14:15,462 [WARN] ModelIntegratedComponent:63 - No mode defined for component null
2026-05-28 16:14:15,462 [WARN] ModelIntegratedComponent:63 - No mode defined for component null
2026-05-28 16:14:15,462 [WARN] ModelIntegratedComponent:63 - No mode defined for component null
2026-05-28 16:14:15,463 [WARN] ModelIntegratedComponent:63 - No mode defined for component null
2026-05-28 16:14:15,463 [WARN] ModelIntegratedComponent:63 - No mode defined for component null
2026-05-28 16:14:15,463 [WARN] ModelIntegratedComponent:63 - No mode defined for component null
2026-05-28 16:14:15,463 [WARN] ModelIntegratedComponent:63 - No mode defined for component null
2026-05-28 16:14:15,463 [WARN] ModelIntegratedComponent:63 - No mode defined for component null
2026-05-28 16:14:15,463 [WARN] ModelIntegratedComponent:63 - No mode defined for component null
2026-05-28 16:14:15,463 [WARN] ModelIntegratedComponent:63 - No mode defined for component null
2026-05-28 16:14:15,463 [WARN] ModelIntegratedComponent:63 - No mode defined for component null
2026-05-28 16:14:15,463 [WARN] ModelIntegratedComponent:63 - No mode defined for component null
2026-05-28 16:14:15,463 [WARN] ModelIntegratedComponent:63 - No mode defined for component null
2026-05-28 16:14:15,463 [WARN] ModelIntegratedComponent:63 - No mode defined for component null
2026-05-28 16:14:15,463 [WARN] ModelIntegratedComponent:63 - No mode defined for component null
2026-05-28 16:14:15,463 [WARN] ModelIntegratedComponent:63 - No mode defined for component null
2026-05-28 16:14:15,463 [WARN] ModelIntegratedComponent:63 - No mode defined for component null
2026-05-28 16:14:15,463 [WARN] ModelIntegratedComponent:63 - No mode defined for component null
2026-05-28 16:14:15,463 [WARN] ModelIntegratedComponent:63 - No mode defined for component null
2026-05-28 16:14:15,464 [WARN] ModelIntegratedComponent:63 - No mode defined for component null
2026-05-28 16:14:15,464 [WARN] ModelIntegratedComponent:63 - No mode defined for component null
2026-05-28 16:14:15,464 [WARN] ModelIntegratedComponent:63 - No mode defined for component null
2026-05-28 16:14:15,464 [WARN] ModelIntegratedComponent:63 - No mode defined for component null
2026-05-28 16:14:15,464 [WARN] ModelIntegratedComponent:63 - No mode defined for component null
2026-05-28 16:14:15,464 [WARN] ModelIntegratedComponent:63 - No mode defined for component null
2026-05-28 16:14:15,464 [WARN] ModelIntegratedComponent:63 - No mode defined for component null
2026-05-28 16:14:15,465 [WARN] ModelIntegratedComponent:63 - No mode defined for component null
2026-05-28 16:14:15,465 [WARN] ModelIntegratedComponent:63 - No mode defined for component null
2026-05-28 16:14:15,465 [WARN] ModelIntegratedComponent:63 - No mode defined for component null
2026-05-28 16:14:15,465 [WARN] ModelIntegratedComponent:63 - No mode defined for component null
2026-05-28 16:14:15,465 [WARN] ModelIntegratedComponent:63 - No mode defined for component null
2026-05-28 16:14:15,465 [WARN] ModelIntegratedComponent:63 - No mode defined for component null
2026-05-28 16:14:15,472 [INFO] RtosManager:555 - Registered RTOS mode: class=CMSIS, group=RTOS, mode=CMSIS_V1, owner=FREERTOS
2026-05-28 16:14:15,472 [INFO] RtosManager:555 - Registered RTOS mode: class=CMSIS, group=RTOS2, mode=CMSIS_V2, owner=FREERTOS
2026-05-28 16:14:15,473 [INFO] RtosManager:555 - Registered RTOS mode: class=RTOS, group=Core, mode=CMSIS_V1, owner=FREERTOS
2026-05-28 16:14:15,473 [INFO] RtosManager:555 - Registered RTOS mode: class=RTOS, group=Core, mode=CMSIS_V2, owner=FREERTOS
2026-05-28 16:14:15,473 [WARN] ModelIntegratedComponent:184 - Missing modes for component STMicroelectronics:FreeRTOS:0.0.1:STMicroelectronics:RTOS:FreeRTOS:Core:::10.2.0:
2026-05-28 16:14:15,488 [INFO] ThirdPartyModel:298 - Start build external matchings
2026-05-28 16:14:15,528 [INFO] ThirdPartyModel:316 - End build external matchings
2026-05-28 16:14:15,837 [INFO] UtilMem:75 - End LoadConfig() Used Memory: 732136744 Bytes (1073741824)
2026-05-28 16:14:15,880 [WARN] ThirdParty:833 - waiting for thirdparty lock release [change project]
2026-05-28 16:14:15,881 [INFO] ThirdParty:835 - entering critical section [change project]
2026-05-28 16:14:15,881 [INFO] ThirdParty:1030 - CMSIS Pack Vendor :STMicroelectronics USBPD 4.1
2026-05-28 16:14:15,881 [INFO] ThirdParty:1030 - CMSIS Pack Vendor :STMicroelectronics X-CUBE-DISPLAY 3.0.0
2026-05-28 16:14:15,881 [INFO] ThirdParty:1030 - CMSIS Pack Vendor :STMicroelectronics USB_HOST 2.0.0
2026-05-28 16:14:15,881 [INFO] ThirdParty:1030 - CMSIS Pack Vendor :STMicroelectronics X-CUBE-AZRTOS-F4 1.1.0
2026-05-28 16:14:15,881 [INFO] ThirdParty:1030 - CMSIS Pack Vendor :STMicroelectronics LIBJPEG 8.0.0
2026-05-28 16:14:15,881 [INFO] ThirdParty:1030 - CMSIS Pack Vendor :STMicroelectronics FP-ATR-SIGFOX1 3.2.0
2026-05-28 16:14:15,881 [INFO] ThirdParty:1030 - CMSIS Pack Vendor :STMicroelectronics X-CUBE-SMBUS 2.1.0
2026-05-28 16:14:15,881 [INFO] ThirdParty:1030 - CMSIS Pack Vendor :STMicroelectronics USB_DEVICE 3.0.0
2026-05-28 16:14:15,882 [INFO] ThirdParty:1030 - CMSIS Pack Vendor :STMicroelectronics HAL Drivers 0.0.0
2026-05-28 16:14:15,882 [INFO] ThirdParty:1030 - CMSIS Pack Vendor :STMicroelectronics MBEDTLS 2.16.2
2026-05-28 16:14:15,882 [INFO] ThirdParty:1030 - CMSIS Pack Vendor :STMicroelectronics MBEDTLS 2.14.1
2026-05-28 16:14:15,882 [INFO] ThirdParty:1030 - CMSIS Pack Vendor :STMicroelectronics X-CUBE-AZRTOS-F7 1.1.0
2026-05-28 16:14:15,882 [INFO] ThirdParty:1030 - CMSIS Pack Vendor :STMicroelectronics USB_DEVICE 2.0.0
2026-05-28 16:14:15,882 [INFO] ThirdParty:1030 - CMSIS Pack Vendor :STMicroelectronics ThreadX 1.0.0
2026-05-28 16:14:15,882 [INFO] ThirdParty:1030 - CMSIS Pack Vendor :STMicroelectronics X-CUBE-AZRTOS-WL 2.0.0
2026-05-28 16:14:15,882 [INFO] ThirdParty:1030 - CMSIS Pack Vendor :STMicroelectronics FreeRTOS 0.0.1
2026-05-28 16:14:15,882 [INFO] ThirdParty:1030 - CMSIS Pack Vendor :STMicroelectronics X-CUBE-AZRTOS-G0 1.1.0
2026-05-28 16:14:15,882 [INFO] ThirdParty:1030 - CMSIS Pack Vendor :STMicroelectronics USB_DEVICE 1.0.0
2026-05-28 16:14:15,882 [INFO] ThirdParty:1030 - CMSIS Pack Vendor :STMicroelectronics X-CUBE-SUBG2 5.0.0
2026-05-28 16:14:15,882 [INFO] ThirdParty:1030 - CMSIS Pack Vendor :STMicroelectronics X-CUBE-NFC4 3.0.0
2026-05-28 16:14:15,882 [INFO] ThirdParty:1030 - CMSIS Pack Vendor :STMicroelectronics STM32_WPAN 1.0.0
2026-05-28 16:14:15,882 [INFO] ThirdParty:1030 - CMSIS Pack Vendor :STMicroelectronics X-CUBE-AZRTOS-L4 2.0.0
2026-05-28 16:14:15,882 [INFO] ThirdParty:1030 - CMSIS Pack Vendor :STMicroelectronics ThreadX 0.0.2
2026-05-28 16:14:15,882 [INFO] ThirdParty:1030 - CMSIS Pack Vendor :STMicroelectronics lwIP 2.0.3
2026-05-28 16:14:15,882 [INFO] ThirdParty:1030 - CMSIS Pack Vendor :STMicroelectronics lwIP 2.1.2
2026-05-28 16:14:15,882 [INFO] ThirdParty:1030 - CMSIS Pack Vendor :STMicroelectronics X-CUBE-SFXS2LP1 4.0.0
2026-05-28 16:14:15,882 [INFO] ThirdParty:1030 - CMSIS Pack Vendor :STMicroelectronics X-CUBE-BLE2 3.3.0
2026-05-28 16:14:15,882 [INFO] ThirdParty:1030 - CMSIS Pack Vendor :STMicroelectronics USB_HOST 1.0.0
2026-05-28 16:14:15,882 [INFO] ThirdParty:1030 - CMSIS Pack Vendor :STMicroelectronics X-CUBE-AZRTOS-G4 2.0.0
2026-05-28 16:14:15,882 [INFO] ThirdParty:1030 - CMSIS Pack Vendor :STMicroelectronics PDM2PCM 3.1.0
2026-05-28 16:14:15,883 [INFO] ThirdParty:1030 - CMSIS Pack Vendor :STMicroelectronics PDM2PCM 3.2.0
2026-05-28 16:14:15,883 [INFO] ThirdParty:1030 - CMSIS Pack Vendor :STMicroelectronics PDM2PCM 3.3.0
2026-05-28 16:14:15,883 [INFO] ThirdParty:841 - exiting critical section [change project]
2026-05-28 16:14:16,106 [INFO] PinOutPanel:1499 - setPackage(No Configuration,No Configuration)
2026-05-28 16:14:16,107 [INFO] PinOutPanel:1499 - setPackage(STM32F103C8Tx,LQFP48)
2026-05-28 16:14:16,391 [INFO] UtilMem:75 - Before build in PCC Used Memory: 813437968 Bytes (1073741824)
2026-05-28 16:14:16,625 [INFO] UtilMem:75 - After build in PCC Used Memory: 855381072 Bytes (1073741824)
2026-05-28 16:14:16,642 [INFO] IPUIPlugin:80 - create IPUIPlugin
2026-05-28 16:14:16,642 [INFO] IPUIPlugin:80 - create IPUIPlugin
2026-05-28 16:14:16,643 [INFO] IPUIPlugin:80 - create IPUIPlugin
2026-05-28 16:14:16,643 [INFO] IPUIPlugin:80 - create IPUIPlugin
2026-05-28 16:14:16,643 [INFO] IPUIPlugin:80 - create IPUIPlugin
2026-05-28 16:14:16,643 [INFO] IPUIPlugin:80 - create IPUIPlugin
2026-05-28 16:14:16,643 [INFO] IPUIPlugin:80 - create IPUIPlugin
2026-05-28 16:14:16,643 [INFO] IPUIPlugin:80 - create IPUIPlugin
2026-05-28 16:14:16,643 [INFO] IPUIPlugin:80 - create IPUIPlugin
2026-05-28 16:14:16,643 [INFO] IPUIPlugin:80 - create IPUIPlugin
2026-05-28 16:14:16,643 [INFO] IPUIPlugin:80 - create IPUIPlugin
2026-05-28 16:14:16,643 [INFO] IPUIPlugin:80 - create IPUIPlugin
2026-05-28 16:14:16,644 [INFO] IPUIPlugin:80 - create IPUIPlugin
2026-05-28 16:14:16,644 [INFO] IPUIPlugin:80 - create IPUIPlugin
2026-05-28 16:14:16,644 [INFO] IPUIPlugin:80 - create IPUIPlugin
2026-05-28 16:14:16,644 [INFO] IPUIPlugin:80 - create IPUIPlugin
2026-05-28 16:14:16,644 [INFO] IPUIPlugin:80 - create IPUIPlugin
2026-05-28 16:14:16,644 [INFO] IPUIPlugin:80 - create IPUIPlugin
2026-05-28 16:14:16,644 [INFO] IPUIPlugin:80 - create IPUIPlugin
2026-05-28 16:14:16,645 [INFO] IPUIPlugin:80 - create IPUIPlugin
2026-05-28 16:14:16,645 [INFO] IPUIPlugin:80 - create IPUIPlugin
2026-05-28 16:14:16,645 [INFO] IPUIPlugin:80 - create IPUIPlugin
2026-05-28 16:14:16,645 [INFO] IPUIPlugin:80 - create IPUIPlugin
2026-05-28 16:14:16,645 [INFO] IPUIPlugin:80 - create IPUIPlugin
2026-05-28 16:14:16,646 [INFO] IPUIPlugin:80 - create IPUIPlugin
2026-05-28 16:14:16,646 [INFO] IPUIPlugin:80 - create IPUIPlugin
2026-05-28 16:14:16,646 [INFO] IPUIPlugin:80 - create IPUIPlugin
2026-05-28 16:14:16,677 [INFO] CADModel:165 - CPN selected for project levelSTM32F103C8T6
2026-05-28 16:14:16,677 [INFO] CADModel:114 - Register for checkConnection events
2026-05-28 16:14:16,725 [INFO] OpenFileManager:328 - Restore cursor
2026-05-28 16:14:17,163 [INFO] UtilMem:75 - End SaveConfig() Used Memory: 696557880 Bytes (1073741824)
2026-05-28 16:14:17,223 [INFO] UtilMem:75 - End SaveConfig() Used Memory: 707984832 Bytes (1073741824)
2026-05-28 16:14:17,853 [INFO] BlockDiagram:2759 - set Specific Code input for plugin: NVIC
2026-05-28 16:14:17,854 [INFO] BlockDiagram:2759 - set Specific Code input for plugin: RCC
2026-05-28 16:14:17,856 [INFO] CodeGenerator:799 - code generatio: config db path: C:\ST\STM32CubeIDE_1.13.1\STM32CubeIDE\plugins\com.st.stm32cube.common.mx_6.9.1.202307191849\\db\
2026-05-28 16:14:18,264 [INFO] CodeEngine:255 - oldGeneratedFile, D:\smart_garden\Node\MXTmpFiles\license.tmp_save
2026-05-28 16:14:18,807 [INFO] CodeEngine:279 - Generated code: D:\smart_garden\Node\MXTmpFiles\license.tmp
2026-05-28 16:14:18,838 [INFO] CodeEngine:255 - oldGeneratedFile, D:\smart_garden\Node\Core\Src\stm32f1xx_it.c_save
2026-05-28 16:14:19,119 [INFO] CodeEngine:279 - Generated code: D:\smart_garden\Node\Core\Src\stm32f1xx_it.c
2026-05-28 16:14:19,126 [INFO] CodeEngine:255 - oldGeneratedFile, D:\smart_garden\Node\Core\Inc\stm32f1xx_it.h_save
2026-05-28 16:14:19,316 [INFO] CodeEngine:279 - Generated code: D:\smart_garden\Node\Core\Inc\stm32f1xx_it.h
2026-05-28 16:14:19,559 [INFO] CodeEngine:255 - oldGeneratedFile, D:\smart_garden\Node\Core\Src\stm32f1xx_hal_msp.c_save
2026-05-28 16:14:19,808 [INFO] CodeEngine:279 - Generated code: D:\smart_garden\Node\Core\Src\stm32f1xx_hal_msp.c
2026-05-28 16:14:19,812 [INFO] CodeEngine:255 - oldGeneratedFile, D:\smart_garden\Node\MXTmpFiles\system.tmp_save
2026-05-28 16:14:19,931 [INFO] CodeEngine:279 - Generated code: D:\smart_garden\Node\MXTmpFiles\system.tmp
2026-05-28 16:14:19,942 [INFO] CodeEngine:311 - oldGeneratedFile, D:\smart_garden\Node\Core\Inc\stm32f1xx_hal_conf.h_save
2026-05-28 16:14:20,055 [INFO] CodeEngine:335 - Generated code: D:\smart_garden\Node\Core\Inc\stm32f1xx_hal_conf.h
2026-05-28 16:14:20,099 [INFO] CodeEngine:255 - oldGeneratedFile, D:\smart_garden\Node\Core\Inc\main.h_save
2026-05-28 16:14:20,218 [INFO] CodeEngine:279 - Generated code: D:\smart_garden\Node\Core\Inc\main.h
2026-05-28 16:14:20,226 [INFO] CodeEngine:255 - oldGeneratedFile, D:\smart_garden\Node\Core\Src\main.c_save
2026-05-28 16:14:20,417 [INFO] CodeEngine:279 - Generated code: D:\smart_garden\Node\Core\Src\main.c
2026-05-28 16:14:21,227 [INFO] ProjectBuilder:3064 - Time for Copy HAL[1] : 142mS.
2026-05-28 16:14:21,236 [INFO] ProjectBuilder:4404 - Project Generator version: 4.1.0
2026-05-28 16:14:21,673 [INFO] ConfigFileManager:1457 - The Die is : DIE410
2026-05-28 16:14:21,707 [INFO] ApiDbMcu:507 - Load IP Config File for FATFS
2026-05-28 16:14:21,761 [INFO] ApiDbMcu:507 - Load IP Config File for FREERTOS
2026-05-28 16:14:21,808 [INFO] ApiDbMcu:507 - Load IP Config File for USB_DEVICE
2026-05-28 16:14:22,225 [ERROR] ConfigurationRetriever:142 - IOException on connection: Connect timed out
2026-05-28 16:14:23,251 [INFO] LogOutputStream:77 - [STDOUT_REDIRECT] 
2026-05-28 16:14:25,523 [INFO] ProjectBuilder:4626 - Time for Generating toolchain IDE Files: 4284mS.
2026-05-28 16:14:25,525 [INFO] ProjectBuilder:2935 - Time for Copy CMSIS : 1mS.
2026-05-28 16:14:25,529 [INFO] ProjectBuilder:2935 - Time for Copy CMSIS : 0mS.
2026-05-28 16:14:26,639 [INFO] McuFinderGlobals:76 - Set McuFinderConnectedMode to true
2026-05-28 16:14:26,650 [INFO] ApiDb:448 - Save user favorites file C:\Users\Admin/.stm32cubeide/favorites.mcus.txt: 2 item(s)
2026-05-28 16:14:26,651 [INFO] ApiDb:452 - User favorites MCUs=[STM32F103C8T6, STM32F405RGT6]
2026-05-28 16:14:27,225 [ERROR] ConfigurationRetriever:142 - IOException on connection: Connect timed out
2026-05-28 16:14:28,103 [ERROR] ConfigurationRetriever:142 - IOException on connection: Connect timed out
2026-05-28 16:14:30,204 [ERROR] ConfigurationRetriever:142 - IOException on connection: Connect timed out
2026-05-28 16:14:32,227 [ERROR] ConfigurationRetriever:142 - IOException on connection: Connect timed out
2026-05-28 16:14:50,309 [INFO] RtosManager:919 - Current active RTOS is FREERTOS [Cortex-M3NS]
2026-05-28 16:14:50,741 [ERROR] RtosPanel:558 - Can not restore the selected Tab for FREERTOS(A reason can be that the tab is no more available.)
2026-05-28 16:14:50,827 [ERROR] RtosPanel:558 - Can not restore the selected Tab for FREERTOS(A reason can be that the tab is no more available.)
2026-05-28 16:14:56,658 [INFO] RtosManager:930 - There is no active RTOS [Cortex-M3NS]
2026-05-28 16:15:39,083 [INFO] UtilMem:75 - End SaveConfig() Used Memory: 959962616 Bytes (1073741824)
2026-05-28 16:15:39,150 [INFO] UtilMem:75 - End SaveConfig() Used Memory: 696443920 Bytes (1073741824)
2026-05-28 16:15:39,906 [INFO] UtilMem:75 - End SaveConfig() Used Memory: 713471632 Bytes (1073741824)
2026-05-28 16:15:40,241 [INFO] BlockDiagram:2759 - set Specific Code input for plugin: NVIC
2026-05-28 16:15:40,241 [INFO] BlockDiagram:2759 - set Specific Code input for plugin: RCC
2026-05-28 16:15:40,242 [INFO] CodeGenerator:799 - code generatio: config db path: C:\ST\STM32CubeIDE_1.13.1\STM32CubeIDE\plugins\com.st.stm32cube.common.mx_6.9.1.202307191849\\db\
2026-05-28 16:15:40,414 [INFO] CodeEngine:255 - oldGeneratedFile, D:\smart_garden\Node\MXTmpFiles\license.tmp_save
2026-05-28 16:15:40,627 [INFO] CodeEngine:279 - Generated code: D:\smart_garden\Node\MXTmpFiles\license.tmp
2026-05-28 16:15:40,645 [INFO] CodeEngine:255 - oldGeneratedFile, D:\smart_garden\Node\Core\Src\stm32f1xx_it.c_save
2026-05-28 16:15:41,157 [INFO] CodeEngine:279 - Generated code: D:\smart_garden\Node\Core\Src\stm32f1xx_it.c
2026-05-28 16:15:41,164 [INFO] CodeEngine:255 - oldGeneratedFile, D:\smart_garden\Node\Core\Inc\stm32f1xx_it.h_save
2026-05-28 16:15:41,297 [INFO] CodeEngine:279 - Generated code: D:\smart_garden\Node\Core\Inc\stm32f1xx_it.h
2026-05-28 16:15:41,321 [INFO] CodeEngine:255 - oldGeneratedFile, D:\smart_garden\Node\Core\Src\stm32f1xx_hal_msp.c_save
2026-05-28 16:15:41,467 [INFO] CodeEngine:279 - Generated code: D:\smart_garden\Node\Core\Src\stm32f1xx_hal_msp.c
2026-05-28 16:15:41,469 [INFO] CodeEngine:255 - oldGeneratedFile, D:\smart_garden\Node\MXTmpFiles\system.tmp_save
2026-05-28 16:15:41,530 [INFO] CodeEngine:279 - Generated code: D:\smart_garden\Node\MXTmpFiles\system.tmp
2026-05-28 16:15:41,536 [INFO] CodeEngine:311 - oldGeneratedFile, D:\smart_garden\Node\Core\Inc\stm32f1xx_hal_conf.h_save
2026-05-28 16:15:41,605 [INFO] CodeEngine:335 - Generated code: D:\smart_garden\Node\Core\Inc\stm32f1xx_hal_conf.h
2026-05-28 16:15:41,622 [INFO] CodeEngine:255 - oldGeneratedFile, D:\smart_garden\Node\Core\Inc\main.h_save
2026-05-28 16:15:41,702 [INFO] CodeEngine:279 - Generated code: D:\smart_garden\Node\Core\Inc\main.h
2026-05-28 16:15:41,705 [INFO] CodeEngine:255 - oldGeneratedFile, D:\smart_garden\Node\Core\Src\main.c_save
2026-05-28 16:15:41,825 [INFO] CodeEngine:279 - Generated code: D:\smart_garden\Node\Core\Src\main.c
2026-05-28 16:15:42,489 [INFO] ProjectBuilder:3064 - Time for Copy HAL[1] : 104mS.
2026-05-28 16:15:42,493 [INFO] ProjectBuilder:4404 - Project Generator version: 4.1.0
2026-05-28 16:15:42,837 [INFO] ConfigFileManager:1457 - The Die is : DIE410
2026-05-28 16:15:44,892 [INFO] ProjectBuilder:4626 - Time for Generating toolchain IDE Files: 2399mS.
2026-05-28 16:15:44,893 [INFO] ProjectBuilder:2935 - Time for Copy CMSIS : 1mS.
2026-05-28 16:15:44,895 [INFO] ProjectBuilder:2935 - Time for Copy CMSIS : 0mS.
2026-05-28 16:15:45,337 [INFO] MainUpdater:2868 - connection check result : 10
2026-05-28 16:15:45,337 [INFO] MainUpdater:2868 - connection check result : 10
2026-05-28 16:15:45,392 [ERROR] ConfigurationRetriever:142 - IOException on connection: Connect timed out
2026-05-28 16:15:45,439 [INFO] MicroXplorer:468 - Change Database Path : 
2026-05-28 16:15:45,439 [INFO] MicroXplorer:498 - Change Database Version : DB.6.0.91
2026-05-28 16:15:45,488 [WARN] ThirdParty:871 - waiting for thirdparty lock release [close project]
2026-05-28 16:15:45,488 [INFO] ThirdParty:873 - entering critical section [close project]
2026-05-28 16:15:45,488 [INFO] ThirdParty:883 - exiting critical section [close project]
2026-05-28 16:15:45,489 [INFO] PinOutPanel:1499 - setPackage(No Configuration,No Configuration)
2026-05-28 16:15:45,494 [INFO] UtilMem:75 - Begin LoadConfig() Used Memory: 712763480 Bytes (1073741824)
2026-05-28 16:15:45,495 [INFO] MicroXplorer:468 - Change Database Path : 
2026-05-28 16:15:45,495 [INFO] MicroXplorer:498 - Change Database Version : DB.6.0.91
2026-05-28 16:15:45,495 [INFO] OpenFileManager:308 - Change cursor
2026-05-28 16:15:45,511 [INFO] RulesReader:64 - Compatibility file has been processed (293 Rules)
2026-05-28 16:15:45,515 [INFO] Mcu:1946 - Initializing MCU STM32F103C(8-B)Tx STM32F103C8Tx STM32F103C8T6
2026-05-28 16:15:46,123 [INFO] Context:659 - Trying to add GPIOservice into a context  which must be forbidden
2026-05-28 16:15:46,309 [WARN] ModelIntegratedComponent:63 - No mode defined for component null
2026-05-28 16:15:46,309 [WARN] ModelIntegratedComponent:63 - No mode defined for component null
2026-05-28 16:15:46,309 [WARN] ModelIntegratedComponent:63 - No mode defined for component null
2026-05-28 16:15:46,309 [WARN] ModelIntegratedComponent:63 - No mode defined for component null
2026-05-28 16:15:46,309 [WARN] ModelIntegratedComponent:63 - No mode defined for component null
2026-05-28 16:15:46,309 [WARN] ModelIntegratedComponent:63 - No mode defined for component null
2026-05-28 16:15:46,309 [WARN] ModelIntegratedComponent:63 - No mode defined for component null
2026-05-28 16:15:46,309 [WARN] ModelIntegratedComponent:63 - No mode defined for component null
2026-05-28 16:15:46,309 [WARN] ModelIntegratedComponent:63 - No mode defined for component null
2026-05-28 16:15:46,309 [WARN] ModelIntegratedComponent:63 - No mode defined for component null
2026-05-28 16:15:46,309 [WARN] ModelIntegratedComponent:63 - No mode defined for component null
2026-05-28 16:15:46,309 [WARN] ModelIntegratedComponent:63 - No mode defined for component null
2026-05-28 16:15:46,309 [WARN] ModelIntegratedComponent:63 - No mode defined for component null
2026-05-28 16:15:46,310 [WARN] ModelIntegratedComponent:63 - No mode defined for component null
2026-05-28 16:15:46,310 [WARN] ModelIntegratedComponent:63 - No mode defined for component null
2026-05-28 16:15:46,310 [WARN] ModelIntegratedComponent:63 - No mode defined for component null
2026-05-28 16:15:46,310 [WARN] ModelIntegratedComponent:63 - No mode defined for component null
2026-05-28 16:15:46,310 [WARN] ModelIntegratedComponent:63 - No mode defined for component null
2026-05-28 16:15:46,310 [WARN] ModelIntegratedComponent:63 - No mode defined for component null
2026-05-28 16:15:46,310 [WARN] ModelIntegratedComponent:63 - No mode defined for component null
2026-05-28 16:15:46,310 [WARN] ModelIntegratedComponent:63 - No mode defined for component null
2026-05-28 16:15:46,310 [WARN] ModelIntegratedComponent:63 - No mode defined for component null
2026-05-28 16:15:46,310 [WARN] ModelIntegratedComponent:63 - No mode defined for component null
2026-05-28 16:15:46,310 [WARN] ModelIntegratedComponent:63 - No mode defined for component null
2026-05-28 16:15:46,310 [WARN] ModelIntegratedComponent:63 - No mode defined for component null
2026-05-28 16:15:46,310 [WARN] ModelIntegratedComponent:63 - No mode defined for component null
2026-05-28 16:15:46,310 [WARN] ModelIntegratedComponent:63 - No mode defined for component null
2026-05-28 16:15:46,310 [WARN] ModelIntegratedComponent:63 - No mode defined for component null
2026-05-28 16:15:46,310 [WARN] ModelIntegratedComponent:63 - No mode defined for component null
2026-05-28 16:15:46,310 [WARN] ModelIntegratedComponent:63 - No mode defined for component null
2026-05-28 16:15:46,310 [WARN] ModelIntegratedComponent:63 - No mode defined for component null
2026-05-28 16:15:46,310 [WARN] ModelIntegratedComponent:63 - No mode defined for component null
2026-05-28 16:15:46,311 [WARN] ModelIntegratedComponent:63 - No mode defined for component null
2026-05-28 16:15:46,314 [INFO] RtosManager:555 - Registered RTOS mode: class=CMSIS, group=RTOS, mode=CMSIS_V1, owner=FREERTOS
2026-05-28 16:15:46,314 [INFO] RtosManager:555 - Registered RTOS mode: class=CMSIS, group=RTOS2, mode=CMSIS_V2, owner=FREERTOS
2026-05-28 16:15:46,314 [INFO] RtosManager:555 - Registered RTOS mode: class=RTOS, group=Core, mode=CMSIS_V1, owner=FREERTOS
2026-05-28 16:15:46,314 [INFO] RtosManager:555 - Registered RTOS mode: class=RTOS, group=Core, mode=CMSIS_V2, owner=FREERTOS
2026-05-28 16:15:46,314 [WARN] ModelIntegratedComponent:184 - Missing modes for component STMicroelectronics:FreeRTOS:0.0.1:STMicroelectronics:RTOS:FreeRTOS:Core:::10.2.0:
2026-05-28 16:15:46,339 [INFO] ThirdPartyModel:298 - Start build external matchings
2026-05-28 16:15:46,379 [INFO] ThirdPartyModel:316 - End build external matchings
2026-05-28 16:15:46,636 [INFO] UtilMem:75 - End LoadConfig() Used Memory: 782308800 Bytes (1073741824)
2026-05-28 16:15:46,723 [WARN] ThirdParty:833 - waiting for thirdparty lock release [change project]
2026-05-28 16:15:46,723 [INFO] ThirdParty:835 - entering critical section [change project]
2026-05-28 16:15:46,723 [INFO] ThirdParty:1030 - CMSIS Pack Vendor :STMicroelectronics USBPD 4.1
2026-05-28 16:15:46,723 [INFO] ThirdParty:1030 - CMSIS Pack Vendor :STMicroelectronics X-CUBE-DISPLAY 3.0.0
2026-05-28 16:15:46,723 [INFO] ThirdParty:1030 - CMSIS Pack Vendor :STMicroelectronics USB_HOST 2.0.0
2026-05-28 16:15:46,724 [INFO] ThirdParty:1030 - CMSIS Pack Vendor :STMicroelectronics X-CUBE-AZRTOS-F4 1.1.0
2026-05-28 16:15:46,724 [INFO] ThirdParty:1030 - CMSIS Pack Vendor :STMicroelectronics LIBJPEG 8.0.0
2026-05-28 16:15:46,724 [INFO] ThirdParty:1030 - CMSIS Pack Vendor :STMicroelectronics FP-ATR-SIGFOX1 3.2.0
2026-05-28 16:15:46,724 [INFO] ThirdParty:1030 - CMSIS Pack Vendor :STMicroelectronics X-CUBE-SMBUS 2.1.0
2026-05-28 16:15:46,724 [INFO] ThirdParty:1030 - CMSIS Pack Vendor :STMicroelectronics USB_DEVICE 3.0.0
2026-05-28 16:15:46,724 [INFO] ThirdParty:1030 - CMSIS Pack Vendor :STMicroelectronics HAL Drivers 0.0.0
2026-05-28 16:15:46,724 [INFO] ThirdParty:1030 - CMSIS Pack Vendor :STMicroelectronics MBEDTLS 2.16.2
2026-05-28 16:15:46,724 [INFO] ThirdParty:1030 - CMSIS Pack Vendor :STMicroelectronics MBEDTLS 2.14.1
2026-05-28 16:15:46,724 [INFO] ThirdParty:1030 - CMSIS Pack Vendor :STMicroelectronics X-CUBE-AZRTOS-F7 1.1.0
2026-05-28 16:15:46,724 [INFO] ThirdParty:1030 - CMSIS Pack Vendor :STMicroelectronics USB_DEVICE 2.0.0
2026-05-28 16:15:46,724 [INFO] ThirdParty:1030 - CMSIS Pack Vendor :STMicroelectronics ThreadX 1.0.0
2026-05-28 16:15:46,724 [INFO] ThirdParty:1030 - CMSIS Pack Vendor :STMicroelectronics X-CUBE-AZRTOS-WL 2.0.0
2026-05-28 16:15:46,724 [INFO] ThirdParty:1030 - CMSIS Pack Vendor :STMicroelectronics FreeRTOS 0.0.1
2026-05-28 16:15:46,724 [INFO] ThirdParty:1030 - CMSIS Pack Vendor :STMicroelectronics X-CUBE-AZRTOS-G0 1.1.0
2026-05-28 16:15:46,724 [INFO] ThirdParty:1030 - CMSIS Pack Vendor :STMicroelectronics USB_DEVICE 1.0.0
2026-05-28 16:15:46,724 [INFO] ThirdParty:1030 - CMSIS Pack Vendor :STMicroelectronics X-CUBE-SUBG2 5.0.0
2026-05-28 16:15:46,724 [INFO] ThirdParty:1030 - CMSIS Pack Vendor :STMicroelectronics X-CUBE-NFC4 3.0.0
2026-05-28 16:15:46,724 [INFO] ThirdParty:1030 - CMSIS Pack Vendor :STMicroelectronics STM32_WPAN 1.0.0
2026-05-28 16:15:46,724 [INFO] ThirdParty:1030 - CMSIS Pack Vendor :STMicroelectronics X-CUBE-AZRTOS-L4 2.0.0
2026-05-28 16:15:46,724 [INFO] ThirdParty:1030 - CMSIS Pack Vendor :STMicroelectronics ThreadX 0.0.2
2026-05-28 16:15:46,724 [INFO] ThirdParty:1030 - CMSIS Pack Vendor :STMicroelectronics lwIP 2.0.3
2026-05-28 16:15:46,724 [INFO] ThirdParty:1030 - CMSIS Pack Vendor :STMicroelectronics lwIP 2.1.2
2026-05-28 16:15:46,724 [INFO] ThirdParty:1030 - CMSIS Pack Vendor :STMicroelectronics X-CUBE-SFXS2LP1 4.0.0
2026-05-28 16:15:46,724 [INFO] ThirdParty:1030 - CMSIS Pack Vendor :STMicroelectronics X-CUBE-BLE2 3.3.0
2026-05-28 16:15:46,724 [INFO] ThirdParty:1030 - CMSIS Pack Vendor :STMicroelectronics USB_HOST 1.0.0
2026-05-28 16:15:46,725 [INFO] ThirdParty:1030 - CMSIS Pack Vendor :STMicroelectronics X-CUBE-AZRTOS-G4 2.0.0
2026-05-28 16:15:46,725 [INFO] ThirdParty:1030 - CMSIS Pack Vendor :STMicroelectronics PDM2PCM 3.1.0
2026-05-28 16:15:46,725 [INFO] ThirdParty:1030 - CMSIS Pack Vendor :STMicroelectronics PDM2PCM 3.2.0
2026-05-28 16:15:46,725 [INFO] ThirdParty:1030 - CMSIS Pack Vendor :STMicroelectronics PDM2PCM 3.3.0
2026-05-28 16:15:46,725 [INFO] ThirdParty:841 - exiting critical section [change project]
2026-05-28 16:15:46,877 [INFO] PinOutPanel:1499 - setPackage(No Configuration,No Configuration)
2026-05-28 16:15:46,878 [INFO] PinOutPanel:1499 - setPackage(STM32F103C8Tx,LQFP48)
2026-05-28 16:15:46,945 [ERROR] ConfigurationRetriever:142 - IOException on connection: Connect timed out
2026-05-28 16:15:47,088 [INFO] UtilMem:75 - Before build in PCC Used Memory: 845650712 Bytes (1073741824)
2026-05-28 16:15:47,299 [INFO] UtilMem:75 - After build in PCC Used Memory: 728352024 Bytes (1073741824)
2026-05-28 16:15:47,316 [INFO] IPUIPlugin:80 - create IPUIPlugin
2026-05-28 16:15:47,316 [INFO] IPUIPlugin:80 - create IPUIPlugin
2026-05-28 16:15:47,316 [INFO] IPUIPlugin:80 - create IPUIPlugin
2026-05-28 16:15:47,316 [INFO] IPUIPlugin:80 - create IPUIPlugin
2026-05-28 16:15:47,316 [INFO] IPUIPlugin:80 - create IPUIPlugin
2026-05-28 16:15:47,317 [INFO] IPUIPlugin:80 - create IPUIPlugin
2026-05-28 16:15:47,317 [INFO] IPUIPlugin:80 - create IPUIPlugin
2026-05-28 16:15:47,317 [INFO] IPUIPlugin:80 - create IPUIPlugin
2026-05-28 16:15:47,317 [INFO] IPUIPlugin:80 - create IPUIPlugin
2026-05-28 16:15:47,317 [INFO] IPUIPlugin:80 - create IPUIPlugin
2026-05-28 16:15:47,317 [INFO] IPUIPlugin:80 - create IPUIPlugin
2026-05-28 16:15:47,317 [INFO] IPUIPlugin:80 - create IPUIPlugin
2026-05-28 16:15:47,317 [INFO] IPUIPlugin:80 - create IPUIPlugin
2026-05-28 16:15:47,318 [INFO] IPUIPlugin:80 - create IPUIPlugin
2026-05-28 16:15:47,318 [INFO] IPUIPlugin:80 - create IPUIPlugin
2026-05-28 16:15:47,318 [INFO] IPUIPlugin:80 - create IPUIPlugin
2026-05-28 16:15:47,318 [INFO] IPUIPlugin:80 - create IPUIPlugin
2026-05-28 16:15:47,318 [INFO] IPUIPlugin:80 - create IPUIPlugin
2026-05-28 16:15:47,318 [INFO] IPUIPlugin:80 - create IPUIPlugin
2026-05-28 16:15:47,319 [INFO] IPUIPlugin:80 - create IPUIPlugin
2026-05-28 16:15:47,319 [INFO] IPUIPlugin:80 - create IPUIPlugin
2026-05-28 16:15:47,319 [INFO] IPUIPlugin:80 - create IPUIPlugin
2026-05-28 16:15:47,319 [INFO] IPUIPlugin:80 - create IPUIPlugin
2026-05-28 16:15:47,319 [INFO] IPUIPlugin:80 - create IPUIPlugin
2026-05-28 16:15:47,320 [INFO] IPUIPlugin:80 - create IPUIPlugin
2026-05-28 16:15:47,320 [INFO] IPUIPlugin:80 - create IPUIPlugin
2026-05-28 16:15:47,320 [INFO] IPUIPlugin:80 - create IPUIPlugin
2026-05-28 16:15:47,321 [WARN] IP:2114 - I2C_Coeff_DF not found: check if there is a RefParameter without a condition.
2026-05-28 16:15:47,321 [WARN] IP:2114 - Analog_Filter not found: check if there is a RefParameter without a condition.
2026-05-28 16:15:47,376 [INFO] CADModel:165 - CPN selected for project levelSTM32F103C8T6
2026-05-28 16:15:47,376 [INFO] CADModel:114 - Register for checkConnection events
2026-05-28 16:15:47,436 [INFO] OpenFileManager:328 - Restore cursor
2026-05-28 16:15:47,651 [WARN] IP:2114 - I2C_Coeff_DF not found: check if there is a RefParameter without a condition.
2026-05-28 16:15:47,651 [WARN] IP:2114 - Analog_Filter not found: check if there is a RefParameter without a condition.
2026-05-28 16:15:47,651 [WARN] IP:2114 - I2C_Coeff_DF not found: check if there is a RefParameter without a condition.
2026-05-28 16:15:47,651 [WARN] IP:2114 - Analog_Filter not found: check if there is a RefParameter without a condition.
2026-05-28 16:15:48,947 [ERROR] ConfigurationRetriever:142 - IOException on connection: Connect timed out
2026-05-28 16:15:50,948 [ERROR] ConfigurationRetriever:142 - IOException on connection: Connect timed out
2026-05-28 16:16:00,709 [INFO] MainUpdater:2868 - connection check result : 10
2026-05-28 16:16:00,709 [INFO] MainUpdater:2868 - connection check result : 10
2026-05-28 16:16:00,786 [INFO] MicroXplorer:468 - Change Database Path : 
2026-05-28 16:16:00,786 [INFO] MicroXplorer:498 - Change Database Version : DB.6.0.91
2026-05-28 16:16:00,806 [WARN] ThirdParty:871 - waiting for thirdparty lock release [close project]
2026-05-28 16:16:00,806 [INFO] ThirdParty:873 - entering critical section [close project]
2026-05-28 16:16:00,806 [INFO] ThirdParty:883 - exiting critical section [close project]
2026-05-28 16:16:00,807 [INFO] PinOutPanel:1499 - setPackage(No Configuration,No Configuration)
2026-05-28 16:16:00,810 [INFO] UtilMem:75 - Begin LoadConfig() Used Memory: 824348912 Bytes (1073741824)
2026-05-28 16:16:00,811 [INFO] MicroXplorer:468 - Change Database Path : 
2026-05-28 16:16:00,811 [INFO] MicroXplorer:498 - Change Database Version : DB.6.0.91
2026-05-28 16:16:00,811 [INFO] OpenFileManager:308 - Change cursor
2026-05-28 16:16:00,815 [INFO] Mcu:1946 - Initializing MCU STM32F103C(8-B)Tx STM32F103C8Tx STM32F103C8T6
2026-05-28 16:16:01,303 [INFO] Context:659 - Trying to add GPIOservice into a context  which must be forbidden
2026-05-28 16:16:01,417 [WARN] ModelIntegratedComponent:63 - No mode defined for component null
2026-05-28 16:16:01,417 [WARN] ModelIntegratedComponent:63 - No mode defined for component null
2026-05-28 16:16:01,417 [WARN] ModelIntegratedComponent:63 - No mode defined for component null
2026-05-28 16:16:01,417 [WARN] ModelIntegratedComponent:63 - No mode defined for component null
2026-05-28 16:16:01,417 [WARN] ModelIntegratedComponent:63 - No mode defined for component null
2026-05-28 16:16:01,417 [WARN] ModelIntegratedComponent:63 - No mode defined for component null
2026-05-28 16:16:01,417 [WARN] ModelIntegratedComponent:63 - No mode defined for component null
2026-05-28 16:16:01,417 [WARN] ModelIntegratedComponent:63 - No mode defined for component null
2026-05-28 16:16:01,417 [WARN] ModelIntegratedComponent:63 - No mode defined for component null
2026-05-28 16:16:01,417 [WARN] ModelIntegratedComponent:63 - No mode defined for component null
2026-05-28 16:16:01,417 [WARN] ModelIntegratedComponent:63 - No mode defined for component null
2026-05-28 16:16:01,417 [WARN] ModelIntegratedComponent:63 - No mode defined for component null
2026-05-28 16:16:01,418 [WARN] ModelIntegratedComponent:63 - No mode defined for component null
2026-05-28 16:16:01,418 [WARN] ModelIntegratedComponent:63 - No mode defined for component null
2026-05-28 16:16:01,418 [WARN] ModelIntegratedComponent:63 - No mode defined for component null
2026-05-28 16:16:01,418 [WARN] ModelIntegratedComponent:63 - No mode defined for component null
2026-05-28 16:16:01,418 [WARN] ModelIntegratedComponent:63 - No mode defined for component null
2026-05-28 16:16:01,418 [WARN] ModelIntegratedComponent:63 - No mode defined for component null
2026-05-28 16:16:01,418 [WARN] ModelIntegratedComponent:63 - No mode defined for component null
2026-05-28 16:16:01,418 [WARN] ModelIntegratedComponent:63 - No mode defined for component null
2026-05-28 16:16:01,418 [WARN] ModelIntegratedComponent:63 - No mode defined for component null
2026-05-28 16:16:01,418 [WARN] ModelIntegratedComponent:63 - No mode defined for component null
2026-05-28 16:16:01,418 [WARN] ModelIntegratedComponent:63 - No mode defined for component null
2026-05-28 16:16:01,418 [WARN] ModelIntegratedComponent:63 - No mode defined for component null
2026-05-28 16:16:01,418 [WARN] ModelIntegratedComponent:63 - No mode defined for component null
2026-05-28 16:16:01,418 [WARN] ModelIntegratedComponent:63 - No mode defined for component null
2026-05-28 16:16:01,418 [WARN] ModelIntegratedComponent:63 - No mode defined for component null
2026-05-28 16:16:01,418 [WARN] ModelIntegratedComponent:63 - No mode defined for component null
2026-05-28 16:16:01,418 [WARN] ModelIntegratedComponent:63 - No mode defined for component null
2026-05-28 16:16:01,418 [WARN] ModelIntegratedComponent:63 - No mode defined for component null
2026-05-28 16:16:01,418 [WARN] ModelIntegratedComponent:63 - No mode defined for component null
2026-05-28 16:16:01,418 [WARN] ModelIntegratedComponent:63 - No mode defined for component null
2026-05-28 16:16:01,418 [WARN] ModelIntegratedComponent:63 - No mode defined for component null
2026-05-28 16:16:01,421 [INFO] RtosManager:555 - Registered RTOS mode: class=CMSIS, group=RTOS, mode=CMSIS_V1, owner=FREERTOS
2026-05-28 16:16:01,421 [INFO] RtosManager:555 - Registered RTOS mode: class=CMSIS, group=RTOS2, mode=CMSIS_V2, owner=FREERTOS
2026-05-28 16:16:01,421 [INFO] RtosManager:555 - Registered RTOS mode: class=RTOS, group=Core, mode=CMSIS_V1, owner=FREERTOS
2026-05-28 16:16:01,421 [INFO] RtosManager:555 - Registered RTOS mode: class=RTOS, group=Core, mode=CMSIS_V2, owner=FREERTOS
2026-05-28 16:16:01,421 [WARN] ModelIntegratedComponent:184 - Missing modes for component STMicroelectronics:FreeRTOS:0.0.1:STMicroelectronics:RTOS:FreeRTOS:Core:::10.2.0:
2026-05-28 16:16:01,427 [INFO] ThirdPartyModel:298 - Start build external matchings
2026-05-28 16:16:01,439 [INFO] ThirdPartyModel:316 - End build external matchings
2026-05-28 16:16:01,634 [INFO] UtilMem:75 - End LoadConfig() Used Memory: 775875368 Bytes (1073741824)
2026-05-28 16:16:01,683 [WARN] ThirdParty:833 - waiting for thirdparty lock release [change project]
2026-05-28 16:16:01,684 [INFO] ThirdParty:835 - entering critical section [change project]
2026-05-28 16:16:01,684 [INFO] ThirdParty:1030 - CMSIS Pack Vendor :STMicroelectronics USBPD 4.1
2026-05-28 16:16:01,684 [INFO] ThirdParty:1030 - CMSIS Pack Vendor :STMicroelectronics X-CUBE-DISPLAY 3.0.0
2026-05-28 16:16:01,684 [INFO] ThirdParty:1030 - CMSIS Pack Vendor :STMicroelectronics USB_HOST 2.0.0
2026-05-28 16:16:01,684 [INFO] ThirdParty:1030 - CMSIS Pack Vendor :STMicroelectronics X-CUBE-AZRTOS-F4 1.1.0
2026-05-28 16:16:01,684 [INFO] ThirdParty:1030 - CMSIS Pack Vendor :STMicroelectronics LIBJPEG 8.0.0
2026-05-28 16:16:01,684 [INFO] ThirdParty:1030 - CMSIS Pack Vendor :STMicroelectronics FP-ATR-SIGFOX1 3.2.0
2026-05-28 16:16:01,684 [INFO] ThirdParty:1030 - CMSIS Pack Vendor :STMicroelectronics X-CUBE-SMBUS 2.1.0
2026-05-28 16:16:01,684 [INFO] ThirdParty:1030 - CMSIS Pack Vendor :STMicroelectronics USB_DEVICE 3.0.0
2026-05-28 16:16:01,684 [INFO] ThirdParty:1030 - CMSIS Pack Vendor :STMicroelectronics HAL Drivers 0.0.0
2026-05-28 16:16:01,684 [INFO] ThirdParty:1030 - CMSIS Pack Vendor :STMicroelectronics MBEDTLS 2.16.2
2026-05-28 16:16:01,684 [INFO] ThirdParty:1030 - CMSIS Pack Vendor :STMicroelectronics MBEDTLS 2.14.1
2026-05-28 16:16:01,684 [INFO] ThirdParty:1030 - CMSIS Pack Vendor :STMicroelectronics X-CUBE-AZRTOS-F7 1.1.0
2026-05-28 16:16:01,684 [INFO] ThirdParty:1030 - CMSIS Pack Vendor :STMicroelectronics USB_DEVICE 2.0.0
2026-05-28 16:16:01,684 [INFO] ThirdParty:1030 - CMSIS Pack Vendor :STMicroelectronics ThreadX 1.0.0
2026-05-28 16:16:01,684 [INFO] ThirdParty:1030 - CMSIS Pack Vendor :STMicroelectronics X-CUBE-AZRTOS-WL 2.0.0
2026-05-28 16:16:01,684 [INFO] ThirdParty:1030 - CMSIS Pack Vendor :STMicroelectronics FreeRTOS 0.0.1
2026-05-28 16:16:01,684 [INFO] ThirdParty:1030 - CMSIS Pack Vendor :STMicroelectronics X-CUBE-AZRTOS-G0 1.1.0
2026-05-28 16:16:01,684 [INFO] ThirdParty:1030 - CMSIS Pack Vendor :STMicroelectronics USB_DEVICE 1.0.0
2026-05-28 16:16:01,684 [INFO] ThirdParty:1030 - CMSIS Pack Vendor :STMicroelectronics X-CUBE-SUBG2 5.0.0
2026-05-28 16:16:01,684 [INFO] ThirdParty:1030 - CMSIS Pack Vendor :STMicroelectronics X-CUBE-NFC4 3.0.0
2026-05-28 16:16:01,684 [INFO] ThirdParty:1030 - CMSIS Pack Vendor :STMicroelectronics STM32_WPAN 1.0.0
2026-05-28 16:16:01,684 [INFO] ThirdParty:1030 - CMSIS Pack Vendor :STMicroelectronics X-CUBE-AZRTOS-L4 2.0.0
2026-05-28 16:16:01,684 [INFO] ThirdParty:1030 - CMSIS Pack Vendor :STMicroelectronics ThreadX 0.0.2
2026-05-28 16:16:01,684 [INFO] ThirdParty:1030 - CMSIS Pack Vendor :STMicroelectronics lwIP 2.0.3
2026-05-28 16:16:01,684 [INFO] ThirdParty:1030 - CMSIS Pack Vendor :STMicroelectronics lwIP 2.1.2
2026-05-28 16:16:01,684 [INFO] ThirdParty:1030 - CMSIS Pack Vendor :STMicroelectronics X-CUBE-SFXS2LP1 4.0.0
2026-05-28 16:16:01,684 [INFO] ThirdParty:1030 - CMSIS Pack Vendor :STMicroelectronics X-CUBE-BLE2 3.3.0
2026-05-28 16:16:01,684 [INFO] ThirdParty:1030 - CMSIS Pack Vendor :STMicroelectronics USB_HOST 1.0.0
2026-05-28 16:16:01,684 [INFO] ThirdParty:1030 - CMSIS Pack Vendor :STMicroelectronics X-CUBE-AZRTOS-G4 2.0.0
2026-05-28 16:16:01,684 [INFO] ThirdParty:1030 - CMSIS Pack Vendor :STMicroelectronics PDM2PCM 3.1.0
2026-05-28 16:16:01,684 [INFO] ThirdParty:1030 - CMSIS Pack Vendor :STMicroelectronics PDM2PCM 3.2.0
2026-05-28 16:16:01,684 [INFO] ThirdParty:1030 - CMSIS Pack Vendor :STMicroelectronics PDM2PCM 3.3.0
2026-05-28 16:16:01,685 [INFO] ThirdParty:841 - exiting critical section [change project]
2026-05-28 16:16:01,812 [INFO] PinOutPanel:1499 - setPackage(No Configuration,No Configuration)
2026-05-28 16:16:01,813 [INFO] PinOutPanel:1499 - setPackage(STM32F103C8Tx,LQFP48)
2026-05-28 16:16:02,020 [INFO] UtilMem:75 - Before build in PCC Used Memory: 857054448 Bytes (1073741824)
2026-05-28 16:16:02,236 [INFO] UtilMem:75 - After build in PCC Used Memory: 897426672 Bytes (1073741824)
2026-05-28 16:16:02,253 [INFO] IPUIPlugin:80 - create IPUIPlugin
2026-05-28 16:16:02,253 [INFO] IPUIPlugin:80 - create IPUIPlugin
2026-05-28 16:16:02,253 [INFO] IPUIPlugin:80 - create IPUIPlugin
2026-05-28 16:16:02,253 [INFO] IPUIPlugin:80 - create IPUIPlugin
2026-05-28 16:16:02,254 [INFO] IPUIPlugin:80 - create IPUIPlugin
2026-05-28 16:16:02,254 [INFO] IPUIPlugin:80 - create IPUIPlugin
2026-05-28 16:16:02,254 [INFO] IPUIPlugin:80 - create IPUIPlugin
2026-05-28 16:16:02,254 [INFO] IPUIPlugin:80 - create IPUIPlugin
2026-05-28 16:16:02,254 [INFO] IPUIPlugin:80 - create IPUIPlugin
2026-05-28 16:16:02,254 [INFO] IPUIPlugin:80 - create IPUIPlugin
2026-05-28 16:16:02,255 [INFO] IPUIPlugin:80 - create IPUIPlugin
2026-05-28 16:16:02,255 [INFO] IPUIPlugin:80 - create IPUIPlugin
2026-05-28 16:16:02,255 [INFO] IPUIPlugin:80 - create IPUIPlugin
2026-05-28 16:16:02,256 [INFO] IPUIPlugin:80 - create IPUIPlugin
2026-05-28 16:16:02,256 [INFO] IPUIPlugin:80 - create IPUIPlugin
2026-05-28 16:16:02,256 [INFO] IPUIPlugin:80 - create IPUIPlugin
2026-05-28 16:16:02,256 [INFO] IPUIPlugin:80 - create IPUIPlugin
2026-05-28 16:16:02,257 [INFO] IPUIPlugin:80 - create IPUIPlugin
2026-05-28 16:16:02,257 [INFO] IPUIPlugin:80 - create IPUIPlugin
2026-05-28 16:16:02,257 [INFO] IPUIPlugin:80 - create IPUIPlugin
2026-05-28 16:16:02,257 [INFO] IPUIPlugin:80 - create IPUIPlugin
2026-05-28 16:16:02,257 [INFO] IPUIPlugin:80 - create IPUIPlugin
2026-05-28 16:16:02,258 [INFO] IPUIPlugin:80 - create IPUIPlugin
2026-05-28 16:16:02,258 [INFO] IPUIPlugin:80 - create IPUIPlugin
2026-05-28 16:16:02,258 [INFO] IPUIPlugin:80 - create IPUIPlugin
2026-05-28 16:16:02,259 [INFO] IPUIPlugin:80 - create IPUIPlugin
2026-05-28 16:16:02,260 [INFO] IPUIPlugin:80 - create IPUIPlugin
2026-05-28 16:16:02,296 [INFO] CADModel:165 - CPN selected for project levelSTM32F103C8T6
2026-05-28 16:16:02,296 [INFO] CADModel:114 - Register for checkConnection events
2026-05-28 16:16:02,355 [INFO] OpenFileManager:328 - Restore cursor
2026-05-28 16:17:32,747 [INFO] NvicIntPanel:101 - NVIC parent = com.st.microxplorer.plugins.ip.nvic.MultiNvicIntPanel[,0,0,450x259,layout=javax.swing.BoxLayout,alignmentX=0.0,alignmentY=0.0,border=,flags=9,maximumSize=,minimumSize=,preferredSize=]
2026-05-28 16:17:45,942 [INFO] NvicIntPanel:101 - NVIC parent = com.st.microxplorer.plugins.ip.nvic.MultiNvicIntPanel[,0,0,0x0,invalid,layout=javax.swing.BoxLayout,alignmentX=0.0,alignmentY=0.0,border=,flags=9,maximumSize=,minimumSize=,preferredSize=]
2026-05-28 16:17:46,014 [INFO] NvicIntPanel:101 - NVIC parent = com.st.microxplorer.plugins.ip.nvic.MultiNvicIntPanel[,0,0,0x0,invalid,layout=javax.swing.BoxLayout,alignmentX=0.0,alignmentY=0.0,border=,flags=9,maximumSize=,minimumSize=,preferredSize=]
2026-05-28 16:17:48,125 [INFO] NvicIntPanel:101 - NVIC parent = com.st.microxplorer.plugins.ip.nvic.MultiNvicIntPanel[,0,0,0x0,invalid,layout=javax.swing.BoxLayout,alignmentX=0.0,alignmentY=0.0,border=,flags=9,maximumSize=,minimumSize=,preferredSize=]
2026-05-28 16:17:48,188 [INFO] NvicIntPanel:101 - NVIC parent = com.st.microxplorer.plugins.ip.nvic.MultiNvicIntPanel[,0,0,0x0,invalid,layout=javax.swing.BoxLayout,alignmentX=0.0,alignmentY=0.0,border=,flags=9,maximumSize=,minimumSize=,preferredSize=]
2026-05-28 16:17:53,045 [WARN] IP:2114 - I2C_Coeff_DF not found: check if there is a RefParameter without a condition.
2026-05-28 16:17:53,046 [WARN] IP:2114 - Analog_Filter not found: check if there is a RefParameter without a condition.
2026-05-28 16:17:53,063 [WARN] IP:2114 - I2C_Coeff_DF not found: check if there is a RefParameter without a condition.
2026-05-28 16:17:53,064 [WARN] IP:2114 - Analog_Filter not found: check if there is a RefParameter without a condition.
2026-05-28 16:17:53,064 [WARN] IP:2114 - I2C_Coeff_DF not found: check if there is a RefParameter without a condition.
2026-05-28 16:17:53,064 [WARN] IP:2114 - Analog_Filter not found: check if there is a RefParameter without a condition.
2026-05-28 16:17:53,118 [WARN] IP:2114 - I2C_Coeff_DF not found: check if there is a RefParameter without a condition.
2026-05-28 16:17:53,118 [WARN] IP:2114 - Analog_Filter not found: check if there is a RefParameter without a condition.
2026-05-28 16:17:53,120 [WARN] IP:2114 - I2C_Coeff_DF not found: check if there is a RefParameter without a condition.
2026-05-28 16:17:53,120 [WARN] IP:2114 - Analog_Filter not found: check if there is a RefParameter without a condition.
2026-05-28 16:18:44,235 [WARN] IP:2114 - I2C_Coeff_DF not found: check if there is a RefParameter without a condition.
2026-05-28 16:18:44,236 [WARN] IP:2114 - Analog_Filter not found: check if there is a RefParameter without a condition.
2026-05-28 16:18:44,296 [WARN] IP:2114 - I2C_Coeff_DF not found: check if there is a RefParameter without a condition.
2026-05-28 16:18:44,297 [WARN] IP:2114 - Analog_Filter not found: check if there is a RefParameter without a condition.
2026-05-28 16:18:44,302 [WARN] IP:2114 - I2C_Coeff_DF not found: check if there is a RefParameter without a condition.
2026-05-28 16:18:44,302 [WARN] IP:2114 - Analog_Filter not found: check if there is a RefParameter without a condition.
2026-05-28 16:18:44,316 [WARN] IP:2114 - I2C_Coeff_DF not found: check if there is a RefParameter without a condition.
2026-05-28 16:18:44,316 [WARN] IP:2114 - Analog_Filter not found: check if there is a RefParameter without a condition.
2026-05-28 16:18:44,331 [WARN] IP:2114 - I2C_Coeff_DF not found: check if there is a RefParameter without a condition.
2026-05-28 16:18:44,331 [WARN] IP:2114 - Analog_Filter not found: check if there is a RefParameter without a condition.
2026-05-28 16:20:03,798 [INFO] UtilMem:75 - End SaveConfig() Used Memory: 956661480 Bytes (1073741824)
2026-05-28 16:20:03,857 [INFO] UtilMem:75 - End SaveConfig() Used Memory: 690779184 Bytes (1073741824)
2026-05-28 16:20:04,437 [INFO] UtilMem:75 - End SaveConfig() Used Memory: 720123048 Bytes (1073741824)
2026-05-28 16:20:04,682 [INFO] BlockDiagram:2759 - set Specific Code input for plugin: SPI
2026-05-28 16:20:04,683 [INFO] BlockDiagram:2759 - set Specific Code input for plugin: NVIC
2026-05-28 16:20:04,683 [INFO] BlockDiagram:2759 - set Specific Code input for plugin: USART
2026-05-28 16:20:04,683 [INFO] BlockDiagram:2759 - set Specific Code input for plugin: SYS
2026-05-28 16:20:04,683 [INFO] BlockDiagram:2759 - set Specific Code input for plugin: GPIO
2026-05-28 16:20:04,683 [INFO] BlockDiagram:2759 - set Specific Code input for plugin: RCC
2026-05-28 16:20:04,683 [INFO] BlockDiagram:2759 - set Specific Code input for plugin: I2C
2026-05-28 16:20:04,684 [INFO] CodeGenerator:799 - code generatio: config db path: C:\ST\STM32CubeIDE_1.13.1\STM32CubeIDE\plugins\com.st.stm32cube.common.mx_6.9.1.202307191849\\db\
2026-05-28 16:20:04,686 [WARN] IP:2114 - I2C_Coeff_DF not found: check if there is a RefParameter without a condition.
2026-05-28 16:20:04,687 [WARN] IP:2114 - Analog_Filter not found: check if there is a RefParameter without a condition.
2026-05-28 16:20:04,840 [INFO] CodeEngine:255 - oldGeneratedFile, D:\smart_garden\Node\MXTmpFiles\license.tmp_save
2026-05-28 16:20:04,954 [INFO] CodeEngine:279 - Generated code: D:\smart_garden\Node\MXTmpFiles\license.tmp
2026-05-28 16:20:05,002 [INFO] CodeEngine:255 - oldGeneratedFile, D:\smart_garden\Node\MXTmpFiles\gpio.tmp_save
2026-05-28 16:20:05,091 [INFO] CodeEngine:279 - Generated code: D:\smart_garden\Node\MXTmpFiles\gpio.tmp
2026-05-28 16:20:05,204 [INFO] CodeEngine:255 - oldGeneratedFile, D:\smart_garden\Node\Core\Src\stm32f1xx_it.c_save
2026-05-28 16:20:05,512 [INFO] CodeEngine:279 - Generated code: D:\smart_garden\Node\Core\Src\stm32f1xx_it.c
2026-05-28 16:20:05,516 [INFO] CodeEngine:255 - oldGeneratedFile, D:\smart_garden\Node\Core\Inc\stm32f1xx_it.h_save
2026-05-28 16:20:05,607 [INFO] CodeEngine:279 - Generated code: D:\smart_garden\Node\Core\Inc\stm32f1xx_it.h
2026-05-28 16:20:05,617 [INFO] CodeEngine:255 - oldGeneratedFile, D:\smart_garden\Node\Core\Src\stm32f1xx_hal_msp.c_save
2026-05-28 16:20:05,773 [INFO] CodeEngine:279 - Generated code: D:\smart_garden\Node\Core\Src\stm32f1xx_hal_msp.c
2026-05-28 16:20:05,777 [INFO] CodeEngine:255 - oldGeneratedFile, D:\smart_garden\Node\MXTmpFiles\system.tmp_save
2026-05-28 16:20:05,867 [INFO] CodeEngine:279 - Generated code: D:\smart_garden\Node\MXTmpFiles\system.tmp
2026-05-28 16:20:05,874 [INFO] CodeEngine:311 - oldGeneratedFile, D:\smart_garden\Node\Core\Inc\stm32f1xx_hal_conf.h_save
2026-05-28 16:20:05,996 [INFO] CodeEngine:335 - Generated code: D:\smart_garden\Node\Core\Inc\stm32f1xx_hal_conf.h
2026-05-28 16:20:06,019 [INFO] CodeEngine:255 - oldGeneratedFile, D:\smart_garden\Node\Core\Inc\main.h_save
2026-05-28 16:20:06,185 [INFO] CodeEngine:279 - Generated code: D:\smart_garden\Node\Core\Inc\main.h
2026-05-28 16:20:06,192 [INFO] CodeEngine:255 - oldGeneratedFile, D:\smart_garden\Node\Core\Src\main.c_save
2026-05-28 16:20:06,357 [INFO] CodeEngine:279 - Generated code: D:\smart_garden\Node\Core\Src\main.c
2026-05-28 16:20:07,025 [INFO] ProjectBuilder:3064 - Time for Copy HAL[1] : 152mS.
2026-05-28 16:20:07,029 [INFO] ProjectBuilder:4404 - Project Generator version: 4.1.0
2026-05-28 16:20:07,392 [INFO] ConfigFileManager:1457 - The Die is : DIE410
2026-05-28 16:20:07,395 [INFO] ApiDbMcu:507 - Load IP Config File for FATFS
2026-05-28 16:20:07,400 [INFO] ApiDbMcu:507 - Load IP Config File for FREERTOS
2026-05-28 16:20:07,407 [INFO] ApiDbMcu:507 - Load IP Config File for USB_DEVICE
2026-05-28 16:20:09,444 [ERROR] ConfigurationRetriever:142 - IOException on connection: Connect timed out
2026-05-28 16:20:09,472 [INFO] ProjectBuilder:4626 - Time for Generating toolchain IDE Files: 2442mS.
2026-05-28 16:20:09,473 [INFO] ProjectBuilder:2935 - Time for Copy CMSIS : 1mS.
2026-05-28 16:20:09,475 [INFO] ProjectBuilder:2935 - Time for Copy CMSIS : 0mS.
2026-05-28 16:20:43,819 [WARN] IP:2114 - I2C_Coeff_DF not found: check if there is a RefParameter without a condition.
2026-05-28 16:20:43,819 [WARN] IP:2114 - Analog_Filter not found: check if there is a RefParameter without a condition.
2026-05-28 16:20:43,885 [WARN] IP:2114 - I2C_Coeff_DF not found: check if there is a RefParameter without a condition.
2026-05-28 16:20:43,886 [WARN] IP:2114 - Analog_Filter not found: check if there is a RefParameter without a condition.
2026-05-28 16:20:43,886 [WARN] IP:2114 - I2C_Coeff_DF not found: check if there is a RefParameter without a condition.
2026-05-28 16:20:43,886 [WARN] IP:2114 - Analog_Filter not found: check if there is a RefParameter without a condition.
2026-05-28 16:20:43,898 [WARN] IP:2114 - I2C_Coeff_DF not found: check if there is a RefParameter without a condition.
2026-05-28 16:20:43,898 [WARN] IP:2114 - Analog_Filter not found: check if there is a RefParameter without a condition.
2026-05-28 16:20:43,912 [WARN] IP:2114 - I2C_Coeff_DF not found: check if there is a RefParameter without a condition.
2026-05-28 16:20:43,912 [WARN] IP:2114 - Analog_Filter not found: check if there is a RefParameter without a condition.
2026-05-28 16:20:57,373 [WARN] IP:2114 - I2C_Coeff_DF not found: check if there is a RefParameter without a condition.
2026-05-28 16:20:57,373 [WARN] IP:2114 - Analog_Filter not found: check if there is a RefParameter without a condition.
2026-05-28 16:20:57,430 [WARN] IP:2114 - I2C_Coeff_DF not found: check if there is a RefParameter without a condition.
2026-05-28 16:20:57,430 [WARN] IP:2114 - Analog_Filter not found: check if there is a RefParameter without a condition.
2026-05-28 16:20:57,430 [WARN] IP:2114 - I2C_Coeff_DF not found: check if there is a RefParameter without a condition.
2026-05-28 16:20:57,431 [WARN] IP:2114 - Analog_Filter not found: check if there is a RefParameter without a condition.
2026-05-28 16:20:57,446 [WARN] IP:2114 - I2C_Coeff_DF not found: check if there is a RefParameter without a condition.
2026-05-28 16:20:57,446 [WARN] IP:2114 - Analog_Filter not found: check if there is a RefParameter without a condition.
2026-05-28 16:20:57,462 [WARN] IP:2114 - I2C_Coeff_DF not found: check if there is a RefParameter without a condition.
2026-05-28 16:20:57,462 [WARN] IP:2114 - Analog_Filter not found: check if there is a RefParameter without a condition.
2026-05-28 16:21:32,156 [INFO] Gpio:273 - dependency for GPIO [I2C1, SPI1, SYS, USART1]
2026-05-28 16:22:34,432 [INFO] UtilMem:75 - End SaveConfig() Used Memory: 748527152 Bytes (1073741824)
2026-05-28 16:22:34,482 [INFO] UtilMem:75 - End SaveConfig() Used Memory: 760391024 Bytes (1073741824)
2026-05-28 16:22:34,986 [INFO] UtilMem:75 - End SaveConfig() Used Memory: 816712152 Bytes (1073741824)
2026-05-28 16:22:35,170 [INFO] BlockDiagram:2759 - set Specific Code input for plugin: SPI
2026-05-28 16:22:35,170 [INFO] BlockDiagram:2759 - set Specific Code input for plugin: NVIC
2026-05-28 16:22:35,170 [INFO] BlockDiagram:2759 - set Specific Code input for plugin: USART
2026-05-28 16:22:35,170 [INFO] BlockDiagram:2759 - set Specific Code input for plugin: SYS
2026-05-28 16:22:35,170 [INFO] BlockDiagram:2759 - set Specific Code input for plugin: GPIO
2026-05-28 16:22:35,170 [INFO] BlockDiagram:2759 - set Specific Code input for plugin: RCC
2026-05-28 16:22:35,170 [INFO] BlockDiagram:2759 - set Specific Code input for plugin: I2C
2026-05-28 16:22:35,171 [INFO] CodeGenerator:799 - code generatio: config db path: C:\ST\STM32CubeIDE_1.13.1\STM32CubeIDE\plugins\com.st.stm32cube.common.mx_6.9.1.202307191849\\db\
2026-05-28 16:22:35,172 [WARN] IP:2114 - I2C_Coeff_DF not found: check if there is a RefParameter without a condition.
2026-05-28 16:22:35,172 [WARN] IP:2114 - Analog_Filter not found: check if there is a RefParameter without a condition.
2026-05-28 16:22:35,359 [INFO] CodeEngine:255 - oldGeneratedFile, D:\smart_garden\Node\MXTmpFiles\license.tmp_save
2026-05-28 16:22:35,482 [INFO] CodeEngine:279 - Generated code: D:\smart_garden\Node\MXTmpFiles\license.tmp
2026-05-28 16:22:35,515 [INFO] CodeEngine:255 - oldGeneratedFile, D:\smart_garden\Node\MXTmpFiles\gpio.tmp_save
2026-05-28 16:22:35,621 [INFO] CodeEngine:279 - Generated code: D:\smart_garden\Node\MXTmpFiles\gpio.tmp
2026-05-28 16:22:35,726 [INFO] CodeEngine:255 - oldGeneratedFile, D:\smart_garden\Node\Core\Src\stm32f1xx_it.c_save
2026-05-28 16:22:35,966 [INFO] CodeEngine:279 - Generated code: D:\smart_garden\Node\Core\Src\stm32f1xx_it.c
2026-05-28 16:22:35,970 [INFO] CodeEngine:255 - oldGeneratedFile, D:\smart_garden\Node\Core\Inc\stm32f1xx_it.h_save
2026-05-28 16:22:36,037 [INFO] CodeEngine:279 - Generated code: D:\smart_garden\Node\Core\Inc\stm32f1xx_it.h
2026-05-28 16:22:36,045 [INFO] CodeEngine:255 - oldGeneratedFile, D:\smart_garden\Node\Core\Src\stm32f1xx_hal_msp.c_save
2026-05-28 16:22:36,152 [INFO] CodeEngine:279 - Generated code: D:\smart_garden\Node\Core\Src\stm32f1xx_hal_msp.c
2026-05-28 16:22:36,154 [INFO] CodeEngine:255 - oldGeneratedFile, D:\smart_garden\Node\MXTmpFiles\system.tmp_save
2026-05-28 16:22:36,221 [INFO] CodeEngine:279 - Generated code: D:\smart_garden\Node\MXTmpFiles\system.tmp
2026-05-28 16:22:36,228 [INFO] CodeEngine:311 - oldGeneratedFile, D:\smart_garden\Node\Core\Inc\stm32f1xx_hal_conf.h_save
2026-05-28 16:22:36,293 [INFO] CodeEngine:335 - Generated code: D:\smart_garden\Node\Core\Inc\stm32f1xx_hal_conf.h
2026-05-28 16:22:36,311 [INFO] CodeEngine:255 - oldGeneratedFile, D:\smart_garden\Node\Core\Inc\main.h_save
2026-05-28 16:22:36,384 [INFO] CodeEngine:279 - Generated code: D:\smart_garden\Node\Core\Inc\main.h
2026-05-28 16:22:36,387 [INFO] CodeEngine:255 - oldGeneratedFile, D:\smart_garden\Node\Core\Src\main.c_save
2026-05-28 16:22:36,488 [INFO] CodeEngine:279 - Generated code: D:\smart_garden\Node\Core\Src\main.c
2026-05-28 16:22:37,114 [INFO] ProjectBuilder:3064 - Time for Copy HAL[1] : 133mS.
2026-05-28 16:22:37,117 [INFO] ProjectBuilder:4404 - Project Generator version: 4.1.0
2026-05-28 16:22:37,437 [INFO] ConfigFileManager:1457 - The Die is : DIE410
2026-05-28 16:22:39,259 [INFO] ProjectBuilder:4626 - Time for Generating toolchain IDE Files: 2142mS.
2026-05-28 16:22:39,259 [INFO] ProjectBuilder:2935 - Time for Copy CMSIS : 0mS.
2026-05-28 16:22:39,261 [INFO] ProjectBuilder:2935 - Time for Copy CMSIS : 0mS.
2026-05-28 16:22:39,596 [ERROR] ConfigurationRetriever:142 - IOException on connection: Connect timed out
2026-05-28 16:22:42,060 [INFO] MainUpdater:2868 - connection check result : 10
2026-05-28 16:22:42,060 [INFO] MainUpdater:2868 - connection check result : 10
2026-05-28 16:22:42,154 [INFO] MicroXplorer:468 - Change Database Path : 
2026-05-28 16:22:42,155 [INFO] MicroXplorer:498 - Change Database Version : DB.6.0.91
2026-05-28 16:22:42,174 [WARN] ThirdParty:871 - waiting for thirdparty lock release [close project]
2026-05-28 16:22:42,174 [INFO] ThirdParty:873 - entering critical section [close project]
2026-05-28 16:22:42,174 [INFO] ThirdParty:883 - exiting critical section [close project]
2026-05-28 16:22:42,176 [INFO] PinOutPanel:1499 - setPackage(No Configuration,No Configuration)
2026-05-28 16:22:42,179 [INFO] UtilMem:75 - Begin LoadConfig() Used Memory: 791978112 Bytes (1073741824)
2026-05-28 16:22:42,180 [INFO] MicroXplorer:468 - Change Database Path : 
2026-05-28 16:22:42,180 [INFO] MicroXplorer:498 - Change Database Version : DB.6.0.91
2026-05-28 16:22:42,180 [INFO] OpenFileManager:308 - Change cursor
2026-05-28 16:22:42,191 [INFO] RulesReader:64 - Compatibility file has been processed (293 Rules)
2026-05-28 16:22:42,194 [INFO] Mcu:1946 - Initializing MCU STM32F103C(8-B)Tx STM32F103C8Tx STM32F103C8T6
2026-05-28 16:22:42,647 [INFO] Context:659 - Trying to add GPIOservice into a context  which must be forbidden
2026-05-28 16:22:42,763 [WARN] ModelIntegratedComponent:63 - No mode defined for component null
2026-05-28 16:22:42,763 [WARN] ModelIntegratedComponent:63 - No mode defined for component null
2026-05-28 16:22:42,763 [WARN] ModelIntegratedComponent:63 - No mode defined for component null
2026-05-28 16:22:42,763 [WARN] ModelIntegratedComponent:63 - No mode defined for component null
2026-05-28 16:22:42,763 [WARN] ModelIntegratedComponent:63 - No mode defined for component null
2026-05-28 16:22:42,763 [WARN] ModelIntegratedComponent:63 - No mode defined for component null
2026-05-28 16:22:42,763 [WARN] ModelIntegratedComponent:63 - No mode defined for component null
2026-05-28 16:22:42,763 [WARN] ModelIntegratedComponent:63 - No mode defined for component null
2026-05-28 16:22:42,763 [WARN] ModelIntegratedComponent:63 - No mode defined for component null
2026-05-28 16:22:42,763 [WARN] ModelIntegratedComponent:63 - No mode defined for component null
2026-05-28 16:22:42,763 [WARN] ModelIntegratedComponent:63 - No mode defined for component null
2026-05-28 16:22:42,763 [WARN] ModelIntegratedComponent:63 - No mode defined for component null
2026-05-28 16:22:42,763 [WARN] ModelIntegratedComponent:63 - No mode defined for component null
2026-05-28 16:22:42,763 [WARN] ModelIntegratedComponent:63 - No mode defined for component null
2026-05-28 16:22:42,763 [WARN] ModelIntegratedComponent:63 - No mode defined for component null
2026-05-28 16:22:42,763 [WARN] ModelIntegratedComponent:63 - No mode defined for component null
2026-05-28 16:22:42,763 [WARN] ModelIntegratedComponent:63 - No mode defined for component null
2026-05-28 16:22:42,764 [WARN] ModelIntegratedComponent:63 - No mode defined for component null
2026-05-28 16:22:42,764 [WARN] ModelIntegratedComponent:63 - No mode defined for component null
2026-05-28 16:22:42,764 [WARN] ModelIntegratedComponent:63 - No mode defined for component null
2026-05-28 16:22:42,764 [WARN] ModelIntegratedComponent:63 - No mode defined for component null
2026-05-28 16:22:42,764 [WARN] ModelIntegratedComponent:63 - No mode defined for component null
2026-05-28 16:22:42,764 [WARN] ModelIntegratedComponent:63 - No mode defined for component null
2026-05-28 16:22:42,764 [WARN] ModelIntegratedComponent:63 - No mode defined for component null
2026-05-28 16:22:42,764 [WARN] ModelIntegratedComponent:63 - No mode defined for component null
2026-05-28 16:22:42,764 [WARN] ModelIntegratedComponent:63 - No mode defined for component null
2026-05-28 16:22:42,764 [WARN] ModelIntegratedComponent:63 - No mode defined for component null
2026-05-28 16:22:42,764 [WARN] ModelIntegratedComponent:63 - No mode defined for component null
2026-05-28 16:22:42,764 [WARN] ModelIntegratedComponent:63 - No mode defined for component null
2026-05-28 16:22:42,764 [WARN] ModelIntegratedComponent:63 - No mode defined for component null
2026-05-28 16:22:42,764 [WARN] ModelIntegratedComponent:63 - No mode defined for component null
2026-05-28 16:22:42,764 [WARN] ModelIntegratedComponent:63 - No mode defined for component null
2026-05-28 16:22:42,764 [WARN] ModelIntegratedComponent:63 - No mode defined for component null
2026-05-28 16:22:42,767 [INFO] RtosManager:555 - Registered RTOS mode: class=CMSIS, group=RTOS, mode=CMSIS_V1, owner=FREERTOS
2026-05-28 16:22:42,767 [INFO] RtosManager:555 - Registered RTOS mode: class=CMSIS, group=RTOS2, mode=CMSIS_V2, owner=FREERTOS
2026-05-28 16:22:42,767 [INFO] RtosManager:555 - Registered RTOS mode: class=RTOS, group=Core, mode=CMSIS_V1, owner=FREERTOS
2026-05-28 16:22:42,767 [INFO] RtosManager:555 - Registered RTOS mode: class=RTOS, group=Core, mode=CMSIS_V2, owner=FREERTOS
2026-05-28 16:22:42,767 [WARN] ModelIntegratedComponent:184 - Missing modes for component STMicroelectronics:FreeRTOS:0.0.1:STMicroelectronics:RTOS:FreeRTOS:Core:::10.2.0:
2026-05-28 16:22:42,774 [INFO] ThirdPartyModel:298 - Start build external matchings
2026-05-28 16:22:42,799 [INFO] ThirdPartyModel:316 - End build external matchings
2026-05-28 16:22:43,000 [INFO] UtilMem:75 - End LoadConfig() Used Memory: 827505720 Bytes (1073741824)
2026-05-28 16:22:43,048 [WARN] ThirdParty:833 - waiting for thirdparty lock release [change project]
2026-05-28 16:22:43,048 [INFO] ThirdParty:835 - entering critical section [change project]
2026-05-28 16:22:43,048 [INFO] ThirdParty:1030 - CMSIS Pack Vendor :STMicroelectronics USBPD 4.1
2026-05-28 16:22:43,048 [INFO] ThirdParty:1030 - CMSIS Pack Vendor :STMicroelectronics X-CUBE-DISPLAY 3.0.0
2026-05-28 16:22:43,048 [INFO] ThirdParty:1030 - CMSIS Pack Vendor :STMicroelectronics USB_HOST 2.0.0
2026-05-28 16:22:43,048 [INFO] ThirdParty:1030 - CMSIS Pack Vendor :STMicroelectronics X-CUBE-AZRTOS-F4 1.1.0
2026-05-28 16:22:43,048 [INFO] ThirdParty:1030 - CMSIS Pack Vendor :STMicroelectronics LIBJPEG 8.0.0
2026-05-28 16:22:43,048 [INFO] ThirdParty:1030 - CMSIS Pack Vendor :STMicroelectronics FP-ATR-SIGFOX1 3.2.0
2026-05-28 16:22:43,048 [INFO] ThirdParty:1030 - CMSIS Pack Vendor :STMicroelectronics X-CUBE-SMBUS 2.1.0
2026-05-28 16:22:43,048 [INFO] ThirdParty:1030 - CMSIS Pack Vendor :STMicroelectronics USB_DEVICE 3.0.0
2026-05-28 16:22:43,048 [INFO] ThirdParty:1030 - CMSIS Pack Vendor :STMicroelectronics HAL Drivers 0.0.0
2026-05-28 16:22:43,048 [INFO] ThirdParty:1030 - CMSIS Pack Vendor :STMicroelectronics MBEDTLS 2.16.2
2026-05-28 16:22:43,048 [INFO] ThirdParty:1030 - CMSIS Pack Vendor :STMicroelectronics MBEDTLS 2.14.1
2026-05-28 16:22:43,048 [INFO] ThirdParty:1030 - CMSIS Pack Vendor :STMicroelectronics X-CUBE-AZRTOS-F7 1.1.0
2026-05-28 16:22:43,048 [INFO] ThirdParty:1030 - CMSIS Pack Vendor :STMicroelectronics USB_DEVICE 2.0.0
2026-05-28 16:22:43,049 [INFO] ThirdParty:1030 - CMSIS Pack Vendor :STMicroelectronics ThreadX 1.0.0
2026-05-28 16:22:43,049 [INFO] ThirdParty:1030 - CMSIS Pack Vendor :STMicroelectronics X-CUBE-AZRTOS-WL 2.0.0
2026-05-28 16:22:43,049 [INFO] ThirdParty:1030 - CMSIS Pack Vendor :STMicroelectronics FreeRTOS 0.0.1
2026-05-28 16:22:43,049 [INFO] ThirdParty:1030 - CMSIS Pack Vendor :STMicroelectronics X-CUBE-AZRTOS-G0 1.1.0
2026-05-28 16:22:43,049 [INFO] ThirdParty:1030 - CMSIS Pack Vendor :STMicroelectronics USB_DEVICE 1.0.0
2026-05-28 16:22:43,049 [INFO] ThirdParty:1030 - CMSIS Pack Vendor :STMicroelectronics X-CUBE-SUBG2 5.0.0
2026-05-28 16:22:43,049 [INFO] ThirdParty:1030 - CMSIS Pack Vendor :STMicroelectronics X-CUBE-NFC4 3.0.0
2026-05-28 16:22:43,049 [INFO] ThirdParty:1030 - CMSIS Pack Vendor :STMicroelectronics STM32_WPAN 1.0.0
2026-05-28 16:22:43,049 [INFO] ThirdParty:1030 - CMSIS Pack Vendor :STMicroelectronics X-CUBE-AZRTOS-L4 2.0.0
2026-05-28 16:22:43,049 [INFO] ThirdParty:1030 - CMSIS Pack Vendor :STMicroelectronics ThreadX 0.0.2
2026-05-28 16:22:43,049 [INFO] ThirdParty:1030 - CMSIS Pack Vendor :STMicroelectronics lwIP 2.0.3
2026-05-28 16:22:43,049 [INFO] ThirdParty:1030 - CMSIS Pack Vendor :STMicroelectronics lwIP 2.1.2
2026-05-28 16:22:43,049 [INFO] ThirdParty:1030 - CMSIS Pack Vendor :STMicroelectronics X-CUBE-SFXS2LP1 4.0.0
2026-05-28 16:22:43,049 [INFO] ThirdParty:1030 - CMSIS Pack Vendor :STMicroelectronics X-CUBE-BLE2 3.3.0
2026-05-28 16:22:43,049 [INFO] ThirdParty:1030 - CMSIS Pack Vendor :STMicroelectronics USB_HOST 1.0.0
2026-05-28 16:22:43,050 [INFO] ThirdParty:1030 - CMSIS Pack Vendor :STMicroelectronics X-CUBE-AZRTOS-G4 2.0.0
2026-05-28 16:22:43,050 [INFO] ThirdParty:1030 - CMSIS Pack Vendor :STMicroelectronics PDM2PCM 3.1.0
2026-05-28 16:22:43,050 [INFO] ThirdParty:1030 - CMSIS Pack Vendor :STMicroelectronics PDM2PCM 3.2.0
2026-05-28 16:22:43,050 [INFO] ThirdParty:1030 - CMSIS Pack Vendor :STMicroelectronics PDM2PCM 3.3.0
2026-05-28 16:22:43,050 [INFO] ThirdParty:841 - exiting critical section [change project]
2026-05-28 16:22:43,180 [INFO] PinOutPanel:1499 - setPackage(No Configuration,No Configuration)
2026-05-28 16:22:43,181 [INFO] PinOutPanel:1499 - setPackage(STM32F103C8Tx,LQFP48)
2026-05-28 16:22:43,405 [INFO] UtilMem:75 - Before build in PCC Used Memory: 731520720 Bytes (1073741824)
2026-05-28 16:22:43,613 [INFO] UtilMem:75 - After build in PCC Used Memory: 773463760 Bytes (1073741824)
2026-05-28 16:22:43,634 [INFO] IPUIPlugin:80 - create IPUIPlugin
2026-05-28 16:22:43,634 [INFO] IPUIPlugin:80 - create IPUIPlugin
2026-05-28 16:22:43,634 [INFO] IPUIPlugin:80 - create IPUIPlugin
2026-05-28 16:22:43,634 [INFO] IPUIPlugin:80 - create IPUIPlugin
2026-05-28 16:22:43,636 [INFO] IPUIPlugin:80 - create IPUIPlugin
2026-05-28 16:22:43,636 [INFO] IPUIPlugin:80 - create IPUIPlugin
2026-05-28 16:22:43,636 [INFO] IPUIPlugin:80 - create IPUIPlugin
2026-05-28 16:22:43,636 [INFO] IPUIPlugin:80 - create IPUIPlugin
2026-05-28 16:22:43,636 [INFO] IPUIPlugin:80 - create IPUIPlugin
2026-05-28 16:22:43,636 [INFO] IPUIPlugin:80 - create IPUIPlugin
2026-05-28 16:22:43,636 [INFO] IPUIPlugin:80 - create IPUIPlugin
2026-05-28 16:22:43,636 [INFO] IPUIPlugin:80 - create IPUIPlugin
2026-05-28 16:22:43,636 [INFO] IPUIPlugin:80 - create IPUIPlugin
2026-05-28 16:22:43,637 [INFO] IPUIPlugin:80 - create IPUIPlugin
2026-05-28 16:22:43,637 [INFO] IPUIPlugin:80 - create IPUIPlugin
2026-05-28 16:22:43,637 [INFO] IPUIPlugin:80 - create IPUIPlugin
2026-05-28 16:22:43,638 [INFO] IPUIPlugin:80 - create IPUIPlugin
2026-05-28 16:22:43,638 [INFO] IPUIPlugin:80 - create IPUIPlugin
2026-05-28 16:22:43,638 [INFO] IPUIPlugin:80 - create IPUIPlugin
2026-05-28 16:22:43,638 [INFO] IPUIPlugin:80 - create IPUIPlugin
2026-05-28 16:22:43,638 [INFO] IPUIPlugin:80 - create IPUIPlugin
2026-05-28 16:22:43,638 [INFO] IPUIPlugin:80 - create IPUIPlugin
2026-05-28 16:22:43,639 [INFO] IPUIPlugin:80 - create IPUIPlugin
2026-05-28 16:22:43,639 [INFO] IPUIPlugin:80 - create IPUIPlugin
2026-05-28 16:22:43,639 [INFO] IPUIPlugin:80 - create IPUIPlugin
2026-05-28 16:22:43,639 [INFO] IPUIPlugin:80 - create IPUIPlugin
2026-05-28 16:22:43,639 [INFO] IPUIPlugin:80 - create IPUIPlugin
2026-05-28 16:22:43,641 [WARN] IP:2114 - I2C_Coeff_DF not found: check if there is a RefParameter without a condition.
2026-05-28 16:22:43,642 [WARN] IP:2114 - Analog_Filter not found: check if there is a RefParameter without a condition.
2026-05-28 16:22:43,681 [INFO] CADModel:165 - CPN selected for project levelSTM32F103C8T6
2026-05-28 16:22:43,681 [INFO] CADModel:114 - Register for checkConnection events
2026-05-28 16:22:43,745 [INFO] OpenFileManager:328 - Restore cursor
2026-05-28 16:22:43,917 [WARN] IP:2114 - I2C_Coeff_DF not found: check if there is a RefParameter without a condition.
2026-05-28 16:22:43,917 [WARN] IP:2114 - Analog_Filter not found: check if there is a RefParameter without a condition.
2026-05-28 16:22:43,918 [WARN] IP:2114 - I2C_Coeff_DF not found: check if there is a RefParameter without a condition.
2026-05-28 16:22:43,918 [WARN] IP:2114 - Analog_Filter not found: check if there is a RefParameter without a condition.
2026-05-28 16:22:44,597 [ERROR] ConfigurationRetriever:142 - IOException on connection: Connect timed out
2026-05-28 16:22:48,243 [INFO] Gpio:273 - dependency for GPIO [I2C1, SPI1, SYS, USART1]
2026-05-28 16:22:49,599 [ERROR] ConfigurationRetriever:142 - IOException on connection: Connect timed out
2026-05-28 16:22:57,967 [INFO] MainUpdater:2868 - connection check result : 10
2026-05-28 16:22:57,967 [INFO] MainUpdater:2868 - connection check result : 10
2026-05-28 16:22:58,011 [INFO] MicroXplorer:468 - Change Database Path : 
2026-05-28 16:22:58,011 [INFO] MicroXplorer:498 - Change Database Version : DB.6.0.91
2026-05-28 16:22:58,026 [WARN] ThirdParty:871 - waiting for thirdparty lock release [close project]
2026-05-28 16:22:58,026 [INFO] ThirdParty:873 - entering critical section [close project]
2026-05-28 16:22:58,026 [INFO] ThirdParty:883 - exiting critical section [close project]
2026-05-28 16:22:58,027 [INFO] PinOutPanel:1499 - setPackage(No Configuration,No Configuration)
2026-05-28 16:22:58,030 [INFO] UtilMem:75 - Begin LoadConfig() Used Memory: 727697384 Bytes (1073741824)
2026-05-28 16:22:58,031 [INFO] MicroXplorer:468 - Change Database Path : 
2026-05-28 16:22:58,031 [INFO] MicroXplorer:498 - Change Database Version : DB.6.0.91
2026-05-28 16:22:58,031 [INFO] OpenFileManager:308 - Change cursor
2026-05-28 16:22:58,037 [INFO] Mcu:1946 - Initializing MCU STM32F103C(8-B)Tx STM32F103C8Tx STM32F103C8T6
2026-05-28 16:22:58,479 [INFO] Context:659 - Trying to add GPIOservice into a context  which must be forbidden
2026-05-28 16:22:58,616 [WARN] ModelIntegratedComponent:63 - No mode defined for component null
2026-05-28 16:22:58,616 [WARN] ModelIntegratedComponent:63 - No mode defined for component null
2026-05-28 16:22:58,616 [WARN] ModelIntegratedComponent:63 - No mode defined for component null
2026-05-28 16:22:58,616 [WARN] ModelIntegratedComponent:63 - No mode defined for component null
2026-05-28 16:22:58,616 [WARN] ModelIntegratedComponent:63 - No mode defined for component null
2026-05-28 16:22:58,616 [WARN] ModelIntegratedComponent:63 - No mode defined for component null
2026-05-28 16:22:58,616 [WARN] ModelIntegratedComponent:63 - No mode defined for component null
2026-05-28 16:22:58,616 [WARN] ModelIntegratedComponent:63 - No mode defined for component null
2026-05-28 16:22:58,616 [WARN] ModelIntegratedComponent:63 - No mode defined for component null
2026-05-28 16:22:58,616 [WARN] ModelIntegratedComponent:63 - No mode defined for component null
2026-05-28 16:22:58,616 [WARN] ModelIntegratedComponent:63 - No mode defined for component null
2026-05-28 16:22:58,617 [WARN] ModelIntegratedComponent:63 - No mode defined for component null
2026-05-28 16:22:58,617 [WARN] ModelIntegratedComponent:63 - No mode defined for component null
2026-05-28 16:22:58,617 [WARN] ModelIntegratedComponent:63 - No mode defined for component null
2026-05-28 16:22:58,617 [WARN] ModelIntegratedComponent:63 - No mode defined for component null
2026-05-28 16:22:58,617 [WARN] ModelIntegratedComponent:63 - No mode defined for component null
2026-05-28 16:22:58,617 [WARN] ModelIntegratedComponent:63 - No mode defined for component null
2026-05-28 16:22:58,617 [WARN] ModelIntegratedComponent:63 - No mode defined for component null
2026-05-28 16:22:58,617 [WARN] ModelIntegratedComponent:63 - No mode defined for component null
2026-05-28 16:22:58,617 [WARN] ModelIntegratedComponent:63 - No mode defined for component null
2026-05-28 16:22:58,617 [WARN] ModelIntegratedComponent:63 - No mode defined for component null
2026-05-28 16:22:58,617 [WARN] ModelIntegratedComponent:63 - No mode defined for component null
2026-05-28 16:22:58,617 [WARN] ModelIntegratedComponent:63 - No mode defined for component null
2026-05-28 16:22:58,617 [WARN] ModelIntegratedComponent:63 - No mode defined for component null
2026-05-28 16:22:58,617 [WARN] ModelIntegratedComponent:63 - No mode defined for component null
2026-05-28 16:22:58,617 [WARN] ModelIntegratedComponent:63 - No mode defined for component null
2026-05-28 16:22:58,617 [WARN] ModelIntegratedComponent:63 - No mode defined for component null
2026-05-28 16:22:58,617 [WARN] ModelIntegratedComponent:63 - No mode defined for component null
2026-05-28 16:22:58,617 [WARN] ModelIntegratedComponent:63 - No mode defined for component null
2026-05-28 16:22:58,617 [WARN] ModelIntegratedComponent:63 - No mode defined for component null
2026-05-28 16:22:58,617 [WARN] ModelIntegratedComponent:63 - No mode defined for component null
2026-05-28 16:22:58,617 [WARN] ModelIntegratedComponent:63 - No mode defined for component null
2026-05-28 16:22:58,617 [WARN] ModelIntegratedComponent:63 - No mode defined for component null
2026-05-28 16:22:58,620 [INFO] RtosManager:555 - Registered RTOS mode: class=CMSIS, group=RTOS, mode=CMSIS_V1, owner=FREERTOS
2026-05-28 16:22:58,620 [INFO] RtosManager:555 - Registered RTOS mode: class=CMSIS, group=RTOS2, mode=CMSIS_V2, owner=FREERTOS
2026-05-28 16:22:58,620 [INFO] RtosManager:555 - Registered RTOS mode: class=RTOS, group=Core, mode=CMSIS_V1, owner=FREERTOS
2026-05-28 16:22:58,620 [INFO] RtosManager:555 - Registered RTOS mode: class=RTOS, group=Core, mode=CMSIS_V2, owner=FREERTOS
2026-05-28 16:22:58,620 [WARN] ModelIntegratedComponent:184 - Missing modes for component STMicroelectronics:FreeRTOS:0.0.1:STMicroelectronics:RTOS:FreeRTOS:Core:::10.2.0:
2026-05-28 16:22:58,629 [INFO] ThirdPartyModel:298 - Start build external matchings
2026-05-28 16:22:58,660 [INFO] ThirdPartyModel:316 - End build external matchings
2026-05-28 16:22:58,909 [INFO] UtilMem:75 - End LoadConfig() Used Memory: 794778848 Bytes (1073741824)
2026-05-28 16:22:58,983 [WARN] ThirdParty:833 - waiting for thirdparty lock release [change project]
2026-05-28 16:22:58,983 [INFO] ThirdParty:835 - entering critical section [change project]
2026-05-28 16:22:58,983 [INFO] ThirdParty:1030 - CMSIS Pack Vendor :STMicroelectronics USBPD 4.1
2026-05-28 16:22:58,984 [INFO] ThirdParty:1030 - CMSIS Pack Vendor :STMicroelectronics X-CUBE-DISPLAY 3.0.0
2026-05-28 16:22:58,984 [INFO] ThirdParty:1030 - CMSIS Pack Vendor :STMicroelectronics USB_HOST 2.0.0
2026-05-28 16:22:58,984 [INFO] ThirdParty:1030 - CMSIS Pack Vendor :STMicroelectronics X-CUBE-AZRTOS-F4 1.1.0
2026-05-28 16:22:58,984 [INFO] ThirdParty:1030 - CMSIS Pack Vendor :STMicroelectronics LIBJPEG 8.0.0
2026-05-28 16:22:58,984 [INFO] ThirdParty:1030 - CMSIS Pack Vendor :STMicroelectronics FP-ATR-SIGFOX1 3.2.0
2026-05-28 16:22:58,984 [INFO] ThirdParty:1030 - CMSIS Pack Vendor :STMicroelectronics X-CUBE-SMBUS 2.1.0
2026-05-28 16:22:58,984 [INFO] ThirdParty:1030 - CMSIS Pack Vendor :STMicroelectronics USB_DEVICE 3.0.0
2026-05-28 16:22:58,984 [INFO] ThirdParty:1030 - CMSIS Pack Vendor :STMicroelectronics HAL Drivers 0.0.0
2026-05-28 16:22:58,984 [INFO] ThirdParty:1030 - CMSIS Pack Vendor :STMicroelectronics MBEDTLS 2.16.2
2026-05-28 16:22:58,984 [INFO] ThirdParty:1030 - CMSIS Pack Vendor :STMicroelectronics MBEDTLS 2.14.1
2026-05-28 16:22:58,984 [INFO] ThirdParty:1030 - CMSIS Pack Vendor :STMicroelectronics X-CUBE-AZRTOS-F7 1.1.0
2026-05-28 16:22:58,984 [INFO] ThirdParty:1030 - CMSIS Pack Vendor :STMicroelectronics USB_DEVICE 2.0.0
2026-05-28 16:22:58,984 [INFO] ThirdParty:1030 - CMSIS Pack Vendor :STMicroelectronics ThreadX 1.0.0
2026-05-28 16:22:58,984 [INFO] ThirdParty:1030 - CMSIS Pack Vendor :STMicroelectronics X-CUBE-AZRTOS-WL 2.0.0
2026-05-28 16:22:58,984 [INFO] ThirdParty:1030 - CMSIS Pack Vendor :STMicroelectronics FreeRTOS 0.0.1
2026-05-28 16:22:58,984 [INFO] ThirdParty:1030 - CMSIS Pack Vendor :STMicroelectronics X-CUBE-AZRTOS-G0 1.1.0
2026-05-28 16:22:58,984 [INFO] ThirdParty:1030 - CMSIS Pack Vendor :STMicroelectronics USB_DEVICE 1.0.0
2026-05-28 16:22:58,984 [INFO] ThirdParty:1030 - CMSIS Pack Vendor :STMicroelectronics X-CUBE-SUBG2 5.0.0
2026-05-28 16:22:58,984 [INFO] ThirdParty:1030 - CMSIS Pack Vendor :STMicroelectronics X-CUBE-NFC4 3.0.0
2026-05-28 16:22:58,984 [INFO] ThirdParty:1030 - CMSIS Pack Vendor :STMicroelectronics STM32_WPAN 1.0.0
2026-05-28 16:22:58,984 [INFO] ThirdParty:1030 - CMSIS Pack Vendor :STMicroelectronics X-CUBE-AZRTOS-L4 2.0.0
2026-05-28 16:22:58,984 [INFO] ThirdParty:1030 - CMSIS Pack Vendor :STMicroelectronics ThreadX 0.0.2
2026-05-28 16:22:58,984 [INFO] ThirdParty:1030 - CMSIS Pack Vendor :STMicroelectronics lwIP 2.0.3
2026-05-28 16:22:58,984 [INFO] ThirdParty:1030 - CMSIS Pack Vendor :STMicroelectronics lwIP 2.1.2
2026-05-28 16:22:58,984 [INFO] ThirdParty:1030 - CMSIS Pack Vendor :STMicroelectronics X-CUBE-SFXS2LP1 4.0.0
2026-05-28 16:22:58,984 [INFO] ThirdParty:1030 - CMSIS Pack Vendor :STMicroelectronics X-CUBE-BLE2 3.3.0
2026-05-28 16:22:58,984 [INFO] ThirdParty:1030 - CMSIS Pack Vendor :STMicroelectronics USB_HOST 1.0.0
2026-05-28 16:22:58,984 [INFO] ThirdParty:1030 - CMSIS Pack Vendor :STMicroelectronics X-CUBE-AZRTOS-G4 2.0.0
2026-05-28 16:22:58,984 [INFO] ThirdParty:1030 - CMSIS Pack Vendor :STMicroelectronics PDM2PCM 3.1.0
2026-05-28 16:22:58,984 [INFO] ThirdParty:1030 - CMSIS Pack Vendor :STMicroelectronics PDM2PCM 3.2.0
2026-05-28 16:22:58,984 [INFO] ThirdParty:1030 - CMSIS Pack Vendor :STMicroelectronics PDM2PCM 3.3.0
2026-05-28 16:22:58,985 [INFO] ThirdParty:841 - exiting critical section [change project]
2026-05-28 16:22:59,074 [INFO] PinOutPanel:1499 - setPackage(No Configuration,No Configuration)
2026-05-28 16:22:59,075 [INFO] PinOutPanel:1499 - setPackage(STM32F103C8Tx,LQFP48)
2026-05-28 16:22:59,240 [INFO] UtilMem:75 - Before build in PCC Used Memory: 860919560 Bytes (1073741824)
2026-05-28 16:22:59,360 [INFO] UtilMem:75 - After build in PCC Used Memory: 902862600 Bytes (1073741824)
2026-05-28 16:22:59,373 [INFO] IPUIPlugin:80 - create IPUIPlugin
2026-05-28 16:22:59,373 [INFO] IPUIPlugin:80 - create IPUIPlugin
2026-05-28 16:22:59,373 [INFO] IPUIPlugin:80 - create IPUIPlugin
2026-05-28 16:22:59,373 [INFO] IPUIPlugin:80 - create IPUIPlugin
2026-05-28 16:22:59,373 [INFO] IPUIPlugin:80 - create IPUIPlugin
2026-05-28 16:22:59,373 [INFO] IPUIPlugin:80 - create IPUIPlugin
2026-05-28 16:22:59,373 [INFO] IPUIPlugin:80 - create IPUIPlugin
2026-05-28 16:22:59,373 [INFO] IPUIPlugin:80 - create IPUIPlugin
2026-05-28 16:22:59,373 [INFO] IPUIPlugin:80 - create IPUIPlugin
2026-05-28 16:22:59,373 [INFO] IPUIPlugin:80 - create IPUIPlugin
2026-05-28 16:22:59,374 [INFO] IPUIPlugin:80 - create IPUIPlugin
2026-05-28 16:22:59,374 [INFO] IPUIPlugin:80 - create IPUIPlugin
2026-05-28 16:22:59,374 [INFO] IPUIPlugin:80 - create IPUIPlugin
2026-05-28 16:22:59,374 [INFO] IPUIPlugin:80 - create IPUIPlugin
2026-05-28 16:22:59,374 [INFO] IPUIPlugin:80 - create IPUIPlugin
2026-05-28 16:22:59,374 [INFO] IPUIPlugin:80 - create IPUIPlugin
2026-05-28 16:22:59,374 [INFO] IPUIPlugin:80 - create IPUIPlugin
2026-05-28 16:22:59,374 [INFO] IPUIPlugin:80 - create IPUIPlugin
2026-05-28 16:22:59,375 [INFO] IPUIPlugin:80 - create IPUIPlugin
2026-05-28 16:22:59,375 [INFO] IPUIPlugin:80 - create IPUIPlugin
2026-05-28 16:22:59,375 [INFO] IPUIPlugin:80 - create IPUIPlugin
2026-05-28 16:22:59,375 [INFO] IPUIPlugin:80 - create IPUIPlugin
2026-05-28 16:22:59,375 [INFO] IPUIPlugin:80 - create IPUIPlugin
2026-05-28 16:22:59,375 [INFO] IPUIPlugin:80 - create IPUIPlugin
2026-05-28 16:22:59,376 [INFO] IPUIPlugin:80 - create IPUIPlugin
2026-05-28 16:22:59,376 [INFO] IPUIPlugin:80 - create IPUIPlugin
2026-05-28 16:22:59,376 [INFO] IPUIPlugin:80 - create IPUIPlugin
2026-05-28 16:22:59,377 [WARN] IP:2114 - I2C_Coeff_DF not found: check if there is a RefParameter without a condition.
2026-05-28 16:22:59,378 [WARN] IP:2114 - Analog_Filter not found: check if there is a RefParameter without a condition.
2026-05-28 16:22:59,431 [INFO] CADModel:165 - CPN selected for project levelSTM32F103C8T6
2026-05-28 16:22:59,431 [INFO] CADModel:114 - Register for checkConnection events
2026-05-28 16:22:59,497 [INFO] OpenFileManager:328 - Restore cursor
2026-05-28 16:22:59,672 [WARN] IP:2114 - I2C_Coeff_DF not found: check if there is a RefParameter without a condition.
2026-05-28 16:22:59,672 [WARN] IP:2114 - Analog_Filter not found: check if there is a RefParameter without a condition.
2026-05-28 16:22:59,672 [WARN] IP:2114 - I2C_Coeff_DF not found: check if there is a RefParameter without a condition.
2026-05-28 16:22:59,672 [WARN] IP:2114 - Analog_Filter not found: check if there is a RefParameter without a condition.
2026-05-28 16:23:08,553 [WARN] IP:2114 - I2C_Coeff_DF not found: check if there is a RefParameter without a condition.
2026-05-28 16:23:08,553 [WARN] IP:2114 - Analog_Filter not found: check if there is a RefParameter without a condition.
2026-05-28 16:23:08,553 [WARN] IP:2114 - I2C_Coeff_DF not found: check if there is a RefParameter without a condition.
2026-05-28 16:23:08,553 [WARN] IP:2114 - Analog_Filter not found: check if there is a RefParameter without a condition.
2026-05-28 16:23:28,319 [INFO] MainUpdater:2868 - connection check result : 10
2026-05-28 16:23:28,319 [INFO] MainUpdater:2868 - connection check result : 10
2026-05-28 16:23:28,378 [INFO] MicroXplorer:468 - Change Database Path : 
2026-05-28 16:23:28,378 [INFO] MicroXplorer:498 - Change Database Version : DB.6.0.91
2026-05-28 16:23:28,396 [WARN] ThirdParty:871 - waiting for thirdparty lock release [close project]
2026-05-28 16:23:28,396 [INFO] ThirdParty:873 - entering critical section [close project]
2026-05-28 16:23:28,396 [INFO] ThirdParty:883 - exiting critical section [close project]
2026-05-28 16:23:28,397 [INFO] PinOutPanel:1499 - setPackage(No Configuration,No Configuration)
2026-05-28 16:23:28,399 [INFO] UtilMem:75 - Begin LoadConfig() Used Memory: 811693112 Bytes (1073741824)
2026-05-28 16:23:28,400 [INFO] MicroXplorer:468 - Change Database Path : 
2026-05-28 16:23:28,400 [INFO] MicroXplorer:498 - Change Database Version : DB.6.0.91
2026-05-28 16:23:28,400 [INFO] OpenFileManager:308 - Change cursor
2026-05-28 16:23:28,403 [INFO] Mcu:1946 - Initializing MCU STM32F103C(8-B)Tx STM32F103C8Tx STM32F103C8T6
2026-05-28 16:23:28,895 [INFO] Context:659 - Trying to add GPIOservice into a context  which must be forbidden
2026-05-28 16:23:29,036 [WARN] ModelIntegratedComponent:63 - No mode defined for component null
2026-05-28 16:23:29,036 [WARN] ModelIntegratedComponent:63 - No mode defined for component null
2026-05-28 16:23:29,036 [WARN] ModelIntegratedComponent:63 - No mode defined for component null
2026-05-28 16:23:29,036 [WARN] ModelIntegratedComponent:63 - No mode defined for component null
2026-05-28 16:23:29,036 [WARN] ModelIntegratedComponent:63 - No mode defined for component null
2026-05-28 16:23:29,036 [WARN] ModelIntegratedComponent:63 - No mode defined for component null
2026-05-28 16:23:29,036 [WARN] ModelIntegratedComponent:63 - No mode defined for component null
2026-05-28 16:23:29,036 [WARN] ModelIntegratedComponent:63 - No mode defined for component null
2026-05-28 16:23:29,036 [WARN] ModelIntegratedComponent:63 - No mode defined for component null
2026-05-28 16:23:29,036 [WARN] ModelIntegratedComponent:63 - No mode defined for component null
2026-05-28 16:23:29,036 [WARN] ModelIntegratedComponent:63 - No mode defined for component null
2026-05-28 16:23:29,036 [WARN] ModelIntegratedComponent:63 - No mode defined for component null
2026-05-28 16:23:29,036 [WARN] ModelIntegratedComponent:63 - No mode defined for component null
2026-05-28 16:23:29,036 [WARN] ModelIntegratedComponent:63 - No mode defined for component null
2026-05-28 16:23:29,036 [WARN] ModelIntegratedComponent:63 - No mode defined for component null
2026-05-28 16:23:29,036 [WARN] ModelIntegratedComponent:63 - No mode defined for component null
2026-05-28 16:23:29,036 [WARN] ModelIntegratedComponent:63 - No mode defined for component null
2026-05-28 16:23:29,036 [WARN] ModelIntegratedComponent:63 - No mode defined for component null
2026-05-28 16:23:29,036 [WARN] ModelIntegratedComponent:63 - No mode defined for component null
2026-05-28 16:23:29,036 [WARN] ModelIntegratedComponent:63 - No mode defined for component null
2026-05-28 16:23:29,036 [WARN] ModelIntegratedComponent:63 - No mode defined for component null
2026-05-28 16:23:29,036 [WARN] ModelIntegratedComponent:63 - No mode defined for component null
2026-05-28 16:23:29,036 [WARN] ModelIntegratedComponent:63 - No mode defined for component null
2026-05-28 16:23:29,036 [WARN] ModelIntegratedComponent:63 - No mode defined for component null
2026-05-28 16:23:29,036 [WARN] ModelIntegratedComponent:63 - No mode defined for component null
2026-05-28 16:23:29,036 [WARN] ModelIntegratedComponent:63 - No mode defined for component null
2026-05-28 16:23:29,036 [WARN] ModelIntegratedComponent:63 - No mode defined for component null
2026-05-28 16:23:29,037 [WARN] ModelIntegratedComponent:63 - No mode defined for component null
2026-05-28 16:23:29,037 [WARN] ModelIntegratedComponent:63 - No mode defined for component null
2026-05-28 16:23:29,037 [WARN] ModelIntegratedComponent:63 - No mode defined for component null
2026-05-28 16:23:29,037 [WARN] ModelIntegratedComponent:63 - No mode defined for component null
2026-05-28 16:23:29,037 [WARN] ModelIntegratedComponent:63 - No mode defined for component null
2026-05-28 16:23:29,037 [WARN] ModelIntegratedComponent:63 - No mode defined for component null
2026-05-28 16:23:29,038 [INFO] RtosManager:555 - Registered RTOS mode: class=CMSIS, group=RTOS, mode=CMSIS_V1, owner=FREERTOS
2026-05-28 16:23:29,039 [INFO] RtosManager:555 - Registered RTOS mode: class=CMSIS, group=RTOS2, mode=CMSIS_V2, owner=FREERTOS
2026-05-28 16:23:29,039 [INFO] RtosManager:555 - Registered RTOS mode: class=RTOS, group=Core, mode=CMSIS_V1, owner=FREERTOS
2026-05-28 16:23:29,039 [INFO] RtosManager:555 - Registered RTOS mode: class=RTOS, group=Core, mode=CMSIS_V2, owner=FREERTOS
2026-05-28 16:23:29,039 [WARN] ModelIntegratedComponent:184 - Missing modes for component STMicroelectronics:FreeRTOS:0.0.1:STMicroelectronics:RTOS:FreeRTOS:Core:::10.2.0:
2026-05-28 16:23:29,046 [INFO] ThirdPartyModel:298 - Start build external matchings
2026-05-28 16:23:29,064 [INFO] ThirdPartyModel:316 - End build external matchings
2026-05-28 16:23:29,278 [INFO] UtilMem:75 - End LoadConfig() Used Memory: 865003128 Bytes (1073741824)
2026-05-28 16:23:29,326 [WARN] ThirdParty:833 - waiting for thirdparty lock release [change project]
2026-05-28 16:23:29,326 [INFO] ThirdParty:835 - entering critical section [change project]
2026-05-28 16:23:29,327 [INFO] ThirdParty:1030 - CMSIS Pack Vendor :STMicroelectronics USBPD 4.1
2026-05-28 16:23:29,327 [INFO] ThirdParty:1030 - CMSIS Pack Vendor :STMicroelectronics X-CUBE-DISPLAY 3.0.0
2026-05-28 16:23:29,327 [INFO] ThirdParty:1030 - CMSIS Pack Vendor :STMicroelectronics USB_HOST 2.0.0
2026-05-28 16:23:29,327 [INFO] ThirdParty:1030 - CMSIS Pack Vendor :STMicroelectronics X-CUBE-AZRTOS-F4 1.1.0
2026-05-28 16:23:29,327 [INFO] ThirdParty:1030 - CMSIS Pack Vendor :STMicroelectronics LIBJPEG 8.0.0
2026-05-28 16:23:29,327 [INFO] ThirdParty:1030 - CMSIS Pack Vendor :STMicroelectronics FP-ATR-SIGFOX1 3.2.0
2026-05-28 16:23:29,327 [INFO] ThirdParty:1030 - CMSIS Pack Vendor :STMicroelectronics X-CUBE-SMBUS 2.1.0
2026-05-28 16:23:29,327 [INFO] ThirdParty:1030 - CMSIS Pack Vendor :STMicroelectronics USB_DEVICE 3.0.0
2026-05-28 16:23:29,327 [INFO] ThirdParty:1030 - CMSIS Pack Vendor :STMicroelectronics HAL Drivers 0.0.0
2026-05-28 16:23:29,327 [INFO] ThirdParty:1030 - CMSIS Pack Vendor :STMicroelectronics MBEDTLS 2.16.2
2026-05-28 16:23:29,327 [INFO] ThirdParty:1030 - CMSIS Pack Vendor :STMicroelectronics MBEDTLS 2.14.1
2026-05-28 16:23:29,327 [INFO] ThirdParty:1030 - CMSIS Pack Vendor :STMicroelectronics X-CUBE-AZRTOS-F7 1.1.0
2026-05-28 16:23:29,327 [INFO] ThirdParty:1030 - CMSIS Pack Vendor :STMicroelectronics USB_DEVICE 2.0.0
2026-05-28 16:23:29,327 [INFO] ThirdParty:1030 - CMSIS Pack Vendor :STMicroelectronics ThreadX 1.0.0
2026-05-28 16:23:29,327 [INFO] ThirdParty:1030 - CMSIS Pack Vendor :STMicroelectronics X-CUBE-AZRTOS-WL 2.0.0
2026-05-28 16:23:29,327 [INFO] ThirdParty:1030 - CMSIS Pack Vendor :STMicroelectronics FreeRTOS 0.0.1
2026-05-28 16:23:29,327 [INFO] ThirdParty:1030 - CMSIS Pack Vendor :STMicroelectronics X-CUBE-AZRTOS-G0 1.1.0
2026-05-28 16:23:29,327 [INFO] ThirdParty:1030 - CMSIS Pack Vendor :STMicroelectronics USB_DEVICE 1.0.0
2026-05-28 16:23:29,328 [INFO] ThirdParty:1030 - CMSIS Pack Vendor :STMicroelectronics X-CUBE-SUBG2 5.0.0
2026-05-28 16:23:29,328 [INFO] ThirdParty:1030 - CMSIS Pack Vendor :STMicroelectronics X-CUBE-NFC4 3.0.0
2026-05-28 16:23:29,328 [INFO] ThirdParty:1030 - CMSIS Pack Vendor :STMicroelectronics STM32_WPAN 1.0.0
2026-05-28 16:23:29,328 [INFO] ThirdParty:1030 - CMSIS Pack Vendor :STMicroelectronics X-CUBE-AZRTOS-L4 2.0.0
2026-05-28 16:23:29,328 [INFO] ThirdParty:1030 - CMSIS Pack Vendor :STMicroelectronics ThreadX 0.0.2
2026-05-28 16:23:29,328 [INFO] ThirdParty:1030 - CMSIS Pack Vendor :STMicroelectronics lwIP 2.0.3
2026-05-28 16:23:29,328 [INFO] ThirdParty:1030 - CMSIS Pack Vendor :STMicroelectronics lwIP 2.1.2
2026-05-28 16:23:29,328 [INFO] ThirdParty:1030 - CMSIS Pack Vendor :STMicroelectronics X-CUBE-SFXS2LP1 4.0.0
2026-05-28 16:23:29,328 [INFO] ThirdParty:1030 - CMSIS Pack Vendor :STMicroelectronics X-CUBE-BLE2 3.3.0
2026-05-28 16:23:29,328 [INFO] ThirdParty:1030 - CMSIS Pack Vendor :STMicroelectronics USB_HOST 1.0.0
2026-05-28 16:23:29,328 [INFO] ThirdParty:1030 - CMSIS Pack Vendor :STMicroelectronics X-CUBE-AZRTOS-G4 2.0.0
2026-05-28 16:23:29,328 [INFO] ThirdParty:1030 - CMSIS Pack Vendor :STMicroelectronics PDM2PCM 3.1.0
2026-05-28 16:23:29,328 [INFO] ThirdParty:1030 - CMSIS Pack Vendor :STMicroelectronics PDM2PCM 3.2.0
2026-05-28 16:23:29,328 [INFO] ThirdParty:1030 - CMSIS Pack Vendor :STMicroelectronics PDM2PCM 3.3.0
2026-05-28 16:23:29,328 [INFO] ThirdParty:841 - exiting critical section [change project]
2026-05-28 16:23:29,414 [INFO] PinOutPanel:1499 - setPackage(No Configuration,No Configuration)
2026-05-28 16:23:29,416 [INFO] PinOutPanel:1499 - setPackage(STM32F103C8Tx,LQFP48)
2026-05-28 16:23:29,552 [INFO] UtilMem:75 - Before build in PCC Used Memory: 934204448 Bytes (1073741824)
2026-05-28 16:23:29,690 [INFO] UtilMem:75 - After build in PCC Used Memory: 754037304 Bytes (1073741824)
2026-05-28 16:23:29,712 [INFO] IPUIPlugin:80 - create IPUIPlugin
2026-05-28 16:23:29,712 [INFO] IPUIPlugin:80 - create IPUIPlugin
2026-05-28 16:23:29,712 [INFO] IPUIPlugin:80 - create IPUIPlugin
2026-05-28 16:23:29,712 [INFO] IPUIPlugin:80 - create IPUIPlugin
2026-05-28 16:23:29,712 [INFO] IPUIPlugin:80 - create IPUIPlugin
2026-05-28 16:23:29,713 [INFO] IPUIPlugin:80 - create IPUIPlugin
2026-05-28 16:23:29,713 [INFO] IPUIPlugin:80 - create IPUIPlugin
2026-05-28 16:23:29,713 [INFO] IPUIPlugin:80 - create IPUIPlugin
2026-05-28 16:23:29,713 [INFO] IPUIPlugin:80 - create IPUIPlugin
2026-05-28 16:23:29,713 [INFO] IPUIPlugin:80 - create IPUIPlugin
2026-05-28 16:23:29,713 [INFO] IPUIPlugin:80 - create IPUIPlugin
2026-05-28 16:23:29,713 [INFO] IPUIPlugin:80 - create IPUIPlugin
2026-05-28 16:23:29,713 [INFO] IPUIPlugin:80 - create IPUIPlugin
2026-05-28 16:23:29,713 [INFO] IPUIPlugin:80 - create IPUIPlugin
2026-05-28 16:23:29,713 [INFO] IPUIPlugin:80 - create IPUIPlugin
2026-05-28 16:23:29,713 [INFO] IPUIPlugin:80 - create IPUIPlugin
2026-05-28 16:23:29,714 [INFO] IPUIPlugin:80 - create IPUIPlugin
2026-05-28 16:23:29,714 [INFO] IPUIPlugin:80 - create IPUIPlugin
2026-05-28 16:23:29,714 [INFO] IPUIPlugin:80 - create IPUIPlugin
2026-05-28 16:23:29,714 [INFO] IPUIPlugin:80 - create IPUIPlugin
2026-05-28 16:23:29,714 [INFO] IPUIPlugin:80 - create IPUIPlugin
2026-05-28 16:23:29,714 [INFO] IPUIPlugin:80 - create IPUIPlugin
2026-05-28 16:23:29,714 [INFO] IPUIPlugin:80 - create IPUIPlugin
2026-05-28 16:23:29,715 [INFO] IPUIPlugin:80 - create IPUIPlugin
2026-05-28 16:23:29,715 [INFO] IPUIPlugin:80 - create IPUIPlugin
2026-05-28 16:23:29,715 [INFO] IPUIPlugin:80 - create IPUIPlugin
2026-05-28 16:23:29,715 [INFO] IPUIPlugin:80 - create IPUIPlugin
2026-05-28 16:23:29,716 [WARN] IP:2114 - I2C_Coeff_DF not found: check if there is a RefParameter without a condition.
2026-05-28 16:23:29,716 [WARN] IP:2114 - Analog_Filter not found: check if there is a RefParameter without a condition.
2026-05-28 16:23:29,744 [INFO] CADModel:165 - CPN selected for project levelSTM32F103C8T6
2026-05-28 16:23:29,745 [INFO] CADModel:114 - Register for checkConnection events
2026-05-28 16:23:29,798 [INFO] OpenFileManager:328 - Restore cursor
2026-05-28 16:23:29,947 [WARN] IP:2114 - I2C_Coeff_DF not found: check if there is a RefParameter without a condition.
2026-05-28 16:23:29,947 [WARN] IP:2114 - Analog_Filter not found: check if there is a RefParameter without a condition.
2026-05-28 16:23:29,947 [WARN] IP:2114 - I2C_Coeff_DF not found: check if there is a RefParameter without a condition.
2026-05-28 16:23:29,947 [WARN] IP:2114 - Analog_Filter not found: check if there is a RefParameter without a condition.
2026-05-28 16:23:48,339 [INFO] Gpio:273 - dependency for GPIO [I2C1, SPI1, SYS, USART1]
2026-05-28 16:23:48,994 [INFO] Gpio:273 - dependency for GPIO [I2C1, SPI1, SYS, USART1]
2026-05-28 16:24:09,621 [INFO] UtilMem:75 - End SaveConfig() Used Memory: 778343192 Bytes (1073741824)
2026-05-28 16:24:09,673 [INFO] UtilMem:75 - End SaveConfig() Used Memory: 790160896 Bytes (1073741824)
2026-05-28 16:24:10,096 [INFO] UtilMem:75 - End SaveConfig() Used Memory: 817056440 Bytes (1073741824)
2026-05-28 16:24:10,275 [INFO] BlockDiagram:2759 - set Specific Code input for plugin: SPI
2026-05-28 16:24:10,275 [INFO] BlockDiagram:2759 - set Specific Code input for plugin: NVIC
2026-05-28 16:24:10,275 [INFO] BlockDiagram:2759 - set Specific Code input for plugin: USART
2026-05-28 16:24:10,275 [INFO] BlockDiagram:2759 - set Specific Code input for plugin: SYS
2026-05-28 16:24:10,276 [INFO] BlockDiagram:2759 - set Specific Code input for plugin: GPIO
2026-05-28 16:24:10,276 [INFO] BlockDiagram:2759 - set Specific Code input for plugin: RCC
2026-05-28 16:24:10,276 [INFO] BlockDiagram:2759 - set Specific Code input for plugin: I2C
2026-05-28 16:24:10,277 [INFO] CodeGenerator:799 - code generatio: config db path: C:\ST\STM32CubeIDE_1.13.1\STM32CubeIDE\plugins\com.st.stm32cube.common.mx_6.9.1.202307191849\\db\
2026-05-28 16:24:10,278 [WARN] IP:2114 - I2C_Coeff_DF not found: check if there is a RefParameter without a condition.
2026-05-28 16:24:10,278 [WARN] IP:2114 - Analog_Filter not found: check if there is a RefParameter without a condition.
2026-05-28 16:24:10,499 [INFO] CodeEngine:255 - oldGeneratedFile, D:\smart_garden\Node\MXTmpFiles\license.tmp_save
2026-05-28 16:24:10,646 [INFO] CodeEngine:279 - Generated code: D:\smart_garden\Node\MXTmpFiles\license.tmp
2026-05-28 16:24:10,681 [INFO] CodeEngine:255 - oldGeneratedFile, D:\smart_garden\Node\MXTmpFiles\gpio.tmp_save
2026-05-28 16:24:10,776 [INFO] CodeEngine:279 - Generated code: D:\smart_garden\Node\MXTmpFiles\gpio.tmp
2026-05-28 16:24:10,868 [INFO] CodeEngine:255 - oldGeneratedFile, D:\smart_garden\Node\Core\Src\stm32f1xx_it.c_save
2026-05-28 16:24:11,156 [INFO] CodeEngine:279 - Generated code: D:\smart_garden\Node\Core\Src\stm32f1xx_it.c
2026-05-28 16:24:11,162 [INFO] CodeEngine:255 - oldGeneratedFile, D:\smart_garden\Node\Core\Inc\stm32f1xx_it.h_save
2026-05-28 16:24:11,267 [INFO] CodeEngine:279 - Generated code: D:\smart_garden\Node\Core\Inc\stm32f1xx_it.h
2026-05-28 16:24:11,278 [INFO] CodeEngine:255 - oldGeneratedFile, D:\smart_garden\Node\Core\Src\stm32f1xx_hal_msp.c_save
2026-05-28 16:24:11,460 [INFO] CodeEngine:279 - Generated code: D:\smart_garden\Node\Core\Src\stm32f1xx_hal_msp.c
2026-05-28 16:24:11,463 [INFO] CodeEngine:255 - oldGeneratedFile, D:\smart_garden\Node\MXTmpFiles\system.tmp_save
2026-05-28 16:24:11,544 [INFO] CodeEngine:279 - Generated code: D:\smart_garden\Node\MXTmpFiles\system.tmp
2026-05-28 16:24:11,552 [INFO] CodeEngine:311 - oldGeneratedFile, D:\smart_garden\Node\Core\Inc\stm32f1xx_hal_conf.h_save
2026-05-28 16:24:11,651 [INFO] CodeEngine:335 - Generated code: D:\smart_garden\Node\Core\Inc\stm32f1xx_hal_conf.h
2026-05-28 16:24:11,676 [INFO] CodeEngine:255 - oldGeneratedFile, D:\smart_garden\Node\Core\Inc\main.h_save
2026-05-28 16:24:11,772 [INFO] CodeEngine:279 - Generated code: D:\smart_garden\Node\Core\Inc\main.h
2026-05-28 16:24:11,778 [INFO] CodeEngine:255 - oldGeneratedFile, D:\smart_garden\Node\Core\Src\main.c_save
2026-05-28 16:24:11,884 [INFO] CodeEngine:279 - Generated code: D:\smart_garden\Node\Core\Src\main.c
2026-05-28 16:24:12,429 [INFO] ProjectBuilder:3064 - Time for Copy HAL[1] : 114mS.
2026-05-28 16:24:12,431 [INFO] ProjectBuilder:4404 - Project Generator version: 4.1.0
2026-05-28 16:24:12,757 [INFO] ConfigFileManager:1457 - The Die is : DIE410
2026-05-28 16:24:12,759 [INFO] ApiDbMcu:507 - Load IP Config File for FATFS
2026-05-28 16:24:12,795 [INFO] ApiDbMcu:507 - Load IP Config File for FREERTOS
2026-05-28 16:24:12,800 [INFO] ApiDbMcu:507 - Load IP Config File for USB_DEVICE
2026-05-28 16:24:14,504 [INFO] ProjectBuilder:4626 - Time for Generating toolchain IDE Files: 2072mS.
2026-05-28 16:24:14,505 [INFO] ProjectBuilder:2935 - Time for Copy CMSIS : 0mS.
2026-05-28 16:24:14,507 [INFO] ProjectBuilder:2935 - Time for Copy CMSIS : 0mS.
2026-05-28 16:24:14,704 [ERROR] ConfigurationRetriever:142 - IOException on connection: Connect timed out
2026-05-28 16:24:20,122 [ERROR] ConfigurationRetriever:142 - IOException on connection: Connect timed out
2026-05-28 16:24:31,771 [INFO] NvicIntPanel:101 - NVIC parent = com.st.microxplorer.plugins.ip.nvic.MultiNvicIntPanel[,0,0,0x0,invalid,layout=javax.swing.BoxLayout,alignmentX=0.0,alignmentY=0.0,border=,flags=9,maximumSize=,minimumSize=,preferredSize=]
2026-05-28 16:24:34,807 [WARN] IP:2114 - I2C_Coeff_DF not found: check if there is a RefParameter without a condition.
2026-05-28 16:24:34,807 [WARN] IP:2114 - Analog_Filter not found: check if there is a RefParameter without a condition.
2026-05-28 16:24:34,807 [WARN] IP:2114 - I2C_Coeff_DF not found: check if there is a RefParameter without a condition.
2026-05-28 16:24:34,807 [WARN] IP:2114 - Analog_Filter not found: check if there is a RefParameter without a condition.
2026-05-28 16:24:34,833 [INFO] NvicIntPanel:101 - NVIC parent = com.st.microxplorer.plugins.ip.nvic.MultiNvicIntPanel[,0,0,0x0,invalid,layout=javax.swing.BoxLayout,alignmentX=0.0,alignmentY=0.0,border=,flags=9,maximumSize=,minimumSize=,preferredSize=]
2026-05-28 16:24:43,805 [INFO] NvicIntPanel:101 - NVIC parent = com.st.microxplorer.plugins.ip.nvic.MultiNvicIntPanel[,0,0,0x0,invalid,layout=javax.swing.BoxLayout,alignmentX=0.0,alignmentY=0.0,border=,flags=9,maximumSize=,minimumSize=,preferredSize=]
2026-05-28 16:24:43,872 [INFO] NvicIntPanel:101 - NVIC parent = com.st.microxplorer.plugins.ip.nvic.MultiNvicIntPanel[,0,0,0x0,invalid,layout=javax.swing.BoxLayout,alignmentX=0.0,alignmentY=0.0,border=,flags=9,maximumSize=,minimumSize=,preferredSize=]
2026-05-28 16:24:46,227 [INFO] NvicIntPanel:101 - NVIC parent = com.st.microxplorer.plugins.ip.nvic.MultiNvicIntPanel[,0,0,0x0,invalid,layout=javax.swing.BoxLayout,alignmentX=0.0,alignmentY=0.0,border=,flags=9,maximumSize=,minimumSize=,preferredSize=]
2026-05-28 16:24:46,264 [INFO] NvicIntPanel:101 - NVIC parent = com.st.microxplorer.plugins.ip.nvic.MultiNvicIntPanel[,0,0,0x0,invalid,layout=javax.swing.BoxLayout,alignmentX=0.0,alignmentY=0.0,border=,flags=9,maximumSize=,minimumSize=,preferredSize=]
2026-05-28 16:24:47,090 [INFO] NvicIntPanel:101 - NVIC parent = com.st.microxplorer.plugins.ip.nvic.MultiNvicIntPanel[,0,0,0x0,invalid,layout=javax.swing.BoxLayout,alignmentX=0.0,alignmentY=0.0,border=,flags=9,maximumSize=,minimumSize=,preferredSize=]
2026-05-28 16:24:47,142 [INFO] NvicIntPanel:101 - NVIC parent = com.st.microxplorer.plugins.ip.nvic.MultiNvicIntPanel[,0,0,0x0,invalid,layout=javax.swing.BoxLayout,alignmentX=0.0,alignmentY=0.0,border=,flags=9,maximumSize=,minimumSize=,preferredSize=]
2026-05-28 16:24:49,924 [INFO] NvicIntPanel:101 - NVIC parent = com.st.microxplorer.plugins.ip.nvic.MultiNvicIntPanel[,0,0,0x0,invalid,layout=javax.swing.BoxLayout,alignmentX=0.0,alignmentY=0.0,border=,flags=9,maximumSize=,minimumSize=,preferredSize=]
2026-05-28 16:25:16,959 [WARN] IP:2114 - I2C_Coeff_DF not found: check if there is a RefParameter without a condition.
2026-05-28 16:25:16,959 [WARN] IP:2114 - Analog_Filter not found: check if there is a RefParameter without a condition.
2026-05-28 16:25:16,959 [WARN] IP:2114 - I2C_Coeff_DF not found: check if there is a RefParameter without a condition.
2026-05-28 16:25:16,959 [WARN] IP:2114 - Analog_Filter not found: check if there is a RefParameter without a condition.
2026-05-28 16:25:18,259 [INFO] Gpio:273 - dependency for GPIO [I2C1, SPI1, SYS, USART1]
2026-05-28 16:25:21,535 [INFO] NvicIntPanel:101 - NVIC parent = com.st.microxplorer.plugins.ip.nvic.MultiNvicIntPanel[,0,0,0x0,invalid,layout=javax.swing.BoxLayout,alignmentX=0.0,alignmentY=0.0,border=,flags=9,maximumSize=,minimumSize=,preferredSize=]
2026-05-28 16:25:24,539 [INFO] NvicIntPanel:101 - NVIC parent = com.st.microxplorer.plugins.ip.nvic.MultiNvicIntPanel[,0,0,0x0,invalid,layout=javax.swing.BoxLayout,alignmentX=0.0,alignmentY=0.0,border=,flags=9,maximumSize=,minimumSize=,preferredSize=]
2026-05-28 16:25:25,717 [INFO] NvicIntPanel:101 - NVIC parent = com.st.microxplorer.plugins.ip.nvic.MultiNvicIntPanel[,0,0,0x0,invalid,layout=javax.swing.BoxLayout,alignmentX=0.0,alignmentY=0.0,border=,flags=9,maximumSize=,minimumSize=,preferredSize=]
2026-05-28 16:25:26,467 [INFO] NvicIntPanel:101 - NVIC parent = com.st.microxplorer.plugins.ip.nvic.MultiNvicIntPanel[,0,0,0x0,invalid,layout=javax.swing.BoxLayout,alignmentX=0.0,alignmentY=0.0,border=,flags=9,maximumSize=,minimumSize=,preferredSize=]
2026-05-28 16:25:28,215 [INFO] NvicIntPanel:101 - NVIC parent = com.st.microxplorer.plugins.ip.nvic.MultiNvicIntPanel[,0,0,0x0,invalid,layout=javax.swing.BoxLayout,alignmentX=0.0,alignmentY=0.0,border=,flags=9,maximumSize=,minimumSize=,preferredSize=]
2026-05-28 16:26:27,253 [INFO] NvicIntPanel:101 - NVIC parent = com.st.microxplorer.plugins.ip.nvic.MultiNvicIntPanel[,0,0,0x0,invalid,layout=javax.swing.BoxLayout,alignmentX=0.0,alignmentY=0.0,border=,flags=9,maximumSize=,minimumSize=,preferredSize=]
2026-05-28 16:26:34,634 [INFO] NvicIntPanel:101 - NVIC parent = com.st.microxplorer.plugins.ip.nvic.MultiNvicIntPanel[,0,0,0x0,invalid,layout=javax.swing.BoxLayout,alignmentX=0.0,alignmentY=0.0,border=,flags=9,maximumSize=,minimumSize=,preferredSize=]
2026-05-28 16:27:51,722 [INFO] UtilMem:75 - End SaveConfig() Used Memory: 726267480 Bytes (1073741824)
2026-05-28 16:27:51,768 [INFO] UtilMem:75 - End SaveConfig() Used Memory: 737473336 Bytes (1073741824)
2026-05-28 16:27:52,341 [INFO] UtilMem:75 - End SaveConfig() Used Memory: 711528848 Bytes (1073741824)
2026-05-28 16:27:52,589 [INFO] BlockDiagram:2759 - set Specific Code input for plugin: RTC
2026-05-28 16:27:52,589 [INFO] BlockDiagram:2759 - set Specific Code input for plugin: SPI
2026-05-28 16:27:52,589 [INFO] BlockDiagram:2759 - set Specific Code input for plugin: NVIC
2026-05-28 16:27:52,589 [INFO] BlockDiagram:2759 - set Specific Code input for plugin: USART
2026-05-28 16:27:52,589 [INFO] BlockDiagram:2759 - set Specific Code input for plugin: SYS
2026-05-28 16:27:52,589 [INFO] BlockDiagram:2759 - set Specific Code input for plugin: GPIO
2026-05-28 16:27:52,590 [INFO] BlockDiagram:2759 - set Specific Code input for plugin: RCC
2026-05-28 16:27:52,590 [INFO] BlockDiagram:2759 - set Specific Code input for plugin: I2C
2026-05-28 16:27:52,591 [INFO] CodeGenerator:799 - code generatio: config db path: C:\ST\STM32CubeIDE_1.13.1\STM32CubeIDE\plugins\com.st.stm32cube.common.mx_6.9.1.202307191849\\db\
2026-05-28 16:27:52,592 [WARN] IP:2114 - I2C_Coeff_DF not found: check if there is a RefParameter without a condition.
2026-05-28 16:27:52,593 [WARN] IP:2114 - Analog_Filter not found: check if there is a RefParameter without a condition.
2026-05-28 16:27:52,882 [INFO] CodeEngine:255 - oldGeneratedFile, D:\smart_garden\Node\MXTmpFiles\license.tmp_save
2026-05-28 16:27:53,044 [INFO] CodeEngine:279 - Generated code: D:\smart_garden\Node\MXTmpFiles\license.tmp
2026-05-28 16:27:53,066 [INFO] CodeEngine:255 - oldGeneratedFile, D:\smart_garden\Node\MXTmpFiles\gpio.tmp_save
2026-05-28 16:27:53,171 [INFO] CodeEngine:279 - Generated code: D:\smart_garden\Node\MXTmpFiles\gpio.tmp
2026-05-28 16:27:53,376 [INFO] CodeEngine:255 - oldGeneratedFile, D:\smart_garden\Node\Core\Src\stm32f1xx_it.c_save
2026-05-28 16:27:53,654 [INFO] CodeEngine:279 - Generated code: D:\smart_garden\Node\Core\Src\stm32f1xx_it.c
2026-05-28 16:27:53,660 [INFO] CodeEngine:255 - oldGeneratedFile, D:\smart_garden\Node\Core\Inc\stm32f1xx_it.h_save
2026-05-28 16:27:53,750 [INFO] CodeEngine:279 - Generated code: D:\smart_garden\Node\Core\Inc\stm32f1xx_it.h
2026-05-28 16:27:53,757 [INFO] CodeEngine:255 - oldGeneratedFile, D:\smart_garden\Node\Core\Src\stm32f1xx_hal_msp.c_save
2026-05-28 16:27:53,927 [INFO] CodeEngine:279 - Generated code: D:\smart_garden\Node\Core\Src\stm32f1xx_hal_msp.c
2026-05-28 16:27:53,929 [INFO] CodeEngine:255 - oldGeneratedFile, D:\smart_garden\Node\MXTmpFiles\system.tmp_save
2026-05-28 16:27:54,009 [INFO] CodeEngine:279 - Generated code: D:\smart_garden\Node\MXTmpFiles\system.tmp
2026-05-28 16:27:54,015 [INFO] CodeEngine:311 - oldGeneratedFile, D:\smart_garden\Node\Core\Inc\stm32f1xx_hal_conf.h_save
2026-05-28 16:27:54,110 [INFO] CodeEngine:335 - Generated code: D:\smart_garden\Node\Core\Inc\stm32f1xx_hal_conf.h
2026-05-28 16:27:54,128 [INFO] CodeEngine:255 - oldGeneratedFile, D:\smart_garden\Node\Core\Inc\main.h_save
2026-05-28 16:27:54,221 [INFO] CodeEngine:279 - Generated code: D:\smart_garden\Node\Core\Inc\main.h
2026-05-28 16:27:54,226 [INFO] CodeEngine:255 - oldGeneratedFile, D:\smart_garden\Node\Core\Src\main.c_save
2026-05-28 16:27:54,373 [INFO] CodeEngine:279 - Generated code: D:\smart_garden\Node\Core\Src\main.c
2026-05-28 16:27:55,111 [INFO] ProjectBuilder:3064 - Time for Copy HAL[1] : 139mS.
2026-05-28 16:27:55,114 [INFO] ProjectBuilder:4404 - Project Generator version: 4.1.0
2026-05-28 16:27:55,509 [INFO] ConfigFileManager:1457 - The Die is : DIE410
2026-05-28 16:27:56,927 [ERROR] ConfigurationRetriever:142 - IOException on connection: Connect timed out
2026-05-28 16:27:57,391 [INFO] ProjectBuilder:4626 - Time for Generating toolchain IDE Files: 2276mS.
2026-05-28 16:27:57,392 [INFO] ProjectBuilder:2935 - Time for Copy CMSIS : 1mS.
2026-05-28 16:27:57,395 [INFO] ProjectBuilder:2935 - Time for Copy CMSIS : 0mS.
2026-05-28 16:28:01,929 [ERROR] ConfigurationRetriever:142 - IOException on connection: Connect timed out
2026-05-28 16:28:06,930 [ERROR] ConfigurationRetriever:142 - IOException on connection: Connect timed out
2026-05-28 16:28:58,962 [INFO] NvicIntPanel:101 - NVIC parent = com.st.microxplorer.plugins.ip.nvic.MultiNvicIntPanel[,0,0,0x0,invalid,layout=javax.swing.BoxLayout,alignmentX=0.0,alignmentY=0.0,border=,flags=9,maximumSize=,minimumSize=,preferredSize=]
2026-05-28 16:29:21,667 [INFO] UtilMem:75 - End SaveConfig() Used Memory: 753490056 Bytes (1073741824)
2026-05-28 16:29:21,715 [INFO] UtilMem:75 - End SaveConfig() Used Memory: 765362336 Bytes (1073741824)
2026-05-28 16:29:22,260 [INFO] UtilMem:75 - End SaveConfig() Used Memory: 813700848 Bytes (1073741824)
2026-05-28 16:29:22,455 [INFO] BlockDiagram:2759 - set Specific Code input for plugin: RTC
2026-05-28 16:29:22,455 [INFO] BlockDiagram:2759 - set Specific Code input for plugin: SPI
2026-05-28 16:29:22,455 [INFO] BlockDiagram:2759 - set Specific Code input for plugin: NVIC
2026-05-28 16:29:22,455 [INFO] BlockDiagram:2759 - set Specific Code input for plugin: USART
2026-05-28 16:29:22,455 [INFO] BlockDiagram:2759 - set Specific Code input for plugin: SYS
2026-05-28 16:29:22,456 [INFO] BlockDiagram:2759 - set Specific Code input for plugin: GPIO
2026-05-28 16:29:22,456 [INFO] BlockDiagram:2759 - set Specific Code input for plugin: RCC
2026-05-28 16:29:22,456 [INFO] BlockDiagram:2759 - set Specific Code input for plugin: I2C
2026-05-28 16:29:22,456 [INFO] CodeGenerator:799 - code generatio: config db path: C:\ST\STM32CubeIDE_1.13.1\STM32CubeIDE\plugins\com.st.stm32cube.common.mx_6.9.1.202307191849\\db\
2026-05-28 16:29:22,459 [WARN] IP:2114 - I2C_Coeff_DF not found: check if there is a RefParameter without a condition.
2026-05-28 16:29:22,459 [WARN] IP:2114 - Analog_Filter not found: check if there is a RefParameter without a condition.
2026-05-28 16:29:22,629 [INFO] CodeEngine:255 - oldGeneratedFile, D:\smart_garden\Node\MXTmpFiles\license.tmp_save
2026-05-28 16:29:22,736 [INFO] CodeEngine:279 - Generated code: D:\smart_garden\Node\MXTmpFiles\license.tmp
2026-05-28 16:29:22,753 [INFO] CodeEngine:255 - oldGeneratedFile, D:\smart_garden\Node\MXTmpFiles\gpio.tmp_save
2026-05-28 16:29:22,859 [INFO] CodeEngine:279 - Generated code: D:\smart_garden\Node\MXTmpFiles\gpio.tmp
2026-05-28 16:29:23,051 [INFO] CodeEngine:255 - oldGeneratedFile, D:\smart_garden\Node\Core\Src\stm32f1xx_it.c_save
2026-05-28 16:29:23,295 [INFO] CodeEngine:279 - Generated code: D:\smart_garden\Node\Core\Src\stm32f1xx_it.c
2026-05-28 16:29:23,299 [INFO] CodeEngine:255 - oldGeneratedFile, D:\smart_garden\Node\Core\Inc\stm32f1xx_it.h_save
2026-05-28 16:29:23,376 [INFO] CodeEngine:279 - Generated code: D:\smart_garden\Node\Core\Inc\stm32f1xx_it.h
2026-05-28 16:29:23,384 [INFO] CodeEngine:255 - oldGeneratedFile, D:\smart_garden\Node\Core\Src\stm32f1xx_hal_msp.c_save
2026-05-28 16:29:23,521 [INFO] CodeEngine:279 - Generated code: D:\smart_garden\Node\Core\Src\stm32f1xx_hal_msp.c
2026-05-28 16:29:23,526 [INFO] CodeEngine:255 - oldGeneratedFile, D:\smart_garden\Node\MXTmpFiles\system.tmp_save
2026-05-28 16:29:23,602 [INFO] CodeEngine:279 - Generated code: D:\smart_garden\Node\MXTmpFiles\system.tmp
2026-05-28 16:29:23,608 [INFO] CodeEngine:311 - oldGeneratedFile, D:\smart_garden\Node\Core\Inc\stm32f1xx_hal_conf.h_save
2026-05-28 16:29:23,682 [INFO] CodeEngine:335 - Generated code: D:\smart_garden\Node\Core\Inc\stm32f1xx_hal_conf.h
2026-05-28 16:29:23,699 [INFO] CodeEngine:255 - oldGeneratedFile, D:\smart_garden\Node\Core\Inc\main.h_save
2026-05-28 16:29:23,773 [INFO] CodeEngine:279 - Generated code: D:\smart_garden\Node\Core\Inc\main.h
2026-05-28 16:29:23,775 [INFO] CodeEngine:255 - oldGeneratedFile, D:\smart_garden\Node\Core\Src\main.c_save
2026-05-28 16:29:23,861 [INFO] CodeEngine:279 - Generated code: D:\smart_garden\Node\Core\Src\main.c
2026-05-28 16:29:24,418 [INFO] ProjectBuilder:3064 - Time for Copy HAL[1] : 111mS.
2026-05-28 16:29:24,420 [INFO] ProjectBuilder:4404 - Project Generator version: 4.1.0
2026-05-28 16:29:24,820 [INFO] ConfigFileManager:1457 - The Die is : DIE410
2026-05-28 16:29:26,450 [INFO] ProjectBuilder:4626 - Time for Generating toolchain IDE Files: 2029mS.
2026-05-28 16:29:26,451 [INFO] ProjectBuilder:2935 - Time for Copy CMSIS : 1mS.
2026-05-28 16:29:26,453 [INFO] ProjectBuilder:2935 - Time for Copy CMSIS : 0mS.
2026-05-28 16:29:26,842 [ERROR] ConfigurationRetriever:142 - IOException on connection: Connect timed out
2026-05-28 16:29:31,843 [ERROR] ConfigurationRetriever:142 - IOException on connection: Connect timed out
2026-05-28 16:29:54,027 [INFO] NvicIntPanel:101 - NVIC parent = com.st.microxplorer.plugins.ip.nvic.MultiNvicIntPanel[,0,0,450x169,layout=javax.swing.BoxLayout,alignmentX=0.0,alignmentY=0.0,border=,flags=9,maximumSize=,minimumSize=,preferredSize=]
2026-05-28 16:29:55,221 [INFO] NvicIntPanel:101 - NVIC parent = com.st.microxplorer.plugins.ip.nvic.MultiNvicIntPanel[,0,0,0x0,invalid,layout=javax.swing.BoxLayout,alignmentX=0.0,alignmentY=0.0,border=,flags=9,maximumSize=,minimumSize=,preferredSize=]
2026-05-28 16:30:01,933 [INFO] UtilMem:75 - End SaveConfig() Used Memory: 825307912 Bytes (1073741824)
2026-05-28 16:30:01,982 [INFO] UtilMem:75 - End SaveConfig() Used Memory: 836942576 Bytes (1073741824)
2026-05-28 16:30:02,435 [INFO] UtilMem:75 - End SaveConfig() Used Memory: 858616024 Bytes (1073741824)
2026-05-28 16:30:02,676 [INFO] BlockDiagram:2759 - set Specific Code input for plugin: RTC
2026-05-28 16:30:02,676 [INFO] BlockDiagram:2759 - set Specific Code input for plugin: SPI
2026-05-28 16:30:02,676 [INFO] BlockDiagram:2759 - set Specific Code input for plugin: NVIC
2026-05-28 16:30:02,676 [INFO] BlockDiagram:2759 - set Specific Code input for plugin: USART
2026-05-28 16:30:02,676 [INFO] BlockDiagram:2759 - set Specific Code input for plugin: SYS
2026-05-28 16:30:02,676 [INFO] BlockDiagram:2759 - set Specific Code input for plugin: GPIO
2026-05-28 16:30:02,676 [INFO] BlockDiagram:2759 - set Specific Code input for plugin: RCC
2026-05-28 16:30:02,676 [INFO] BlockDiagram:2759 - set Specific Code input for plugin: I2C
2026-05-28 16:30:02,677 [INFO] CodeGenerator:799 - code generatio: config db path: C:\ST\STM32CubeIDE_1.13.1\STM32CubeIDE\plugins\com.st.stm32cube.common.mx_6.9.1.202307191849\\db\
2026-05-28 16:30:02,678 [WARN] IP:2114 - I2C_Coeff_DF not found: check if there is a RefParameter without a condition.
2026-05-28 16:30:02,678 [WARN] IP:2114 - Analog_Filter not found: check if there is a RefParameter without a condition.
2026-05-28 16:30:02,899 [INFO] CodeEngine:255 - oldGeneratedFile, D:\smart_garden\Node\MXTmpFiles\license.tmp_save
2026-05-28 16:30:03,050 [INFO] CodeEngine:279 - Generated code: D:\smart_garden\Node\MXTmpFiles\license.tmp
2026-05-28 16:30:03,072 [INFO] CodeEngine:255 - oldGeneratedFile, D:\smart_garden\Node\MXTmpFiles\gpio.tmp_save
2026-05-28 16:30:03,175 [INFO] CodeEngine:279 - Generated code: D:\smart_garden\Node\MXTmpFiles\gpio.tmp
2026-05-28 16:30:03,349 [INFO] CodeEngine:255 - oldGeneratedFile, D:\smart_garden\Node\Core\Src\stm32f1xx_it.c_save
2026-05-28 16:30:03,591 [INFO] CodeEngine:279 - Generated code: D:\smart_garden\Node\Core\Src\stm32f1xx_it.c
2026-05-28 16:30:03,595 [INFO] CodeEngine:255 - oldGeneratedFile, D:\smart_garden\Node\Core\Inc\stm32f1xx_it.h_save
2026-05-28 16:30:03,661 [INFO] CodeEngine:279 - Generated code: D:\smart_garden\Node\Core\Inc\stm32f1xx_it.h
2026-05-28 16:30:03,671 [INFO] CodeEngine:255 - oldGeneratedFile, D:\smart_garden\Node\Core\Src\stm32f1xx_hal_msp.c_save
2026-05-28 16:30:03,797 [INFO] CodeEngine:279 - Generated code: D:\smart_garden\Node\Core\Src\stm32f1xx_hal_msp.c
2026-05-28 16:30:03,799 [INFO] CodeEngine:255 - oldGeneratedFile, D:\smart_garden\Node\MXTmpFiles\system.tmp_save
2026-05-28 16:30:03,858 [INFO] CodeEngine:279 - Generated code: D:\smart_garden\Node\MXTmpFiles\system.tmp
2026-05-28 16:30:03,863 [INFO] CodeEngine:311 - oldGeneratedFile, D:\smart_garden\Node\Core\Inc\stm32f1xx_hal_conf.h_save
2026-05-28 16:30:03,949 [INFO] CodeEngine:335 - Generated code: D:\smart_garden\Node\Core\Inc\stm32f1xx_hal_conf.h
2026-05-28 16:30:03,977 [INFO] CodeEngine:255 - oldGeneratedFile, D:\smart_garden\Node\Core\Inc\main.h_save
2026-05-28 16:30:04,056 [INFO] CodeEngine:279 - Generated code: D:\smart_garden\Node\Core\Inc\main.h
2026-05-28 16:30:04,059 [INFO] CodeEngine:255 - oldGeneratedFile, D:\smart_garden\Node\Core\Src\main.c_save
2026-05-28 16:30:04,159 [INFO] CodeEngine:279 - Generated code: D:\smart_garden\Node\Core\Src\main.c
2026-05-28 16:30:04,747 [INFO] ProjectBuilder:3064 - Time for Copy HAL[1] : 117mS.
2026-05-28 16:30:04,750 [INFO] ProjectBuilder:4404 - Project Generator version: 4.1.0
2026-05-28 16:30:05,067 [INFO] ConfigFileManager:1457 - The Die is : DIE410
2026-05-28 16:30:06,633 [INFO] ProjectBuilder:4626 - Time for Generating toolchain IDE Files: 1883mS.
2026-05-28 16:30:06,634 [INFO] ProjectBuilder:2935 - Time for Copy CMSIS : 0mS.
2026-05-28 16:30:06,637 [INFO] ProjectBuilder:2935 - Time for Copy CMSIS : 0mS.
2026-05-28 16:30:07,987 [ERROR] ConfigurationRetriever:142 - IOException on connection: Connect timed out
2026-05-28 16:30:47,396 [INFO] NvicIntPanel:101 - NVIC parent = com.st.microxplorer.plugins.ip.nvic.MultiNvicIntPanel[,0,0,0x0,invalid,layout=javax.swing.BoxLayout,alignmentX=0.0,alignmentY=0.0,border=,flags=9,maximumSize=,minimumSize=,preferredSize=]
2026-05-28 16:30:51,200 [INFO] NvicIntPanel:101 - NVIC parent = com.st.microxplorer.plugins.ip.nvic.MultiNvicIntPanel[,0,0,0x0,invalid,layout=javax.swing.BoxLayout,alignmentX=0.0,alignmentY=0.0,border=,flags=9,maximumSize=,minimumSize=,preferredSize=]
2026-05-28 16:30:51,254 [INFO] NvicIntPanel:101 - NVIC parent = com.st.microxplorer.plugins.ip.nvic.MultiNvicIntPanel[,0,0,0x0,invalid,layout=javax.swing.BoxLayout,alignmentX=0.0,alignmentY=0.0,border=,flags=9,maximumSize=,minimumSize=,preferredSize=]
2026-05-28 16:30:53,096 [INFO] NvicIntPanel:101 - NVIC parent = com.st.microxplorer.plugins.ip.nvic.MultiNvicIntPanel[,0,0,0x0,invalid,layout=javax.swing.BoxLayout,alignmentX=0.0,alignmentY=0.0,border=,flags=9,maximumSize=,minimumSize=,preferredSize=]
2026-05-28 16:30:53,682 [INFO] NvicIntPanel:101 - NVIC parent = com.st.microxplorer.plugins.ip.nvic.MultiNvicIntPanel[,0,0,0x0,invalid,layout=javax.swing.BoxLayout,alignmentX=0.0,alignmentY=0.0,border=,flags=9,maximumSize=,minimumSize=,preferredSize=]
2026-05-28 16:30:54,259 [INFO] NvicIntPanel:101 - NVIC parent = com.st.microxplorer.plugins.ip.nvic.MultiNvicIntPanel[,0,0,0x0,invalid,layout=javax.swing.BoxLayout,alignmentX=0.0,alignmentY=0.0,border=,flags=9,maximumSize=,minimumSize=,preferredSize=]
2026-05-28 16:30:54,648 [INFO] NvicIntPanel:101 - NVIC parent = com.st.microxplorer.plugins.ip.nvic.MultiNvicIntPanel[,0,0,0x0,invalid,layout=javax.swing.BoxLayout,alignmentX=0.0,alignmentY=0.0,border=,flags=9,maximumSize=,minimumSize=,preferredSize=]
2026-05-28 16:30:58,621 [INFO] NvicIntPanel:101 - NVIC parent = com.st.microxplorer.plugins.ip.nvic.MultiNvicIntPanel[,0,0,0x0,invalid,layout=javax.swing.BoxLayout,alignmentX=0.0,alignmentY=0.0,border=,flags=9,maximumSize=,minimumSize=,preferredSize=]
2026-05-28 16:30:58,648 [INFO] NvicIntPanel:101 - NVIC parent = com.st.microxplorer.plugins.ip.nvic.MultiNvicIntPanel[,0,0,0x0,invalid,layout=javax.swing.BoxLayout,alignmentX=0.0,alignmentY=0.0,border=,flags=9,maximumSize=,minimumSize=,preferredSize=]
2026-05-28 16:30:59,154 [INFO] NvicIntPanel:101 - NVIC parent = com.st.microxplorer.plugins.ip.nvic.MultiNvicIntPanel[,0,0,0x0,invalid,layout=javax.swing.BoxLayout,alignmentX=0.0,alignmentY=0.0,border=,flags=9,maximumSize=,minimumSize=,preferredSize=]
2026-05-28 16:30:59,193 [INFO] NvicIntPanel:101 - NVIC parent = com.st.microxplorer.plugins.ip.nvic.MultiNvicIntPanel[,0,0,0x0,invalid,layout=javax.swing.BoxLayout,alignmentX=0.0,alignmentY=0.0,border=,flags=9,maximumSize=,minimumSize=,preferredSize=]
2026-05-28 16:31:21,411 [INFO] UtilMem:75 - End SaveConfig() Used Memory: 736368336 Bytes (1073741824)
2026-05-28 16:31:21,463 [INFO] UtilMem:75 - End SaveConfig() Used Memory: 747729816 Bytes (1073741824)
2026-05-28 16:31:21,933 [INFO] UtilMem:75 - End SaveConfig() Used Memory: 772019920 Bytes (1073741824)
2026-05-28 16:31:22,067 [INFO] BlockDiagram:2759 - set Specific Code input for plugin: RTC
2026-05-28 16:31:22,067 [INFO] BlockDiagram:2759 - set Specific Code input for plugin: SPI
2026-05-28 16:31:22,067 [INFO] BlockDiagram:2759 - set Specific Code input for plugin: NVIC
2026-05-28 16:31:22,067 [INFO] BlockDiagram:2759 - set Specific Code input for plugin: USART
2026-05-28 16:31:22,067 [INFO] BlockDiagram:2759 - set Specific Code input for plugin: SYS
2026-05-28 16:31:22,068 [INFO] BlockDiagram:2759 - set Specific Code input for plugin: GPIO
2026-05-28 16:31:22,068 [INFO] BlockDiagram:2759 - set Specific Code input for plugin: RCC
2026-05-28 16:31:22,068 [INFO] BlockDiagram:2759 - set Specific Code input for plugin: I2C
2026-05-28 16:31:22,068 [INFO] CodeGenerator:799 - code generatio: config db path: C:\ST\STM32CubeIDE_1.13.1\STM32CubeIDE\plugins\com.st.stm32cube.common.mx_6.9.1.202307191849\\db\
2026-05-28 16:31:22,069 [WARN] IP:2114 - I2C_Coeff_DF not found: check if there is a RefParameter without a condition.
2026-05-28 16:31:22,069 [WARN] IP:2114 - Analog_Filter not found: check if there is a RefParameter without a condition.
2026-05-28 16:31:22,175 [INFO] CodeEngine:255 - oldGeneratedFile, D:\smart_garden\Node\MXTmpFiles\license.tmp_save
2026-05-28 16:31:22,247 [INFO] CodeEngine:279 - Generated code: D:\smart_garden\Node\MXTmpFiles\license.tmp
2026-05-28 16:31:22,299 [INFO] CodeEngine:255 - oldGeneratedFile, D:\smart_garden\Node\MXTmpFiles\gpio.tmp_save
2026-05-28 16:31:22,379 [INFO] CodeEngine:279 - Generated code: D:\smart_garden\Node\MXTmpFiles\gpio.tmp
2026-05-28 16:31:22,521 [INFO] CodeEngine:255 - oldGeneratedFile, D:\smart_garden\Node\Core\Src\stm32f1xx_it.c_save
2026-05-28 16:31:22,737 [INFO] CodeEngine:279 - Generated code: D:\smart_garden\Node\Core\Src\stm32f1xx_it.c
2026-05-28 16:31:22,741 [INFO] CodeEngine:255 - oldGeneratedFile, D:\smart_garden\Node\Core\Inc\stm32f1xx_it.h_save
2026-05-28 16:31:22,861 [INFO] CodeEngine:279 - Generated code: D:\smart_garden\Node\Core\Inc\stm32f1xx_it.h
2026-05-28 16:31:22,872 [INFO] CodeEngine:255 - oldGeneratedFile, D:\smart_garden\Node\Core\Src\stm32f1xx_hal_msp.c_save
2026-05-28 16:31:23,018 [INFO] CodeEngine:279 - Generated code: D:\smart_garden\Node\Core\Src\stm32f1xx_hal_msp.c
2026-05-28 16:31:23,022 [INFO] CodeEngine:255 - oldGeneratedFile, D:\smart_garden\Node\MXTmpFiles\system.tmp_save
2026-05-28 16:31:23,120 [INFO] CodeEngine:279 - Generated code: D:\smart_garden\Node\MXTmpFiles\system.tmp
2026-05-28 16:31:23,127 [INFO] CodeEngine:311 - oldGeneratedFile, D:\smart_garden\Node\Core\Inc\stm32f1xx_hal_conf.h_save
2026-05-28 16:31:23,226 [INFO] CodeEngine:335 - Generated code: D:\smart_garden\Node\Core\Inc\stm32f1xx_hal_conf.h
2026-05-28 16:31:23,245 [INFO] CodeEngine:255 - oldGeneratedFile, D:\smart_garden\Node\Core\Inc\main.h_save
2026-05-28 16:31:23,373 [INFO] CodeEngine:279 - Generated code: D:\smart_garden\Node\Core\Inc\main.h
2026-05-28 16:31:23,377 [INFO] CodeEngine:255 - oldGeneratedFile, D:\smart_garden\Node\Core\Src\main.c_save
2026-05-28 16:31:23,536 [INFO] CodeEngine:279 - Generated code: D:\smart_garden\Node\Core\Src\main.c
2026-05-28 16:31:23,986 [INFO] ProjectBuilder:3064 - Time for Copy HAL[1] : 95mS.
2026-05-28 16:31:23,988 [INFO] ProjectBuilder:4404 - Project Generator version: 4.1.0
2026-05-28 16:31:24,328 [INFO] ConfigFileManager:1457 - The Die is : DIE410
2026-05-28 16:31:26,263 [INFO] ProjectBuilder:4626 - Time for Generating toolchain IDE Files: 2275mS.
2026-05-28 16:31:26,264 [INFO] ProjectBuilder:2935 - Time for Copy CMSIS : 0mS.
2026-05-28 16:31:26,266 [INFO] ProjectBuilder:2935 - Time for Copy CMSIS : 0mS.
2026-05-28 16:31:26,450 [ERROR] ConfigurationRetriever:142 - IOException on connection: Connect timed out
2026-05-28 16:31:42,377 [INFO] MainUpdater:2868 - connection check result : 10
2026-05-28 16:31:42,377 [INFO] MainUpdater:2868 - connection check result : 10
2026-05-28 16:31:42,434 [INFO] MicroXplorer:468 - Change Database Path : 
2026-05-28 16:31:42,434 [INFO] MicroXplorer:498 - Change Database Version : DB.6.0.91
2026-05-28 16:31:42,447 [WARN] ThirdParty:871 - waiting for thirdparty lock release [close project]
2026-05-28 16:31:42,448 [INFO] ThirdParty:873 - entering critical section [close project]
2026-05-28 16:31:42,448 [INFO] ThirdParty:883 - exiting critical section [close project]
2026-05-28 16:31:42,449 [INFO] PinOutPanel:1499 - setPackage(No Configuration,No Configuration)
2026-05-28 16:31:42,451 [INFO] UtilMem:75 - Begin LoadConfig() Used Memory: 798886888 Bytes (1073741824)
2026-05-28 16:31:42,452 [INFO] MicroXplorer:468 - Change Database Path : 
2026-05-28 16:31:42,452 [INFO] MicroXplorer:498 - Change Database Version : DB.6.0.91
2026-05-28 16:31:42,452 [INFO] OpenFileManager:308 - Change cursor
2026-05-28 16:31:42,465 [INFO] RulesReader:64 - Compatibility file has been processed (293 Rules)
2026-05-28 16:31:42,467 [INFO] Mcu:1946 - Initializing MCU STM32F103C(8-B)Tx STM32F103C8Tx STM32F103C8T6
2026-05-28 16:31:42,919 [INFO] Context:659 - Trying to add GPIOservice into a context  which must be forbidden
2026-05-28 16:31:43,077 [WARN] ModelIntegratedComponent:63 - No mode defined for component null
2026-05-28 16:31:43,077 [WARN] ModelIntegratedComponent:63 - No mode defined for component null
2026-05-28 16:31:43,077 [WARN] ModelIntegratedComponent:63 - No mode defined for component null
2026-05-28 16:31:43,077 [WARN] ModelIntegratedComponent:63 - No mode defined for component null
2026-05-28 16:31:43,077 [WARN] ModelIntegratedComponent:63 - No mode defined for component null
2026-05-28 16:31:43,077 [WARN] ModelIntegratedComponent:63 - No mode defined for component null
2026-05-28 16:31:43,077 [WARN] ModelIntegratedComponent:63 - No mode defined for component null
2026-05-28 16:31:43,077 [WARN] ModelIntegratedComponent:63 - No mode defined for component null
2026-05-28 16:31:43,077 [WARN] ModelIntegratedComponent:63 - No mode defined for component null
2026-05-28 16:31:43,078 [WARN] ModelIntegratedComponent:63 - No mode defined for component null
2026-05-28 16:31:43,078 [WARN] ModelIntegratedComponent:63 - No mode defined for component null
2026-05-28 16:31:43,078 [WARN] ModelIntegratedComponent:63 - No mode defined for component null
2026-05-28 16:31:43,078 [WARN] ModelIntegratedComponent:63 - No mode defined for component null
2026-05-28 16:31:43,078 [WARN] ModelIntegratedComponent:63 - No mode defined for component null
2026-05-28 16:31:43,078 [WARN] ModelIntegratedComponent:63 - No mode defined for component null
2026-05-28 16:31:43,078 [WARN] ModelIntegratedComponent:63 - No mode defined for component null
2026-05-28 16:31:43,078 [WARN] ModelIntegratedComponent:63 - No mode defined for component null
2026-05-28 16:31:43,078 [WARN] ModelIntegratedComponent:63 - No mode defined for component null
2026-05-28 16:31:43,078 [WARN] ModelIntegratedComponent:63 - No mode defined for component null
2026-05-28 16:31:43,078 [WARN] ModelIntegratedComponent:63 - No mode defined for component null
2026-05-28 16:31:43,078 [WARN] ModelIntegratedComponent:63 - No mode defined for component null
2026-05-28 16:31:43,078 [WARN] ModelIntegratedComponent:63 - No mode defined for component null
2026-05-28 16:31:43,078 [WARN] ModelIntegratedComponent:63 - No mode defined for component null
2026-05-28 16:31:43,078 [WARN] ModelIntegratedComponent:63 - No mode defined for component null
2026-05-28 16:31:43,078 [WARN] ModelIntegratedComponent:63 - No mode defined for component null
2026-05-28 16:31:43,078 [WARN] ModelIntegratedComponent:63 - No mode defined for component null
2026-05-28 16:31:43,078 [WARN] ModelIntegratedComponent:63 - No mode defined for component null
2026-05-28 16:31:43,078 [WARN] ModelIntegratedComponent:63 - No mode defined for component null
2026-05-28 16:31:43,078 [WARN] ModelIntegratedComponent:63 - No mode defined for component null
2026-05-28 16:31:43,078 [WARN] ModelIntegratedComponent:63 - No mode defined for component null
2026-05-28 16:31:43,078 [WARN] ModelIntegratedComponent:63 - No mode defined for component null
2026-05-28 16:31:43,078 [WARN] ModelIntegratedComponent:63 - No mode defined for component null
2026-05-28 16:31:43,078 [WARN] ModelIntegratedComponent:63 - No mode defined for component null
2026-05-28 16:31:43,081 [INFO] RtosManager:555 - Registered RTOS mode: class=CMSIS, group=RTOS, mode=CMSIS_V1, owner=FREERTOS
2026-05-28 16:31:43,081 [INFO] RtosManager:555 - Registered RTOS mode: class=CMSIS, group=RTOS2, mode=CMSIS_V2, owner=FREERTOS
2026-05-28 16:31:43,081 [INFO] RtosManager:555 - Registered RTOS mode: class=RTOS, group=Core, mode=CMSIS_V1, owner=FREERTOS
2026-05-28 16:31:43,081 [INFO] RtosManager:555 - Registered RTOS mode: class=RTOS, group=Core, mode=CMSIS_V2, owner=FREERTOS
2026-05-28 16:31:43,081 [WARN] ModelIntegratedComponent:184 - Missing modes for component STMicroelectronics:FreeRTOS:0.0.1:STMicroelectronics:RTOS:FreeRTOS:Core:::10.2.0:
2026-05-28 16:31:43,089 [INFO] ThirdPartyModel:298 - Start build external matchings
2026-05-28 16:31:43,113 [INFO] ThirdPartyModel:316 - End build external matchings
2026-05-28 16:31:43,115 [INFO] ImportTextPane:194 - (OptionalMessage_ERROR) IP (RCC) : Parameter (ADCFreqValue) has invalid value (36000000)
2026-05-28 16:31:43,116 [INFO] ImportTextPane:194 - (OptionalMessage_ERROR) IP (RCC) : Invalid parameter (FamilyName)
2026-05-28 16:31:43,116 [INFO] ImportTextPane:194 - (OptionalMessage_ERROR) IP (RCC) : Parameter (MCOFreq_Value) has invalid value (72000000)
2026-05-28 16:31:43,116 [INFO] ImportTextPane:194 - (OptionalMessage_ERROR) IP (RCC) : Parameter (USBFreq_Value) has invalid value (72000000)
2026-05-28 16:31:43,313 [INFO] UtilMem:75 - End LoadConfig() Used Memory: 795542328 Bytes (1073741824)
2026-05-28 16:31:43,366 [WARN] ThirdParty:833 - waiting for thirdparty lock release [change project]
2026-05-28 16:31:43,366 [INFO] ThirdParty:835 - entering critical section [change project]
2026-05-28 16:31:43,366 [INFO] ThirdParty:1030 - CMSIS Pack Vendor :STMicroelectronics USBPD 4.1
2026-05-28 16:31:43,366 [INFO] ThirdParty:1030 - CMSIS Pack Vendor :STMicroelectronics X-CUBE-DISPLAY 3.0.0
2026-05-28 16:31:43,366 [INFO] ThirdParty:1030 - CMSIS Pack Vendor :STMicroelectronics USB_HOST 2.0.0
2026-05-28 16:31:43,366 [INFO] ThirdParty:1030 - CMSIS Pack Vendor :STMicroelectronics X-CUBE-AZRTOS-F4 1.1.0
2026-05-28 16:31:43,366 [INFO] ThirdParty:1030 - CMSIS Pack Vendor :STMicroelectronics LIBJPEG 8.0.0
2026-05-28 16:31:43,366 [INFO] ThirdParty:1030 - CMSIS Pack Vendor :STMicroelectronics FP-ATR-SIGFOX1 3.2.0
2026-05-28 16:31:43,366 [INFO] ThirdParty:1030 - CMSIS Pack Vendor :STMicroelectronics X-CUBE-SMBUS 2.1.0
2026-05-28 16:31:43,366 [INFO] ThirdParty:1030 - CMSIS Pack Vendor :STMicroelectronics USB_DEVICE 3.0.0
2026-05-28 16:31:43,366 [INFO] ThirdParty:1030 - CMSIS Pack Vendor :STMicroelectronics HAL Drivers 0.0.0
2026-05-28 16:31:43,366 [INFO] ThirdParty:1030 - CMSIS Pack Vendor :STMicroelectronics MBEDTLS 2.16.2
2026-05-28 16:31:43,366 [INFO] ThirdParty:1030 - CMSIS Pack Vendor :STMicroelectronics MBEDTLS 2.14.1
2026-05-28 16:31:43,366 [INFO] ThirdParty:1030 - CMSIS Pack Vendor :STMicroelectronics X-CUBE-AZRTOS-F7 1.1.0
2026-05-28 16:31:43,366 [INFO] ThirdParty:1030 - CMSIS Pack Vendor :STMicroelectronics USB_DEVICE 2.0.0
2026-05-28 16:31:43,366 [INFO] ThirdParty:1030 - CMSIS Pack Vendor :STMicroelectronics ThreadX 1.0.0
2026-05-28 16:31:43,366 [INFO] ThirdParty:1030 - CMSIS Pack Vendor :STMicroelectronics X-CUBE-AZRTOS-WL 2.0.0
2026-05-28 16:31:43,366 [INFO] ThirdParty:1030 - CMSIS Pack Vendor :STMicroelectronics FreeRTOS 0.0.1
2026-05-28 16:31:43,366 [INFO] ThirdParty:1030 - CMSIS Pack Vendor :STMicroelectronics X-CUBE-AZRTOS-G0 1.1.0
2026-05-28 16:31:43,366 [INFO] ThirdParty:1030 - CMSIS Pack Vendor :STMicroelectronics USB_DEVICE 1.0.0
2026-05-28 16:31:43,366 [INFO] ThirdParty:1030 - CMSIS Pack Vendor :STMicroelectronics X-CUBE-SUBG2 5.0.0
2026-05-28 16:31:43,366 [INFO] ThirdParty:1030 - CMSIS Pack Vendor :STMicroelectronics X-CUBE-NFC4 3.0.0
2026-05-28 16:31:43,366 [INFO] ThirdParty:1030 - CMSIS Pack Vendor :STMicroelectronics STM32_WPAN 1.0.0
2026-05-28 16:31:43,366 [INFO] ThirdParty:1030 - CMSIS Pack Vendor :STMicroelectronics X-CUBE-AZRTOS-L4 2.0.0
2026-05-28 16:31:43,366 [INFO] ThirdParty:1030 - CMSIS Pack Vendor :STMicroelectronics ThreadX 0.0.2
2026-05-28 16:31:43,367 [INFO] ThirdParty:1030 - CMSIS Pack Vendor :STMicroelectronics lwIP 2.0.3
2026-05-28 16:31:43,367 [INFO] ThirdParty:1030 - CMSIS Pack Vendor :STMicroelectronics lwIP 2.1.2
2026-05-28 16:31:43,367 [INFO] ThirdParty:1030 - CMSIS Pack Vendor :STMicroelectronics X-CUBE-SFXS2LP1 4.0.0
2026-05-28 16:31:43,367 [INFO] ThirdParty:1030 - CMSIS Pack Vendor :STMicroelectronics X-CUBE-BLE2 3.3.0
2026-05-28 16:31:43,367 [INFO] ThirdParty:1030 - CMSIS Pack Vendor :STMicroelectronics USB_HOST 1.0.0
2026-05-28 16:31:43,367 [INFO] ThirdParty:1030 - CMSIS Pack Vendor :STMicroelectronics X-CUBE-AZRTOS-G4 2.0.0
2026-05-28 16:31:43,367 [INFO] ThirdParty:1030 - CMSIS Pack Vendor :STMicroelectronics PDM2PCM 3.1.0
2026-05-28 16:31:43,367 [INFO] ThirdParty:1030 - CMSIS Pack Vendor :STMicroelectronics PDM2PCM 3.2.0
2026-05-28 16:31:43,367 [INFO] ThirdParty:1030 - CMSIS Pack Vendor :STMicroelectronics PDM2PCM 3.3.0
2026-05-28 16:31:43,367 [INFO] ThirdParty:841 - exiting critical section [change project]
2026-05-28 16:31:43,462 [INFO] PinOutPanel:1499 - setPackage(No Configuration,No Configuration)
2026-05-28 16:31:43,463 [INFO] PinOutPanel:1499 - setPackage(STM32F103C8Tx,LQFP48)
2026-05-28 16:31:43,649 [INFO] UtilMem:75 - Before build in PCC Used Memory: 775574288 Bytes (1073741824)
2026-05-28 16:31:43,778 [INFO] UtilMem:75 - After build in PCC Used Memory: 767651000 Bytes (1073741824)
2026-05-28 16:31:43,792 [INFO] IPUIPlugin:80 - create IPUIPlugin
2026-05-28 16:31:43,792 [INFO] IPUIPlugin:80 - create IPUIPlugin
2026-05-28 16:31:43,792 [INFO] IPUIPlugin:80 - create IPUIPlugin
2026-05-28 16:31:43,792 [INFO] IPUIPlugin:80 - create IPUIPlugin
2026-05-28 16:31:43,792 [INFO] IPUIPlugin:80 - create IPUIPlugin
2026-05-28 16:31:43,792 [INFO] IPUIPlugin:80 - create IPUIPlugin
2026-05-28 16:31:43,792 [INFO] IPUIPlugin:80 - create IPUIPlugin
2026-05-28 16:31:43,793 [INFO] IPUIPlugin:80 - create IPUIPlugin
2026-05-28 16:31:43,793 [INFO] IPUIPlugin:80 - create IPUIPlugin
2026-05-28 16:31:43,793 [INFO] IPUIPlugin:80 - create IPUIPlugin
2026-05-28 16:31:43,793 [INFO] IPUIPlugin:80 - create IPUIPlugin
2026-05-28 16:31:43,793 [INFO] IPUIPlugin:80 - create IPUIPlugin
2026-05-28 16:31:43,793 [INFO] IPUIPlugin:80 - create IPUIPlugin
2026-05-28 16:31:43,793 [INFO] IPUIPlugin:80 - create IPUIPlugin
2026-05-28 16:31:43,794 [INFO] IPUIPlugin:80 - create IPUIPlugin
2026-05-28 16:31:43,794 [INFO] IPUIPlugin:80 - create IPUIPlugin
2026-05-28 16:31:43,794 [INFO] IPUIPlugin:80 - create IPUIPlugin
2026-05-28 16:31:43,794 [INFO] IPUIPlugin:80 - create IPUIPlugin
2026-05-28 16:31:43,794 [INFO] IPUIPlugin:80 - create IPUIPlugin
2026-05-28 16:31:43,794 [INFO] IPUIPlugin:80 - create IPUIPlugin
2026-05-28 16:31:43,794 [INFO] IPUIPlugin:80 - create IPUIPlugin
2026-05-28 16:31:43,794 [INFO] IPUIPlugin:80 - create IPUIPlugin
2026-05-28 16:31:43,795 [INFO] IPUIPlugin:80 - create IPUIPlugin
2026-05-28 16:31:43,795 [INFO] IPUIPlugin:80 - create IPUIPlugin
2026-05-28 16:31:43,795 [INFO] IPUIPlugin:80 - create IPUIPlugin
2026-05-28 16:31:43,795 [INFO] IPUIPlugin:80 - create IPUIPlugin
2026-05-28 16:31:43,795 [INFO] IPUIPlugin:80 - create IPUIPlugin
2026-05-28 16:31:43,825 [INFO] CADModel:165 - CPN selected for project levelSTM32F103C8T6
2026-05-28 16:31:43,825 [INFO] CADModel:114 - Register for checkConnection events
2026-05-28 16:31:43,876 [INFO] OpenFileManager:328 - Restore cursor
2026-05-28 16:32:04,362 [INFO] NvicIntPanel:101 - NVIC parent = com.st.microxplorer.plugins.ip.nvic.MultiNvicIntPanel[,0,0,450x262,layout=javax.swing.BoxLayout,alignmentX=0.0,alignmentY=0.0,border=,flags=9,maximumSize=,minimumSize=,preferredSize=]
2026-05-28 16:34:06,782 [INFO] MainUpdater:2868 - connection check result : 10
2026-05-28 16:34:06,782 [INFO] MainUpdater:2868 - connection check result : 10
2026-05-28 16:34:06,862 [INFO] MicroXplorer:468 - Change Database Path : 
2026-05-28 16:34:06,863 [INFO] MicroXplorer:498 - Change Database Version : DB.6.0.91
2026-05-28 16:34:06,878 [WARN] ThirdParty:871 - waiting for thirdparty lock release [close project]
2026-05-28 16:34:06,878 [INFO] ThirdParty:873 - entering critical section [close project]
2026-05-28 16:34:06,878 [INFO] ThirdParty:883 - exiting critical section [close project]
2026-05-28 16:34:06,879 [INFO] PinOutPanel:1499 - setPackage(No Configuration,No Configuration)
2026-05-28 16:34:06,881 [INFO] UtilMem:75 - Begin LoadConfig() Used Memory: 849510936 Bytes (1073741824)
2026-05-28 16:34:06,882 [INFO] MicroXplorer:468 - Change Database Path : 
2026-05-28 16:34:06,882 [INFO] MicroXplorer:498 - Change Database Version : DB.6.0.91
2026-05-28 16:34:06,882 [INFO] OpenFileManager:308 - Change cursor
2026-05-28 16:34:06,887 [INFO] Mcu:1946 - Initializing MCU STM32F103C(8-B)Tx STM32F103C8Tx STM32F103C8T6
2026-05-28 16:34:07,335 [INFO] Context:659 - Trying to add GPIOservice into a context  which must be forbidden
2026-05-28 16:34:07,438 [WARN] ModelIntegratedComponent:63 - No mode defined for component null
2026-05-28 16:34:07,438 [WARN] ModelIntegratedComponent:63 - No mode defined for component null
2026-05-28 16:34:07,438 [WARN] ModelIntegratedComponent:63 - No mode defined for component null
2026-05-28 16:34:07,439 [WARN] ModelIntegratedComponent:63 - No mode defined for component null
2026-05-28 16:34:07,439 [WARN] ModelIntegratedComponent:63 - No mode defined for component null
2026-05-28 16:34:07,439 [WARN] ModelIntegratedComponent:63 - No mode defined for component null
2026-05-28 16:34:07,439 [WARN] ModelIntegratedComponent:63 - No mode defined for component null
2026-05-28 16:34:07,439 [WARN] ModelIntegratedComponent:63 - No mode defined for component null
2026-05-28 16:34:07,439 [WARN] ModelIntegratedComponent:63 - No mode defined for component null
2026-05-28 16:34:07,439 [WARN] ModelIntegratedComponent:63 - No mode defined for component null
2026-05-28 16:34:07,439 [WARN] ModelIntegratedComponent:63 - No mode defined for component null
2026-05-28 16:34:07,439 [WARN] ModelIntegratedComponent:63 - No mode defined for component null
2026-05-28 16:34:07,439 [WARN] ModelIntegratedComponent:63 - No mode defined for component null
2026-05-28 16:34:07,439 [WARN] ModelIntegratedComponent:63 - No mode defined for component null
2026-05-28 16:34:07,439 [WARN] ModelIntegratedComponent:63 - No mode defined for component null
2026-05-28 16:34:07,439 [WARN] ModelIntegratedComponent:63 - No mode defined for component null
2026-05-28 16:34:07,439 [WARN] ModelIntegratedComponent:63 - No mode defined for component null
2026-05-28 16:34:07,439 [WARN] ModelIntegratedComponent:63 - No mode defined for component null
2026-05-28 16:34:07,439 [WARN] ModelIntegratedComponent:63 - No mode defined for component null
2026-05-28 16:34:07,439 [WARN] ModelIntegratedComponent:63 - No mode defined for component null
2026-05-28 16:34:07,439 [WARN] ModelIntegratedComponent:63 - No mode defined for component null
2026-05-28 16:34:07,439 [WARN] ModelIntegratedComponent:63 - No mode defined for component null
2026-05-28 16:34:07,440 [WARN] ModelIntegratedComponent:63 - No mode defined for component null
2026-05-28 16:34:07,440 [WARN] ModelIntegratedComponent:63 - No mode defined for component null
2026-05-28 16:34:07,440 [WARN] ModelIntegratedComponent:63 - No mode defined for component null
2026-05-28 16:34:07,440 [WARN] ModelIntegratedComponent:63 - No mode defined for component null
2026-05-28 16:34:07,440 [WARN] ModelIntegratedComponent:63 - No mode defined for component null
2026-05-28 16:34:07,440 [WARN] ModelIntegratedComponent:63 - No mode defined for component null
2026-05-28 16:34:07,440 [WARN] ModelIntegratedComponent:63 - No mode defined for component null
2026-05-28 16:34:07,440 [WARN] ModelIntegratedComponent:63 - No mode defined for component null
2026-05-28 16:34:07,440 [WARN] ModelIntegratedComponent:63 - No mode defined for component null
2026-05-28 16:34:07,440 [WARN] ModelIntegratedComponent:63 - No mode defined for component null
2026-05-28 16:34:07,440 [WARN] ModelIntegratedComponent:63 - No mode defined for component null
2026-05-28 16:34:07,442 [INFO] RtosManager:555 - Registered RTOS mode: class=CMSIS, group=RTOS, mode=CMSIS_V1, owner=FREERTOS
2026-05-28 16:34:07,442 [INFO] RtosManager:555 - Registered RTOS mode: class=CMSIS, group=RTOS2, mode=CMSIS_V2, owner=FREERTOS
2026-05-28 16:34:07,442 [INFO] RtosManager:555 - Registered RTOS mode: class=RTOS, group=Core, mode=CMSIS_V1, owner=FREERTOS
2026-05-28 16:34:07,442 [INFO] RtosManager:555 - Registered RTOS mode: class=RTOS, group=Core, mode=CMSIS_V2, owner=FREERTOS
2026-05-28 16:34:07,442 [WARN] ModelIntegratedComponent:184 - Missing modes for component STMicroelectronics:FreeRTOS:0.0.1:STMicroelectronics:RTOS:FreeRTOS:Core:::10.2.0:
2026-05-28 16:34:07,451 [INFO] ThirdPartyModel:298 - Start build external matchings
2026-05-28 16:34:07,485 [INFO] ThirdPartyModel:316 - End build external matchings
2026-05-28 16:34:07,697 [INFO] UtilMem:75 - End LoadConfig() Used Memory: 865648416 Bytes (1073741824)
2026-05-28 16:34:07,742 [WARN] ThirdParty:833 - waiting for thirdparty lock release [change project]
2026-05-28 16:34:07,742 [INFO] ThirdParty:835 - entering critical section [change project]
2026-05-28 16:34:07,742 [INFO] ThirdParty:1030 - CMSIS Pack Vendor :STMicroelectronics USBPD 4.1
2026-05-28 16:34:07,742 [INFO] ThirdParty:1030 - CMSIS Pack Vendor :STMicroelectronics X-CUBE-DISPLAY 3.0.0
2026-05-28 16:34:07,742 [INFO] ThirdParty:1030 - CMSIS Pack Vendor :STMicroelectronics USB_HOST 2.0.0
2026-05-28 16:34:07,742 [INFO] ThirdParty:1030 - CMSIS Pack Vendor :STMicroelectronics X-CUBE-AZRTOS-F4 1.1.0
2026-05-28 16:34:07,742 [INFO] ThirdParty:1030 - CMSIS Pack Vendor :STMicroelectronics LIBJPEG 8.0.0
2026-05-28 16:34:07,743 [INFO] ThirdParty:1030 - CMSIS Pack Vendor :STMicroelectronics FP-ATR-SIGFOX1 3.2.0
2026-05-28 16:34:07,743 [INFO] ThirdParty:1030 - CMSIS Pack Vendor :STMicroelectronics X-CUBE-SMBUS 2.1.0
2026-05-28 16:34:07,743 [INFO] ThirdParty:1030 - CMSIS Pack Vendor :STMicroelectronics USB_DEVICE 3.0.0
2026-05-28 16:34:07,743 [INFO] ThirdParty:1030 - CMSIS Pack Vendor :STMicroelectronics HAL Drivers 0.0.0
2026-05-28 16:34:07,743 [INFO] ThirdParty:1030 - CMSIS Pack Vendor :STMicroelectronics MBEDTLS 2.16.2
2026-05-28 16:34:07,743 [INFO] ThirdParty:1030 - CMSIS Pack Vendor :STMicroelectronics MBEDTLS 2.14.1
2026-05-28 16:34:07,743 [INFO] ThirdParty:1030 - CMSIS Pack Vendor :STMicroelectronics X-CUBE-AZRTOS-F7 1.1.0
2026-05-28 16:34:07,743 [INFO] ThirdParty:1030 - CMSIS Pack Vendor :STMicroelectronics USB_DEVICE 2.0.0
2026-05-28 16:34:07,743 [INFO] ThirdParty:1030 - CMSIS Pack Vendor :STMicroelectronics ThreadX 1.0.0
2026-05-28 16:34:07,743 [INFO] ThirdParty:1030 - CMSIS Pack Vendor :STMicroelectronics X-CUBE-AZRTOS-WL 2.0.0
2026-05-28 16:34:07,743 [INFO] ThirdParty:1030 - CMSIS Pack Vendor :STMicroelectronics FreeRTOS 0.0.1
2026-05-28 16:34:07,743 [INFO] ThirdParty:1030 - CMSIS Pack Vendor :STMicroelectronics X-CUBE-AZRTOS-G0 1.1.0
2026-05-28 16:34:07,743 [INFO] ThirdParty:1030 - CMSIS Pack Vendor :STMicroelectronics USB_DEVICE 1.0.0
2026-05-28 16:34:07,743 [INFO] ThirdParty:1030 - CMSIS Pack Vendor :STMicroelectronics X-CUBE-SUBG2 5.0.0
2026-05-28 16:34:07,743 [INFO] ThirdParty:1030 - CMSIS Pack Vendor :STMicroelectronics X-CUBE-NFC4 3.0.0
2026-05-28 16:34:07,743 [INFO] ThirdParty:1030 - CMSIS Pack Vendor :STMicroelectronics STM32_WPAN 1.0.0
2026-05-28 16:34:07,743 [INFO] ThirdParty:1030 - CMSIS Pack Vendor :STMicroelectronics X-CUBE-AZRTOS-L4 2.0.0
2026-05-28 16:34:07,743 [INFO] ThirdParty:1030 - CMSIS Pack Vendor :STMicroelectronics ThreadX 0.0.2
2026-05-28 16:34:07,743 [INFO] ThirdParty:1030 - CMSIS Pack Vendor :STMicroelectronics lwIP 2.0.3
2026-05-28 16:34:07,743 [INFO] ThirdParty:1030 - CMSIS Pack Vendor :STMicroelectronics lwIP 2.1.2
2026-05-28 16:34:07,743 [INFO] ThirdParty:1030 - CMSIS Pack Vendor :STMicroelectronics X-CUBE-SFXS2LP1 4.0.0
2026-05-28 16:34:07,743 [INFO] ThirdParty:1030 - CMSIS Pack Vendor :STMicroelectronics X-CUBE-BLE2 3.3.0
2026-05-28 16:34:07,743 [INFO] ThirdParty:1030 - CMSIS Pack Vendor :STMicroelectronics USB_HOST 1.0.0
2026-05-28 16:34:07,743 [INFO] ThirdParty:1030 - CMSIS Pack Vendor :STMicroelectronics X-CUBE-AZRTOS-G4 2.0.0
2026-05-28 16:34:07,743 [INFO] ThirdParty:1030 - CMSIS Pack Vendor :STMicroelectronics PDM2PCM 3.1.0
2026-05-28 16:34:07,743 [INFO] ThirdParty:1030 - CMSIS Pack Vendor :STMicroelectronics PDM2PCM 3.2.0
2026-05-28 16:34:07,743 [INFO] ThirdParty:1030 - CMSIS Pack Vendor :STMicroelectronics PDM2PCM 3.3.0
2026-05-28 16:34:07,743 [INFO] ThirdParty:841 - exiting critical section [change project]
2026-05-28 16:34:07,830 [INFO] PinOutPanel:1499 - setPackage(No Configuration,No Configuration)
2026-05-28 16:34:07,831 [INFO] PinOutPanel:1499 - setPackage(STM32F103C8Tx,LQFP48)
2026-05-28 16:34:08,008 [INFO] UtilMem:75 - Before build in PCC Used Memory: 756939008 Bytes (1073741824)
2026-05-28 16:34:08,223 [INFO] UtilMem:75 - After build in PCC Used Memory: 795736320 Bytes (1073741824)
2026-05-28 16:34:08,241 [INFO] IPUIPlugin:80 - create IPUIPlugin
2026-05-28 16:34:08,241 [INFO] IPUIPlugin:80 - create IPUIPlugin
2026-05-28 16:34:08,241 [INFO] IPUIPlugin:80 - create IPUIPlugin
2026-05-28 16:34:08,241 [INFO] IPUIPlugin:80 - create IPUIPlugin
2026-05-28 16:34:08,241 [INFO] IPUIPlugin:80 - create IPUIPlugin
2026-05-28 16:34:08,242 [INFO] IPUIPlugin:80 - create IPUIPlugin
2026-05-28 16:34:08,242 [INFO] IPUIPlugin:80 - create IPUIPlugin
2026-05-28 16:34:08,242 [INFO] IPUIPlugin:80 - create IPUIPlugin
2026-05-28 16:34:08,242 [INFO] IPUIPlugin:80 - create IPUIPlugin
2026-05-28 16:34:08,242 [INFO] IPUIPlugin:80 - create IPUIPlugin
2026-05-28 16:34:08,242 [INFO] IPUIPlugin:80 - create IPUIPlugin
2026-05-28 16:34:08,242 [INFO] IPUIPlugin:80 - create IPUIPlugin
2026-05-28 16:34:08,243 [INFO] IPUIPlugin:80 - create IPUIPlugin
2026-05-28 16:34:08,243 [INFO] IPUIPlugin:80 - create IPUIPlugin
2026-05-28 16:34:08,243 [INFO] IPUIPlugin:80 - create IPUIPlugin
2026-05-28 16:34:08,243 [INFO] IPUIPlugin:80 - create IPUIPlugin
2026-05-28 16:34:08,244 [INFO] IPUIPlugin:80 - create IPUIPlugin
2026-05-28 16:34:08,244 [INFO] IPUIPlugin:80 - create IPUIPlugin
2026-05-28 16:34:08,244 [INFO] IPUIPlugin:80 - create IPUIPlugin
2026-05-28 16:34:08,245 [INFO] IPUIPlugin:80 - create IPUIPlugin
2026-05-28 16:34:08,245 [INFO] IPUIPlugin:80 - create IPUIPlugin
2026-05-28 16:34:08,245 [INFO] IPUIPlugin:80 - create IPUIPlugin
2026-05-28 16:34:08,245 [INFO] IPUIPlugin:80 - create IPUIPlugin
2026-05-28 16:34:08,246 [INFO] IPUIPlugin:80 - create IPUIPlugin
2026-05-28 16:34:08,246 [INFO] IPUIPlugin:80 - create IPUIPlugin
2026-05-28 16:34:08,246 [INFO] IPUIPlugin:80 - create IPUIPlugin
2026-05-28 16:34:08,247 [INFO] IPUIPlugin:80 - create IPUIPlugin
2026-05-28 16:34:08,248 [WARN] IP:2114 - I2C_Coeff_DF not found: check if there is a RefParameter without a condition.
2026-05-28 16:34:08,248 [WARN] IP:2114 - Analog_Filter not found: check if there is a RefParameter without a condition.
2026-05-28 16:34:08,294 [INFO] CADModel:165 - CPN selected for project levelSTM32F103C8T6
2026-05-28 16:34:08,294 [INFO] CADModel:114 - Register for checkConnection events
2026-05-28 16:34:08,353 [INFO] OpenFileManager:328 - Restore cursor
2026-05-28 16:34:08,554 [WARN] IP:2114 - I2C_Coeff_DF not found: check if there is a RefParameter without a condition.
2026-05-28 16:34:08,554 [WARN] IP:2114 - Analog_Filter not found: check if there is a RefParameter without a condition.
2026-05-28 16:34:08,554 [WARN] IP:2114 - I2C_Coeff_DF not found: check if there is a RefParameter without a condition.
2026-05-28 16:34:08,554 [WARN] IP:2114 - Analog_Filter not found: check if there is a RefParameter without a condition.
2026-05-28 16:34:13,641 [INFO] NvicIntPanel:101 - NVIC parent = com.st.microxplorer.plugins.ip.nvic.MultiNvicIntPanel[,0,0,0x0,invalid,layout=javax.swing.BoxLayout,alignmentX=0.0,alignmentY=0.0,border=,flags=9,maximumSize=,minimumSize=,preferredSize=]
2026-05-28 16:34:17,501 [WARN] IP:2114 - I2C_Coeff_DF not found: check if there is a RefParameter without a condition.
2026-05-28 16:34:17,501 [WARN] IP:2114 - Analog_Filter not found: check if there is a RefParameter without a condition.
2026-05-28 16:34:17,501 [WARN] IP:2114 - I2C_Coeff_DF not found: check if there is a RefParameter without a condition.
2026-05-28 16:34:17,501 [WARN] IP:2114 - Analog_Filter not found: check if there is a RefParameter without a condition.
2026-05-28 16:34:17,524 [INFO] NvicIntPanel:101 - NVIC parent = com.st.microxplorer.plugins.ip.nvic.MultiNvicIntPanel[,0,0,0x0,invalid,layout=javax.swing.BoxLayout,alignmentX=0.0,alignmentY=0.0,border=,flags=9,maximumSize=,minimumSize=,preferredSize=]
2026-05-28 16:36:22,197 [INFO] NvicIntPanel:101 - NVIC parent = com.st.microxplorer.plugins.ip.nvic.MultiNvicIntPanel[,0,0,0x0,invalid,layout=javax.swing.BoxLayout,alignmentX=0.0,alignmentY=0.0,border=,flags=9,maximumSize=,minimumSize=,preferredSize=]
2026-05-28 16:36:38,533 [INFO] NvicIntPanel:101 - NVIC parent = com.st.microxplorer.plugins.ip.nvic.MultiNvicIntPanel[,0,0,0x0,invalid,layout=javax.swing.BoxLayout,alignmentX=0.0,alignmentY=0.0,border=,flags=9,maximumSize=,minimumSize=,preferredSize=]
2026-05-28 16:36:57,317 [INFO] UtilMem:75 - End SaveConfig() Used Memory: 836143784 Bytes (1073741824)
2026-05-28 16:36:57,366 [INFO] UtilMem:75 - End SaveConfig() Used Memory: 847660576 Bytes (1073741824)
2026-05-28 16:37:00,890 [INFO] UtilMem:75 - End SaveConfig() Used Memory: 901137976 Bytes (1073741824)
2026-05-28 16:37:01,100 [INFO] BlockDiagram:2759 - set Specific Code input for plugin: RTC
2026-05-28 16:37:01,100 [INFO] BlockDiagram:2759 - set Specific Code input for plugin: SPI
2026-05-28 16:37:01,100 [INFO] BlockDiagram:2759 - set Specific Code input for plugin: NVIC
2026-05-28 16:37:01,100 [INFO] BlockDiagram:2759 - set Specific Code input for plugin: USART
2026-05-28 16:37:01,100 [INFO] BlockDiagram:2759 - set Specific Code input for plugin: SYS
2026-05-28 16:37:01,100 [INFO] BlockDiagram:2759 - set Specific Code input for plugin: GPIO
2026-05-28 16:37:01,100 [INFO] BlockDiagram:2759 - set Specific Code input for plugin: RCC
2026-05-28 16:37:01,100 [INFO] BlockDiagram:2759 - set Specific Code input for plugin: I2C
2026-05-28 16:37:01,101 [INFO] CodeGenerator:799 - code generatio: config db path: C:\ST\STM32CubeIDE_1.13.1\STM32CubeIDE\plugins\com.st.stm32cube.common.mx_6.9.1.202307191849\\db\
2026-05-28 16:37:01,102 [WARN] IP:2114 - I2C_Coeff_DF not found: check if there is a RefParameter without a condition.
2026-05-28 16:37:01,102 [WARN] IP:2114 - Analog_Filter not found: check if there is a RefParameter without a condition.
2026-05-28 16:37:01,324 [INFO] CodeEngine:255 - oldGeneratedFile, D:\smart_garden\Node\MXTmpFiles\license.tmp_save
2026-05-28 16:37:01,430 [INFO] CodeEngine:279 - Generated code: D:\smart_garden\Node\MXTmpFiles\license.tmp
2026-05-28 16:37:01,463 [INFO] CodeEngine:255 - oldGeneratedFile, D:\smart_garden\Node\MXTmpFiles\gpio.tmp_save
2026-05-28 16:37:01,576 [INFO] CodeEngine:279 - Generated code: D:\smart_garden\Node\MXTmpFiles\gpio.tmp
2026-05-28 16:37:01,762 [INFO] CodeEngine:255 - oldGeneratedFile, D:\smart_garden\Node\Core\Src\stm32f1xx_it.c_save
2026-05-28 16:37:02,073 [INFO] CodeEngine:279 - Generated code: D:\smart_garden\Node\Core\Src\stm32f1xx_it.c
2026-05-28 16:37:02,078 [INFO] CodeEngine:255 - oldGeneratedFile, D:\smart_garden\Node\Core\Inc\stm32f1xx_it.h_save
2026-05-28 16:37:02,165 [INFO] CodeEngine:279 - Generated code: D:\smart_garden\Node\Core\Inc\stm32f1xx_it.h
2026-05-28 16:37:02,177 [INFO] CodeEngine:255 - oldGeneratedFile, D:\smart_garden\Node\Core\Src\stm32f1xx_hal_msp.c_save
2026-05-28 16:37:02,312 [INFO] CodeEngine:279 - Generated code: D:\smart_garden\Node\Core\Src\stm32f1xx_hal_msp.c
2026-05-28 16:37:02,314 [INFO] CodeEngine:255 - oldGeneratedFile, D:\smart_garden\Node\MXTmpFiles\system.tmp_save
2026-05-28 16:37:02,379 [INFO] CodeEngine:279 - Generated code: D:\smart_garden\Node\MXTmpFiles\system.tmp
2026-05-28 16:37:02,384 [INFO] CodeEngine:311 - oldGeneratedFile, D:\smart_garden\Node\Core\Inc\stm32f1xx_hal_conf.h_save
2026-05-28 16:37:02,452 [INFO] CodeEngine:335 - Generated code: D:\smart_garden\Node\Core\Inc\stm32f1xx_hal_conf.h
2026-05-28 16:37:02,465 [INFO] CodeEngine:255 - oldGeneratedFile, D:\smart_garden\Node\Core\Inc\main.h_save
2026-05-28 16:37:02,529 [ERROR] ConfigurationRetriever:142 - IOException on connection: Connect timed out
2026-05-28 16:37:02,546 [INFO] CodeEngine:279 - Generated code: D:\smart_garden\Node\Core\Inc\main.h
2026-05-28 16:37:02,549 [INFO] CodeEngine:255 - oldGeneratedFile, D:\smart_garden\Node\Core\Src\main.c_save
2026-05-28 16:37:02,649 [INFO] CodeEngine:279 - Generated code: D:\smart_garden\Node\Core\Src\main.c
2026-05-28 16:37:03,265 [INFO] ProjectBuilder:3064 - Time for Copy HAL[1] : 124mS.
2026-05-28 16:37:03,268 [INFO] ProjectBuilder:4404 - Project Generator version: 4.1.0
2026-05-28 16:37:03,605 [INFO] ConfigFileManager:1457 - The Die is : DIE410
2026-05-28 16:37:03,607 [INFO] ApiDbMcu:507 - Load IP Config File for FATFS
2026-05-28 16:37:03,612 [INFO] ApiDbMcu:507 - Load IP Config File for FREERTOS
2026-05-28 16:37:03,617 [INFO] ApiDbMcu:507 - Load IP Config File for USB_DEVICE
2026-05-28 16:37:05,368 [INFO] ProjectBuilder:4626 - Time for Generating toolchain IDE Files: 2099mS.
2026-05-28 16:37:05,368 [INFO] ProjectBuilder:2935 - Time for Copy CMSIS : 0mS.
2026-05-28 16:37:05,370 [INFO] ProjectBuilder:2935 - Time for Copy CMSIS : 0mS.
2026-05-28 16:37:08,386 [ERROR] ConfigurationRetriever:142 - IOException on connection: Connect timed out
2026-05-28 16:41:46,729 [INFO] MainUpdater:2868 - connection check result : 10
2026-05-28 16:41:46,729 [INFO] McuFinderGlobals:76 - Set McuFinderConnectedMode to true
2026-05-28 16:42:07,955 [ERROR] ServerAccessManage:1172 - Problem during Server Connection :  IO error Connection timed out: no further information
2026-05-28 16:42:07,955 [ERROR] ServerAccessManage:651 - Problem during Server Connection :  : mcusAds.json._tmp_.
2026-05-28 16:42:09,971 [INFO] LoadUrlFilesThread:156 - End of LoadUrlFiles Thread
2026-05-28 16:42:10,954 [INFO] DbMcusAds:53 - JSON generation date=Mon Apr 27 15:14:29 GMT+07:00 2026 (1777277669924)
2026-05-28 16:42:10,956 [INFO] ApiDb:448 - Save user favorites file C:\Users\Admin/.stm32cubeide/favorites.mcus.txt: 2 item(s)
2026-05-28 16:42:10,957 [INFO] ApiDb:452 - User favorites MCUs=[STM32F103C8T6, STM32F405RGT6]
2026-05-28 16:42:10,960 [INFO] ApiDb:581 - Connected to CubeFinder SQLite database (C:\Users\Admin\.stmcufinder\plugins\mcufinder\mcu\cube-finder-db.db)
2026-05-28 16:42:11,105 [INFO] ApiDb:668 - CubeFinder database Data Model version=2.1
2026-05-28 16:42:11,105 [INFO] ApiDb:669 - CubeFinder database Configuration version=3.0.42
2026-05-28 16:42:11,105 [INFO] ApiDb:670 - CubeFinder database generation date=2026-05-06 (1778060171)
2026-05-28 16:42:11,105 [INFO] ApiDb:671 - CubeFinder database FW Pack versions=[FP-ATR-ASTRA1_V2.0.0, FP-SNS-FLIGHT1_V5.1.0, FP-SNS-MOTENV1_V5.1.0, FP-SNS-MOTENVWB1_V1.5.0, FP-SNS-SMARTAG2_V1.2.0, FP-SNS-STBOX1_V2.1.0, STM32Cube_FW_C0_V1.4.0, STM32Cube_FW_F4_V1.28.3, STM32Cube_FW_F7_V1.17.4, STM32Cube_FW_G0_V1.6.3, STM32Cube_FW_G4_V1.6.2, STM32Cube_FW_H5_V1.6.0, STM32Cube_FW_H7RS_V1.3.0, STM32Cube_FW_H7_V1.13.0, STM32Cube_FW_L0_V1.12.2, STM32Cube_FW_L4_V1.18.2, STM32Cube_FW_L5_V1.6.0, STM32Cube_FW_N6_V1.3.0, STM32Cube_FW_U0_V1.3.0, STM32Cube_FW_U3_V1.3.0, STM32Cube_FW_U5_V1.8.0, STM32Cube_FW_WB0_V1.4.0, STM32Cube_FW_WBA_V1.9.0, STM32Cube_FW_WB_V1.24.0, STM32Cube_FW_WL3_V1.4.0, STM32Cube_FW_WL_V1.5.0, X-CUBE-ALGOBUILD_V1.4.0, X-CUBE-ALS_V1.0.2, X-CUBE-AZRTOS-F4_V1.1.0, X-CUBE-AZRTOS-F7_V1.1.0, X-CUBE-AZRTOS-G0_V1.1.0, X-CUBE-AZRTOS-G4_V2.0.0, X-CUBE-AZRTOS-H7RS_V1.1.0, X-CUBE-AZRTOS-H7_V3.5.0, X-CUBE-AZRTOS-L4_V2.0.0, X-CUBE-AZRTOS-L5_V2.0.0, X-CUBE-AZRTOS-WB_V2.0.0, X-CUBE-AZRTOS-WL_V2.0.0, X-CUBE-BLE1_V7.1.0, X-CUBE-BLE2_V3.3.0, X-CUBE-BLEMGR_V4.1.0, X-CUBE-EEPRMA1_V5.2.0, X-CUBE-FREERTOS_V1.5.0, X-CUBE-GNSS1_V6.0.0, X-CUBE-MEMS1_V12.0.0, X-CUBE-NFC4_V3.0.0, X-CUBE-NFC7_V2.0.0, X-CUBE-SFXS2LP1_V4.0.0, X-CUBE-ST67W61_V1.2.0, X-CUBE-SUBG2_V5.0.0, X-CUBE-TOF1_V3.4.3]
2026-05-28 16:42:14,074 [INFO] McuFinderGlobals:63 - Set McuFinder mode to 2 (CubeIDE integrated)
2026-05-28 16:42:14,075 [INFO] UserAuth:179 - activating auth plugin
2026-05-28 16:42:14,079 [INFO] UserAuth:393 - Internet connection configuration mode: 1
2026-05-28 16:42:14,111 [INFO] JxBrowserEngine:151 - Initiate JxBrowser Engine with user profile folder
2026-05-28 16:42:14,118 [INFO] ApiDb:240 - Found 323 in-development CPN: [B-G473E-ZEST1S, B-WB1M-WPAN1, B-WL5M-SUBG1, NUCLEO-C031C6, NUCLEO-H503RB, NUCLEO-H563ZI, NUCLEO-U545RE-Q, NUCLEO-U5A5ZJ-Q, NUCLEO-WBA52CG, STEVAL-PROTEUS1, STEVAL-SMARTAG2, STEVAL-STWINBX1, STM320518-EVAL, STM32C0116-DK, STM32C011D6Y3TR, STM32C011D6Y6TR, STM32C011F4P3, STM32C011F4P6, STM32C011F4U3, STM32C011F4U6TR, STM32C011F6P3, STM32C011F6P6, STM32C011F6U3, STM32C011F6U6TR, STM32C011J4M3, STM32C011J4M6, STM32C011J6M3, STM32C011J6M6, STM32C0316-DK, STM32C031C4T3, STM32C031C4T6, STM32C031C4U3, STM32C031C4U6, STM32C031C6T3, STM32C031C6T6, STM32C031C6U3, STM32C031C6U6, STM32C031F4P3, STM32C031F4P6, STM32C031F6P3, STM32C031F6P6, STM32C031G4U3, STM32C031G4U6, STM32C031G6U3, STM32C031G6U6, STM32C031K4T3, STM32C031K4T6, STM32C031K4U3, STM32C031K4U6, STM32C031K6T3, STM32C031K6T6, STM32C031K6U3, STM32C031K6U6, STM32G071K8TXN, STM32G071K8UXN, STM32G081GBU6N, STM32G081KBT6N, STM32G081KBUXN, STM32G0B1CCT6N, STM32G0B1KCT6, STM32G0B1NEY6TR, STM32G0B1RCT6N, STM32G0C1CCT6, STM32G0C1CCT6N, STM32G0C1CCU6N, STM32G0C1CET6N, STM32G0C1CEU6N, STM32G0C1KCT6, STM32G0C1NEY6TR, STM32G0C1RCI6N, STM32G0C1RCT6N, STM32G0C1REI6N, STM32G0C1RET6N, STM32G0C1VCI6, STM32G0C1VEI6, STM32G471CCT6, STM32G471CCU6, STM32G471CET3, STM32G471CET6, STM32G471CEU3, STM32G471CEU6, STM32G471MCT6, STM32G471MET3, STM32G471MET6, STM32G471MEY6TR, STM32G471QCT6, STM32G471QET3, STM32G471RCT6, STM32G471RET3, STM32G471RET6, STM32G471VCH6, STM32G471VCI6, STM32G471VCT6, STM32G471VEH3, STM32G471VEH6, STM32G471VEI3, STM32G471VEI6, STM32G471VET3, STM32G471VET6, STM32G474CCT6, STM32H503CBT6, STM32H503CBU6, STM32H503EBY6TR, STM32H503KBU6, STM32H503RBT6, STM32H562AGI6, STM32H562AII6, STM32H562IGK6, STM32H562IGT6, STM32H562IIK6, STM32H562IIT6, STM32H562RGT6, STM32H562RGV6, STM32H562RIT6, STM32H562RIV6, STM32H562VGT6, STM32H562VIT6, STM32H562ZGT6, STM32H562ZIT6, STM32H563AGI6, STM32H563AII3Q, STM32H563AII6, STM32H563IGK6, STM32H563IGT6, STM32H563IIK3Q, STM32H563IIK6, STM32H563IIT3Q, STM32H563IIT6, STM32H563MIY3QTR, STM32H563RGT6, STM32H563RGV6, STM32H563RIT6, STM32H563RIV6, STM32H563VGT6, STM32H563VIT3Q, STM32H563VIT6, STM32H563ZGT6, STM32H563ZIT3Q, STM32H563ZIT6, STM32H573AII3Q, STM32H573AII6, STM32H573I-DK, STM32H573IIK3Q, STM32H573IIK6, STM32H573IIT3Q, STM32H573IIT6, STM32H573MIY3QTR, STM32H573RIT6, STM32H573RIV6, STM32H573VIT3Q, STM32H573VIT6, STM32H573ZIT3Q, STM32H573ZIT6, STM32L4R5QGI6STR, STM32MP131AAE3, STM32MP131AAF3, STM32MP131AAG3, STM32MP131CAE3, STM32MP131CAF3, STM32MP131CAG3, STM32MP131DAE7, STM32MP131DAF7, STM32MP131DAG7, STM32MP131FAE7, STM32MP131FAF7, STM32MP131FAG7, STM32MP133AAE3, STM32MP133AAF3, STM32MP133AAG3, STM32MP133CAE3, STM32MP133CAF3, STM32MP133CAG3, STM32MP133DAE7, STM32MP133DAF7, STM32MP133DAG7, STM32MP133FAE7, STM32MP133FAF7, STM32MP133FAG7, STM32MP135AAE3, STM32MP135AAF3, STM32MP135AAG3, STM32MP135CAE3, STM32MP135CAF3, STM32MP135CAG3, STM32MP135DAE7, STM32MP135DAF7, STM32MP135DAG7, STM32MP135F-DK, STM32MP135FAE7, STM32MP135FAF7, STM32MP135FAF7T, STM32MP135FAF7U, STM32MP135FAG7, STM32U535CBT6, STM32U535CBT6Q, STM32U535CBU6, STM32U535CBU6Q, STM32U535CCT6, STM32U535CCT6Q, STM32U535CCU6, STM32U535CCU6Q, STM32U535CET6, STM32U535CET6Q, STM32U535CEU6, STM32U535CEU6Q, STM32U535JEY6QTR, STM32U535NCY6QTR, STM32U535NEY6QTR, STM32U535RBI6, STM32U535RBI6Q, STM32U535RBT6, STM32U535RBT6Q, STM32U535RCI6, STM32U535RCI6Q, STM32U535RCT6, STM32U535RCT6Q, STM32U535REI6, STM32U535REI6Q, STM32U535RET6, STM32U535RET6Q, STM32U535VCI6, STM32U535VCI6Q, STM32U535VCT6, STM32U535VCT6Q, STM32U535VEI6, STM32U535VEI6Q, STM32U535VET6, STM32U535VET6Q, STM32U545CET6, STM32U545CET6Q, STM32U545CEU6, STM32U545CEU6Q, STM32U545JEY6QTR, STM32U545NEY6QTR, STM32U545REI6, STM32U545REI6Q, STM32U545RET6, STM32U545RET6Q, STM32U545VEI6, STM32U545VEI6Q, STM32U545VET6, STM32U545VET6Q, STM32U595AIH6, STM32U595AIH6Q, STM32U595AJH6, STM32U595AJH6Q, STM32U595QII6, STM32U595QII6Q, STM32U595QJI6, STM32U595QJI6Q, STM32U595RIT6, STM32U595RIT6Q, STM32U595RJT6, STM32U595RJT6Q, STM32U595VIT6, STM32U595VIT6Q, STM32U595VJT6, STM32U595VJT6Q, STM32U595ZIT6, STM32U595ZIT6Q, STM32U595ZIY6QTR, STM32U595ZJT6, STM32U595ZJT6Q, STM32U595ZJY6QTR, STM32U599BJY6QTR, STM32U599NIH6Q, STM32U599NJH6Q, STM32U599VIT6Q, STM32U599VJT6, STM32U599VJT6Q, STM32U599ZIT6Q, STM32U599ZIY6QTR, STM32U599ZJT6Q, STM32U599ZJY6QTR, STM32U5A5AJH6, STM32U5A5AJH6Q, STM32U5A5QJI6, STM32U5A5QJI6Q, STM32U5A5RJT6, STM32U5A5RJT6Q, STM32U5A5VJT6, STM32U5A5VJT6Q, STM32U5A5ZJT6, STM32U5A5ZJT6Q, STM32U5A5ZJY6QTR, STM32U5A9BJY6QTR, STM32U5A9J-DK, STM32U5A9NJH6Q, STM32U5A9VJT6Q, STM32U5A9ZJT6Q, STM32U5A9ZJY6QTR, STM32U5F7VIT6, STM32U5F7VIT6Q, STM32U5F7VJT6, STM32U5F7VJT6Q, STM32U5F9BJY6QTR, STM32U5F9NJH6Q, STM32U5F9VIT6Q, STM32U5F9VJT6Q, STM32U5F9ZIJ6QTR, STM32U5F9ZIT6Q, STM32U5F9ZJJ6QTR, STM32U5F9ZJT6Q, STM32U5G7VJT6, STM32U5G7VJT6Q, STM32U5G9BJY6QTR, STM32U5G9J-DK1, STM32U5G9J-DK2, STM32U5G9NJH6Q, STM32U5G9VJT6Q, STM32U5G9ZJJ6QTR, STM32U5G9ZJT6Q, STM32WB1MMCH6, STM32WBA52CEU6, STM32WBA52CEU6T, STM32WBA52CGU6, STM32WBA52CGU6T, STM32WBA52KEU6, STM32WBA52KEU6T, STM32WBA52KGU6, STM32WBA52KGU6T, STM32WL5MOCH6, STM32WL5MOCH6TR]
2026-05-28 16:42:14,122 [INFO] DbMcus:217 - Found 5061 MCUs, 4943 are supported
2026-05-28 16:42:14,122 [INFO] ApiDb:423 - Load user favorites file C:\Users\Admin/.stm32cubeide/favorites.mcus.txt: 2 item(s)
2026-05-28 16:42:14,122 [INFO] ApiDb:427 - User favorites MCUs=[STM32F103C8T6, STM32F405RGT6]
2026-05-28 16:42:14,122 [INFO] DbMcus:223 - Set 2 / 2 favorites MCUs
2026-05-28 16:42:14,673 [INFO] ApiDb:448 - Save user favorites file C:\Users\Admin/.stm32cubeide/favorites.boards.txt: 0 item(s)
2026-05-28 16:42:14,673 [INFO] ApiDb:452 - User favorites Boards=[]
2026-05-28 16:42:14,675 [INFO] ApiDb:581 - Connected to CubeFinder SQLite database (C:\Users\Admin\.stmcufinder\plugins\mcufinder\mcu\cube-finder-db.db)
2026-05-28 16:42:14,764 [INFO] ApiDb:668 - CubeFinder database Data Model version=2.1
2026-05-28 16:42:14,764 [INFO] ApiDb:669 - CubeFinder database Configuration version=3.0.42
2026-05-28 16:42:14,764 [INFO] ApiDb:670 - CubeFinder database generation date=2026-05-06 (1778060171)
2026-05-28 16:42:14,764 [INFO] ApiDb:671 - CubeFinder database FW Pack versions=[FP-ATR-ASTRA1_V2.0.0, FP-SNS-FLIGHT1_V5.1.0, FP-SNS-MOTENV1_V5.1.0, FP-SNS-MOTENVWB1_V1.5.0, FP-SNS-SMARTAG2_V1.2.0, FP-SNS-STBOX1_V2.1.0, STM32Cube_FW_C0_V1.4.0, STM32Cube_FW_F4_V1.28.3, STM32Cube_FW_F7_V1.17.4, STM32Cube_FW_G0_V1.6.3, STM32Cube_FW_G4_V1.6.2, STM32Cube_FW_H5_V1.6.0, STM32Cube_FW_H7RS_V1.3.0, STM32Cube_FW_H7_V1.13.0, STM32Cube_FW_L0_V1.12.2, STM32Cube_FW_L4_V1.18.2, STM32Cube_FW_L5_V1.6.0, STM32Cube_FW_N6_V1.3.0, STM32Cube_FW_U0_V1.3.0, STM32Cube_FW_U3_V1.3.0, STM32Cube_FW_U5_V1.8.0, STM32Cube_FW_WB0_V1.4.0, STM32Cube_FW_WBA_V1.9.0, STM32Cube_FW_WB_V1.24.0, STM32Cube_FW_WL3_V1.4.0, STM32Cube_FW_WL_V1.5.0, X-CUBE-ALGOBUILD_V1.4.0, X-CUBE-ALS_V1.0.2, X-CUBE-AZRTOS-F4_V1.1.0, X-CUBE-AZRTOS-F7_V1.1.0, X-CUBE-AZRTOS-G0_V1.1.0, X-CUBE-AZRTOS-G4_V2.0.0, X-CUBE-AZRTOS-H7RS_V1.1.0, X-CUBE-AZRTOS-H7_V3.5.0, X-CUBE-AZRTOS-L4_V2.0.0, X-CUBE-AZRTOS-L5_V2.0.0, X-CUBE-AZRTOS-WB_V2.0.0, X-CUBE-AZRTOS-WL_V2.0.0, X-CUBE-BLE1_V7.1.0, X-CUBE-BLE2_V3.3.0, X-CUBE-BLEMGR_V4.1.0, X-CUBE-EEPRMA1_V5.2.0, X-CUBE-FREERTOS_V1.5.0, X-CUBE-GNSS1_V6.0.0, X-CUBE-MEMS1_V12.0.0, X-CUBE-NFC4_V3.0.0, X-CUBE-NFC7_V2.0.0, X-CUBE-SFXS2LP1_V4.0.0, X-CUBE-ST67W61_V1.2.0, X-CUBE-SUBG2_V5.0.0, X-CUBE-TOF1_V3.4.3]
2026-05-28 16:42:14,821 [INFO] DbBoardsSqlite:226 - include board P-NUCLEO-WB55-NUCLEO as a kit item of type 'Nucleo-64'
2026-05-28 16:42:14,821 [INFO] DbBoardsSqlite:226 - include board P-NUCLEO-WB55-USBDONGLE as a kit item of type 'Nucleo USB Dongle'
2026-05-28 16:42:14,821 [INFO] DbBoardsSqlite:226 - include board STEVAL-IDP005V1 as a kit item of type 'Evaluation Board'
2026-05-28 16:42:14,822 [INFO] DbBoardsSqlite:226 - include board STEVAL-IDP005V2 as a kit item of type 'Evaluation Board'
2026-05-28 16:42:14,956 [INFO] ApiDb:240 - Found 323 in-development CPN: [B-G473E-ZEST1S, B-WB1M-WPAN1, B-WL5M-SUBG1, NUCLEO-C031C6, NUCLEO-H503RB, NUCLEO-H563ZI, NUCLEO-U545RE-Q, NUCLEO-U5A5ZJ-Q, NUCLEO-WBA52CG, STEVAL-PROTEUS1, STEVAL-SMARTAG2, STEVAL-STWINBX1, STM320518-EVAL, STM32C0116-DK, STM32C011D6Y3TR, STM32C011D6Y6TR, STM32C011F4P3, STM32C011F4P6, STM32C011F4U3, STM32C011F4U6TR, STM32C011F6P3, STM32C011F6P6, STM32C011F6U3, STM32C011F6U6TR, STM32C011J4M3, STM32C011J4M6, STM32C011J6M3, STM32C011J6M6, STM32C0316-DK, STM32C031C4T3, STM32C031C4T6, STM32C031C4U3, STM32C031C4U6, STM32C031C6T3, STM32C031C6T6, STM32C031C6U3, STM32C031C6U6, STM32C031F4P3, STM32C031F4P6, STM32C031F6P3, STM32C031F6P6, STM32C031G4U3, STM32C031G4U6, STM32C031G6U3, STM32C031G6U6, STM32C031K4T3, STM32C031K4T6, STM32C031K4U3, STM32C031K4U6, STM32C031K6T3, STM32C031K6T6, STM32C031K6U3, STM32C031K6U6, STM32G071K8TXN, STM32G071K8UXN, STM32G081GBU6N, STM32G081KBT6N, STM32G081KBUXN, STM32G0B1CCT6N, STM32G0B1KCT6, STM32G0B1NEY6TR, STM32G0B1RCT6N, STM32G0C1CCT6, STM32G0C1CCT6N, STM32G0C1CCU6N, STM32G0C1CET6N, STM32G0C1CEU6N, STM32G0C1KCT6, STM32G0C1NEY6TR, STM32G0C1RCI6N, STM32G0C1RCT6N, STM32G0C1REI6N, STM32G0C1RET6N, STM32G0C1VCI6, STM32G0C1VEI6, STM32G471CCT6, STM32G471CCU6, STM32G471CET3, STM32G471CET6, STM32G471CEU3, STM32G471CEU6, STM32G471MCT6, STM32G471MET3, STM32G471MET6, STM32G471MEY6TR, STM32G471QCT6, STM32G471QET3, STM32G471RCT6, STM32G471RET3, STM32G471RET6, STM32G471VCH6, STM32G471VCI6, STM32G471VCT6, STM32G471VEH3, STM32G471VEH6, STM32G471VEI3, STM32G471VEI6, STM32G471VET3, STM32G471VET6, STM32G474CCT6, STM32H503CBT6, STM32H503CBU6, STM32H503EBY6TR, STM32H503KBU6, STM32H503RBT6, STM32H562AGI6, STM32H562AII6, STM32H562IGK6, STM32H562IGT6, STM32H562IIK6, STM32H562IIT6, STM32H562RGT6, STM32H562RGV6, STM32H562RIT6, STM32H562RIV6, STM32H562VGT6, STM32H562VIT6, STM32H562ZGT6, STM32H562ZIT6, STM32H563AGI6, STM32H563AII3Q, STM32H563AII6, STM32H563IGK6, STM32H563IGT6, STM32H563IIK3Q, STM32H563IIK6, STM32H563IIT3Q, STM32H563IIT6, STM32H563MIY3QTR, STM32H563RGT6, STM32H563RGV6, STM32H563RIT6, STM32H563RIV6, STM32H563VGT6, STM32H563VIT3Q, STM32H563VIT6, STM32H563ZGT6, STM32H563ZIT3Q, STM32H563ZIT6, STM32H573AII3Q, STM32H573AII6, STM32H573I-DK, STM32H573IIK3Q, STM32H573IIK6, STM32H573IIT3Q, STM32H573IIT6, STM32H573MIY3QTR, STM32H573RIT6, STM32H573RIV6, STM32H573VIT3Q, STM32H573VIT6, STM32H573ZIT3Q, STM32H573ZIT6, STM32L4R5QGI6STR, STM32MP131AAE3, STM32MP131AAF3, STM32MP131AAG3, STM32MP131CAE3, STM32MP131CAF3, STM32MP131CAG3, STM32MP131DAE7, STM32MP131DAF7, STM32MP131DAG7, STM32MP131FAE7, STM32MP131FAF7, STM32MP131FAG7, STM32MP133AAE3, STM32MP133AAF3, STM32MP133AAG3, STM32MP133CAE3, STM32MP133CAF3, STM32MP133CAG3, STM32MP133DAE7, STM32MP133DAF7, STM32MP133DAG7, STM32MP133FAE7, STM32MP133FAF7, STM32MP133FAG7, STM32MP135AAE3, STM32MP135AAF3, STM32MP135AAG3, STM32MP135CAE3, STM32MP135CAF3, STM32MP135CAG3, STM32MP135DAE7, STM32MP135DAF7, STM32MP135DAG7, STM32MP135F-DK, STM32MP135FAE7, STM32MP135FAF7, STM32MP135FAF7T, STM32MP135FAF7U, STM32MP135FAG7, STM32U535CBT6, STM32U535CBT6Q, STM32U535CBU6, STM32U535CBU6Q, STM32U535CCT6, STM32U535CCT6Q, STM32U535CCU6, STM32U535CCU6Q, STM32U535CET6, STM32U535CET6Q, STM32U535CEU6, STM32U535CEU6Q, STM32U535JEY6QTR, STM32U535NCY6QTR, STM32U535NEY6QTR, STM32U535RBI6, STM32U535RBI6Q, STM32U535RBT6, STM32U535RBT6Q, STM32U535RCI6, STM32U535RCI6Q, STM32U535RCT6, STM32U535RCT6Q, STM32U535REI6, STM32U535REI6Q, STM32U535RET6, STM32U535RET6Q, STM32U535VCI6, STM32U535VCI6Q, STM32U535VCT6, STM32U535VCT6Q, STM32U535VEI6, STM32U535VEI6Q, STM32U535VET6, STM32U535VET6Q, STM32U545CET6, STM32U545CET6Q, STM32U545CEU6, STM32U545CEU6Q, STM32U545JEY6QTR, STM32U545NEY6QTR, STM32U545REI6, STM32U545REI6Q, STM32U545RET6, STM32U545RET6Q, STM32U545VEI6, STM32U545VEI6Q, STM32U545VET6, STM32U545VET6Q, STM32U595AIH6, STM32U595AIH6Q, STM32U595AJH6, STM32U595AJH6Q, STM32U595QII6, STM32U595QII6Q, STM32U595QJI6, STM32U595QJI6Q, STM32U595RIT6, STM32U595RIT6Q, STM32U595RJT6, STM32U595RJT6Q, STM32U595VIT6, STM32U595VIT6Q, STM32U595VJT6, STM32U595VJT6Q, STM32U595ZIT6, STM32U595ZIT6Q, STM32U595ZIY6QTR, STM32U595ZJT6, STM32U595ZJT6Q, STM32U595ZJY6QTR, STM32U599BJY6QTR, STM32U599NIH6Q, STM32U599NJH6Q, STM32U599VIT6Q, STM32U599VJT6, STM32U599VJT6Q, STM32U599ZIT6Q, STM32U599ZIY6QTR, STM32U599ZJT6Q, STM32U599ZJY6QTR, STM32U5A5AJH6, STM32U5A5AJH6Q, STM32U5A5QJI6, STM32U5A5QJI6Q, STM32U5A5RJT6, STM32U5A5RJT6Q, STM32U5A5VJT6, STM32U5A5VJT6Q, STM32U5A5ZJT6, STM32U5A5ZJT6Q, STM32U5A5ZJY6QTR, STM32U5A9BJY6QTR, STM32U5A9J-DK, STM32U5A9NJH6Q, STM32U5A9VJT6Q, STM32U5A9ZJT6Q, STM32U5A9ZJY6QTR, STM32U5F7VIT6, STM32U5F7VIT6Q, STM32U5F7VJT6, STM32U5F7VJT6Q, STM32U5F9BJY6QTR, STM32U5F9NJH6Q, STM32U5F9VIT6Q, STM32U5F9VJT6Q, STM32U5F9ZIJ6QTR, STM32U5F9ZIT6Q, STM32U5F9ZJJ6QTR, STM32U5F9ZJT6Q, STM32U5G7VJT6, STM32U5G7VJT6Q, STM32U5G9BJY6QTR, STM32U5G9J-DK1, STM32U5G9J-DK2, STM32U5G9NJH6Q, STM32U5G9VJT6Q, STM32U5G9ZJJ6QTR, STM32U5G9ZJT6Q, STM32WB1MMCH6, STM32WBA52CEU6, STM32WBA52CEU6T, STM32WBA52CGU6, STM32WBA52CGU6T, STM32WBA52KEU6, STM32WBA52KEU6T, STM32WBA52KGU6, STM32WBA52KGU6T, STM32WL5MOCH6, STM32WL5MOCH6TR]
2026-05-28 16:42:14,977 [INFO] BoardInfo:880 - No configuration file found for board B-WBA5M-WPAN
2026-05-28 16:42:14,978 [INFO] DbBoards:157 - Board is not supported: B-WBA5M-WPAN
2026-05-28 16:42:14,984 [INFO] BoardInfo:880 - No configuration file found for board NUCLEO-C051C8
2026-05-28 16:42:14,984 [INFO] DbBoards:157 - Board is not supported: NUCLEO-C051C8
2026-05-28 16:42:14,985 [INFO] BoardInfo:880 - No configuration file found for board NUCLEO-C071RB
2026-05-28 16:42:14,985 [INFO] DbBoards:157 - Board is not supported: NUCLEO-C071RB
2026-05-28 16:42:14,987 [INFO] BoardInfo:880 - No configuration file found for board NUCLEO-C092RC
2026-05-28 16:42:14,987 [INFO] DbBoards:157 - Board is not supported: NUCLEO-C092RC
2026-05-28 16:42:15,037 [INFO] BoardInfo:880 - No configuration file found for board NUCLEO-H533RE
2026-05-28 16:42:15,037 [INFO] DbBoards:157 - Board is not supported: NUCLEO-H533RE
2026-05-28 16:42:15,039 [INFO] BoardInfo:880 - No configuration file found for board NUCLEO-H5E5ZJ
2026-05-28 16:42:15,039 [INFO] DbBoards:157 - Board is not supported: NUCLEO-H5E5ZJ
2026-05-28 16:42:15,048 [INFO] BoardInfo:880 - No configuration file found for board NUCLEO-H7S3L8
2026-05-28 16:42:15,048 [INFO] DbBoards:157 - Board is not supported: NUCLEO-H7S3L8
2026-05-28 16:42:15,079 [INFO] BoardInfo:880 - No configuration file found for board NUCLEO-N657X0-Q
2026-05-28 16:42:15,080 [INFO] DbBoards:157 - Board is not supported: NUCLEO-N657X0-Q
2026-05-28 16:42:15,081 [INFO] BoardInfo:880 - No configuration file found for board NUCLEO-U031R8
2026-05-28 16:42:15,081 [INFO] DbBoards:157 - Board is not supported: NUCLEO-U031R8
2026-05-28 16:42:15,085 [INFO] BoardInfo:880 - No configuration file found for board NUCLEO-U083RC
2026-05-28 16:42:15,085 [INFO] DbBoards:157 - Board is not supported: NUCLEO-U083RC
2026-05-28 16:42:15,087 [INFO] BoardInfo:880 - No configuration file found for board NUCLEO-U385RG-Q
2026-05-28 16:42:15,087 [INFO] DbBoards:157 - Board is not supported: NUCLEO-U385RG-Q
2026-05-28 16:42:15,088 [INFO] BoardInfo:880 - No configuration file found for board NUCLEO-U3C5ZI-Q
2026-05-28 16:42:15,088 [INFO] DbBoards:157 - Board is not supported: NUCLEO-U3C5ZI-Q
2026-05-28 16:42:15,094 [INFO] BoardInfo:880 - No configuration file found for board NUCLEO-WB05KZ
2026-05-28 16:42:15,094 [INFO] DbBoards:157 - Board is not supported: NUCLEO-WB05KZ
2026-05-28 16:42:15,095 [INFO] BoardInfo:880 - No configuration file found for board NUCLEO-WB07CC
2026-05-28 16:42:15,095 [INFO] DbBoards:157 - Board is not supported: NUCLEO-WB07CC
2026-05-28 16:42:15,097 [INFO] BoardInfo:880 - No configuration file found for board NUCLEO-WB09KE
2026-05-28 16:42:15,097 [INFO] DbBoards:157 - Board is not supported: NUCLEO-WB09KE
2026-05-28 16:42:15,101 [INFO] BoardInfo:880 - No configuration file found for board NUCLEO-WBA25CE1
2026-05-28 16:42:15,101 [INFO] DbBoards:157 - Board is not supported: NUCLEO-WBA25CE1
2026-05-28 16:42:15,104 [INFO] BoardInfo:880 - No configuration file found for board NUCLEO-WBA55CG
2026-05-28 16:42:15,104 [INFO] DbBoards:157 - Board is not supported: NUCLEO-WBA55CG
2026-05-28 16:42:15,105 [INFO] BoardInfo:880 - No configuration file found for board NUCLEO-WBA65RI
2026-05-28 16:42:15,105 [INFO] DbBoards:157 - Board is not supported: NUCLEO-WBA65RI
2026-05-28 16:42:15,107 [INFO] BoardInfo:880 - No configuration file found for board NUCLEO-WL33CC1
2026-05-28 16:42:15,108 [INFO] DbBoards:157 - Board is not supported: NUCLEO-WL33CC1
2026-05-28 16:42:15,109 [INFO] BoardInfo:880 - No configuration file found for board NUCLEO-WL33CC2
2026-05-28 16:42:15,109 [INFO] DbBoards:157 - Board is not supported: NUCLEO-WL33CC2
2026-05-28 16:42:15,111 [INFO] BoardInfo:880 - No configuration file found for board NUCLEO-WL3RKB1
2026-05-28 16:42:15,111 [INFO] DbBoards:157 - Board is not supported: NUCLEO-WL3RKB1
2026-05-28 16:42:15,112 [INFO] BoardInfo:880 - No configuration file found for board NUCLEO-WL3RKB2
2026-05-28 16:42:15,112 [INFO] DbBoards:157 - Board is not supported: NUCLEO-WL3RKB2
2026-05-28 16:42:15,119 [INFO] BoardInfo:880 - No configuration file found for board P-NUCLEO-WB55
2026-05-28 16:42:15,119 [INFO] DbBoards:157 - Kit is not supported: P-NUCLEO-WB55
2026-05-28 16:42:15,124 [INFO] BoardInfo:880 - No configuration file found for board STEVAL-BFA001V1B
2026-05-28 16:42:15,124 [INFO] DbBoards:157 - Kit is not supported: STEVAL-BFA001V1B
2026-05-28 16:42:15,125 [INFO] BoardInfo:880 - No configuration file found for board STEVAL-BFA001V2B
2026-05-28 16:42:15,125 [INFO] DbBoards:157 - Kit is not supported: STEVAL-BFA001V2B
2026-05-28 16:42:15,132 [INFO] BoardInfo:880 - No configuration file found for board STEVAL-MKBOXPRO
2026-05-28 16:42:15,132 [INFO] DbBoards:157 - Board is not supported: STEVAL-MKBOXPRO
2026-05-28 16:42:15,179 [INFO] WebApp:157 - Instantiating new browser for Auth
2026-05-28 16:42:15,239 [INFO] BoardInfo:880 - No configuration file found for board STM32H5F5J-DK
2026-05-28 16:42:15,239 [INFO] DbBoards:157 - Board is not supported: STM32H5F5J-DK
2026-05-28 16:42:15,257 [INFO] BoardInfo:880 - No configuration file found for board STM32H7S78-DK
2026-05-28 16:42:15,257 [INFO] DbBoards:157 - Board is not supported: STM32H7S78-DK
2026-05-28 16:42:15,291 [INFO] BoardInfo:880 - No configuration file found for board STM32MP215F-DK
2026-05-28 16:42:15,291 [INFO] DbBoards:157 - Board is not supported: STM32MP215F-DK
2026-05-28 16:42:15,292 [INFO] BoardInfo:880 - No configuration file found for board STM32MP257F-DK
2026-05-28 16:42:15,292 [INFO] DbBoards:157 - Board is not supported: STM32MP257F-DK
2026-05-28 16:42:15,293 [INFO] BoardInfo:880 - No configuration file found for board STM32MP257F-EV1
2026-05-28 16:42:15,294 [INFO] DbBoards:157 - Board is not supported: STM32MP257F-EV1
2026-05-28 16:42:15,295 [INFO] BoardInfo:880 - No configuration file found for board STM32N6570-DK
2026-05-28 16:42:15,295 [INFO] DbBoards:157 - Board is not supported: STM32N6570-DK
2026-05-28 16:42:15,296 [INFO] BoardInfo:880 - No configuration file found for board STM32U083C-DK
2026-05-28 16:42:15,296 [INFO] DbBoards:157 - Board is not supported: STM32U083C-DK
2026-05-28 16:42:15,305 [INFO] BoardInfo:880 - No configuration file found for board STM32WBA55G-DK1
2026-05-28 16:42:15,305 [INFO] DbBoards:157 - Board is not supported: STM32WBA55G-DK1
2026-05-28 16:42:15,306 [INFO] BoardInfo:880 - No configuration file found for board STM32WBA65I-DK1
2026-05-28 16:42:15,306 [INFO] DbBoards:157 - Board is not supported: STM32WBA65I-DK1
2026-05-28 16:42:15,306 [INFO] DbBoards:161 - Found 218 boards, 183 are supported
2026-05-28 16:42:15,314 [INFO] ApiDb:423 - Load user favorites file C:\Users\Admin/.stm32cubeide/favorites.boards.txt: 0 item(s)
2026-05-28 16:42:15,315 [INFO] ApiDb:427 - User favorites Boards=[]
2026-05-28 16:42:15,315 [INFO] DbBoards:190 - Set 0 / 0 favorites Boards
2026-05-28 16:42:15,328 [ERROR] TargetSelectorAdapter:267 - Unable to refresh data
2026-05-28 16:42:15,867 [INFO] WebApp:753 - Register for checkConnection events
2026-05-28 16:42:15,867 [INFO] WebApp:390 - Apply proxy settings
2026-05-28 16:42:15,867 [INFO] WebApp:475 - Chromium requires no authentication
2026-05-28 16:42:15,879 [INFO] WebApp:418 - Direct internet connection detected
2026-05-28 16:42:16,168 [INFO] WebApp:188 - Starting web application
2026-05-28 16:42:16,168 [INFO] WebApp:520 - Web application path used C:\ST\STM32CubeIDE_1.13.1\STM32CubeIDE\plugins\com.st.stm32cube.common.mx_6.9.1.202307191849\db\plugins\mcufinder\reactClient1\index.html
2026-05-28 16:42:16,465 [INFO] McuFinderGlobals:76 - Set McuFinderConnectedMode to true
2026-05-28 16:42:16,466 [INFO] MultiScanPanel:200 - Auto-refresh data requested => check proxy status ongoing
2026-05-28 16:42:16,466 [INFO] FinderPluginLoader:95 - Searching for filters in installed packs
2026-05-28 16:42:17,509 [INFO] LoadUrlFilesThread:185 - End of LoadServerUrlFiles without Thread
2026-05-28 16:42:17,509 [INFO] DetailPanel:341 - Set advertising image to C:/Users/Admin/STM32Cube/Repository/\en.prom-stm32wba2-stm32-nucleo-board-0426.png
2026-05-28 16:43:34,337 [INFO] MainUpdater:2868 - connection check result : 10
2026-05-28 16:43:34,337 [INFO] MainUpdater:2868 - connection check result : 10
2026-05-28 16:43:34,470 [INFO] MicroXplorer:468 - Change Database Path : 
2026-05-28 16:43:34,470 [INFO] MicroXplorer:498 - Change Database Version : DB.6.0.91
2026-05-28 16:43:34,490 [WARN] ThirdParty:871 - waiting for thirdparty lock release [close project]
2026-05-28 16:43:34,490 [INFO] ThirdParty:873 - entering critical section [close project]
2026-05-28 16:43:34,490 [INFO] ThirdParty:883 - exiting critical section [close project]
2026-05-28 16:43:34,491 [INFO] PinOutPanel:1499 - setPackage(No Configuration,No Configuration)
2026-05-28 16:43:34,493 [INFO] UtilMem:75 - Begin LoadConfig() Used Memory: 878246416 Bytes (1073741824)
2026-05-28 16:43:34,493 [INFO] MicroXplorer:468 - Change Database Path : 
2026-05-28 16:43:34,493 [INFO] MicroXplorer:498 - Change Database Version : DB.6.0.91
2026-05-28 16:43:34,493 [INFO] OpenFileManager:308 - Change cursor
2026-05-28 16:43:34,501 [INFO] RulesReader:64 - Compatibility file has been processed (293 Rules)
2026-05-28 16:43:34,503 [INFO] Mcu:1946 - Initializing MCU STM32F103C8Tx STM32F103C8Tx STM32F103C8T6
2026-05-28 16:43:34,999 [INFO] Context:659 - Trying to add GPIOservice into a context  which must be forbidden
2026-05-28 16:43:35,131 [INFO] ImportTextPane:194 - (OptionalMessage_ERROR) Unable to find key (Mcu.ThirdPartyNb) in loaded IOC file
2026-05-28 16:43:35,131 [INFO] ImportTextPane:194 - (OptionalMessage_ERROR) Unable to find key (Mcu.PinsNb) in loaded IOC file
2026-05-28 16:43:35,131 [INFO] ImportTextPane:194 - (OptionalMessage_ERROR) Unable to find key (Mcu.IPNb) in loaded IOC file
2026-05-28 16:43:35,146 [WARN] ModelIntegratedComponent:63 - No mode defined for component null
2026-05-28 16:43:35,147 [WARN] ModelIntegratedComponent:63 - No mode defined for component null
2026-05-28 16:43:35,147 [WARN] ModelIntegratedComponent:63 - No mode defined for component null
2026-05-28 16:43:35,147 [WARN] ModelIntegratedComponent:63 - No mode defined for component null
2026-05-28 16:43:35,147 [WARN] ModelIntegratedComponent:63 - No mode defined for component null
2026-05-28 16:43:35,147 [WARN] ModelIntegratedComponent:63 - No mode defined for component null
2026-05-28 16:43:35,147 [WARN] ModelIntegratedComponent:63 - No mode defined for component null
2026-05-28 16:43:35,147 [WARN] ModelIntegratedComponent:63 - No mode defined for component null
2026-05-28 16:43:35,147 [WARN] ModelIntegratedComponent:63 - No mode defined for component null
2026-05-28 16:43:35,147 [WARN] ModelIntegratedComponent:63 - No mode defined for component null
2026-05-28 16:43:35,147 [WARN] ModelIntegratedComponent:63 - No mode defined for component null
2026-05-28 16:43:35,147 [WARN] ModelIntegratedComponent:63 - No mode defined for component null
2026-05-28 16:43:35,147 [WARN] ModelIntegratedComponent:63 - No mode defined for component null
2026-05-28 16:43:35,147 [WARN] ModelIntegratedComponent:63 - No mode defined for component null
2026-05-28 16:43:35,147 [WARN] ModelIntegratedComponent:63 - No mode defined for component null
2026-05-28 16:43:35,147 [WARN] ModelIntegratedComponent:63 - No mode defined for component null
2026-05-28 16:43:35,147 [WARN] ModelIntegratedComponent:63 - No mode defined for component null
2026-05-28 16:43:35,147 [WARN] ModelIntegratedComponent:63 - No mode defined for component null
2026-05-28 16:43:35,147 [WARN] ModelIntegratedComponent:63 - No mode defined for component null
2026-05-28 16:43:35,147 [WARN] ModelIntegratedComponent:63 - No mode defined for component null
2026-05-28 16:43:35,147 [WARN] ModelIntegratedComponent:63 - No mode defined for component null
2026-05-28 16:43:35,147 [WARN] ModelIntegratedComponent:63 - No mode defined for component null
2026-05-28 16:43:35,147 [WARN] ModelIntegratedComponent:63 - No mode defined for component null
2026-05-28 16:43:35,147 [WARN] ModelIntegratedComponent:63 - No mode defined for component null
2026-05-28 16:43:35,147 [WARN] ModelIntegratedComponent:63 - No mode defined for component null
2026-05-28 16:43:35,147 [WARN] ModelIntegratedComponent:63 - No mode defined for component null
2026-05-28 16:43:35,147 [WARN] ModelIntegratedComponent:63 - No mode defined for component null
2026-05-28 16:43:35,148 [WARN] ModelIntegratedComponent:63 - No mode defined for component null
2026-05-28 16:43:35,148 [WARN] ModelIntegratedComponent:63 - No mode defined for component null
2026-05-28 16:43:35,148 [WARN] ModelIntegratedComponent:63 - No mode defined for component null
2026-05-28 16:43:35,148 [WARN] ModelIntegratedComponent:63 - No mode defined for component null
2026-05-28 16:43:35,148 [WARN] ModelIntegratedComponent:63 - No mode defined for component null
2026-05-28 16:43:35,148 [WARN] ModelIntegratedComponent:63 - No mode defined for component null
2026-05-28 16:43:35,151 [INFO] RtosManager:555 - Registered RTOS mode: class=CMSIS, group=RTOS, mode=CMSIS_V1, owner=FREERTOS
2026-05-28 16:43:35,151 [INFO] RtosManager:555 - Registered RTOS mode: class=CMSIS, group=RTOS2, mode=CMSIS_V2, owner=FREERTOS
2026-05-28 16:43:35,151 [INFO] RtosManager:555 - Registered RTOS mode: class=RTOS, group=Core, mode=CMSIS_V1, owner=FREERTOS
2026-05-28 16:43:35,151 [INFO] RtosManager:555 - Registered RTOS mode: class=RTOS, group=Core, mode=CMSIS_V2, owner=FREERTOS
2026-05-28 16:43:35,151 [WARN] ModelIntegratedComponent:184 - Missing modes for component STMicroelectronics:FreeRTOS:0.0.1:STMicroelectronics:RTOS:FreeRTOS:Core:::10.2.0:
2026-05-28 16:43:35,161 [INFO] ThirdPartyModel:298 - Start build external matchings
2026-05-28 16:43:35,202 [INFO] ThirdPartyModel:316 - End build external matchings
2026-05-28 16:43:35,436 [INFO] UtilMem:75 - End LoadConfig() Used Memory: 817841392 Bytes (1073741824)
2026-05-28 16:43:35,475 [WARN] ThirdParty:833 - waiting for thirdparty lock release [change project]
2026-05-28 16:43:35,475 [INFO] ThirdParty:835 - entering critical section [change project]
2026-05-28 16:43:35,475 [INFO] ThirdParty:1030 - CMSIS Pack Vendor :STMicroelectronics USBPD 4.1
2026-05-28 16:43:35,475 [INFO] ThirdParty:1030 - CMSIS Pack Vendor :STMicroelectronics X-CUBE-DISPLAY 3.0.0
2026-05-28 16:43:35,475 [INFO] ThirdParty:1030 - CMSIS Pack Vendor :STMicroelectronics USB_HOST 2.0.0
2026-05-28 16:43:35,475 [INFO] ThirdParty:1030 - CMSIS Pack Vendor :STMicroelectronics X-CUBE-AZRTOS-F4 1.1.0
2026-05-28 16:43:35,475 [INFO] ThirdParty:1030 - CMSIS Pack Vendor :STMicroelectronics LIBJPEG 8.0.0
2026-05-28 16:43:35,475 [INFO] ThirdParty:1030 - CMSIS Pack Vendor :STMicroelectronics FP-ATR-SIGFOX1 3.2.0
2026-05-28 16:43:35,475 [INFO] ThirdParty:1030 - CMSIS Pack Vendor :STMicroelectronics X-CUBE-SMBUS 2.1.0
2026-05-28 16:43:35,475 [INFO] ThirdParty:1030 - CMSIS Pack Vendor :STMicroelectronics USB_DEVICE 3.0.0
2026-05-28 16:43:35,475 [INFO] ThirdParty:1030 - CMSIS Pack Vendor :STMicroelectronics HAL Drivers 0.0.0
2026-05-28 16:43:35,475 [INFO] ThirdParty:1030 - CMSIS Pack Vendor :STMicroelectronics MBEDTLS 2.16.2
2026-05-28 16:43:35,475 [INFO] ThirdParty:1030 - CMSIS Pack Vendor :STMicroelectronics MBEDTLS 2.14.1
2026-05-28 16:43:35,475 [INFO] ThirdParty:1030 - CMSIS Pack Vendor :STMicroelectronics X-CUBE-AZRTOS-F7 1.1.0
2026-05-28 16:43:35,475 [INFO] ThirdParty:1030 - CMSIS Pack Vendor :STMicroelectronics USB_DEVICE 2.0.0
2026-05-28 16:43:35,475 [INFO] ThirdParty:1030 - CMSIS Pack Vendor :STMicroelectronics ThreadX 1.0.0
2026-05-28 16:43:35,475 [INFO] ThirdParty:1030 - CMSIS Pack Vendor :STMicroelectronics X-CUBE-AZRTOS-WL 2.0.0
2026-05-28 16:43:35,475 [INFO] ThirdParty:1030 - CMSIS Pack Vendor :STMicroelectronics FreeRTOS 0.0.1
2026-05-28 16:43:35,475 [INFO] ThirdParty:1030 - CMSIS Pack Vendor :STMicroelectronics X-CUBE-AZRTOS-G0 1.1.0
2026-05-28 16:43:35,475 [INFO] ThirdParty:1030 - CMSIS Pack Vendor :STMicroelectronics USB_DEVICE 1.0.0
2026-05-28 16:43:35,475 [INFO] ThirdParty:1030 - CMSIS Pack Vendor :STMicroelectronics X-CUBE-SUBG2 5.0.0
2026-05-28 16:43:35,476 [INFO] ThirdParty:1030 - CMSIS Pack Vendor :STMicroelectronics X-CUBE-NFC4 3.0.0
2026-05-28 16:43:35,476 [INFO] ThirdParty:1030 - CMSIS Pack Vendor :STMicroelectronics STM32_WPAN 1.0.0
2026-05-28 16:43:35,476 [INFO] ThirdParty:1030 - CMSIS Pack Vendor :STMicroelectronics X-CUBE-AZRTOS-L4 2.0.0
2026-05-28 16:43:35,476 [INFO] ThirdParty:1030 - CMSIS Pack Vendor :STMicroelectronics ThreadX 0.0.2
2026-05-28 16:43:35,476 [INFO] ThirdParty:1030 - CMSIS Pack Vendor :STMicroelectronics lwIP 2.0.3
2026-05-28 16:43:35,476 [INFO] ThirdParty:1030 - CMSIS Pack Vendor :STMicroelectronics lwIP 2.1.2
2026-05-28 16:43:35,476 [INFO] ThirdParty:1030 - CMSIS Pack Vendor :STMicroelectronics X-CUBE-SFXS2LP1 4.0.0
2026-05-28 16:43:35,476 [INFO] ThirdParty:1030 - CMSIS Pack Vendor :STMicroelectronics X-CUBE-BLE2 3.3.0
2026-05-28 16:43:35,476 [INFO] ThirdParty:1030 - CMSIS Pack Vendor :STMicroelectronics USB_HOST 1.0.0
2026-05-28 16:43:35,476 [INFO] ThirdParty:1030 - CMSIS Pack Vendor :STMicroelectronics X-CUBE-AZRTOS-G4 2.0.0
2026-05-28 16:43:35,476 [INFO] ThirdParty:1030 - CMSIS Pack Vendor :STMicroelectronics PDM2PCM 3.1.0
2026-05-28 16:43:35,476 [INFO] ThirdParty:1030 - CMSIS Pack Vendor :STMicroelectronics PDM2PCM 3.2.0
2026-05-28 16:43:35,476 [INFO] ThirdParty:1030 - CMSIS Pack Vendor :STMicroelectronics PDM2PCM 3.3.0
2026-05-28 16:43:35,476 [INFO] ThirdParty:841 - exiting critical section [change project]
2026-05-28 16:43:35,610 [INFO] PinOutPanel:1499 - setPackage(No Configuration,No Configuration)
2026-05-28 16:43:35,611 [INFO] PinOutPanel:1499 - setPackage(STM32F103C8Tx,LQFP48)
2026-05-28 16:43:35,817 [INFO] UtilMem:75 - Before build in PCC Used Memory: 824567288 Bytes (1073741824)
2026-05-28 16:43:35,954 [INFO] UtilMem:75 - After build in PCC Used Memory: 865983992 Bytes (1073741824)
2026-05-28 16:43:35,965 [INFO] IPUIPlugin:80 - create IPUIPlugin
2026-05-28 16:43:35,965 [INFO] IPUIPlugin:80 - create IPUIPlugin
2026-05-28 16:43:35,966 [INFO] IPUIPlugin:80 - create IPUIPlugin
2026-05-28 16:43:35,966 [INFO] IPUIPlugin:80 - create IPUIPlugin
2026-05-28 16:43:35,966 [INFO] IPUIPlugin:80 - create IPUIPlugin
2026-05-28 16:43:35,966 [INFO] IPUIPlugin:80 - create IPUIPlugin
2026-05-28 16:43:35,966 [INFO] IPUIPlugin:80 - create IPUIPlugin
2026-05-28 16:43:35,966 [INFO] IPUIPlugin:80 - create IPUIPlugin
2026-05-28 16:43:35,966 [INFO] IPUIPlugin:80 - create IPUIPlugin
2026-05-28 16:43:35,966 [INFO] IPUIPlugin:80 - create IPUIPlugin
2026-05-28 16:43:35,966 [INFO] IPUIPlugin:80 - create IPUIPlugin
2026-05-28 16:43:35,966 [INFO] IPUIPlugin:80 - create IPUIPlugin
2026-05-28 16:43:35,966 [INFO] IPUIPlugin:80 - create IPUIPlugin
2026-05-28 16:43:35,966 [INFO] IPUIPlugin:80 - create IPUIPlugin
2026-05-28 16:43:35,967 [INFO] IPUIPlugin:80 - create IPUIPlugin
2026-05-28 16:43:35,967 [INFO] IPUIPlugin:80 - create IPUIPlugin
2026-05-28 16:43:35,967 [INFO] IPUIPlugin:80 - create IPUIPlugin
2026-05-28 16:43:35,967 [INFO] IPUIPlugin:80 - create IPUIPlugin
2026-05-28 16:43:35,967 [INFO] IPUIPlugin:80 - create IPUIPlugin
2026-05-28 16:43:35,967 [INFO] IPUIPlugin:80 - create IPUIPlugin
2026-05-28 16:43:35,967 [INFO] IPUIPlugin:80 - create IPUIPlugin
2026-05-28 16:43:35,967 [INFO] IPUIPlugin:80 - create IPUIPlugin
2026-05-28 16:43:35,968 [INFO] IPUIPlugin:80 - create IPUIPlugin
2026-05-28 16:43:35,968 [INFO] IPUIPlugin:80 - create IPUIPlugin
2026-05-28 16:43:35,968 [INFO] IPUIPlugin:80 - create IPUIPlugin
2026-05-28 16:43:35,968 [INFO] IPUIPlugin:80 - create IPUIPlugin
2026-05-28 16:43:35,968 [INFO] IPUIPlugin:80 - create IPUIPlugin
2026-05-28 16:43:35,986 [INFO] CADModel:165 - CPN selected for project levelSTM32F103C8T6
2026-05-28 16:43:35,986 [INFO] CADModel:114 - Register for checkConnection events
2026-05-28 16:43:36,034 [INFO] OpenFileManager:328 - Restore cursor
2026-05-28 16:43:36,406 [INFO] UtilMem:75 - End SaveConfig() Used Memory: 917971856 Bytes (1073741824)
2026-05-28 16:43:36,475 [INFO] UtilMem:75 - End SaveConfig() Used Memory: 794184536 Bytes (1073741824)
2026-05-28 16:43:36,848 [INFO] BlockDiagram:2759 - set Specific Code input for plugin: NVIC
2026-05-28 16:43:36,849 [INFO] BlockDiagram:2759 - set Specific Code input for plugin: RCC
2026-05-28 16:43:36,850 [INFO] CodeGenerator:799 - code generatio: config db path: C:\ST\STM32CubeIDE_1.13.1\STM32CubeIDE\plugins\com.st.stm32cube.common.mx_6.9.1.202307191849\\db\
2026-05-28 16:43:37,031 [INFO] CodeEngine:255 - oldGeneratedFile, D:\smart_garden\Gateway\MXTmpFiles\license.tmp_save
2026-05-28 16:43:37,191 [INFO] CodeEngine:279 - Generated code: D:\smart_garden\Gateway\MXTmpFiles\license.tmp
2026-05-28 16:43:37,200 [INFO] CodeEngine:255 - oldGeneratedFile, D:\smart_garden\Gateway\Core\Src\stm32f1xx_it.c_save
2026-05-28 16:43:37,502 [INFO] CodeEngine:279 - Generated code: D:\smart_garden\Gateway\Core\Src\stm32f1xx_it.c
2026-05-28 16:43:37,506 [INFO] CodeEngine:255 - oldGeneratedFile, D:\smart_garden\Gateway\Core\Inc\stm32f1xx_it.h_save
2026-05-28 16:43:37,620 [INFO] CodeEngine:279 - Generated code: D:\smart_garden\Gateway\Core\Inc\stm32f1xx_it.h
2026-05-28 16:43:37,642 [INFO] CodeEngine:255 - oldGeneratedFile, D:\smart_garden\Gateway\Core\Src\stm32f1xx_hal_msp.c_save
2026-05-28 16:43:37,778 [INFO] CodeEngine:279 - Generated code: D:\smart_garden\Gateway\Core\Src\stm32f1xx_hal_msp.c
2026-05-28 16:43:37,780 [INFO] CodeEngine:255 - oldGeneratedFile, D:\smart_garden\Gateway\MXTmpFiles\system.tmp_save
2026-05-28 16:43:37,866 [INFO] CodeEngine:279 - Generated code: D:\smart_garden\Gateway\MXTmpFiles\system.tmp
2026-05-28 16:43:37,874 [INFO] CodeEngine:311 - oldGeneratedFile, D:\smart_garden\Gateway\Core\Inc\stm32f1xx_hal_conf.h_save
2026-05-28 16:43:37,968 [INFO] CodeEngine:335 - Generated code: D:\smart_garden\Gateway\Core\Inc\stm32f1xx_hal_conf.h
2026-05-28 16:43:37,979 [INFO] CodeEngine:255 - oldGeneratedFile, D:\smart_garden\Gateway\Core\Inc\main.h_save
2026-05-28 16:43:38,059 [INFO] CodeEngine:279 - Generated code: D:\smart_garden\Gateway\Core\Inc\main.h
2026-05-28 16:43:38,064 [INFO] CodeEngine:255 - oldGeneratedFile, D:\smart_garden\Gateway\Core\Src\main.c_save
2026-05-28 16:43:38,152 [INFO] CodeEngine:279 - Generated code: D:\smart_garden\Gateway\Core\Src\main.c
2026-05-28 16:43:38,779 [INFO] ProjectBuilder:3064 - Time for Copy HAL[1] : 109mS.
2026-05-28 16:43:38,782 [INFO] ProjectBuilder:4404 - Project Generator version: 4.1.0
2026-05-28 16:43:39,109 [INFO] ConfigFileManager:1457 - The Die is : DIE410
2026-05-28 16:43:39,111 [INFO] ApiDbMcu:507 - Load IP Config File for FATFS
2026-05-28 16:43:39,116 [INFO] ApiDbMcu:507 - Load IP Config File for FREERTOS
2026-05-28 16:43:39,120 [INFO] ApiDbMcu:507 - Load IP Config File for USB_DEVICE
2026-05-28 16:43:41,460 [INFO] ProjectBuilder:4626 - Time for Generating toolchain IDE Files: 2678mS.
2026-05-28 16:43:41,460 [INFO] ProjectBuilder:2935 - Time for Copy CMSIS : 0mS.
2026-05-28 16:43:41,462 [INFO] ProjectBuilder:2935 - Time for Copy CMSIS : 0mS.
2026-05-28 16:43:41,467 [ERROR] ConfigurationRetriever:142 - IOException on connection: Connect timed out
2026-05-28 16:43:42,027 [INFO] McuFinderGlobals:76 - Set McuFinderConnectedMode to true
2026-05-28 16:43:42,031 [INFO] ApiDb:448 - Save user favorites file C:\Users\Admin/.stm32cubeide/favorites.mcus.txt: 2 item(s)
2026-05-28 16:43:42,031 [INFO] ApiDb:452 - User favorites MCUs=[STM32F103C8T6, STM32F405RGT6]
2026-05-28 16:43:43,626 [ERROR] ConfigurationRetriever:142 - IOException on connection: Connect timed out
2026-05-28 16:43:47,378 [ERROR] ConfigurationRetriever:142 - IOException on connection: Connect timed out
2026-05-28 16:44:42,532 [INFO] Gpio:273 - dependency for GPIO [SYS]
2026-05-28 16:44:51,285 [INFO] Gpio:273 - dependency for GPIO [SYS]
2026-05-28 16:45:06,018 [INFO] NvicIntPanel:101 - NVIC parent = com.st.microxplorer.plugins.ip.nvic.MultiNvicIntPanel[,0,0,0x0,invalid,layout=javax.swing.BoxLayout,alignmentX=0.0,alignmentY=0.0,border=,flags=9,maximumSize=,minimumSize=,preferredSize=]
2026-05-28 16:45:16,913 [INFO] NvicIntPanel:101 - NVIC parent = com.st.microxplorer.plugins.ip.nvic.MultiNvicIntPanel[,0,0,0x0,invalid,layout=javax.swing.BoxLayout,alignmentX=0.0,alignmentY=0.0,border=,flags=9,maximumSize=,minimumSize=,preferredSize=]
2026-05-28 16:45:31,401 [INFO] NvicIntPanel:101 - NVIC parent = com.st.microxplorer.plugins.ip.nvic.MultiNvicIntPanel[,0,0,450x216,layout=javax.swing.BoxLayout,alignmentX=0.0,alignmentY=0.0,border=,flags=9,maximumSize=,minimumSize=,preferredSize=]
2026-05-28 16:45:56,407 [INFO] NvicIntPanel:101 - NVIC parent = com.st.microxplorer.plugins.ip.nvic.MultiNvicIntPanel[,0,0,450x216,layout=javax.swing.BoxLayout,alignmentX=0.0,alignmentY=0.0,border=,flags=9,maximumSize=,minimumSize=,preferredSize=]
2026-05-28 16:46:41,377 [WARN] IP:2114 - I2C_Coeff_DF not found: check if there is a RefParameter without a condition.
2026-05-28 16:46:41,377 [WARN] IP:2114 - Analog_Filter not found: check if there is a RefParameter without a condition.
2026-05-28 16:46:41,387 [WARN] IP:2114 - I2C_Coeff_DF not found: check if there is a RefParameter without a condition.
2026-05-28 16:46:41,387 [WARN] IP:2114 - Analog_Filter not found: check if there is a RefParameter without a condition.
2026-05-28 16:46:41,387 [WARN] IP:2114 - I2C_Coeff_DF not found: check if there is a RefParameter without a condition.
2026-05-28 16:46:41,387 [WARN] IP:2114 - Analog_Filter not found: check if there is a RefParameter without a condition.
2026-05-28 16:46:41,422 [WARN] IP:2114 - I2C_Coeff_DF not found: check if there is a RefParameter without a condition.
2026-05-28 16:46:41,422 [WARN] IP:2114 - Analog_Filter not found: check if there is a RefParameter without a condition.
2026-05-28 16:46:41,425 [WARN] IP:2114 - I2C_Coeff_DF not found: check if there is a RefParameter without a condition.
2026-05-28 16:46:41,425 [WARN] IP:2114 - Analog_Filter not found: check if there is a RefParameter without a condition.
2026-05-28 16:47:03,161 [INFO] NvicIntPanel:101 - NVIC parent = com.st.microxplorer.plugins.ip.nvic.MultiNvicIntPanel[,0,0,0x0,invalid,layout=javax.swing.BoxLayout,alignmentX=0.0,alignmentY=0.0,border=,flags=9,maximumSize=,minimumSize=,preferredSize=]
2026-05-28 16:47:03,209 [INFO] NvicIntPanel:101 - NVIC parent = com.st.microxplorer.plugins.ip.nvic.MultiNvicIntPanel[,0,0,0x0,invalid,layout=javax.swing.BoxLayout,alignmentX=0.0,alignmentY=0.0,border=,flags=9,maximumSize=,minimumSize=,preferredSize=]
2026-05-28 16:47:05,165 [INFO] NvicIntPanel:101 - NVIC parent = com.st.microxplorer.plugins.ip.nvic.MultiNvicIntPanel[,0,0,0x0,invalid,layout=javax.swing.BoxLayout,alignmentX=0.0,alignmentY=0.0,border=,flags=9,maximumSize=,minimumSize=,preferredSize=]
2026-05-28 16:47:05,206 [INFO] NvicIntPanel:101 - NVIC parent = com.st.microxplorer.plugins.ip.nvic.MultiNvicIntPanel[,0,0,0x0,invalid,layout=javax.swing.BoxLayout,alignmentX=0.0,alignmentY=0.0,border=,flags=9,maximumSize=,minimumSize=,preferredSize=]
2026-05-28 16:47:09,637 [INFO] NvicIntPanel:101 - NVIC parent = com.st.microxplorer.plugins.ip.nvic.MultiNvicIntPanel[,0,0,0x0,invalid,layout=javax.swing.BoxLayout,alignmentX=0.0,alignmentY=0.0,border=,flags=9,maximumSize=,minimumSize=,preferredSize=]
2026-05-28 16:47:09,681 [INFO] NvicIntPanel:101 - NVIC parent = com.st.microxplorer.plugins.ip.nvic.MultiNvicIntPanel[,0,0,0x0,invalid,layout=javax.swing.BoxLayout,alignmentX=0.0,alignmentY=0.0,border=,flags=9,maximumSize=,minimumSize=,preferredSize=]
2026-05-28 16:47:55,076 [WARN] IP:2114 - I2C_Coeff_DF not found: check if there is a RefParameter without a condition.
2026-05-28 16:47:55,077 [WARN] IP:2114 - Analog_Filter not found: check if there is a RefParameter without a condition.
2026-05-28 16:47:55,077 [WARN] IP:2114 - I2C_Coeff_DF not found: check if there is a RefParameter without a condition.
2026-05-28 16:47:55,078 [WARN] IP:2114 - Analog_Filter not found: check if there is a RefParameter without a condition.
2026-05-28 16:47:55,089 [WARN] IP:2114 - I2C_Coeff_DF not found: check if there is a RefParameter without a condition.
2026-05-28 16:47:55,089 [WARN] IP:2114 - Analog_Filter not found: check if there is a RefParameter without a condition.
2026-05-28 16:47:55,105 [WARN] IP:2114 - I2C_Coeff_DF not found: check if there is a RefParameter without a condition.
2026-05-28 16:47:55,105 [WARN] IP:2114 - Analog_Filter not found: check if there is a RefParameter without a condition.
2026-05-28 16:48:02,335 [WARN] IP:2114 - I2C_Coeff_DF not found: check if there is a RefParameter without a condition.
2026-05-28 16:48:02,335 [WARN] IP:2114 - Analog_Filter not found: check if there is a RefParameter without a condition.
2026-05-28 16:48:02,336 [WARN] IP:2114 - I2C_Coeff_DF not found: check if there is a RefParameter without a condition.
2026-05-28 16:48:02,336 [WARN] IP:2114 - Analog_Filter not found: check if there is a RefParameter without a condition.
2026-05-28 16:48:02,350 [WARN] IP:2114 - I2C_Coeff_DF not found: check if there is a RefParameter without a condition.
2026-05-28 16:48:02,350 [WARN] IP:2114 - Analog_Filter not found: check if there is a RefParameter without a condition.
2026-05-28 16:48:02,364 [WARN] IP:2114 - I2C_Coeff_DF not found: check if there is a RefParameter without a condition.
2026-05-28 16:48:02,364 [WARN] IP:2114 - Analog_Filter not found: check if there is a RefParameter without a condition.
2026-05-28 16:48:05,784 [WARN] IP:2114 - I2C_Coeff_DF not found: check if there is a RefParameter without a condition.
2026-05-28 16:48:05,784 [WARN] IP:2114 - Analog_Filter not found: check if there is a RefParameter without a condition.
2026-05-28 16:48:05,784 [WARN] IP:2114 - I2C_Coeff_DF not found: check if there is a RefParameter without a condition.
2026-05-28 16:48:05,784 [WARN] IP:2114 - Analog_Filter not found: check if there is a RefParameter without a condition.
2026-05-28 16:48:05,797 [WARN] IP:2114 - I2C_Coeff_DF not found: check if there is a RefParameter without a condition.
2026-05-28 16:48:05,797 [WARN] IP:2114 - Analog_Filter not found: check if there is a RefParameter without a condition.
2026-05-28 16:48:05,809 [WARN] IP:2114 - I2C_Coeff_DF not found: check if there is a RefParameter without a condition.
2026-05-28 16:48:05,809 [WARN] IP:2114 - Analog_Filter not found: check if there is a RefParameter without a condition.
2026-05-28 16:48:10,830 [WARN] IP:2114 - I2C_Coeff_DF not found: check if there is a RefParameter without a condition.
2026-05-28 16:48:10,830 [WARN] IP:2114 - Analog_Filter not found: check if there is a RefParameter without a condition.
2026-05-28 16:48:10,831 [WARN] IP:2114 - I2C_Coeff_DF not found: check if there is a RefParameter without a condition.
2026-05-28 16:48:10,831 [WARN] IP:2114 - Analog_Filter not found: check if there is a RefParameter without a condition.
2026-05-28 16:48:10,841 [WARN] IP:2114 - I2C_Coeff_DF not found: check if there is a RefParameter without a condition.
2026-05-28 16:48:10,841 [WARN] IP:2114 - Analog_Filter not found: check if there is a RefParameter without a condition.
2026-05-28 16:48:10,852 [WARN] IP:2114 - I2C_Coeff_DF not found: check if there is a RefParameter without a condition.
2026-05-28 16:48:10,852 [WARN] IP:2114 - Analog_Filter not found: check if there is a RefParameter without a condition.
2026-05-28 16:48:12,589 [WARN] IP:2114 - I2C_Coeff_DF not found: check if there is a RefParameter without a condition.
2026-05-28 16:48:12,589 [WARN] IP:2114 - Analog_Filter not found: check if there is a RefParameter without a condition.
2026-05-28 16:48:12,589 [WARN] IP:2114 - I2C_Coeff_DF not found: check if there is a RefParameter without a condition.
2026-05-28 16:48:12,590 [WARN] IP:2114 - Analog_Filter not found: check if there is a RefParameter without a condition.
2026-05-28 16:48:12,605 [WARN] IP:2114 - I2C_Coeff_DF not found: check if there is a RefParameter without a condition.
2026-05-28 16:48:12,605 [WARN] IP:2114 - Analog_Filter not found: check if there is a RefParameter without a condition.
2026-05-28 16:48:12,622 [WARN] IP:2114 - I2C_Coeff_DF not found: check if there is a RefParameter without a condition.
2026-05-28 16:48:12,623 [WARN] IP:2114 - Analog_Filter not found: check if there is a RefParameter without a condition.
2026-05-28 17:12:58,323 [INFO] NvicIntPanel:101 - NVIC parent = com.st.microxplorer.plugins.ip.nvic.MultiNvicIntPanel[,0,0,0x0,invalid,layout=javax.swing.BoxLayout,alignmentX=0.0,alignmentY=0.0,border=,flags=9,maximumSize=,minimumSize=,preferredSize=]
2026-05-28 17:13:02,895 [INFO] Gpio:273 - dependency for GPIO [I2C1, SPI1, SYS, USART1]
2026-05-28 17:13:29,309 [INFO] UtilMem:75 - End SaveConfig() Used Memory: 891006488 Bytes (1073741824)
2026-05-28 17:13:29,343 [INFO] UtilMem:75 - End SaveConfig() Used Memory: 907149760 Bytes (1073741824)
2026-05-28 17:13:29,711 [INFO] UtilMem:75 - End SaveConfig() Used Memory: 728339240 Bytes (1073741824)
2026-05-28 17:13:29,823 [INFO] BlockDiagram:2759 - set Specific Code input for plugin: RTC
2026-05-28 17:13:29,823 [INFO] BlockDiagram:2759 - set Specific Code input for plugin: SPI
2026-05-28 17:13:29,823 [INFO] BlockDiagram:2759 - set Specific Code input for plugin: NVIC
2026-05-28 17:13:29,823 [INFO] BlockDiagram:2759 - set Specific Code input for plugin: USART
2026-05-28 17:13:29,823 [INFO] BlockDiagram:2759 - set Specific Code input for plugin: SYS
2026-05-28 17:13:29,823 [INFO] BlockDiagram:2759 - set Specific Code input for plugin: GPIO
2026-05-28 17:13:29,823 [INFO] BlockDiagram:2759 - set Specific Code input for plugin: RCC
2026-05-28 17:13:29,823 [INFO] BlockDiagram:2759 - set Specific Code input for plugin: I2C
2026-05-28 17:13:29,823 [INFO] CodeGenerator:799 - code generatio: config db path: C:\ST\STM32CubeIDE_1.13.1\STM32CubeIDE\plugins\com.st.stm32cube.common.mx_6.9.1.202307191849\\db\
2026-05-28 17:13:29,824 [WARN] IP:2114 - I2C_Coeff_DF not found: check if there is a RefParameter without a condition.
2026-05-28 17:13:29,824 [WARN] IP:2114 - Analog_Filter not found: check if there is a RefParameter without a condition.
2026-05-28 17:13:29,889 [INFO] CodeEngine:255 - oldGeneratedFile, D:\smart_garden\Gateway\MXTmpFiles\license.tmp_save
2026-05-28 17:13:29,939 [INFO] CodeEngine:279 - Generated code: D:\smart_garden\Gateway\MXTmpFiles\license.tmp
2026-05-28 17:13:29,953 [INFO] CodeEngine:255 - oldGeneratedFile, D:\smart_garden\Gateway\MXTmpFiles\gpio.tmp_save
2026-05-28 17:13:29,997 [INFO] CodeEngine:279 - Generated code: D:\smart_garden\Gateway\MXTmpFiles\gpio.tmp
2026-05-28 17:13:30,073 [INFO] CodeEngine:255 - oldGeneratedFile, D:\smart_garden\Gateway\Core\Src\stm32f1xx_it.c_save
2026-05-28 17:13:30,184 [INFO] CodeEngine:279 - Generated code: D:\smart_garden\Gateway\Core\Src\stm32f1xx_it.c
2026-05-28 17:13:30,186 [INFO] CodeEngine:255 - oldGeneratedFile, D:\smart_garden\Gateway\Core\Inc\stm32f1xx_it.h_save
2026-05-28 17:13:30,227 [INFO] CodeEngine:279 - Generated code: D:\smart_garden\Gateway\Core\Inc\stm32f1xx_it.h
2026-05-28 17:13:30,231 [INFO] CodeEngine:255 - oldGeneratedFile, D:\smart_garden\Gateway\Core\Src\stm32f1xx_hal_msp.c_save
2026-05-28 17:13:30,299 [INFO] CodeEngine:279 - Generated code: D:\smart_garden\Gateway\Core\Src\stm32f1xx_hal_msp.c
2026-05-28 17:13:30,301 [INFO] CodeEngine:255 - oldGeneratedFile, D:\smart_garden\Gateway\MXTmpFiles\system.tmp_save
2026-05-28 17:13:30,341 [INFO] CodeEngine:279 - Generated code: D:\smart_garden\Gateway\MXTmpFiles\system.tmp
2026-05-28 17:13:30,345 [INFO] CodeEngine:311 - oldGeneratedFile, D:\smart_garden\Gateway\Core\Inc\stm32f1xx_hal_conf.h_save
2026-05-28 17:13:30,389 [INFO] CodeEngine:335 - Generated code: D:\smart_garden\Gateway\Core\Inc\stm32f1xx_hal_conf.h
2026-05-28 17:13:30,399 [INFO] CodeEngine:255 - oldGeneratedFile, D:\smart_garden\Gateway\Core\Inc\main.h_save
2026-05-28 17:13:30,456 [INFO] CodeEngine:279 - Generated code: D:\smart_garden\Gateway\Core\Inc\main.h
2026-05-28 17:13:30,459 [INFO] CodeEngine:255 - oldGeneratedFile, D:\smart_garden\Gateway\Core\Src\main.c_save
2026-05-28 17:13:30,535 [INFO] CodeEngine:279 - Generated code: D:\smart_garden\Gateway\Core\Src\main.c
2026-05-28 17:13:30,928 [INFO] ProjectBuilder:3064 - Time for Copy HAL[1] : 90mS.
2026-05-28 17:13:30,930 [INFO] ProjectBuilder:4404 - Project Generator version: 4.1.0
2026-05-28 17:13:31,104 [INFO] ConfigFileManager:1457 - The Die is : DIE410
2026-05-28 17:13:32,336 [INFO] ProjectBuilder:4626 - Time for Generating toolchain IDE Files: 1406mS.
2026-05-28 17:13:32,337 [INFO] ProjectBuilder:2935 - Time for Copy CMSIS : 0mS.
2026-05-28 17:13:32,338 [INFO] ProjectBuilder:2935 - Time for Copy CMSIS : 0mS.
2026-05-28 17:13:34,368 [ERROR] ConfigurationRetriever:142 - IOException on connection: Connect timed out
2026-05-28 17:13:34,862 [ERROR] ConfigurationRetriever:142 - IOException on connection: Connect timed out
2026-05-28 17:13:36,863 [ERROR] ConfigurationRetriever:142 - IOException on connection: Connect timed out
2026-05-28 17:13:39,369 [ERROR] ConfigurationRetriever:142 - IOException on connection: Connect timed out
2026-05-28 17:14:03,432 [INFO] NvicIntPanel:101 - NVIC parent = com.st.microxplorer.plugins.ip.nvic.MultiNvicIntPanel[,0,0,0x0,invalid,layout=javax.swing.BoxLayout,alignmentX=0.0,alignmentY=0.0,border=,flags=9,maximumSize=,minimumSize=,preferredSize=]
2026-05-28 17:14:06,629 [INFO] NvicIntPanel:101 - NVIC parent = com.st.microxplorer.plugins.ip.nvic.MultiNvicIntPanel[,0,0,0x0,invalid,layout=javax.swing.BoxLayout,alignmentX=0.0,alignmentY=0.0,border=,flags=9,maximumSize=,minimumSize=,preferredSize=]
2026-05-28 17:14:06,659 [INFO] NvicIntPanel:101 - NVIC parent = com.st.microxplorer.plugins.ip.nvic.MultiNvicIntPanel[,0,0,0x0,invalid,layout=javax.swing.BoxLayout,alignmentX=0.0,alignmentY=0.0,border=,flags=9,maximumSize=,minimumSize=,preferredSize=]
2026-05-28 17:14:07,445 [INFO] NvicIntPanel:101 - NVIC parent = com.st.microxplorer.plugins.ip.nvic.MultiNvicIntPanel[,0,0,0x0,invalid,layout=javax.swing.BoxLayout,alignmentX=0.0,alignmentY=0.0,border=,flags=9,maximumSize=,minimumSize=,preferredSize=]
2026-05-28 17:14:07,472 [INFO] NvicIntPanel:101 - NVIC parent = com.st.microxplorer.plugins.ip.nvic.MultiNvicIntPanel[,0,0,0x0,invalid,layout=javax.swing.BoxLayout,alignmentX=0.0,alignmentY=0.0,border=,flags=9,maximumSize=,minimumSize=,preferredSize=]
2026-05-28 17:14:08,065 [INFO] NvicIntPanel:101 - NVIC parent = com.st.microxplorer.plugins.ip.nvic.MultiNvicIntPanel[,0,0,0x0,invalid,layout=javax.swing.BoxLayout,alignmentX=0.0,alignmentY=0.0,border=,flags=9,maximumSize=,minimumSize=,preferredSize=]
2026-05-28 17:14:08,100 [INFO] NvicIntPanel:101 - NVIC parent = com.st.microxplorer.plugins.ip.nvic.MultiNvicIntPanel[,0,0,0x0,invalid,layout=javax.swing.BoxLayout,alignmentX=0.0,alignmentY=0.0,border=,flags=9,maximumSize=,minimumSize=,preferredSize=]
2026-05-28 17:14:10,143 [INFO] NvicIntPanel:101 - NVIC parent = com.st.microxplorer.plugins.ip.nvic.MultiNvicIntPanel[,0,0,0x0,invalid,layout=javax.swing.BoxLayout,alignmentX=0.0,alignmentY=0.0,border=,flags=9,maximumSize=,minimumSize=,preferredSize=]
2026-05-28 17:14:10,170 [INFO] NvicIntPanel:101 - NVIC parent = com.st.microxplorer.plugins.ip.nvic.MultiNvicIntPanel[,0,0,0x0,invalid,layout=javax.swing.BoxLayout,alignmentX=0.0,alignmentY=0.0,border=,flags=9,maximumSize=,minimumSize=,preferredSize=]
2026-05-28 17:14:11,865 [INFO] NvicIntPanel:101 - NVIC parent = com.st.microxplorer.plugins.ip.nvic.MultiNvicIntPanel[,0,0,0x0,invalid,layout=javax.swing.BoxLayout,alignmentX=0.0,alignmentY=0.0,border=,flags=9,maximumSize=,minimumSize=,preferredSize=]
2026-05-28 17:14:13,529 [INFO] NvicIntPanel:101 - NVIC parent = com.st.microxplorer.plugins.ip.nvic.MultiNvicIntPanel[,0,0,0x0,invalid,layout=javax.swing.BoxLayout,alignmentX=0.0,alignmentY=0.0,border=,flags=9,maximumSize=,minimumSize=,preferredSize=]
2026-05-28 17:14:26,183 [INFO] UtilMem:75 - End SaveConfig() Used Memory: 772287960 Bytes (1073741824)
2026-05-28 17:14:26,217 [INFO] UtilMem:75 - End SaveConfig() Used Memory: 784348632 Bytes (1073741824)
2026-05-28 17:14:26,503 [INFO] UtilMem:75 - End SaveConfig() Used Memory: 756607640 Bytes (1073741824)
2026-05-28 17:14:26,607 [INFO] BlockDiagram:2759 - set Specific Code input for plugin: RTC
2026-05-28 17:14:26,608 [INFO] BlockDiagram:2759 - set Specific Code input for plugin: SPI
2026-05-28 17:14:26,608 [INFO] BlockDiagram:2759 - set Specific Code input for plugin: NVIC
2026-05-28 17:14:26,608 [INFO] BlockDiagram:2759 - set Specific Code input for plugin: USART
2026-05-28 17:14:26,608 [INFO] BlockDiagram:2759 - set Specific Code input for plugin: SYS
2026-05-28 17:14:26,608 [INFO] BlockDiagram:2759 - set Specific Code input for plugin: GPIO
2026-05-28 17:14:26,608 [INFO] BlockDiagram:2759 - set Specific Code input for plugin: RCC
2026-05-28 17:14:26,608 [INFO] BlockDiagram:2759 - set Specific Code input for plugin: I2C
2026-05-28 17:14:26,608 [INFO] CodeGenerator:799 - code generatio: config db path: C:\ST\STM32CubeIDE_1.13.1\STM32CubeIDE\plugins\com.st.stm32cube.common.mx_6.9.1.202307191849\\db\
2026-05-28 17:14:26,609 [WARN] IP:2114 - I2C_Coeff_DF not found: check if there is a RefParameter without a condition.
2026-05-28 17:14:26,609 [WARN] IP:2114 - Analog_Filter not found: check if there is a RefParameter without a condition.
2026-05-28 17:14:26,686 [INFO] CodeEngine:255 - oldGeneratedFile, D:\smart_garden\Gateway\MXTmpFiles\license.tmp_save
2026-05-28 17:14:26,742 [INFO] CodeEngine:279 - Generated code: D:\smart_garden\Gateway\MXTmpFiles\license.tmp
2026-05-28 17:14:26,753 [INFO] CodeEngine:255 - oldGeneratedFile, D:\smart_garden\Gateway\MXTmpFiles\gpio.tmp_save
2026-05-28 17:14:26,812 [INFO] CodeEngine:279 - Generated code: D:\smart_garden\Gateway\MXTmpFiles\gpio.tmp
2026-05-28 17:14:26,895 [INFO] CodeEngine:255 - oldGeneratedFile, D:\smart_garden\Gateway\Core\Src\stm32f1xx_it.c_save
2026-05-28 17:14:27,039 [INFO] CodeEngine:279 - Generated code: D:\smart_garden\Gateway\Core\Src\stm32f1xx_it.c
2026-05-28 17:14:27,041 [INFO] CodeEngine:255 - oldGeneratedFile, D:\smart_garden\Gateway\Core\Inc\stm32f1xx_it.h_save
2026-05-28 17:14:27,083 [INFO] CodeEngine:279 - Generated code: D:\smart_garden\Gateway\Core\Inc\stm32f1xx_it.h
2026-05-28 17:14:27,088 [INFO] CodeEngine:255 - oldGeneratedFile, D:\smart_garden\Gateway\Core\Src\stm32f1xx_hal_msp.c_save
2026-05-28 17:14:27,159 [INFO] CodeEngine:279 - Generated code: D:\smart_garden\Gateway\Core\Src\stm32f1xx_hal_msp.c
2026-05-28 17:14:27,161 [INFO] CodeEngine:255 - oldGeneratedFile, D:\smart_garden\Gateway\MXTmpFiles\system.tmp_save
2026-05-28 17:14:27,200 [INFO] CodeEngine:279 - Generated code: D:\smart_garden\Gateway\MXTmpFiles\system.tmp
2026-05-28 17:14:27,203 [INFO] CodeEngine:311 - oldGeneratedFile, D:\smart_garden\Gateway\Core\Inc\stm32f1xx_hal_conf.h_save
2026-05-28 17:14:27,245 [INFO] CodeEngine:335 - Generated code: D:\smart_garden\Gateway\Core\Inc\stm32f1xx_hal_conf.h
2026-05-28 17:14:27,255 [INFO] CodeEngine:255 - oldGeneratedFile, D:\smart_garden\Gateway\Core\Inc\main.h_save
2026-05-28 17:14:27,302 [INFO] CodeEngine:279 - Generated code: D:\smart_garden\Gateway\Core\Inc\main.h
2026-05-28 17:14:27,304 [INFO] CodeEngine:255 - oldGeneratedFile, D:\smart_garden\Gateway\Core\Src\main.c_save
2026-05-28 17:14:27,367 [INFO] CodeEngine:279 - Generated code: D:\smart_garden\Gateway\Core\Src\main.c
2026-05-28 17:14:27,729 [INFO] ProjectBuilder:3064 - Time for Copy HAL[1] : 79mS.
2026-05-28 17:14:27,731 [INFO] ProjectBuilder:4404 - Project Generator version: 4.1.0
2026-05-28 17:14:27,918 [INFO] ConfigFileManager:1457 - The Die is : DIE410
2026-05-28 17:14:29,061 [INFO] ProjectBuilder:4626 - Time for Generating toolchain IDE Files: 1329mS.
2026-05-28 17:14:29,061 [INFO] ProjectBuilder:2935 - Time for Copy CMSIS : 0mS.
2026-05-28 17:14:29,062 [INFO] ProjectBuilder:2935 - Time for Copy CMSIS : 0mS.
2026-05-28 17:14:31,109 [ERROR] ConfigurationRetriever:142 - IOException on connection: Connect timed out
2026-05-28 17:15:41,640 [WARN] IP:2114 - I2C_Coeff_DF not found: check if there is a RefParameter without a condition.
2026-05-28 17:15:41,640 [WARN] IP:2114 - Analog_Filter not found: check if there is a RefParameter without a condition.
2026-05-28 17:15:41,641 [WARN] IP:2114 - I2C_Coeff_DF not found: check if there is a RefParameter without a condition.
2026-05-28 17:15:41,641 [WARN] IP:2114 - Analog_Filter not found: check if there is a RefParameter without a condition.
2026-05-28 17:34:33,777 [ERROR] ConfigurationRetriever:142 - IOException on connection: Connect timed out
2026-05-28 17:34:35,895 [ERROR] LogOutputStream:75 - [STDERR_REDIRECT] 
