2026-05-06 17:15:37,570 [INFO] Activator:176 - 


2026-05-06 17:15:37,571 [INFO] Activator:177 - !SESSION log4j initialized
2026-05-06 17:15:40,460 [INFO] LogOutputStream:77 - [STDOUT_REDIRECT] 
2026-05-06 17:15:42,348 [INFO] ApplicationProperties:184 - Using Application install path: C:\ST\STM32CubeIDE_1.13.0\STM32CubeIDE\plugins\com.st.stm32cube.common.mx_6.9.0.202307051724
2026-05-06 17:15:42,367 [INFO] DbMcusXml:78 - Set database path to: C:\ST\STM32CubeIDE_1.13.0\STM32CubeIDE\plugins\com.st.stm32cube.common.mx_6.9.0.202307051724\\db\/mcu/
2026-05-06 17:15:42,367 [INFO] ApiDb:274 - Set plugin database path to: C:\ST\STM32CubeIDE_1.13.0\STM32CubeIDE\plugins\com.st.stm32cube.common.mx_6.9.0.202307051724\\db\/plugins/boardmanager/
2026-05-06 17:15:42,368 [WARN] ApiDb:259 - Overriding images path with different value:  => C:\ST\STM32CubeIDE_1.13.0\STM32CubeIDE\plugins\com.st.stm32cube.common.mx_6.9.0.202307051724\\db\/plugins/mcufinder/images/
2026-05-06 17:15:42,385 [INFO] ApiDb:250 - Set database path to: C:\Users\James Kennedy\.stmcufinder\plugins\mcufinder//mcu/
2026-05-06 17:15:42,386 [INFO] DbMcusAds:125 - Set database path to: C:\Users\James Kennedy\.stmcufinder\plugins\mcufinder//mcu/
2026-05-06 17:15:42,388 [INFO] CrossReferenceDbSqlite:203 - Set database path to: C:\Users\James Kennedy\.stmcufinder\plugins\mcufinder//mcu/cs/
2026-05-06 17:15:42,496 [INFO] RulesReader:64 - Compatibility file has been processed (293 Rules)
2026-05-06 17:15:42,580 [INFO] DbMcusXml:78 - Set database path to: C:\ST\STM32CubeIDE_1.13.0\STM32CubeIDE\plugins\com.st.stm32cube.common.mx_6.9.0.202307051724\\db\/mcu/
2026-05-06 17:15:42,580 [INFO] ApiDb:274 - Set plugin database path to: C:\ST\STM32CubeIDE_1.13.0\STM32CubeIDE\plugins\com.st.stm32cube.common.mx_6.9.0.202307051724\\db\/plugins/boardmanager/
2026-05-06 17:15:42,580 [INFO] ApiDb:261 - Set plugin images path to: C:\ST\STM32CubeIDE_1.13.0\STM32CubeIDE\plugins\com.st.stm32cube.common.mx_6.9.0.202307051724\\db\/plugins/mcufinder/images/
2026-05-06 17:15:42,580 [WARN] DbFile:41 - Overriding database path with different value: C:\Users\James Kennedy\.stmcufinder\plugins\mcufinder/ => C:\Users\James Kennedy\.stmcufinder\plugins\mcufinder
2026-05-06 17:15:42,580 [INFO] ApiDb:250 - Set database path to: C:\Users\James Kennedy\.stmcufinder\plugins\mcufinder//mcu/
2026-05-06 17:15:42,581 [WARN] DbFile:41 - Overriding database path with different value: C:\Users\James Kennedy\.stmcufinder\plugins\mcufinder/ => C:\Users\James Kennedy\.stmcufinder\plugins\mcufinder
2026-05-06 17:15:42,581 [INFO] DbMcusAds:125 - Set database path to: C:\Users\James Kennedy\.stmcufinder\plugins\mcufinder//mcu/
2026-05-06 17:15:42,581 [WARN] DbFile:41 - Overriding database path with different value: C:\Users\James Kennedy\.stmcufinder\plugins\mcufinder/ => C:\Users\James Kennedy\.stmcufinder\plugins\mcufinder
2026-05-06 17:15:42,581 [WARN] DbFile:41 - Overriding database path with different value: C:\Users\James Kennedy\.stmcufinder\plugins\mcufinder/ => C:\Users\James Kennedy\.stmcufinder\plugins\mcufinder
2026-05-06 17:15:42,581 [INFO] CrossReferenceDbSqlite:203 - Set database path to: C:\Users\James Kennedy\.stmcufinder\plugins\mcufinder//mcu/cs/
2026-05-06 17:15:42,678 [INFO] MainPanel:262 - HeapMemory: 268435456
2026-05-06 17:15:42,773 [INFO] DbMcusXml:78 - Set database path to: C:\ST\STM32CubeIDE_1.13.0\STM32CubeIDE\plugins\com.st.stm32cube.common.mx_6.9.0.202307051724\\db\/mcu/
2026-05-06 17:15:42,773 [INFO] ApiDb:274 - Set plugin database path to: C:\ST\STM32CubeIDE_1.13.0\STM32CubeIDE\plugins\com.st.stm32cube.common.mx_6.9.0.202307051724\\db\/plugins/boardmanager/
2026-05-06 17:15:42,773 [INFO] ApiDb:261 - Set plugin images path to: C:\ST\STM32CubeIDE_1.13.0\STM32CubeIDE\plugins\com.st.stm32cube.common.mx_6.9.0.202307051724\\db\/plugins/mcufinder/images/
2026-05-06 17:15:42,774 [WARN] DbFile:41 - Overriding database path with different value: C:\Users\James Kennedy\.stmcufinder\plugins\mcufinder/ => C:\Users\James Kennedy\.stmcufinder\plugins\mcufinder
2026-05-06 17:15:42,774 [INFO] ApiDb:250 - Set database path to: C:\Users\James Kennedy\.stmcufinder\plugins\mcufinder//mcu/
2026-05-06 17:15:42,774 [WARN] DbFile:41 - Overriding database path with different value: C:\Users\James Kennedy\.stmcufinder\plugins\mcufinder/ => C:\Users\James Kennedy\.stmcufinder\plugins\mcufinder
2026-05-06 17:15:42,774 [INFO] DbMcusAds:125 - Set database path to: C:\Users\James Kennedy\.stmcufinder\plugins\mcufinder//mcu/
2026-05-06 17:15:42,774 [WARN] DbFile:41 - Overriding database path with different value: C:\Users\James Kennedy\.stmcufinder\plugins\mcufinder/ => C:\Users\James Kennedy\.stmcufinder\plugins\mcufinder
2026-05-06 17:15:42,774 [WARN] DbFile:41 - Overriding database path with different value: C:\Users\James Kennedy\.stmcufinder\plugins\mcufinder/ => C:\Users\James Kennedy\.stmcufinder\plugins\mcufinder
2026-05-06 17:15:42,774 [INFO] CrossReferenceDbSqlite:203 - Set database path to: C:\Users\James Kennedy\.stmcufinder\plugins\mcufinder//mcu/cs/
2026-05-06 17:15:42,791 [INFO] ApplicationProperties:184 - Using Application install path: C:\ST\STM32CubeIDE_1.13.0\STM32CubeIDE\plugins\com.st.stm32cube.common.mx_6.9.0.202307051724
2026-05-06 17:15:42,792 [INFO] PluginManage:196 - Search for loadable plugins [exclusion list=, ]
2026-05-06 17:15:42,794 [INFO] PluginManage:310 - Check plugin analytics
2026-05-06 17:15:42,935 [INFO] AnalyticsPlugin:253 - Accepted Software Licenses: STM32CubeMX.6.16.1
2026-05-06 17:15:42,935 [INFO] AnalyticsPlugin:255 - Accepted CMSIS Pack Licenses: 
2026-05-06 17:15:42,935 [INFO] AnalyticsPlugin:257 - Accepted Firmware Licenses: 
2026-05-06 17:15:42,938 [INFO] PluginManage:359 - Loaded plugin analytics (category:tool,tabindex:-1)
2026-05-06 17:15:42,938 [INFO] PluginManage:310 - Check plugin cadmodel
2026-05-06 17:15:42,959 [INFO] CADModel:105 - Init CAD model plugin
2026-05-06 17:15:42,959 [INFO] PluginManage:359 - Loaded plugin cadmodel (category:power,tabindex:5)
2026-05-06 17:15:42,959 [INFO] PluginManage:310 - Check plugin clock
2026-05-06 17:15:42,982 [INFO] PluginManage:359 - Loaded plugin clock (category:base,tabindex:2)
2026-05-06 17:15:42,982 [INFO] PluginManage:310 - Check plugin ddr
2026-05-06 17:15:42,985 [INFO] PluginManage:359 - Loaded plugin ddr (category:tool,tabindex:6)
2026-05-06 17:15:42,986 [INFO] PluginManage:310 - Check plugin filemanager
2026-05-06 17:15:43,107 [INFO] PluginManage:359 - Loaded plugin filemanager (category:base,tabindex:10)
2026-05-06 17:15:43,108 [INFO] PluginManage:310 - Check plugin ipmanager
2026-05-06 17:15:43,114 [INFO] PluginManage:359 - Loaded plugin ipmanager (category:base,tabindex:5)
2026-05-06 17:15:43,115 [INFO] PluginManage:310 - Check plugin lpbam
2026-05-06 17:15:43,131 [INFO] PluginManage:359 - Loaded plugin lpbam (category:base,tabindex:0)
2026-05-06 17:15:43,131 [INFO] PluginManage:310 - Check plugin memorymap
2026-05-06 17:15:43,156 [INFO] PluginManage:359 - Loaded plugin memorymap (category:base,tabindex:4)
2026-05-06 17:15:43,156 [INFO] PluginManage:310 - Check plugin pinoutandconfiguration
2026-05-06 17:15:43,174 [INFO] PluginManage:359 - Loaded plugin pinoutandconfiguration (category:base,tabindex:1)
2026-05-06 17:15:43,174 [INFO] PluginManage:310 - Check plugin pinoutconfig
2026-05-06 17:15:43,319 [WARN] SupportedApi:132 - Cannot load RTOS API schema: s4s-elt-must-match.1: The content of 'definitions' must match (annotation?, (simpleType | complexType)?, (unique | key | keyref)*)). A problem was found starting at: attribute.
2026-05-06 17:15:43,466 [INFO] PluginManage:359 - Loaded plugin pinoutconfig (category:base,tabindex:0)
2026-05-06 17:15:43,466 [INFO] PluginManage:310 - Check plugin power
2026-05-06 17:15:43,491 [INFO] PluginManage:359 - Loaded plugin power (category:power,tabindex:4)
2026-05-06 17:15:43,492 [INFO] PluginManage:310 - Check plugin projectmanager
2026-05-06 17:15:43,504 [INFO] PluginManage:359 - Loaded plugin projectmanager (category:projectmanager,tabindex:3)
2026-05-06 17:15:43,504 [INFO] PluginManage:310 - Check plugin thirdparty
2026-05-06 17:15:43,813 [INFO] PluginManage:359 - Loaded plugin thirdparty (category:base,tabindex:-1)
2026-05-06 17:15:43,813 [WARN] IntegrityCheckThread:84 - waiting for thirdparty lock release [integrity check]
2026-05-06 17:15:43,813 [INFO] IntegrityCheckThread:86 - entering critical section [integrity check]
2026-05-06 17:15:43,813 [INFO] PluginManage:310 - Check plugin tools
2026-05-06 17:15:43,814 [INFO] ThirdPartyUpdaterWithRetryManager:70 - Updater plugin not ready yet. [1/15]
2026-05-06 17:15:43,855 [INFO] PluginManage:359 - Loaded plugin tools (category:base,tabindex:7)
2026-05-06 17:15:43,855 [INFO] PluginManage:310 - Check plugin tutovideos
2026-05-06 17:15:44,031 [INFO] PluginManage:359 - Loaded plugin tutovideos (category:base,tabindex:-1)
2026-05-06 17:15:44,032 [INFO] PluginManage:310 - Check plugin updater
2026-05-06 17:15:44,045 [INFO] PluginManage:359 - Loaded plugin updater (category:base,tabindex:12)
2026-05-06 17:15:44,045 [INFO] PluginManage:310 - Check plugin userauth
2026-05-06 17:15:44,052 [INFO] UserAuth:113 - Init User Auth plugin
2026-05-06 17:15:44,052 [INFO] PluginManage:359 - Loaded plugin userauth (category:base,tabindex:14)
2026-05-06 17:15:44,053 [INFO] PluginManage:283 - PluginManage : Loaded plugins [17]
2026-05-06 17:15:44,253 [INFO] PinOutPanel:1499 - setPackage(No Configuration,No Configuration)
2026-05-06 17:15:44,368 [INFO] CADModel:165 - CPN selected for project level
2026-05-06 17:15:44,369 [INFO] CADModel:114 - Register for checkConnection events
2026-05-06 17:15:44,396 [INFO] IPUIPlugin:80 - create IPUIPlugin
2026-05-06 17:15:44,397 [INFO] PluginManager:220 - loadIPPluginJar : add adc
2026-05-06 17:15:44,437 [INFO] IPUIPlugin:80 - create IPUIPlugin
2026-05-06 17:15:44,437 [INFO] PluginManager:220 - loadIPPluginJar : add aes
2026-05-06 17:15:44,483 [INFO] IPUIPlugin:80 - create IPUIPlugin
2026-05-06 17:15:44,483 [INFO] PluginManager:220 - loadIPPluginJar : add can
2026-05-06 17:15:44,507 [INFO] IPUIPlugin:80 - create IPUIPlugin
2026-05-06 17:15:44,507 [INFO] PluginManager:220 - loadIPPluginJar : add comp
2026-05-06 17:15:44,543 [INFO] IPUIPlugin:80 - create IPUIPlugin
2026-05-06 17:15:44,543 [INFO] PluginManager:220 - loadIPPluginJar : add cryp
2026-05-06 17:15:44,574 [INFO] IPUIPlugin:80 - create IPUIPlugin
2026-05-06 17:15:44,574 [INFO] PluginManager:220 - loadIPPluginJar : add dfsdm
2026-05-06 17:15:44,588 [INFO] IPUIPlugin:80 - create IPUIPlugin
2026-05-06 17:15:44,588 [INFO] PluginManager:220 - loadIPPluginJar : add dma
2026-05-06 17:15:44,634 [INFO] IPUIPlugin:80 - create IPUIPlugin
2026-05-06 17:15:44,634 [INFO] PluginManager:220 - loadIPPluginJar : add dma3
2026-05-06 17:15:44,655 [INFO] IPUIPlugin:80 - create IPUIPlugin
2026-05-06 17:15:44,655 [INFO] PluginManager:220 - loadIPPluginJar : add fatfs
2026-05-06 17:15:44,701 [INFO] IPUIPlugin:80 - create IPUIPlugin
2026-05-06 17:15:44,701 [INFO] PluginManager:220 - loadIPPluginJar : add fmc
2026-05-06 17:15:44,715 [INFO] IPUIPlugin:80 - create IPUIPlugin
2026-05-06 17:15:44,715 [INFO] PluginManager:220 - loadIPPluginJar : add freertos
2026-05-06 17:15:44,739 [INFO] IPUIPlugin:80 - create IPUIPlugin
2026-05-06 17:15:44,739 [INFO] PluginManager:220 - loadIPPluginJar : add genericplugin
2026-05-06 17:15:44,839 [INFO] IPUIPlugin:80 - create IPUIPlugin
2026-05-06 17:15:44,839 [INFO] PluginManager:220 - loadIPPluginJar : add gfxmmu
2026-05-06 17:15:44,969 [INFO] IPUIPlugin:80 - create IPUIPlugin
2026-05-06 17:15:44,969 [INFO] PluginManager:220 - loadIPPluginJar : add gic
2026-05-06 17:15:44,982 [INFO] IPUIPlugin:80 - create IPUIPlugin
2026-05-06 17:15:44,983 [INFO] PluginManager:220 - loadIPPluginJar : add gpio
2026-05-06 17:15:45,071 [INFO] IPUIPlugin:80 - create IPUIPlugin
2026-05-06 17:15:45,071 [INFO] PluginManager:220 - loadIPPluginJar : add gtzc
2026-05-06 17:15:45,105 [INFO] IPUIPlugin:80 - create IPUIPlugin
2026-05-06 17:15:45,105 [INFO] PluginManager:220 - loadIPPluginJar : add hash
2026-05-06 17:15:45,164 [INFO] IPUIPlugin:80 - create IPUIPlugin
2026-05-06 17:15:45,164 [INFO] PluginManager:220 - loadIPPluginJar : add i2c
2026-05-06 17:15:45,203 [INFO] IPUIPlugin:80 - create IPUIPlugin
2026-05-06 17:15:45,203 [INFO] PluginManager:220 - loadIPPluginJar : add i2s
2026-05-06 17:15:45,242 [INFO] IPUIPlugin:80 - create IPUIPlugin
2026-05-06 17:15:45,242 [INFO] PluginManager:220 - loadIPPluginJar : add i3c
2026-05-06 17:15:45,334 [INFO] IPUIPlugin:80 - create IPUIPlugin
2026-05-06 17:15:45,334 [INFO] PluginManager:220 - loadIPPluginJar : add ipddr
2026-05-06 17:15:45,422 [INFO] IPUIPlugin:80 - create IPUIPlugin
2026-05-06 17:15:45,422 [INFO] PluginManager:220 - loadIPPluginJar : add linkedlist
2026-05-06 17:15:45,454 [INFO] IPUIPlugin:80 - create IPUIPlugin
2026-05-06 17:15:45,454 [INFO] PluginManager:220 - loadIPPluginJar : add lorawan
2026-05-06 17:15:45,488 [INFO] IPUIPlugin:80 - create IPUIPlugin
2026-05-06 17:15:45,488 [INFO] PluginManager:220 - loadIPPluginJar : add ltdc
2026-05-06 17:15:45,500 [INFO] IPUIPlugin:80 - create IPUIPlugin
2026-05-06 17:15:45,500 [INFO] PluginManager:220 - loadIPPluginJar : add mdma
2026-05-06 17:15:45,510 [INFO] IPUIPlugin:80 - create IPUIPlugin
2026-05-06 17:15:45,510 [INFO] PluginManager:220 - loadIPPluginJar : add nvic
2026-05-06 17:15:45,543 [INFO] IPUIPlugin:80 - create IPUIPlugin
2026-05-06 17:15:45,543 [INFO] PluginManager:220 - loadIPPluginJar : add opamp
2026-05-06 17:15:45,598 [INFO] IPUIPlugin:80 - create IPUIPlugin
2026-05-06 17:15:45,598 [INFO] PluginManager:220 - loadIPPluginJar : add openamp
2026-05-06 17:15:45,639 [INFO] IPUIPlugin:80 - create IPUIPlugin
2026-05-06 17:15:45,639 [INFO] PluginManager:220 - loadIPPluginJar : add pdm2pcm
2026-05-06 17:15:45,652 [INFO] IPUIPlugin:80 - create IPUIPlugin
2026-05-06 17:15:45,653 [INFO] PluginManager:220 - loadIPPluginJar : add plateformsettings
2026-05-06 17:15:45,674 [INFO] IPUIPlugin:80 - create IPUIPlugin
2026-05-06 17:15:45,674 [INFO] PluginManager:220 - loadIPPluginJar : add quadspi
2026-05-06 17:15:45,686 [INFO] IPUIPlugin:80 - create IPUIPlugin
2026-05-06 17:15:45,686 [INFO] PluginManager:220 - loadIPPluginJar : add resmgrutility
2026-05-06 17:15:45,735 [INFO] IPUIPlugin:80 - create IPUIPlugin
2026-05-06 17:15:45,735 [INFO] PluginManager:220 - loadIPPluginJar : add sai
2026-05-06 17:15:45,772 [INFO] IPUIPlugin:80 - create IPUIPlugin
2026-05-06 17:15:45,772 [INFO] PluginManager:220 - loadIPPluginJar : add spi
2026-05-06 17:15:45,824 [INFO] IPUIPlugin:80 - create IPUIPlugin
2026-05-06 17:15:45,825 [INFO] PluginManager:220 - loadIPPluginJar : add stm32_wpan
2026-05-06 17:15:45,846 [INFO] IPUIPlugin:80 - create IPUIPlugin
2026-05-06 17:15:45,846 [INFO] PluginManager:220 - loadIPPluginJar : add tim
2026-05-06 17:15:45,896 [INFO] IPUIPlugin:80 - create IPUIPlugin
2026-05-06 17:15:45,896 [INFO] PluginManager:220 - loadIPPluginJar : add touchsensing
2026-05-06 17:15:45,916 [INFO] IPUIPlugin:80 - create IPUIPlugin
2026-05-06 17:15:45,917 [INFO] PluginManager:220 - loadIPPluginJar : add tracer_emb
2026-05-06 17:15:45,938 [INFO] IPUIPlugin:80 - create IPUIPlugin
2026-05-06 17:15:45,938 [INFO] PluginManager:220 - loadIPPluginJar : add ts
2026-05-06 17:15:45,958 [INFO] IPUIPlugin:80 - create IPUIPlugin
2026-05-06 17:15:45,958 [INFO] PluginManager:220 - loadIPPluginJar : add tsc
2026-05-06 17:15:45,979 [INFO] IPUIPlugin:80 - create IPUIPlugin
2026-05-06 17:15:45,979 [INFO] PluginManager:220 - loadIPPluginJar : add ucpd
2026-05-06 17:15:46,019 [INFO] IPUIPlugin:80 - create IPUIPlugin
2026-05-06 17:15:46,019 [INFO] PluginManager:220 - loadIPPluginJar : add usart
2026-05-06 17:15:46,058 [INFO] IPUIPlugin:80 - create IPUIPlugin
2026-05-06 17:15:46,058 [INFO] PluginManager:220 - loadIPPluginJar : add usbx
2026-05-06 17:15:46,175 [INFO] CADModel:165 - CPN selected for project level
2026-05-06 17:15:46,176 [INFO] CADModel:114 - Register for checkConnection events
2026-05-06 17:15:46,176 [FATAL] Updater:308 - Updater called before beeing initialized
2026-05-06 17:15:46,176 [ERROR] CADModel:125 - Updater not yet initialized, retry later 
2026-05-06 17:15:46,275 [INFO] CADModel:165 - CPN selected for project level
2026-05-06 17:15:46,275 [INFO] CADModel:114 - Register for checkConnection events
2026-05-06 17:15:46,275 [FATAL] Updater:308 - Updater called before beeing initialized
2026-05-06 17:15:46,275 [ERROR] CADModel:125 - Updater not yet initialized, retry later 
2026-05-06 17:15:46,278 [FATAL] Updater:308 - Updater called before beeing initialized
2026-05-06 17:15:46,386 [FATAL] Updater:308 - Updater called before beeing initialized
2026-05-06 17:15:46,406 [INFO] DbMcusAds:53 - JSON generation date=Fri Apr 10 16:19:02 ICT 2026 (1775812742310)
2026-05-06 17:15:46,406 [FATAL] Updater:308 - Updater called before beeing initialized
2026-05-06 17:15:46,503 [WARN] DetailPanel:346 - Failed to get advertising image, set to default
2026-05-06 17:15:46,601 [FATAL] Updater:308 - Updater called before beeing initialized
2026-05-06 17:15:46,603 [FATAL] Updater:308 - Updater called before beeing initialized
2026-05-06 17:15:46,603 [FATAL] Updater:308 - Updater called before beeing initialized
2026-05-06 17:15:46,603 [WARN] DetailPanel:346 - Failed to get advertising image, set to default
2026-05-06 17:15:46,604 [FATAL] Updater:308 - Updater called before beeing initialized
2026-05-06 17:15:46,673 [ERROR] Updater:1120 - MainUpdater not yet initialized. External WinMGr cannot be set.
2026-05-06 17:15:46,689 [INFO] Updater:1056 - Updater Version found : 6.9.0
2026-05-06 17:15:46,710 [INFO] ApplicationProperties:184 - Using Application install path: C:\ST\STM32CubeIDE_1.13.0\STM32CubeIDE\plugins\com.st.stm32cube.common.mx_6.9.0.202307051724
2026-05-06 17:15:46,816 [INFO] ThirdPartyUpdaterWithRetryManager:70 - Updater plugin not ready yet. [2/15]
2026-05-06 17:15:46,863 [INFO] MainUpdater:2868 - connection check result : 10
2026-05-06 17:15:46,864 [INFO] MainUpdater:3562 - Updater definition file requires update
2026-05-06 17:15:46,864 [INFO] MainUpdater:285 - Updater Check For Update Now.
2026-05-06 17:15:46,865 [INFO] MicroXplorer:498 - Change Database Version : DB.6.0.90
2026-05-06 17:15:46,888 [INFO] ServerAccessManage:473 - Download File updaters.zip
2026-05-06 17:15:46,888 [INFO] McuFinderGlobals:63 - Set McuFinder mode to 2 (CubeIDE integrated)
2026-05-06 17:15:46,991 [INFO] FileExtend:240 - Unzip File : updaters.zip
2026-05-06 17:15:46,992 [INFO] FileExtend:255 - Standard Zip Deflate
2026-05-06 17:15:48,349 [INFO] ServerAccessManage:473 - Download File PacksControlFlags.xml
2026-05-06 17:15:48,527 [INFO] ServerAccessManage:473 - Download File cubemx.pidx
2026-05-06 17:15:49,440 [INFO] ServerAccessManage:473 - Download File STMicroelectronics.X-CUBE-FREERTOS.pdsc
2026-05-06 17:15:49,817 [WARN] MainUpdater:1189 - Updater busy. Cannot search thirdparties
2026-05-06 17:15:49,817 [INFO] ThirdPartyUpdaterWithRetryManager:96 - Updater plugin is busy. [1/15]
2026-05-06 17:15:50,542 [INFO] ServerAccessManage:473 - Download File STMicroelectronics.X-CUBE-GNSS1.pdsc
2026-05-06 17:15:51,635 [ERROR] ServerAccessManage:1089 - Problem, file not found on Server
2026-05-06 17:15:51,937 [ERROR] ServerAccessManage:1089 - Problem, file not found on Server
2026-05-06 17:15:52,817 [ERROR] ServerAccessManage:1089 - Problem, file not found on Server
2026-05-06 17:15:52,818 [WARN] MainUpdater:1189 - Updater busy. Cannot search thirdparties
2026-05-06 17:15:52,818 [INFO] ThirdPartyUpdaterWithRetryManager:96 - Updater plugin is busy. [2/15]
2026-05-06 17:15:53,139 [ERROR] ServerAccessManage:1089 - Problem, file not found on Server
2026-05-06 17:15:54,185 [ERROR] ServerAccessManage:1089 - Problem, file not found on Server
2026-05-06 17:15:54,494 [ERROR] ServerAccessManage:1089 - Problem, file not found on Server
2026-05-06 17:15:54,644 [INFO] ServerAccessManage:473 - Download File STMicroelectronics.X-CUBE-MEMS1.pdsc
2026-05-06 17:15:55,623 [INFO] ServerAccessManage:473 - Download File STMicroelectronics.X-CUBE-TOUCHGFX.pdsc
2026-05-06 17:15:55,819 [WARN] MainUpdater:1189 - Updater busy. Cannot search thirdparties
2026-05-06 17:15:55,819 [INFO] ThirdPartyUpdaterWithRetryManager:96 - Updater plugin is busy. [3/15]
2026-05-06 17:15:57,080 [INFO] McuFinderGlobals:63 - Set McuFinder mode to 2 (CubeIDE integrated)
2026-05-06 17:15:58,822 [WARN] MainUpdater:1189 - Updater busy. Cannot search thirdparties
2026-05-06 17:15:58,823 [INFO] ThirdPartyUpdaterWithRetryManager:96 - Updater plugin is busy. [4/15]
2026-05-06 17:16:01,823 [WARN] MainUpdater:1189 - Updater busy. Cannot search thirdparties
2026-05-06 17:16:01,824 [INFO] ThirdPartyUpdaterWithRetryManager:96 - Updater plugin is busy. [5/15]
2026-05-06 17:16:02,294 [INFO] ServerAccessManage:473 - Download File WES.I-CUBE-Cesium.pdsc
2026-05-06 17:16:03,262 [ERROR] ServerAccessManage:1089 - Problem, file not found on Server
2026-05-06 17:16:03,584 [ERROR] ServerAccessManage:1089 - Problem, file not found on Server
2026-05-06 17:16:04,826 [WARN] MainUpdater:1189 - Updater busy. Cannot search thirdparties
2026-05-06 17:16:04,826 [INFO] ThirdPartyUpdaterWithRetryManager:96 - Updater plugin is busy. [6/15]
2026-05-06 17:16:06,053 [INFO] ServerAccessManage:473 - Download File Cesanta.I-CUBE-Mongoose.pdsc
2026-05-06 17:16:07,828 [WARN] MainUpdater:1189 - Updater busy. Cannot search thirdparties
2026-05-06 17:16:07,828 [INFO] ThirdPartyUpdaterWithRetryManager:96 - Updater plugin is busy. [7/15]
2026-05-06 17:16:08,327 [ERROR] LogOutputStream:75 - [STDERR_REDIRECT] SLF4J: Failed to load class "org.slf4j.impl.StaticLoggerBinder".
2026-05-06 17:16:08,328 [ERROR] LogOutputStream:75 - [STDERR_REDIRECT] SLF4J: Defaulting to no-operation (NOP) logger implementation
2026-05-06 17:16:08,329 [ERROR] LogOutputStream:75 - [STDERR_REDIRECT] SLF4J: See http://www.slf4j.org/codes.html#StaticLoggerBinder for further details.
2026-05-06 17:16:10,830 [WARN] MainUpdater:1189 - Updater busy. Cannot search thirdparties
2026-05-06 17:16:10,831 [INFO] ThirdPartyUpdaterWithRetryManager:96 - Updater plugin is busy. [8/15]
2026-05-06 17:16:10,980 [WARN] PopulateThirdPartyThread:106 - Error when creating pack: C:/Users/James Kennedy/.stm32cubemx/thirdparties/pdsc/STMicroelectronics.X-CUBE-FREERTOS.pdsc
2026-05-06 17:16:11,016 [WARN] PackLoader:240 - Cannot read IP mode file for STMicroelectronics.X-CUBE-GNSS1.7.1.1
2026-05-06 17:16:11,124 [WARN] PackLoader:240 - Cannot read IP mode file for STMicroelectronics.X-CUBE-MEMS1.12.1.0
2026-05-06 17:16:11,158 [INFO] CheckServerUpdateThread:120 - End of CheckServer Thread
2026-05-06 17:16:11,184 [WARN] PackLoader:240 - Cannot read IP mode file for STMicroelectronics.X-CUBE-TOUCHGFX.4.26.1
2026-05-06 17:16:11,189 [WARN] PopulateThirdPartyThread:106 - Error when creating pack: C:/Users/James Kennedy/.stm32cubemx/thirdparties/pdsc/WES.I-CUBE-Cesium.pdsc
2026-05-06 17:16:11,190 [WARN] PopulateThirdPartyThread:106 - Error when creating pack: C:/Users/James Kennedy/.stm32cubemx/thirdparties/pdsc/Cesanta.I-CUBE-Mongoose.pdsc
2026-05-06 17:16:11,190 [INFO] PopulateThirdPartyThread:66 - Ending populate Thread
2026-05-06 17:16:11,191 [INFO] ThirdParty:1030 - CMSIS Pack Vendor :STMicroelectronics X-CUBE-MEMS1 12.1.0
2026-05-06 17:16:11,191 [INFO] ThirdParty:1030 - CMSIS Pack Vendor :STMicroelectronics X-CUBE-GNSS1 7.1.1
2026-05-06 17:16:11,191 [INFO] ThirdParty:1030 - CMSIS Pack Vendor :STMicroelectronics X-CUBE-TOUCHGFX 4.26.1
2026-05-06 17:16:11,191 [INFO] LoadServerUpdatesThread:373 - End of LoadServerUpdate Thread
2026-05-06 17:16:11,337 [INFO] MainUpdater:2868 - connection check result : 10
2026-05-06 17:16:11,363 [INFO] McuFinderGlobals:76 - Set McuFinderConnectedMode to true
2026-05-06 17:16:11,658 [INFO] ServerAccessManage:473 - Download File mcusAds.json._tmp_
2026-05-06 17:16:11,769 [INFO] LoadUrlFilesThread:156 - End of LoadUrlFiles Thread
2026-05-06 17:16:13,024 [INFO] ServerAccessManage:473 - Download File cube-finder-db.zip
2026-05-06 17:16:13,833 [WARN] MainUpdater:1189 - Updater busy. Cannot search thirdparties
2026-05-06 17:16:13,833 [INFO] ThirdPartyUpdaterWithRetryManager:96 - Updater plugin is busy. [9/15]
2026-05-06 17:16:16,834 [WARN] MainUpdater:1189 - Updater busy. Cannot search thirdparties
2026-05-06 17:16:16,834 [INFO] ThirdPartyUpdaterWithRetryManager:96 - Updater plugin is busy. [10/15]
2026-05-06 17:16:16,924 [INFO] FileExtend:240 - Unzip File : cube-finder-db.zip
2026-05-06 17:16:16,925 [INFO] FileExtend:255 - Standard Zip Deflate
2026-05-06 17:16:17,958 [INFO] LoadUrlFilesThread:156 - End of LoadUrlFiles Thread
2026-05-06 17:16:19,106 [INFO] ServerAccessManage:473 - Download File crdb.zip
2026-05-06 17:16:19,836 [WARN] MainUpdater:1189 - Updater busy. Cannot search thirdparties
2026-05-06 17:16:19,836 [INFO] ThirdPartyUpdaterWithRetryManager:96 - Updater plugin is busy. [11/15]
2026-05-06 17:16:20,931 [INFO] FileExtend:240 - Unzip File : crdb.zip
2026-05-06 17:16:20,932 [INFO] FileExtend:255 - Standard Zip Deflate
2026-05-06 17:16:21,058 [INFO] LoadUrlFilesThread:156 - End of LoadUrlFiles Thread
2026-05-06 17:16:22,297 [INFO] ServerAccessManage:473 - Download File tutoVideoDB.zip
2026-05-06 17:16:22,360 [INFO] FileExtend:240 - Unzip File : tutoVideoDB.zip
2026-05-06 17:16:22,360 [INFO] FileExtend:255 - Standard Zip Deflate
2026-05-06 17:16:22,480 [INFO] LoadUrlFilesThread:156 - End of LoadUrlFiles Thread
2026-05-06 17:16:22,485 [WARN] DbFile:41 - Overriding database path with different value: C:\Users\James Kennedy\.stmcufinder\plugins\mcufinder/ => C:\Users\James Kennedy\.stmcufinder\plugins\mcufinder
2026-05-06 17:16:22,836 [WARN] MainUpdater:1189 - Updater busy. Cannot search thirdparties
2026-05-06 17:16:22,836 [INFO] ThirdPartyUpdaterWithRetryManager:96 - Updater plugin is busy. [12/15]
2026-05-06 17:16:23,447 [INFO] ServerAccessManage:473 - Download File api_config.json
2026-05-06 17:16:23,566 [INFO] LoadUrlFilesThread:156 - End of LoadUrlFiles Thread
2026-05-06 17:16:23,568 [INFO] DbMcusAds:53 - JSON generation date=Mon Apr 27 15:14:29 ICT 2026 (1777277669683)
2026-05-06 17:16:23,649 [INFO] ServerAccessManage:473 - Download File 
2026-05-06 17:16:23,664 [INFO] LoadUrlFilesThread:185 - End of LoadServerUrlFiles without Thread
2026-05-06 17:16:23,665 [INFO] TargetSelectorAdapter:259 - Refresh data is successful
2026-05-06 17:16:23,824 [INFO] ApiDb:581 - Connected to CubeFinder SQLite database (C:\Users\James Kennedy\.stmcufinder\plugins\mcufinder\mcu\cube-finder-db.db)
2026-05-06 17:16:23,898 [INFO] ApiDb:668 - CubeFinder database Data Model version=2.1
2026-05-06 17:16:23,898 [INFO] ApiDb:669 - CubeFinder database Configuration version=3.0.42
2026-05-06 17:16:23,898 [INFO] ApiDb:670 - CubeFinder database generation date=2026-03-11 (1773229989)
2026-05-06 17:16:23,898 [INFO] ApiDb:671 - CubeFinder database FW Pack versions=[FP-ATR-ASTRA1_V2.0.0, FP-SNS-FLIGHT1_V5.1.0, FP-SNS-MOTENV1_V5.1.0, FP-SNS-MOTENVWB1_V1.5.0, FP-SNS-SMARTAG2_V1.2.0, FP-SNS-STBOX1_V2.1.0, STM32Cube_FW_C0_V1.4.0, STM32Cube_FW_F4_V1.28.3, STM32Cube_FW_F7_V1.17.4, STM32Cube_FW_G0_V1.6.3, STM32Cube_FW_G4_V1.6.2, STM32Cube_FW_H5_V1.6.0, STM32Cube_FW_H7RS_V1.3.0, STM32Cube_FW_H7_V1.13.0, STM32Cube_FW_L0_V1.12.2, STM32Cube_FW_L4_V1.18.2, STM32Cube_FW_L5_V1.6.0, STM32Cube_FW_N6_V1.3.0, STM32Cube_FW_U0_V1.3.0, STM32Cube_FW_U3_V1.3.0, STM32Cube_FW_U5_V1.8.0, STM32Cube_FW_WB0_V1.4.0, STM32Cube_FW_WBA_V1.9.0, STM32Cube_FW_WB_V1.24.0, STM32Cube_FW_WL3_V1.4.0, STM32Cube_FW_WL_V1.5.0, X-CUBE-ALGOBUILD_V1.4.0, X-CUBE-ALS_V1.0.2, X-CUBE-AZRTOS-F4_V1.1.0, X-CUBE-AZRTOS-F7_V1.1.0, X-CUBE-AZRTOS-G0_V1.1.0, X-CUBE-AZRTOS-G4_V2.0.0, X-CUBE-AZRTOS-H7RS_V1.1.0, X-CUBE-AZRTOS-H7_V3.4.0, X-CUBE-AZRTOS-L4_V2.0.0, X-CUBE-AZRTOS-L5_V2.0.0, X-CUBE-AZRTOS-WB_V2.0.0, X-CUBE-AZRTOS-WL_V2.0.0, X-CUBE-BLE1_V7.1.0, X-CUBE-BLE2_V3.3.0, X-CUBE-BLEMGR_V4.1.0, X-CUBE-EEPRMA1_V5.2.0, X-CUBE-FREERTOS_V1.5.0, X-CUBE-GNSS1_V6.0.0, X-CUBE-MEMS1_V12.0.0, X-CUBE-NFC4_V3.0.0, X-CUBE-NFC7_V2.0.0, X-CUBE-SFXS2LP1_V4.0.0, X-CUBE-ST67W61_V1.2.0, X-CUBE-SUBG2_V5.0.0, X-CUBE-TOF1_V3.4.3]
2026-05-06 17:16:26,056 [WARN] PackLoader:240 - Cannot read IP mode file for STMicroelectronics.X-CUBE-AZRTOS-H7.3.5.0
2026-05-06 17:16:26,073 [WARN] PackLoader:240 - Cannot read IP mode file for STMicroelectronics.FP-SNS-MOTENVWB1.1.4.0
2026-05-06 17:16:26,080 [WARN] PackLoader:240 - Cannot read IP mode file for STMicroelectronics.FP-ATR-ASTRA1.2.0.2
2026-05-06 17:16:26,093 [WARN] PackLoader:240 - Cannot read IP mode file for STMicroelectronics.X-CUBE-SMBUS.2.1.0
2026-05-06 17:16:26,124 [WARN] PackLoader:240 - Cannot read IP mode file for STMicroelectronics.X-CUBE-AZRTOS-F7.1.1.0
2026-05-06 17:16:26,143 [ERROR] Engine:466 - C:\Users\James Kennedy\.stm32cubemx\thirdparties\pdsc\STMicroelectronics.FP-SNS-MOTENV1.5.1.0.pdsc: PDSC version is not supported
2026-05-06 17:16:26,145 [ERROR] Engine:466 - C:\Users\James Kennedy\.stm32cubemx\thirdparties\pdsc\WES.I-CUBE-Cesium.1.4.0.pdsc: PDSC version is not supported
2026-05-06 17:16:26,179 [WARN] PackLoader:240 - Cannot read IP mode file for STMicroelectronics.X-CUBE-AZRTOS-H7.3.4.0
2026-05-06 17:16:26,200 [WARN] PackLoader:240 - Cannot read IP mode file for STMicroelectronics.X-CUBE-DISPLAY.3.0.0
2026-05-06 17:16:26,207 [WARN] PackLoader:240 - Cannot read IP mode file for STMicroelectronics.X-CUBE-GNSS1.7.1.1
2026-05-06 17:16:26,211 [ERROR] Engine:466 - C:\Users\James Kennedy\.stm32cubemx\thirdparties\pdsc\STMicroelectronics.FP-SNS-MOTENVWB1.1.5.0.pdsc: PDSC version is not supported
2026-05-06 17:16:26,231 [WARN] PackLoader:240 - Cannot read IP mode file for STMicroelectronics.X-CUBE-NFC10.1.0.0
2026-05-06 17:16:26,243 [ERROR] Engine:466 - C:\Users\James Kennedy\.stm32cubemx\thirdparties\pdsc\STMicroelectronics.X-CUBE-ST60.1.1.0.pdsc: PDSC version is not supported
2026-05-06 17:16:26,255 [WARN] PackLoader:240 - Cannot read IP mode file for emotas.I-CUBE-CANOPEN.1.3.0
2026-05-06 17:16:26,272 [WARN] PackLoader:240 - Cannot read IP mode file for STMicroelectronics.X-CUBE-GNSS1.7.1.0
2026-05-06 17:16:26,288 [ERROR] Engine:466 - C:\Users\James Kennedy\.stm32cubemx\thirdparties\pdsc\STMicroelectronics.FP-SNS-STBOX1.2.1.0.pdsc: PDSC version is not supported
2026-05-06 17:16:26,303 [WARN] PackLoader:240 - Cannot read IP mode file for STMicroelectronics.FP-SNS-SMARTAG2.1.2.0
2026-05-06 17:16:26,307 [ERROR] Engine:466 - C:\Users\James Kennedy\.stm32cubemx\thirdparties\pdsc\STMicroelectronics.FP-SNS-FLIGHT1.5.1.0.pdsc: PDSC version is not supported
2026-05-06 17:16:26,325 [INFO] LogOutputStream:77 - [STDOUT_REDIRECT] 1 : Invalid condition id : UX_CORESTACK_Condition cause : null
2026-05-06 17:16:26,325 [INFO] LogOutputStream:77 - [STDOUT_REDIRECT] 1 : Invalid condition id : UX_CORESTACK_Condition cause : null
2026-05-06 17:16:26,326 [INFO] LogOutputStream:77 - [STDOUT_REDIRECT] 1 : Invalid condition id : UX_CORESTACK_Condition cause : null
2026-05-06 17:16:26,326 [INFO] LogOutputStream:77 - [STDOUT_REDIRECT] 1 : Invalid condition id : UX_CORESTACK_Condition cause : null
2026-05-06 17:16:26,327 [INFO] LogOutputStream:77 - [STDOUT_REDIRECT] 1 : Invalid condition id : UX_CORESTACK_Condition cause : null
2026-05-06 17:16:26,328 [WARN] PackLoader:240 - Cannot read IP mode file for STMicroelectronics.X-CUBE-AZRTOS-WL.2.0.0
2026-05-06 17:16:26,357 [WARN] PackLoader:240 - Cannot read IP mode file for STMicroelectronics.X-CUBE-AZRTOS-H7RS.1.2.0
2026-05-06 17:16:26,372 [WARN] PackLoader:240 - Cannot read IP mode file for STMicroelectronics.X-CUBE-BLE2.3.3.0
2026-05-06 17:16:26,376 [ERROR] Engine:466 - C:\Users\James Kennedy\.stm32cubemx\thirdparties\pdsc\Avnet-IOTCONNECT.X-CUBE-iotc-st67-sdk.1.0.0.pdsc: PDSC version is not supported
2026-05-06 17:16:26,395 [ERROR] Engine:466 - C:\Users\James Kennedy\.stm32cubemx\thirdparties\pdsc\Infineon.AIROC-Wi-Fi-Bluetooth-STM32.1.8.0.pdsc: PDSC version is not supported
2026-05-06 17:16:26,410 [WARN] PackLoader:240 - Cannot read IP mode file for STMicroelectronics.X-CUBE-NFC9.1.0.0
2026-05-06 17:16:26,426 [WARN] PackLoader:240 - Cannot read IP mode file for STMicroelectronics.X-CUBE-BLE1.7.1.0
2026-05-06 17:16:26,431 [WARN] PackLoader:240 - Cannot read IP mode file for wolfSSL.I-CUBE-wolfMQTT.1.19.2
2026-05-06 17:16:26,445 [ERROR] Engine:466 - C:\Users\James Kennedy\.stm32cubemx\thirdparties\pdsc\STMicroelectronics.X-CUBE-FREERTOS.1.4.0.pdsc: PDSC version is not supported
2026-05-06 17:16:26,460 [WARN] PackLoader:240 - Cannot read IP mode file for STMicroelectronics.X-CUBE-EEPRMA1.5.2.0
2026-05-06 17:16:26,473 [WARN] PackLoader:240 - Cannot read IP mode file for wolfSSL.I-CUBE-wolfSSL.5.8.4
2026-05-06 17:16:26,486 [ERROR] Engine:466 - C:\Users\James Kennedy\.stm32cubemx\thirdparties\pdsc\STMicroelectronics.FP-SNS-STAIOTCFT.1.1.0.pdsc: PDSC version is not supported
2026-05-06 17:16:26,499 [INFO] ApiDb:240 - Found 323 in-development CPN: [B-G473E-ZEST1S, B-WB1M-WPAN1, B-WL5M-SUBG1, NUCLEO-C031C6, NUCLEO-H503RB, NUCLEO-H563ZI, NUCLEO-U545RE-Q, NUCLEO-U5A5ZJ-Q, NUCLEO-WBA52CG, STEVAL-PROTEUS1, STEVAL-SMARTAG2, STEVAL-STWINBX1, STM320518-EVAL, STM32C0116-DK, STM32C011D6Y3TR, STM32C011D6Y6TR, STM32C011F4P3, STM32C011F4P6, STM32C011F4U3, STM32C011F4U6TR, STM32C011F6P3, STM32C011F6P6, STM32C011F6U3, STM32C011F6U6TR, STM32C011J4M3, STM32C011J4M6, STM32C011J6M3, STM32C011J6M6, STM32C0316-DK, STM32C031C4T3, STM32C031C4T6, STM32C031C4U3, STM32C031C4U6, STM32C031C6T3, STM32C031C6T6, STM32C031C6U3, STM32C031C6U6, STM32C031F4P3, STM32C031F4P6, STM32C031F6P3, STM32C031F6P6, STM32C031G4U3, STM32C031G4U6, STM32C031G6U3, STM32C031G6U6, STM32C031K4T3, STM32C031K4T6, STM32C031K4U3, STM32C031K4U6, STM32C031K6T3, STM32C031K6T6, STM32C031K6U3, STM32C031K6U6, STM32G071K8TXN, STM32G071K8UXN, STM32G081GBU6N, STM32G081KBT6N, STM32G081KBUXN, STM32G0B1CCT6N, STM32G0B1KCT6, STM32G0B1NEY6TR, STM32G0B1RCT6N, STM32G0C1CCT6, STM32G0C1CCT6N, STM32G0C1CCU6N, STM32G0C1CET6N, STM32G0C1CEU6N, STM32G0C1KCT6, STM32G0C1NEY6TR, STM32G0C1RCI6N, STM32G0C1RCT6N, STM32G0C1REI6N, STM32G0C1RET6N, STM32G0C1VCI6, STM32G0C1VEI6, STM32G471CCT6, STM32G471CCU6, STM32G471CET3, STM32G471CET6, STM32G471CEU3, STM32G471CEU6, STM32G471MCT6, STM32G471MET3, STM32G471MET6, STM32G471MEY6TR, STM32G471QCT6, STM32G471QET3, STM32G471RCT6, STM32G471RET3, STM32G471RET6, STM32G471VCH6, STM32G471VCI6, STM32G471VCT6, STM32G471VEH3, STM32G471VEH6, STM32G471VEI3, STM32G471VEI6, STM32G471VET3, STM32G471VET6, STM32G474CCT6, STM32H503CBT6, STM32H503CBU6, STM32H503EBY6TR, STM32H503KBU6, STM32H503RBT6, STM32H562AGI6, STM32H562AII6, STM32H562IGK6, STM32H562IGT6, STM32H562IIK6, STM32H562IIT6, STM32H562RGT6, STM32H562RGV6, STM32H562RIT6, STM32H562RIV6, STM32H562VGT6, STM32H562VIT6, STM32H562ZGT6, STM32H562ZIT6, STM32H563AGI6, STM32H563AII3Q, STM32H563AII6, STM32H563IGK6, STM32H563IGT6, STM32H563IIK3Q, STM32H563IIK6, STM32H563IIT3Q, STM32H563IIT6, STM32H563MIY3QTR, STM32H563RGT6, STM32H563RGV6, STM32H563RIT6, STM32H563RIV6, STM32H563VGT6, STM32H563VIT3Q, STM32H563VIT6, STM32H563ZGT6, STM32H563ZIT3Q, STM32H563ZIT6, STM32H573AII3Q, STM32H573AII6, STM32H573I-DK, STM32H573IIK3Q, STM32H573IIK6, STM32H573IIT3Q, STM32H573IIT6, STM32H573MIY3QTR, STM32H573RIT6, STM32H573RIV6, STM32H573VIT3Q, STM32H573VIT6, STM32H573ZIT3Q, STM32H573ZIT6, STM32L4R5QGI6STR, STM32MP131AAE3, STM32MP131AAF3, STM32MP131AAG3, STM32MP131CAE3, STM32MP131CAF3, STM32MP131CAG3, STM32MP131DAE7, STM32MP131DAF7, STM32MP131DAG7, STM32MP131FAE7, STM32MP131FAF7, STM32MP131FAG7, STM32MP133AAE3, STM32MP133AAF3, STM32MP133AAG3, STM32MP133CAE3, STM32MP133CAF3, STM32MP133CAG3, STM32MP133DAE7, STM32MP133DAF7, STM32MP133DAG7, STM32MP133FAE7, STM32MP133FAF7, STM32MP133FAG7, STM32MP135AAE3, STM32MP135AAF3, STM32MP135AAG3, STM32MP135CAE3, STM32MP135CAF3, STM32MP135CAG3, STM32MP135DAE7, STM32MP135DAF7, STM32MP135DAG7, STM32MP135F-DK, STM32MP135FAE7, STM32MP135FAF7, STM32MP135FAF7T, STM32MP135FAF7U, STM32MP135FAG7, STM32U535CBT6, STM32U535CBT6Q, STM32U535CBU6, STM32U535CBU6Q, STM32U535CCT6, STM32U535CCT6Q, STM32U535CCU6, STM32U535CCU6Q, STM32U535CET6, STM32U535CET6Q, STM32U535CEU6, STM32U535CEU6Q, STM32U535JEY6QTR, STM32U535NCY6QTR, STM32U535NEY6QTR, STM32U535RBI6, STM32U535RBI6Q, STM32U535RBT6, STM32U535RBT6Q, STM32U535RCI6, STM32U535RCI6Q, STM32U535RCT6, STM32U535RCT6Q, STM32U535REI6, STM32U535REI6Q, STM32U535RET6, STM32U535RET6Q, STM32U535VCI6, STM32U535VCI6Q, STM32U535VCT6, STM32U535VCT6Q, STM32U535VEI6, STM32U535VEI6Q, STM32U535VET6, STM32U535VET6Q, STM32U545CET6, STM32U545CET6Q, STM32U545CEU6, STM32U545CEU6Q, STM32U545JEY6QTR, STM32U545NEY6QTR, STM32U545REI6, STM32U545REI6Q, STM32U545RET6, STM32U545RET6Q, STM32U545VEI6, STM32U545VEI6Q, STM32U545VET6, STM32U545VET6Q, STM32U595AIH6, STM32U595AIH6Q, STM32U595AJH6, STM32U595AJH6Q, STM32U595QII6, STM32U595QII6Q, STM32U595QJI6, STM32U595QJI6Q, STM32U595RIT6, STM32U595RIT6Q, STM32U595RJT6, STM32U595RJT6Q, STM32U595VIT6, STM32U595VIT6Q, STM32U595VJT6, STM32U595VJT6Q, STM32U595ZIT6, STM32U595ZIT6Q, STM32U595ZIY6QTR, STM32U595ZJT6, STM32U595ZJT6Q, STM32U595ZJY6QTR, STM32U599BJY6QTR, STM32U599NIH6Q, STM32U599NJH6Q, STM32U599VIT6Q, STM32U599VJT6, STM32U599VJT6Q, STM32U599ZIT6Q, STM32U599ZIY6QTR, STM32U599ZJT6Q, STM32U599ZJY6QTR, STM32U5A5AJH6, STM32U5A5AJH6Q, STM32U5A5QJI6, STM32U5A5QJI6Q, STM32U5A5RJT6, STM32U5A5RJT6Q, STM32U5A5VJT6, STM32U5A5VJT6Q, STM32U5A5ZJT6, STM32U5A5ZJT6Q, STM32U5A5ZJY6QTR, STM32U5A9BJY6QTR, STM32U5A9J-DK, STM32U5A9NJH6Q, STM32U5A9VJT6Q, STM32U5A9ZJT6Q, STM32U5A9ZJY6QTR, STM32U5F7VIT6, STM32U5F7VIT6Q, STM32U5F7VJT6, STM32U5F7VJT6Q, STM32U5F9BJY6QTR, STM32U5F9NJH6Q, STM32U5F9VIT6Q, STM32U5F9VJT6Q, STM32U5F9ZIJ6QTR, STM32U5F9ZIT6Q, STM32U5F9ZJJ6QTR, STM32U5F9ZJT6Q, STM32U5G7VJT6, STM32U5G7VJT6Q, STM32U5G9BJY6QTR, STM32U5G9J-DK1, STM32U5G9J-DK2, STM32U5G9NJH6Q, STM32U5G9VJT6Q, STM32U5G9ZJJ6QTR, STM32U5G9ZJT6Q, STM32WB1MMCH6, STM32WBA52CEU6, STM32WBA52CEU6T, STM32WBA52CGU6, STM32WBA52CGU6T, STM32WBA52KEU6, STM32WBA52KEU6T, STM32WBA52KGU6, STM32WBA52KGU6T, STM32WL5MOCH6, STM32WL5MOCH6TR]
2026-05-06 17:16:26,504 [INFO] DbMcus:217 - Found 5030 MCUs, 4943 are supported
2026-05-06 17:16:26,506 [INFO] ApiDb:423 - Load user favorites file C:\Users\James Kennedy/.stm32cubeide/favorites.mcus.txt: 0 item(s)
2026-05-06 17:16:26,506 [INFO] ApiDb:427 - User favorites MCUs=[]
2026-05-06 17:16:26,506 [INFO] DbMcus:223 - Set 0 / 0 favorites MCUs
2026-05-06 17:16:26,523 [WARN] PackLoader:240 - Cannot read IP mode file for STMicroelectronics.X-CUBE-MEMS1.12.0.0
2026-05-06 17:16:26,591 [WARN] PackLoader:240 - Cannot read IP mode file for STMicroelectronics.X-CUBE-AZRTOS-G0.1.1.0
2026-05-06 17:16:26,616 [WARN] PackLoader:240 - Cannot read IP mode file for STMicroelectronics.X-CUBE-NFC4.3.0.0
2026-05-06 17:16:26,631 [ERROR] Engine:466 - C:\Users\James Kennedy\.stm32cubemx\thirdparties\pdsc\EmbeddedOffice.I-CUBE-FS-RTOS.1.0.1.pdsc: PDSC version is not supported
2026-05-06 17:16:26,651 [WARN] PackLoader:240 - Cannot read IP mode file for STMicroelectronics.X-CUBE-WB05N.2.0.0
2026-05-06 17:16:26,657 [WARN] PackLoader:240 - Cannot read IP mode file for wolfSSL.I-CUBE-wolfTPM.3.8.0
2026-05-06 17:16:26,671 [ERROR] Engine:466 - C:\Users\James Kennedy\.stm32cubemx\thirdparties\pdsc\STMicroelectronics.X-CUBE-TCPP.4.2.0.pdsc: PDSC version is not supported
2026-05-06 17:16:26,688 [ERROR] Engine:466 - C:\Users\James Kennedy\.stm32cubemx\thirdparties\pdsc\RealThread.X-CUBE-RT-Thread_Nano.4.1.1.pdsc: PDSC version is not supported
2026-05-06 17:16:26,694 [WARN] PackLoader:240 - Cannot read IP mode file for STMicroelectronics.FP-ATR-SIGFOX1.3.2.0
2026-05-06 17:16:26,697 [ERROR] Engine:466 - C:\Users\James Kennedy\.stm32cubemx\thirdparties\pdsc\STMicroelectronics.X-CUBE-FREERTOS.1.5.0.pdsc: PDSC version is not supported
2026-05-06 17:16:26,715 [WARN] PackLoader:240 - Cannot read IP mode file for ITTIA_DB.I-CUBE-ITTIADB.8.9.0
2026-05-06 17:16:26,736 [WARN] PackLoader:240 - Cannot read IP mode file for STMicroelectronics.X-CUBE-NFC6.3.2.0
2026-05-06 17:16:26,739 [ERROR] Engine:466 - C:\Users\James Kennedy\.stm32cubemx\thirdparties\pdsc\Cesanta.I-CUBE-Mongoose.7.21.5.pdsc: PDSC version is not supported
2026-05-06 17:16:26,753 [WARN] PackLoader:240 - Cannot read IP mode file for STMicroelectronics.X-CUBE-AI.10.2.0
2026-05-06 17:16:26,776 [WARN] PackLoader:240 - Cannot read IP mode file for STMicroelectronics.X-CUBE-MEMS1.12.1.0
2026-05-06 17:16:26,843 [WARN] PackLoader:240 - Cannot read IP mode file for SEGGER.I-CUBE-embOS.1.3.1
2026-05-06 17:16:26,886 [WARN] PackLoader:240 - Cannot read IP mode file for STMicroelectronics.X-CUBE-ALGOBUILD.1.4.0
2026-05-06 17:16:26,906 [WARN] PackLoader:240 - Cannot read IP mode file for STMicroelectronics.X-CUBE-PM33A1.1.0.0
2026-05-06 17:16:26,937 [WARN] PackLoader:240 - Cannot read IP mode file for STMicroelectronics.X-CUBE-AZRTOS-F4.1.1.0
2026-05-06 17:16:26,956 [WARN] PackLoader:240 - Cannot read IP mode file for STMicroelectronics.X-CUBE-ISPU.2.1.0
2026-05-06 17:16:26,966 [INFO] ApiDb:668 - CubeFinder database Data Model version=2.1
2026-05-06 17:16:26,966 [INFO] ApiDb:669 - CubeFinder database Configuration version=3.0.42
2026-05-06 17:16:26,966 [INFO] ApiDb:670 - CubeFinder database generation date=2026-03-11 (1773229989)
2026-05-06 17:16:26,966 [INFO] ApiDb:671 - CubeFinder database FW Pack versions=[FP-ATR-ASTRA1_V2.0.0, FP-SNS-FLIGHT1_V5.1.0, FP-SNS-MOTENV1_V5.1.0, FP-SNS-MOTENVWB1_V1.5.0, FP-SNS-SMARTAG2_V1.2.0, FP-SNS-STBOX1_V2.1.0, STM32Cube_FW_C0_V1.4.0, STM32Cube_FW_F4_V1.28.3, STM32Cube_FW_F7_V1.17.4, STM32Cube_FW_G0_V1.6.3, STM32Cube_FW_G4_V1.6.2, STM32Cube_FW_H5_V1.6.0, STM32Cube_FW_H7RS_V1.3.0, STM32Cube_FW_H7_V1.13.0, STM32Cube_FW_L0_V1.12.2, STM32Cube_FW_L4_V1.18.2, STM32Cube_FW_L5_V1.6.0, STM32Cube_FW_N6_V1.3.0, STM32Cube_FW_U0_V1.3.0, STM32Cube_FW_U3_V1.3.0, STM32Cube_FW_U5_V1.8.0, STM32Cube_FW_WB0_V1.4.0, STM32Cube_FW_WBA_V1.9.0, STM32Cube_FW_WB_V1.24.0, STM32Cube_FW_WL3_V1.4.0, STM32Cube_FW_WL_V1.5.0, X-CUBE-ALGOBUILD_V1.4.0, X-CUBE-ALS_V1.0.2, X-CUBE-AZRTOS-F4_V1.1.0, X-CUBE-AZRTOS-F7_V1.1.0, X-CUBE-AZRTOS-G0_V1.1.0, X-CUBE-AZRTOS-G4_V2.0.0, X-CUBE-AZRTOS-H7RS_V1.1.0, X-CUBE-AZRTOS-H7_V3.4.0, X-CUBE-AZRTOS-L4_V2.0.0, X-CUBE-AZRTOS-L5_V2.0.0, X-CUBE-AZRTOS-WB_V2.0.0, X-CUBE-AZRTOS-WL_V2.0.0, X-CUBE-BLE1_V7.1.0, X-CUBE-BLE2_V3.3.0, X-CUBE-BLEMGR_V4.1.0, X-CUBE-EEPRMA1_V5.2.0, X-CUBE-FREERTOS_V1.5.0, X-CUBE-GNSS1_V6.0.0, X-CUBE-MEMS1_V12.0.0, X-CUBE-NFC4_V3.0.0, X-CUBE-NFC7_V2.0.0, X-CUBE-SFXS2LP1_V4.0.0, X-CUBE-ST67W61_V1.2.0, X-CUBE-SUBG2_V5.0.0, X-CUBE-TOF1_V3.4.3]
2026-05-06 17:16:26,972 [ERROR] Engine:466 - C:\Users\James Kennedy\.stm32cubemx\thirdparties\pdsc\STMicroelectronics.X-CUBE-IPS.3.2.0.pdsc: PDSC version is not supported
2026-05-06 17:16:26,975 [ERROR] Engine:466 - C:\Users\James Kennedy\.stm32cubemx\thirdparties\pdsc\STMicroelectronics.eDS-WB_DPC_TT-BIDIR.2.1.1.pdsc: PDSC version is not supported
2026-05-06 17:16:26,992 [WARN] PackLoader:240 - Cannot read IP mode file for STMicroelectronics.X-CUBE-NFC12.1.0.0
2026-05-06 17:16:27,016 [INFO] DbBoardsSqlite:226 - include board P-NUCLEO-WB55-NUCLEO as a kit item of type 'Nucleo-64'
2026-05-06 17:16:27,016 [INFO] DbBoardsSqlite:226 - include board P-NUCLEO-WB55-USBDONGLE as a kit item of type 'Nucleo USB Dongle'
2026-05-06 17:16:27,017 [INFO] DbBoardsSqlite:226 - include board STEVAL-IDP005V1 as a kit item of type 'Evaluation Board'
2026-05-06 17:16:27,017 [INFO] DbBoardsSqlite:226 - include board STEVAL-IDP005V2 as a kit item of type 'Evaluation Board'
2026-05-06 17:16:27,025 [WARN] PackLoader:240 - Cannot read IP mode file for STMicroelectronics.X-CUBE-AZRTOS-L5.2.0.0
2026-05-06 17:16:27,030 [ERROR] Engine:466 - C:\Users\James Kennedy\.stm32cubemx\thirdparties\pdsc\STMicroelectronics.eDS-WB_DPC_VIENNA.1.2.0.pdsc: PDSC version is not supported
2026-05-06 17:16:27,035 [ERROR] Engine:466 - C:\Users\James Kennedy\.stm32cubemx\thirdparties\pdsc\STMicroelectronics.eDS-WB_DPC_3PH2L-BIDIR.1.1.1.pdsc: PDSC version is not supported
2026-05-06 17:16:27,050 [ERROR] Engine:466 - C:\Users\James Kennedy\.stm32cubemx\thirdparties\pdsc\STMicroelectronics.X-CUBE-ST67W61.1.3.0.pdsc: PDSC version is not supported
2026-05-06 17:16:27,067 [WARN] PackLoader:240 - Cannot read IP mode file for STMicroelectronics.X-CUBE-TOUCHGFX.4.26.0
2026-05-06 17:16:27,070 [WARN] PackLoader:240 - Cannot read IP mode file for STMicroelectronics.X-CUBE-TOUCHGFX.4.26.1
2026-05-06 17:16:27,086 [INFO] ApiDb:240 - Found 323 in-development CPN: [B-G473E-ZEST1S, B-WB1M-WPAN1, B-WL5M-SUBG1, NUCLEO-C031C6, NUCLEO-H503RB, NUCLEO-H563ZI, NUCLEO-U545RE-Q, NUCLEO-U5A5ZJ-Q, NUCLEO-WBA52CG, STEVAL-PROTEUS1, STEVAL-SMARTAG2, STEVAL-STWINBX1, STM320518-EVAL, STM32C0116-DK, STM32C011D6Y3TR, STM32C011D6Y6TR, STM32C011F4P3, STM32C011F4P6, STM32C011F4U3, STM32C011F4U6TR, STM32C011F6P3, STM32C011F6P6, STM32C011F6U3, STM32C011F6U6TR, STM32C011J4M3, STM32C011J4M6, STM32C011J6M3, STM32C011J6M6, STM32C0316-DK, STM32C031C4T3, STM32C031C4T6, STM32C031C4U3, STM32C031C4U6, STM32C031C6T3, STM32C031C6T6, STM32C031C6U3, STM32C031C6U6, STM32C031F4P3, STM32C031F4P6, STM32C031F6P3, STM32C031F6P6, STM32C031G4U3, STM32C031G4U6, STM32C031G6U3, STM32C031G6U6, STM32C031K4T3, STM32C031K4T6, STM32C031K4U3, STM32C031K4U6, STM32C031K6T3, STM32C031K6T6, STM32C031K6U3, STM32C031K6U6, STM32G071K8TXN, STM32G071K8UXN, STM32G081GBU6N, STM32G081KBT6N, STM32G081KBUXN, STM32G0B1CCT6N, STM32G0B1KCT6, STM32G0B1NEY6TR, STM32G0B1RCT6N, STM32G0C1CCT6, STM32G0C1CCT6N, STM32G0C1CCU6N, STM32G0C1CET6N, STM32G0C1CEU6N, STM32G0C1KCT6, STM32G0C1NEY6TR, STM32G0C1RCI6N, STM32G0C1RCT6N, STM32G0C1REI6N, STM32G0C1RET6N, STM32G0C1VCI6, STM32G0C1VEI6, STM32G471CCT6, STM32G471CCU6, STM32G471CET3, STM32G471CET6, STM32G471CEU3, STM32G471CEU6, STM32G471MCT6, STM32G471MET3, STM32G471MET6, STM32G471MEY6TR, STM32G471QCT6, STM32G471QET3, STM32G471RCT6, STM32G471RET3, STM32G471RET6, STM32G471VCH6, STM32G471VCI6, STM32G471VCT6, STM32G471VEH3, STM32G471VEH6, STM32G471VEI3, STM32G471VEI6, STM32G471VET3, STM32G471VET6, STM32G474CCT6, STM32H503CBT6, STM32H503CBU6, STM32H503EBY6TR, STM32H503KBU6, STM32H503RBT6, STM32H562AGI6, STM32H562AII6, STM32H562IGK6, STM32H562IGT6, STM32H562IIK6, STM32H562IIT6, STM32H562RGT6, STM32H562RGV6, STM32H562RIT6, STM32H562RIV6, STM32H562VGT6, STM32H562VIT6, STM32H562ZGT6, STM32H562ZIT6, STM32H563AGI6, STM32H563AII3Q, STM32H563AII6, STM32H563IGK6, STM32H563IGT6, STM32H563IIK3Q, STM32H563IIK6, STM32H563IIT3Q, STM32H563IIT6, STM32H563MIY3QTR, STM32H563RGT6, STM32H563RGV6, STM32H563RIT6, STM32H563RIV6, STM32H563VGT6, STM32H563VIT3Q, STM32H563VIT6, STM32H563ZGT6, STM32H563ZIT3Q, STM32H563ZIT6, STM32H573AII3Q, STM32H573AII6, STM32H573I-DK, STM32H573IIK3Q, STM32H573IIK6, STM32H573IIT3Q, STM32H573IIT6, STM32H573MIY3QTR, STM32H573RIT6, STM32H573RIV6, STM32H573VIT3Q, STM32H573VIT6, STM32H573ZIT3Q, STM32H573ZIT6, STM32L4R5QGI6STR, STM32MP131AAE3, STM32MP131AAF3, STM32MP131AAG3, STM32MP131CAE3, STM32MP131CAF3, STM32MP131CAG3, STM32MP131DAE7, STM32MP131DAF7, STM32MP131DAG7, STM32MP131FAE7, STM32MP131FAF7, STM32MP131FAG7, STM32MP133AAE3, STM32MP133AAF3, STM32MP133AAG3, STM32MP133CAE3, STM32MP133CAF3, STM32MP133CAG3, STM32MP133DAE7, STM32MP133DAF7, STM32MP133DAG7, STM32MP133FAE7, STM32MP133FAF7, STM32MP133FAG7, STM32MP135AAE3, STM32MP135AAF3, STM32MP135AAG3, STM32MP135CAE3, STM32MP135CAF3, STM32MP135CAG3, STM32MP135DAE7, STM32MP135DAF7, STM32MP135DAG7, STM32MP135F-DK, STM32MP135FAE7, STM32MP135FAF7, STM32MP135FAF7T, STM32MP135FAF7U, STM32MP135FAG7, STM32U535CBT6, STM32U535CBT6Q, STM32U535CBU6, STM32U535CBU6Q, STM32U535CCT6, STM32U535CCT6Q, STM32U535CCU6, STM32U535CCU6Q, STM32U535CET6, STM32U535CET6Q, STM32U535CEU6, STM32U535CEU6Q, STM32U535JEY6QTR, STM32U535NCY6QTR, STM32U535NEY6QTR, STM32U535RBI6, STM32U535RBI6Q, STM32U535RBT6, STM32U535RBT6Q, STM32U535RCI6, STM32U535RCI6Q, STM32U535RCT6, STM32U535RCT6Q, STM32U535REI6, STM32U535REI6Q, STM32U535RET6, STM32U535RET6Q, STM32U535VCI6, STM32U535VCI6Q, STM32U535VCT6, STM32U535VCT6Q, STM32U535VEI6, STM32U535VEI6Q, STM32U535VET6, STM32U535VET6Q, STM32U545CET6, STM32U545CET6Q, STM32U545CEU6, STM32U545CEU6Q, STM32U545JEY6QTR, STM32U545NEY6QTR, STM32U545REI6, STM32U545REI6Q, STM32U545RET6, STM32U545RET6Q, STM32U545VEI6, STM32U545VEI6Q, STM32U545VET6, STM32U545VET6Q, STM32U595AIH6, STM32U595AIH6Q, STM32U595AJH6, STM32U595AJH6Q, STM32U595QII6, STM32U595QII6Q, STM32U595QJI6, STM32U595QJI6Q, STM32U595RIT6, STM32U595RIT6Q, STM32U595RJT6, STM32U595RJT6Q, STM32U595VIT6, STM32U595VIT6Q, STM32U595VJT6, STM32U595VJT6Q, STM32U595ZIT6, STM32U595ZIT6Q, STM32U595ZIY6QTR, STM32U595ZJT6, STM32U595ZJT6Q, STM32U595ZJY6QTR, STM32U599BJY6QTR, STM32U599NIH6Q, STM32U599NJH6Q, STM32U599VIT6Q, STM32U599VJT6, STM32U599VJT6Q, STM32U599ZIT6Q, STM32U599ZIY6QTR, STM32U599ZJT6Q, STM32U599ZJY6QTR, STM32U5A5AJH6, STM32U5A5AJH6Q, STM32U5A5QJI6, STM32U5A5QJI6Q, STM32U5A5RJT6, STM32U5A5RJT6Q, STM32U5A5VJT6, STM32U5A5VJT6Q, STM32U5A5ZJT6, STM32U5A5ZJT6Q, STM32U5A5ZJY6QTR, STM32U5A9BJY6QTR, STM32U5A9J-DK, STM32U5A9NJH6Q, STM32U5A9VJT6Q, STM32U5A9ZJT6Q, STM32U5A9ZJY6QTR, STM32U5F7VIT6, STM32U5F7VIT6Q, STM32U5F7VJT6, STM32U5F7VJT6Q, STM32U5F9BJY6QTR, STM32U5F9NJH6Q, STM32U5F9VIT6Q, STM32U5F9VJT6Q, STM32U5F9ZIJ6QTR, STM32U5F9ZIT6Q, STM32U5F9ZJJ6QTR, STM32U5F9ZJT6Q, STM32U5G7VJT6, STM32U5G7VJT6Q, STM32U5G9BJY6QTR, STM32U5G9J-DK1, STM32U5G9J-DK2, STM32U5G9NJH6Q, STM32U5G9VJT6Q, STM32U5G9ZJJ6QTR, STM32U5G9ZJT6Q, STM32WB1MMCH6, STM32WBA52CEU6, STM32WBA52CEU6T, STM32WBA52CGU6, STM32WBA52CGU6T, STM32WBA52KEU6, STM32WBA52KEU6T, STM32WBA52KGU6, STM32WBA52KGU6T, STM32WL5MOCH6, STM32WL5MOCH6TR]
2026-05-06 17:16:27,089 [ERROR] Engine:466 - C:\Users\James Kennedy\.stm32cubemx\thirdparties\pdsc\STMicroelectronics.FP-SNS-STAIOTCFT.1.0.0.pdsc: PDSC version is not supported
2026-05-06 17:16:27,106 [ERROR] Engine:466 - C:\Users\James Kennedy\.stm32cubemx\thirdparties\pdsc\STMicroelectronics.X-CUBE-DPower.1.3.0.pdsc: PDSC version is not supported
2026-05-06 17:16:27,111 [INFO] BoardInfo:880 - No configuration file found for board B-WBA5M-WPAN
2026-05-06 17:16:27,112 [INFO] DbBoards:157 - Board is not supported: B-WBA5M-WPAN
2026-05-06 17:16:27,118 [INFO] BoardInfo:880 - No configuration file found for board NUCLEO-C051C8
2026-05-06 17:16:27,118 [INFO] DbBoards:157 - Board is not supported: NUCLEO-C051C8
2026-05-06 17:16:27,120 [INFO] BoardInfo:880 - No configuration file found for board NUCLEO-C071RB
2026-05-06 17:16:27,120 [INFO] DbBoards:157 - Board is not supported: NUCLEO-C071RB
2026-05-06 17:16:27,122 [INFO] BoardInfo:880 - No configuration file found for board NUCLEO-C092RC
2026-05-06 17:16:27,122 [INFO] DbBoards:157 - Board is not supported: NUCLEO-C092RC
2026-05-06 17:16:27,145 [WARN] ConditionMgr:438 - getConditionDescription Invalid condition id : LAN8742 Phy interface Condition cause : null
2026-05-06 17:16:27,146 [WARN] PackLoader:240 - Cannot read IP mode file for STMicroelectronics.X-CUBE-AZRTOS-L4.2.0.0
2026-05-06 17:16:27,148 [WARN] ConditionMgr:1039 - genDependencies : Invalid condition id : LAN8742 Phy interface Condition cause : null
2026-05-06 17:16:27,148 [WARN] ConditionMgr:1039 - genDependencies : Invalid condition id : LAN8742 Phy interface Condition cause : null
2026-05-06 17:16:27,149 [WARN] ConditionMgr:1039 - genDependencies : Invalid condition id : LAN8742 Phy interface Condition cause : null
2026-05-06 17:16:27,187 [WARN] PackLoader:240 - Cannot read IP mode file for STMicroelectronics.X-CUBE-SFXS2LP1.4.0.0
2026-05-06 17:16:27,196 [INFO] BoardInfo:880 - No configuration file found for board NUCLEO-H533RE
2026-05-06 17:16:27,196 [INFO] DbBoards:157 - Board is not supported: NUCLEO-H533RE
2026-05-06 17:16:27,200 [INFO] BoardInfo:880 - No configuration file found for board NUCLEO-H5E5ZJ
2026-05-06 17:16:27,200 [INFO] DbBoards:157 - Board is not supported: NUCLEO-H5E5ZJ
2026-05-06 17:16:27,206 [WARN] PackLoader:240 - Cannot read IP mode file for STMicroelectronics.X-CUBE-WB05N.2.1.0
2026-05-06 17:16:27,220 [INFO] BoardInfo:880 - No configuration file found for board NUCLEO-H7S3L8
2026-05-06 17:16:27,221 [INFO] DbBoards:157 - Board is not supported: NUCLEO-H7S3L8
2026-05-06 17:16:27,224 [ERROR] Engine:466 - C:\Users\James Kennedy\.stm32cubemx\thirdparties\pdsc\STMicroelectronics.X-CUBE-ST67W61.1.2.0.pdsc: PDSC version is not supported
2026-05-06 17:16:27,239 [ERROR] Engine:466 - C:\Users\James Kennedy\.stm32cubemx\thirdparties\pdsc\STMicroelectronics.X-CUBE-BLEMGR.4.1.0.pdsc: PDSC version is not supported
2026-05-06 17:16:27,248 [INFO] BoardInfo:880 - No configuration file found for board NUCLEO-N657X0-Q
2026-05-06 17:16:27,248 [INFO] DbBoards:157 - Board is not supported: NUCLEO-N657X0-Q
2026-05-06 17:16:27,250 [INFO] BoardInfo:880 - No configuration file found for board NUCLEO-U031R8
2026-05-06 17:16:27,250 [INFO] DbBoards:157 - Board is not supported: NUCLEO-U031R8
2026-05-06 17:16:27,251 [INFO] BoardInfo:880 - No configuration file found for board NUCLEO-U083RC
2026-05-06 17:16:27,252 [INFO] DbBoards:157 - Board is not supported: NUCLEO-U083RC
2026-05-06 17:16:27,253 [INFO] BoardInfo:880 - No configuration file found for board NUCLEO-U385RG-Q
2026-05-06 17:16:27,253 [INFO] DbBoards:157 - Board is not supported: NUCLEO-U385RG-Q
2026-05-06 17:16:27,255 [INFO] BoardInfo:880 - No configuration file found for board NUCLEO-U3C5ZI-Q
2026-05-06 17:16:27,255 [INFO] DbBoards:157 - Board is not supported: NUCLEO-U3C5ZI-Q
2026-05-06 17:16:27,260 [INFO] BoardInfo:880 - No configuration file found for board NUCLEO-WB05KZ
2026-05-06 17:16:27,260 [INFO] DbBoards:157 - Board is not supported: NUCLEO-WB05KZ
2026-05-06 17:16:27,261 [INFO] BoardInfo:880 - No configuration file found for board NUCLEO-WB07CC
2026-05-06 17:16:27,261 [INFO] DbBoards:157 - Board is not supported: NUCLEO-WB07CC
2026-05-06 17:16:27,262 [INFO] BoardInfo:880 - No configuration file found for board NUCLEO-WB09KE
2026-05-06 17:16:27,262 [INFO] DbBoards:157 - Board is not supported: NUCLEO-WB09KE
2026-05-06 17:16:27,266 [INFO] BoardInfo:880 - No configuration file found for board NUCLEO-WBA25CE1
2026-05-06 17:16:27,266 [INFO] DbBoards:157 - Board is not supported: NUCLEO-WBA25CE1
2026-05-06 17:16:27,268 [WARN] ConditionMgr:438 - getConditionDescription Invalid condition id : UX DEVICE CLASS RTOS Condition cause : null
2026-05-06 17:16:27,268 [WARN] ConditionMgr:438 - getConditionDescription Invalid condition id : UX DEVICE CLASS RTOS Condition cause : null
2026-05-06 17:16:27,268 [INFO] BoardInfo:880 - No configuration file found for board NUCLEO-WBA55CG
2026-05-06 17:16:27,269 [INFO] DbBoards:157 - Board is not supported: NUCLEO-WBA55CG
2026-05-06 17:16:27,269 [WARN] PackLoader:240 - Cannot read IP mode file for STMicroelectronics.X-CUBE-AZRTOS-WB.2.0.0
2026-05-06 17:16:27,270 [WARN] ConditionMgr:1039 - genDependencies : Invalid condition id : UX DEVICE CLASS RTOS Condition cause : null
2026-05-06 17:16:27,270 [WARN] ConditionMgr:1039 - genDependencies : Invalid condition id : UX DEVICE CLASS RTOS Condition cause : null
2026-05-06 17:16:27,270 [WARN] ConditionMgr:1039 - genDependencies : Invalid condition id : UX DEVICE CLASS RTOS Condition cause : null
2026-05-06 17:16:27,270 [INFO] BoardInfo:880 - No configuration file found for board NUCLEO-WBA65RI
2026-05-06 17:16:27,270 [INFO] DbBoards:157 - Board is not supported: NUCLEO-WBA65RI
2026-05-06 17:16:27,270 [WARN] ConditionMgr:1039 - genDependencies : Invalid condition id : UX DEVICE CLASS RTOS Condition cause : null
2026-05-06 17:16:27,270 [WARN] ConditionMgr:1039 - genDependencies : Invalid condition id : UX DEVICE CLASS RTOS Condition cause : null
2026-05-06 17:16:27,272 [INFO] BoardInfo:880 - No configuration file found for board NUCLEO-WL33CC1
2026-05-06 17:16:27,272 [INFO] DbBoards:157 - Board is not supported: NUCLEO-WL33CC1
2026-05-06 17:16:27,273 [INFO] BoardInfo:880 - No configuration file found for board NUCLEO-WL33CC2
2026-05-06 17:16:27,274 [INFO] DbBoards:157 - Board is not supported: NUCLEO-WL33CC2
2026-05-06 17:16:27,274 [ERROR] Engine:466 - C:\Users\James Kennedy\.stm32cubemx\thirdparties\pdsc\quantropi.X-CUBE-qispace-sdk-base.2.1.0.pdsc: PDSC version is not supported
2026-05-06 17:16:27,275 [INFO] BoardInfo:880 - No configuration file found for board NUCLEO-WL3RKB1
2026-05-06 17:16:27,275 [INFO] DbBoards:157 - Board is not supported: NUCLEO-WL3RKB1
2026-05-06 17:16:27,277 [INFO] BoardInfo:880 - No configuration file found for board NUCLEO-WL3RKB2
2026-05-06 17:16:27,277 [INFO] DbBoards:157 - Board is not supported: NUCLEO-WL3RKB2
2026-05-06 17:16:27,284 [INFO] BoardInfo:880 - No configuration file found for board P-NUCLEO-WB55
2026-05-06 17:16:27,284 [INFO] DbBoards:157 - Kit is not supported: P-NUCLEO-WB55
2026-05-06 17:16:27,290 [INFO] BoardInfo:880 - No configuration file found for board STEVAL-BFA001V1B
2026-05-06 17:16:27,290 [INFO] DbBoards:157 - Kit is not supported: STEVAL-BFA001V1B
2026-05-06 17:16:27,291 [INFO] BoardInfo:880 - No configuration file found for board STEVAL-BFA001V2B
2026-05-06 17:16:27,292 [INFO] DbBoards:157 - Kit is not supported: STEVAL-BFA001V2B
2026-05-06 17:16:27,293 [WARN] PackLoader:240 - Cannot read IP mode file for STMicroelectronics.X-CUBE-STSE01.2.0.0
2026-05-06 17:16:27,296 [INFO] BoardInfo:880 - No configuration file found for board STEVAL-MKBOXPRO
2026-05-06 17:16:27,296 [INFO] DbBoards:157 - Board is not supported: STEVAL-MKBOXPRO
2026-05-06 17:16:27,317 [WARN] PackLoader:240 - Cannot read IP mode file for STMicroelectronics.X-CUBE-SUBG2.5.0.0
2026-05-06 17:16:27,347 [WARN] PackLoader:240 - Cannot read IP mode file for STMicroelectronics.X-CUBE-AZRTOS-G4.2.0.0
2026-05-06 17:16:27,353 [WARN] PackLoader:240 - Cannot read IP mode file for wolfSSL.I-CUBE-wolfSSH.1.4.20
2026-05-06 17:16:27,373 [WARN] PackLoader:240 - Cannot read IP mode file for STMicroelectronics.X-CUBE-NFC7.2.0.0
2026-05-06 17:16:27,381 [INFO] BoardInfo:880 - No configuration file found for board STM32H5F5J-DK
2026-05-06 17:16:27,382 [INFO] DbBoards:157 - Board is not supported: STM32H5F5J-DK
2026-05-06 17:16:27,397 [WARN] PackLoader:240 - Cannot read IP mode file for STMicroelectronics.X-CUBE-ALS.1.0.2
2026-05-06 17:16:27,404 [INFO] BoardInfo:880 - No configuration file found for board STM32H7S78-DK
2026-05-06 17:16:27,404 [INFO] DbBoards:157 - Board is not supported: STM32H7S78-DK
2026-05-06 17:16:27,414 [ERROR] Engine:466 - C:\Users\James Kennedy\.stm32cubemx\thirdparties\pdsc\STMicroelectronics.X-CUBE-TOF1.3.4.3.pdsc: PDSC version is not supported
2026-05-06 17:16:27,415 [INFO] ThirdParty:978 - Integrity check success = true
2026-05-06 17:16:27,415 [INFO] IntegrityCheckThread:100 - exiting critical section [integrity check]
2026-05-06 17:16:27,415 [INFO] IntegrityCheckThread:103 - End integrity checks thread
2026-05-06 17:16:27,429 [INFO] BoardInfo:880 - No configuration file found for board STM32MP215F-DK
2026-05-06 17:16:27,429 [INFO] DbBoards:157 - Board is not supported: STM32MP215F-DK
2026-05-06 17:16:27,431 [INFO] BoardInfo:880 - No configuration file found for board STM32MP257F-DK
2026-05-06 17:16:27,431 [INFO] DbBoards:157 - Board is not supported: STM32MP257F-DK
2026-05-06 17:16:27,433 [INFO] BoardInfo:880 - No configuration file found for board STM32MP257F-EV1
2026-05-06 17:16:27,433 [INFO] DbBoards:157 - Board is not supported: STM32MP257F-EV1
2026-05-06 17:16:27,436 [INFO] BoardInfo:880 - No configuration file found for board STM32N6570-DK
2026-05-06 17:16:27,437 [INFO] DbBoards:157 - Board is not supported: STM32N6570-DK
2026-05-06 17:16:27,440 [INFO] BoardInfo:880 - No configuration file found for board STM32U083C-DK
2026-05-06 17:16:27,441 [INFO] DbBoards:157 - Board is not supported: STM32U083C-DK
2026-05-06 17:16:27,448 [INFO] BoardInfo:880 - No configuration file found for board STM32WBA55G-DK1
2026-05-06 17:16:27,448 [INFO] DbBoards:157 - Board is not supported: STM32WBA55G-DK1
2026-05-06 17:16:27,449 [INFO] BoardInfo:880 - No configuration file found for board STM32WBA65I-DK1
2026-05-06 17:16:27,449 [INFO] DbBoards:157 - Board is not supported: STM32WBA65I-DK1
2026-05-06 17:16:27,449 [INFO] DbBoards:161 - Found 218 boards, 183 are supported
2026-05-06 17:16:27,452 [INFO] ApiDb:423 - Load user favorites file C:\Users\James Kennedy/.stm32cubeide/favorites.boards.txt: 0 item(s)
2026-05-06 17:16:27,452 [INFO] ApiDb:427 - User favorites Boards=[]
2026-05-06 17:16:27,452 [INFO] DbBoards:190 - Set 0 / 0 favorites Boards
2026-05-06 17:16:27,455 [INFO] ApiDb:668 - CubeFinder database Data Model version=2.1
2026-05-06 17:16:27,455 [INFO] ApiDb:669 - CubeFinder database Configuration version=3.0.42
2026-05-06 17:16:27,455 [INFO] ApiDb:670 - CubeFinder database generation date=2026-03-11 (1773229989)
2026-05-06 17:16:27,455 [INFO] ApiDb:671 - CubeFinder database FW Pack versions=[FP-ATR-ASTRA1_V2.0.0, FP-SNS-FLIGHT1_V5.1.0, FP-SNS-MOTENV1_V5.1.0, FP-SNS-MOTENVWB1_V1.5.0, FP-SNS-SMARTAG2_V1.2.0, FP-SNS-STBOX1_V2.1.0, STM32Cube_FW_C0_V1.4.0, STM32Cube_FW_F4_V1.28.3, STM32Cube_FW_F7_V1.17.4, STM32Cube_FW_G0_V1.6.3, STM32Cube_FW_G4_V1.6.2, STM32Cube_FW_H5_V1.6.0, STM32Cube_FW_H7RS_V1.3.0, STM32Cube_FW_H7_V1.13.0, STM32Cube_FW_L0_V1.12.2, STM32Cube_FW_L4_V1.18.2, STM32Cube_FW_L5_V1.6.0, STM32Cube_FW_N6_V1.3.0, STM32Cube_FW_U0_V1.3.0, STM32Cube_FW_U3_V1.3.0, STM32Cube_FW_U5_V1.8.0, STM32Cube_FW_WB0_V1.4.0, STM32Cube_FW_WBA_V1.9.0, STM32Cube_FW_WB_V1.24.0, STM32Cube_FW_WL3_V1.4.0, STM32Cube_FW_WL_V1.5.0, X-CUBE-ALGOBUILD_V1.4.0, X-CUBE-ALS_V1.0.2, X-CUBE-AZRTOS-F4_V1.1.0, X-CUBE-AZRTOS-F7_V1.1.0, X-CUBE-AZRTOS-G0_V1.1.0, X-CUBE-AZRTOS-G4_V2.0.0, X-CUBE-AZRTOS-H7RS_V1.1.0, X-CUBE-AZRTOS-H7_V3.4.0, X-CUBE-AZRTOS-L4_V2.0.0, X-CUBE-AZRTOS-L5_V2.0.0, X-CUBE-AZRTOS-WB_V2.0.0, X-CUBE-AZRTOS-WL_V2.0.0, X-CUBE-BLE1_V7.1.0, X-CUBE-BLE2_V3.3.0, X-CUBE-BLEMGR_V4.1.0, X-CUBE-EEPRMA1_V5.2.0, X-CUBE-FREERTOS_V1.5.0, X-CUBE-GNSS1_V6.0.0, X-CUBE-MEMS1_V12.0.0, X-CUBE-NFC4_V3.0.0, X-CUBE-NFC7_V2.0.0, X-CUBE-SFXS2LP1_V4.0.0, X-CUBE-ST67W61_V1.2.0, X-CUBE-SUBG2_V5.0.0, X-CUBE-TOF1_V3.4.3]
2026-05-06 17:16:28,032 [ERROR] DbExamplesSqlite:437 - Missing JSON key: board_cpn
2026-05-06 17:16:28,032 [ERROR] DbExamplesSqlite:437 - Missing JSON key: board_cpn
2026-05-06 17:16:28,032 [ERROR] DbExamplesSqlite:437 - Missing JSON key: board_cpn
2026-05-06 17:16:28,032 [ERROR] DbExamplesSqlite:437 - Missing JSON key: board_cpn
2026-05-06 17:16:28,258 [ERROR] DbExamplesSqlite:437 - Missing JSON key: board_cpn
2026-05-06 17:16:28,258 [ERROR] DbExamplesSqlite:437 - Missing JSON key: board_cpn
2026-05-06 17:16:28,325 [INFO] DbExamplesSqlite:395 - Ignored 39 examples not supported by CubeIDE
2026-05-06 17:16:28,326 [INFO] DbExamplesSqlite:396 - Found 11210 examples active
2026-05-06 17:16:28,326 [INFO] DbExamplesSqlite:397 - Found 0 examples obsolete
2026-05-06 17:16:28,326 [INFO] DbExamplesSqlite:398 - Found 0 examples under development
2026-05-06 17:16:28,326 [INFO] DbExamplesSqlite:399 - Found 76 examples not building
2026-05-06 17:16:28,330 [INFO] DbExamples:125 - Found 11247 examples
2026-05-06 17:16:28,443 [ERROR] DbExamples:208 - Found 377 examples with invalid data (board or MCU)
2026-05-06 17:16:28,444 [INFO] DbExamples:222 - Found 140 boards with related examples
2026-05-06 17:16:28,445 [INFO] DbExamples:235 - Found 114 MCUs with related examples
2026-05-06 17:16:28,462 [INFO] ApiDb:423 - Load user favorites file C:\Users\James Kennedy/.stm32cubeide/favorites.examples.txt: 0 item(s)
2026-05-06 17:16:28,462 [INFO] ApiDb:427 - User favorites Examples=[]
2026-05-06 17:16:28,462 [INFO] DbExamples:250 - Set 0 / 0 favorites Examples
2026-05-06 17:16:28,829 [INFO] McuFinderGlobals:76 - Set McuFinderConnectedMode to true
2026-05-06 17:16:28,838 [INFO] MultiScanPanel:200 - Auto-refresh data requested => check proxy status ongoing
2026-05-06 17:16:28,842 [INFO] FinderPluginLoader:95 - Searching for filters in installed packs
2026-05-06 17:16:30,148 [INFO] LoadUrlFilesThread:185 - End of LoadServerUrlFiles without Thread
2026-05-06 17:16:30,156 [INFO] DetailPanel:341 - Set advertising image to C:/Users/James Kennedy/STM32Cube/Repository/\en.prom-stm32wba2-stm32-nucleo-board-0426.png
2026-05-06 17:17:32,509 [INFO] McuResultTable:1395 - Mark MCU STM32F103C8T6 as favorite
2026-05-06 17:19:50,930 [INFO] MainUpdater:2868 - connection check result : 10
2026-05-06 17:19:50,930 [INFO] MainUpdater:2868 - connection check result : 10
2026-05-06 17:19:50,961 [INFO] MicroXplorer:468 - Change Database Path : 
2026-05-06 17:19:50,961 [INFO] MicroXplorer:498 - Change Database Version : DB.6.0.90
2026-05-06 17:19:50,964 [WARN] ThirdParty:871 - waiting for thirdparty lock release [close project]
2026-05-06 17:19:50,964 [INFO] ThirdParty:873 - entering critical section [close project]
2026-05-06 17:19:50,965 [INFO] ThirdParty:883 - exiting critical section [close project]
2026-05-06 17:19:50,967 [INFO] PinOutPanel:1499 - setPackage(No Configuration,No Configuration)
2026-05-06 17:19:50,973 [INFO] UtilMem:75 - Begin LoadConfig() Used Memory: 742214712 Bytes (1073741824)
2026-05-06 17:19:50,975 [INFO] MicroXplorer:468 - Change Database Path : 
2026-05-06 17:19:50,975 [INFO] MicroXplorer:498 - Change Database Version : DB.6.0.90
2026-05-06 17:19:50,975 [INFO] OpenFileManager:308 - Change cursor
2026-05-06 17:19:51,021 [INFO] Mcu:1946 - Initializing MCU STM32F103C8Tx STM32F103C8Tx STM32F103C8T6
2026-05-06 17:19:51,894 [INFO] Context:659 - Trying to add GPIOservice into a context  which must be forbidden
2026-05-06 17:19:52,114 [INFO] ImportTextPane:194 - (OptionalMessage_ERROR) Unable to find key (Mcu.ThirdPartyNb) in loaded IOC file
2026-05-06 17:19:52,114 [INFO] ImportTextPane:194 - (OptionalMessage_ERROR) Unable to find key (Mcu.PinsNb) in loaded IOC file
2026-05-06 17:19:52,114 [INFO] ImportTextPane:194 - (OptionalMessage_ERROR) Unable to find key (Mcu.IPNb) in loaded IOC file
2026-05-06 17:19:52,284 [INFO] RtosManager:555 - Registered RTOS mode: class=CMSIS, group=RTOS, mode=CMSIS_V1, owner=FREERTOS
2026-05-06 17:19:52,284 [INFO] RtosManager:555 - Registered RTOS mode: class=CMSIS, group=RTOS2, mode=CMSIS_V2, owner=FREERTOS
2026-05-06 17:19:52,284 [INFO] RtosManager:555 - Registered RTOS mode: class=RTOS, group=Core, mode=CMSIS_V1, owner=FREERTOS
2026-05-06 17:19:52,284 [INFO] RtosManager:555 - Registered RTOS mode: class=RTOS, group=Core, mode=CMSIS_V2, owner=FREERTOS
2026-05-06 17:19:52,284 [WARN] ModelIntegratedComponent:184 - Missing modes for component STMicroelectronics:FreeRTOS:0.0.1:STMicroelectronics:RTOS:FreeRTOS:Core:::10.2.0:
2026-05-06 17:19:52,293 [WARN] ModelIntegratedComponent:63 - No mode defined for component null
2026-05-06 17:19:52,293 [WARN] ModelIntegratedComponent:63 - No mode defined for component null
2026-05-06 17:19:52,293 [WARN] ModelIntegratedComponent:63 - No mode defined for component null
2026-05-06 17:19:52,293 [WARN] ModelIntegratedComponent:63 - No mode defined for component null
2026-05-06 17:19:52,293 [WARN] ModelIntegratedComponent:63 - No mode defined for component null
2026-05-06 17:19:52,293 [WARN] ModelIntegratedComponent:63 - No mode defined for component null
2026-05-06 17:19:52,293 [WARN] ModelIntegratedComponent:63 - No mode defined for component null
2026-05-06 17:19:52,293 [WARN] ModelIntegratedComponent:63 - No mode defined for component null
2026-05-06 17:19:52,293 [WARN] ModelIntegratedComponent:63 - No mode defined for component null
2026-05-06 17:19:52,293 [WARN] ModelIntegratedComponent:63 - No mode defined for component null
2026-05-06 17:19:52,294 [WARN] ModelIntegratedComponent:63 - No mode defined for component null
2026-05-06 17:19:52,294 [WARN] ModelIntegratedComponent:63 - No mode defined for component null
2026-05-06 17:19:52,294 [WARN] ModelIntegratedComponent:63 - No mode defined for component null
2026-05-06 17:19:52,294 [WARN] ModelIntegratedComponent:63 - No mode defined for component null
2026-05-06 17:19:52,294 [WARN] ModelIntegratedComponent:63 - No mode defined for component null
2026-05-06 17:19:52,294 [WARN] ModelIntegratedComponent:63 - No mode defined for component null
2026-05-06 17:19:52,294 [WARN] ModelIntegratedComponent:63 - No mode defined for component null
2026-05-06 17:19:52,294 [WARN] ModelIntegratedComponent:63 - No mode defined for component null
2026-05-06 17:19:52,294 [WARN] ModelIntegratedComponent:63 - No mode defined for component null
2026-05-06 17:19:52,294 [WARN] ModelIntegratedComponent:63 - No mode defined for component null
2026-05-06 17:19:52,294 [WARN] ModelIntegratedComponent:63 - No mode defined for component null
2026-05-06 17:19:52,294 [WARN] ModelIntegratedComponent:63 - No mode defined for component null
2026-05-06 17:19:52,294 [WARN] ModelIntegratedComponent:63 - No mode defined for component null
2026-05-06 17:19:52,294 [WARN] ModelIntegratedComponent:63 - No mode defined for component null
2026-05-06 17:19:52,294 [WARN] ModelIntegratedComponent:63 - No mode defined for component null
2026-05-06 17:19:52,294 [WARN] ModelIntegratedComponent:63 - No mode defined for component null
2026-05-06 17:19:52,294 [WARN] ModelIntegratedComponent:63 - No mode defined for component null
2026-05-06 17:19:52,294 [WARN] ModelIntegratedComponent:63 - No mode defined for component null
2026-05-06 17:19:52,294 [WARN] ModelIntegratedComponent:63 - No mode defined for component null
2026-05-06 17:19:52,294 [WARN] ModelIntegratedComponent:63 - No mode defined for component null
2026-05-06 17:19:52,294 [WARN] ModelIntegratedComponent:63 - No mode defined for component null
2026-05-06 17:19:52,295 [WARN] ModelIntegratedComponent:63 - No mode defined for component null
2026-05-06 17:19:52,295 [WARN] ModelIntegratedComponent:63 - No mode defined for component null
2026-05-06 17:19:52,381 [INFO] ThirdPartyModel:298 - Start build external matchings
2026-05-06 17:19:52,793 [INFO] ThirdPartyModel:316 - End build external matchings
2026-05-06 17:19:52,958 [INFO] UtilMem:75 - End LoadConfig() Used Memory: 879675528 Bytes (1073741824)
2026-05-06 17:19:52,987 [WARN] ThirdParty:833 - waiting for thirdparty lock release [change project]
2026-05-06 17:19:52,988 [INFO] ThirdParty:835 - entering critical section [change project]
2026-05-06 17:19:52,988 [INFO] ThirdParty:1030 - CMSIS Pack Vendor :STMicroelectronics X-CUBE-AZRTOS-H7 3.5.0
2026-05-06 17:19:52,988 [INFO] ThirdParty:1030 - CMSIS Pack Vendor :STMicroelectronics X-CUBE-PM33A1 1.0.0
2026-05-06 17:19:52,988 [INFO] ThirdParty:1030 - CMSIS Pack Vendor :STMicroelectronics USBPD 4.1
2026-05-06 17:19:52,988 [INFO] ThirdParty:1030 - CMSIS Pack Vendor :STMicroelectronics X-CUBE-NFC9 1.0.0
2026-05-06 17:19:52,988 [INFO] ThirdParty:1030 - CMSIS Pack Vendor :STMicroelectronics USB_HOST 2.0.0
2026-05-06 17:19:52,988 [INFO] ThirdParty:1030 - CMSIS Pack Vendor :STMicroelectronics FP-SNS-MOTENVWB1 1.4.0
2026-05-06 17:19:52,988 [INFO] ThirdParty:1030 - CMSIS Pack Vendor :STMicroelectronics X-CUBE-AZRTOS-F4 1.1.0
2026-05-06 17:19:52,988 [INFO] ThirdParty:1030 - CMSIS Pack Vendor :STMicroelectronics LIBJPEG 8.0.0
2026-05-06 17:19:52,988 [INFO] ThirdParty:1030 - CMSIS Pack Vendor :STMicroelectronics FP-ATR-ASTRA1 2.0.2
2026-05-06 17:19:52,988 [INFO] ThirdParty:1030 - CMSIS Pack Vendor :STMicroelectronics X-CUBE-BLE1 7.1.0
2026-05-06 17:19:52,988 [INFO] ThirdParty:1030 - CMSIS Pack Vendor :STMicroelectronics X-CUBE-SMBUS 2.1.0
2026-05-06 17:19:52,988 [INFO] ThirdParty:1030 - CMSIS Pack Vendor :wolfSSL I-CUBE-wolfMQTT 1.19.2
2026-05-06 17:19:52,988 [INFO] ThirdParty:1030 - CMSIS Pack Vendor :STMicroelectronics USB_DEVICE 3.0.0
2026-05-06 17:19:52,988 [INFO] ThirdParty:1030 - CMSIS Pack Vendor :STMicroelectronics X-CUBE-ISPU 2.1.0
2026-05-06 17:19:52,988 [INFO] ThirdParty:1030 - CMSIS Pack Vendor :STMicroelectronics X-CUBE-EEPRMA1 5.2.0
2026-05-06 17:19:52,988 [INFO] ThirdParty:1030 - CMSIS Pack Vendor :STMicroelectronics X-CUBE-AZRTOS-WB 2.0.0
2026-05-06 17:19:52,988 [INFO] ThirdParty:1030 - CMSIS Pack Vendor :wolfSSL I-CUBE-wolfSSL 5.8.4
2026-05-06 17:19:52,988 [INFO] ThirdParty:1030 - CMSIS Pack Vendor :STMicroelectronics X-CUBE-NFC12 1.0.0
2026-05-06 17:19:52,988 [INFO] ThirdParty:1030 - CMSIS Pack Vendor :STMicroelectronics X-CUBE-AZRTOS-F7 1.1.0
2026-05-06 17:19:52,988 [INFO] ThirdParty:1030 - CMSIS Pack Vendor :STMicroelectronics X-CUBE-AZRTOS-L5 2.0.0
2026-05-06 17:19:52,989 [INFO] ThirdParty:1030 - CMSIS Pack Vendor :STMicroelectronics USB_DEVICE 2.0.0
2026-05-06 17:19:52,989 [INFO] ThirdParty:1030 - CMSIS Pack Vendor :STMicroelectronics X-CUBE-MEMS1 12.0.0
2026-05-06 17:19:52,989 [INFO] ThirdParty:1030 - CMSIS Pack Vendor :STMicroelectronics X-CUBE-STSE01 2.0.0
2026-05-06 17:19:52,989 [INFO] ThirdParty:1030 - CMSIS Pack Vendor :STMicroelectronics FreeRTOS 0.0.1
2026-05-06 17:19:52,989 [INFO] ThirdParty:1030 - CMSIS Pack Vendor :STMicroelectronics X-CUBE-AZRTOS-G0 1.1.0
2026-05-06 17:19:52,989 [INFO] ThirdParty:1030 - CMSIS Pack Vendor :STMicroelectronics X-CUBE-NFC4 3.0.0
2026-05-06 17:19:52,989 [INFO] ThirdParty:1030 - CMSIS Pack Vendor :STMicroelectronics X-CUBE-SUBG2 5.0.0
2026-05-06 17:19:52,989 [INFO] ThirdParty:1030 - CMSIS Pack Vendor :STMicroelectronics STM32_WPAN 1.0.0
2026-05-06 17:19:52,989 [INFO] ThirdParty:1030 - CMSIS Pack Vendor :STMicroelectronics lwIP 2.0.3
2026-05-06 17:19:52,989 [INFO] ThirdParty:1030 - CMSIS Pack Vendor :STMicroelectronics USB_HOST 1.0.0
2026-05-06 17:19:52,989 [INFO] ThirdParty:1030 - CMSIS Pack Vendor :STMicroelectronics X-CUBE-AZRTOS-G4 2.0.0
2026-05-06 17:19:52,989 [INFO] ThirdParty:1030 - CMSIS Pack Vendor :STMicroelectronics X-CUBE-WB05N 2.0.0
2026-05-06 17:19:52,989 [INFO] ThirdParty:1030 - CMSIS Pack Vendor :STMicroelectronics PDM2PCM 3.1.0
2026-05-06 17:19:52,989 [INFO] ThirdParty:1030 - CMSIS Pack Vendor :STMicroelectronics PDM2PCM 3.3.0
2026-05-06 17:19:52,989 [INFO] ThirdParty:1030 - CMSIS Pack Vendor :wolfSSL I-CUBE-wolfTPM 3.8.0
2026-05-06 17:19:52,989 [INFO] ThirdParty:1030 - CMSIS Pack Vendor :STMicroelectronics X-CUBE-AZRTOS-H7 3.4.0
2026-05-06 17:19:52,989 [INFO] ThirdParty:1030 - CMSIS Pack Vendor :STMicroelectronics X-CUBE-DISPLAY 3.0.0
2026-05-06 17:19:52,989 [INFO] ThirdParty:1030 - CMSIS Pack Vendor :wolfSSL I-CUBE-wolfSSH 1.4.20
2026-05-06 17:19:52,989 [INFO] ThirdParty:1030 - CMSIS Pack Vendor :STMicroelectronics X-CUBE-NFC7 2.0.0
2026-05-06 17:19:52,989 [INFO] ThirdParty:1030 - CMSIS Pack Vendor :STMicroelectronics X-CUBE-GNSS1 7.1.1
2026-05-06 17:19:52,989 [INFO] ThirdParty:1030 - CMSIS Pack Vendor :STMicroelectronics FP-ATR-SIGFOX1 3.2.0
2026-05-06 17:19:52,989 [INFO] ThirdParty:1030 - CMSIS Pack Vendor :STMicroelectronics X-CUBE-NFC10 1.0.0
2026-05-06 17:19:52,989 [INFO] ThirdParty:1030 - CMSIS Pack Vendor :STMicroelectronics HAL Drivers 0.0.0
2026-05-06 17:19:52,989 [INFO] ThirdParty:1030 - CMSIS Pack Vendor :STMicroelectronics MBEDTLS 2.16.2
2026-05-06 17:19:52,989 [INFO] ThirdParty:1030 - CMSIS Pack Vendor :STMicroelectronics X-CUBE-ALS 1.0.2
2026-05-06 17:19:52,989 [INFO] ThirdParty:1030 - CMSIS Pack Vendor :emotas I-CUBE-CANOPEN 1.3.0
2026-05-06 17:19:52,990 [INFO] ThirdParty:1030 - CMSIS Pack Vendor :STMicroelectronics MBEDTLS 2.14.1
2026-05-06 17:19:52,990 [INFO] ThirdParty:1030 - CMSIS Pack Vendor :STMicroelectronics X-CUBE-GNSS1 7.1.0
2026-05-06 17:19:52,990 [INFO] ThirdParty:1030 - CMSIS Pack Vendor :ITTIA_DB I-CUBE-ITTIADB 8.9.0
2026-05-06 17:19:52,990 [INFO] ThirdParty:1030 - CMSIS Pack Vendor :STMicroelectronics X-CUBE-TOUCHGFX 4.26.0
2026-05-06 17:19:52,990 [INFO] ThirdParty:1030 - CMSIS Pack Vendor :STMicroelectronics X-CUBE-TOUCHGFX 4.26.1
2026-05-06 17:19:52,990 [INFO] ThirdParty:1030 - CMSIS Pack Vendor :STMicroelectronics X-CUBE-NFC6 3.2.0
2026-05-06 17:19:52,990 [INFO] ThirdParty:1030 - CMSIS Pack Vendor :STMicroelectronics X-CUBE-AI 10.2.0
2026-05-06 17:19:52,990 [INFO] ThirdParty:1030 - CMSIS Pack Vendor :STMicroelectronics ThreadX 1.0.0
2026-05-06 17:19:52,990 [INFO] ThirdParty:1030 - CMSIS Pack Vendor :STMicroelectronics FP-SNS-SMARTAG2 1.2.0
2026-05-06 17:19:52,990 [INFO] ThirdParty:1030 - CMSIS Pack Vendor :STMicroelectronics X-CUBE-MEMS1 12.1.0
2026-05-06 17:19:52,990 [INFO] ThirdParty:1030 - CMSIS Pack Vendor :STMicroelectronics X-CUBE-AZRTOS-WL 2.0.0
2026-05-06 17:19:52,990 [INFO] ThirdParty:1030 - CMSIS Pack Vendor :SEGGER I-CUBE-embOS 1.3.1
2026-05-06 17:19:52,990 [INFO] ThirdParty:1030 - CMSIS Pack Vendor :STMicroelectronics X-CUBE-ALGOBUILD 1.4.0
2026-05-06 17:19:52,990 [INFO] ThirdParty:1030 - CMSIS Pack Vendor :STMicroelectronics USB_DEVICE 1.0.0
2026-05-06 17:19:52,990 [INFO] ThirdParty:1030 - CMSIS Pack Vendor :STMicroelectronics X-CUBE-AZRTOS-H7RS 1.2.0
2026-05-06 17:19:52,990 [INFO] ThirdParty:1030 - CMSIS Pack Vendor :STMicroelectronics X-CUBE-AZRTOS-L4 2.0.0
2026-05-06 17:19:52,990 [INFO] ThirdParty:1030 - CMSIS Pack Vendor :STMicroelectronics ThreadX 0.0.2
2026-05-06 17:19:52,990 [INFO] ThirdParty:1030 - CMSIS Pack Vendor :STMicroelectronics lwIP 2.1.2
2026-05-06 17:19:52,990 [INFO] ThirdParty:1030 - CMSIS Pack Vendor :STMicroelectronics X-CUBE-SFXS2LP1 4.0.0
2026-05-06 17:19:52,990 [INFO] ThirdParty:1030 - CMSIS Pack Vendor :STMicroelectronics X-CUBE-BLE2 3.3.0
2026-05-06 17:19:52,990 [INFO] ThirdParty:1030 - CMSIS Pack Vendor :STMicroelectronics PDM2PCM 3.2.0
2026-05-06 17:19:52,990 [INFO] ThirdParty:1030 - CMSIS Pack Vendor :STMicroelectronics X-CUBE-WB05N 2.1.0
2026-05-06 17:19:52,990 [INFO] ThirdParty:841 - exiting critical section [change project]
2026-05-06 17:19:53,216 [INFO] PinOutPanel:1499 - setPackage(No Configuration,No Configuration)
2026-05-06 17:19:53,218 [INFO] PinOutPanel:1499 - setPackage(STM32F103C8Tx,LQFP48)
2026-05-06 17:19:53,576 [INFO] UtilMem:75 - Before build in PCC Used Memory: 706062072 Bytes (1073741824)
2026-05-06 17:19:54,495 [INFO] UtilMem:75 - After build in PCC Used Memory: 794142456 Bytes (1073741824)
2026-05-06 17:19:54,539 [INFO] IPUIPlugin:80 - create IPUIPlugin
2026-05-06 17:19:54,540 [INFO] IPUIPlugin:80 - create IPUIPlugin
2026-05-06 17:19:54,540 [INFO] IPUIPlugin:80 - create IPUIPlugin
2026-05-06 17:19:54,540 [INFO] IPUIPlugin:80 - create IPUIPlugin
2026-05-06 17:19:54,540 [INFO] IPUIPlugin:80 - create IPUIPlugin
2026-05-06 17:19:54,544 [INFO] IPUIPlugin:80 - create IPUIPlugin
2026-05-06 17:19:54,544 [INFO] IPUIPlugin:80 - create IPUIPlugin
2026-05-06 17:19:54,544 [INFO] IPUIPlugin:80 - create IPUIPlugin
2026-05-06 17:19:54,544 [INFO] IPUIPlugin:80 - create IPUIPlugin
2026-05-06 17:19:54,545 [INFO] IPUIPlugin:80 - create IPUIPlugin
2026-05-06 17:19:54,545 [INFO] IPUIPlugin:80 - create IPUIPlugin
2026-05-06 17:19:54,545 [INFO] IPUIPlugin:80 - create IPUIPlugin
2026-05-06 17:19:54,545 [INFO] IPUIPlugin:80 - create IPUIPlugin
2026-05-06 17:19:54,546 [INFO] IPUIPlugin:80 - create IPUIPlugin
2026-05-06 17:19:54,546 [INFO] IPUIPlugin:80 - create IPUIPlugin
2026-05-06 17:19:54,546 [INFO] IPUIPlugin:80 - create IPUIPlugin
2026-05-06 17:19:54,546 [INFO] IPUIPlugin:80 - create IPUIPlugin
2026-05-06 17:19:54,547 [INFO] IPUIPlugin:80 - create IPUIPlugin
2026-05-06 17:19:54,547 [INFO] IPUIPlugin:80 - create IPUIPlugin
2026-05-06 17:19:54,547 [INFO] IPUIPlugin:80 - create IPUIPlugin
2026-05-06 17:19:54,547 [INFO] IPUIPlugin:80 - create IPUIPlugin
2026-05-06 17:19:54,548 [INFO] IPUIPlugin:80 - create IPUIPlugin
2026-05-06 17:19:54,548 [INFO] IPUIPlugin:80 - create IPUIPlugin
2026-05-06 17:19:54,549 [INFO] IPUIPlugin:80 - create IPUIPlugin
2026-05-06 17:19:54,549 [INFO] IPUIPlugin:80 - create IPUIPlugin
2026-05-06 17:19:54,549 [INFO] IPUIPlugin:80 - create IPUIPlugin
2026-05-06 17:19:54,549 [INFO] IPUIPlugin:80 - create IPUIPlugin
2026-05-06 17:19:54,830 [INFO] CADModel:165 - CPN selected for project levelSTM32F103C8T6
2026-05-06 17:19:54,831 [INFO] CADModel:114 - Register for checkConnection events
2026-05-06 17:19:54,870 [INFO] OpenFileManager:328 - Restore cursor
2026-05-06 17:19:56,111 [INFO] UtilMem:75 - End SaveConfig() Used Memory: 875931384 Bytes (1073741824)
2026-05-06 17:19:56,162 [INFO] UtilMem:75 - End SaveConfig() Used Memory: 888968016 Bytes (1073741824)
2026-05-06 17:19:56,438 [INFO] BlockDiagram:2759 - set Specific Code input for plugin: NVIC
2026-05-06 17:19:56,439 [INFO] BlockDiagram:2759 - set Specific Code input for plugin: RCC
2026-05-06 17:19:56,440 [INFO] CodeGenerator:799 - code generatio: config db path: C:\ST\STM32CubeIDE_1.13.0\STM32CubeIDE\plugins\com.st.stm32cube.common.mx_6.9.0.202307051724\\db\
2026-05-06 17:19:56,685 [INFO] CodeEngine:255 - oldGeneratedFile, D:\smart_garden\LoRa\MXTmpFiles\license.tmp_save
2026-05-06 17:19:56,994 [INFO] CodeEngine:279 - Generated code: D:\smart_garden\LoRa\MXTmpFiles\license.tmp
2026-05-06 17:19:57,017 [INFO] CodeEngine:255 - oldGeneratedFile, D:\smart_garden\LoRa\Core\Src\stm32f1xx_it.c_save
2026-05-06 17:19:57,151 [INFO] CodeEngine:279 - Generated code: D:\smart_garden\LoRa\Core\Src\stm32f1xx_it.c
2026-05-06 17:19:57,163 [INFO] CodeEngine:255 - oldGeneratedFile, D:\smart_garden\LoRa\Core\Inc\stm32f1xx_it.h_save
2026-05-06 17:19:57,232 [INFO] CodeEngine:279 - Generated code: D:\smart_garden\LoRa\Core\Inc\stm32f1xx_it.h
2026-05-06 17:19:57,354 [INFO] CodeEngine:255 - oldGeneratedFile, D:\smart_garden\LoRa\Core\Src\stm32f1xx_hal_msp.c_save
2026-05-06 17:19:57,461 [INFO] CodeEngine:279 - Generated code: D:\smart_garden\LoRa\Core\Src\stm32f1xx_hal_msp.c
2026-05-06 17:19:57,474 [INFO] CodeEngine:255 - oldGeneratedFile, D:\smart_garden\LoRa\MXTmpFiles\system.tmp_save
2026-05-06 17:19:57,539 [INFO] CodeEngine:279 - Generated code: D:\smart_garden\LoRa\MXTmpFiles\system.tmp
2026-05-06 17:19:57,562 [INFO] CodeEngine:311 - oldGeneratedFile, D:\smart_garden\LoRa\Core\Inc\stm32f1xx_hal_conf.h_save
2026-05-06 17:19:57,647 [INFO] CodeEngine:335 - Generated code: D:\smart_garden\LoRa\Core\Inc\stm32f1xx_hal_conf.h
2026-05-06 17:19:57,697 [INFO] CodeEngine:255 - oldGeneratedFile, D:\smart_garden\LoRa\Core\Inc\main.h_save
2026-05-06 17:19:57,802 [INFO] CodeEngine:279 - Generated code: D:\smart_garden\LoRa\Core\Inc\main.h
2026-05-06 17:19:57,819 [INFO] CodeEngine:255 - oldGeneratedFile, D:\smart_garden\LoRa\Core\Src\main.c_save
2026-05-06 17:19:57,979 [INFO] CodeEngine:279 - Generated code: D:\smart_garden\LoRa\Core\Src\main.c
2026-05-06 17:19:58,821 [INFO] ProjectBuilder:3064 - Time for Copy HAL[1] : 170mS.
2026-05-06 17:19:58,829 [INFO] ProjectBuilder:4404 - Project Generator version: 4.1.0
2026-05-06 17:19:59,089 [INFO] ConfigFileManager:1457 - The Die is : DIE410
2026-05-06 17:19:59,124 [INFO] ApiDbMcu:507 - Load IP Config File for FATFS
2026-05-06 17:19:59,156 [INFO] ApiDbMcu:507 - Load IP Config File for FREERTOS
2026-05-06 17:19:59,188 [INFO] ApiDbMcu:507 - Load IP Config File for USB_DEVICE
2026-05-06 17:20:00,469 [INFO] LogOutputStream:77 - [STDOUT_REDIRECT] 
2026-05-06 17:20:04,899 [INFO] ProjectBuilder:4626 - Time for Generating toolchain IDE Files: 6070mS.
2026-05-06 17:20:04,900 [INFO] ProjectBuilder:2935 - Time for Copy CMSIS : 0mS.
2026-05-06 17:20:04,901 [INFO] ProjectBuilder:2935 - Time for Copy CMSIS : 0mS.
2026-05-06 17:20:06,047 [INFO] McuFinderGlobals:76 - Set McuFinderConnectedMode to true
2026-05-06 17:20:06,050 [INFO] ApiDb:448 - Save user favorites file C:\Users\James Kennedy/.stm32cubeide/favorites.mcus.txt: 1 item(s)
2026-05-06 17:20:06,050 [INFO] ApiDb:452 - User favorites MCUs=[STM32F103C8T6]
2026-05-06 18:53:26,917 [INFO] NvicIntPanel:101 - NVIC parent = com.st.microxplorer.plugins.ip.nvic.MultiNvicIntPanel[,0,0,0x0,invalid,layout=javax.swing.BoxLayout,alignmentX=0.0,alignmentY=0.0,border=,flags=9,maximumSize=,minimumSize=,preferredSize=]
2026-05-06 18:53:28,969 [INFO] NvicIntPanel:101 - NVIC parent = com.st.microxplorer.plugins.ip.nvic.MultiNvicIntPanel[,0,0,0x0,invalid,layout=javax.swing.BoxLayout,alignmentX=0.0,alignmentY=0.0,border=,flags=9,maximumSize=,minimumSize=,preferredSize=]
2026-05-06 18:53:29,027 [INFO] NvicIntPanel:101 - NVIC parent = com.st.microxplorer.plugins.ip.nvic.MultiNvicIntPanel[,0,0,0x0,invalid,layout=javax.swing.BoxLayout,alignmentX=0.0,alignmentY=0.0,border=,flags=9,maximumSize=,minimumSize=,preferredSize=]
2026-05-06 18:53:31,699 [INFO] NvicIntPanel:101 - NVIC parent = com.st.microxplorer.plugins.ip.nvic.MultiNvicIntPanel[,0,0,0x0,invalid,layout=javax.swing.BoxLayout,alignmentX=0.0,alignmentY=0.0,border=,flags=9,maximumSize=,minimumSize=,preferredSize=]
2026-05-06 18:53:31,758 [INFO] NvicIntPanel:101 - NVIC parent = com.st.microxplorer.plugins.ip.nvic.MultiNvicIntPanel[,0,0,0x0,invalid,layout=javax.swing.BoxLayout,alignmentX=0.0,alignmentY=0.0,border=,flags=9,maximumSize=,minimumSize=,preferredSize=]
2026-05-06 18:53:35,555 [INFO] NvicIntPanel:101 - NVIC parent = com.st.microxplorer.plugins.ip.nvic.MultiNvicIntPanel[,0,0,0x0,invalid,layout=javax.swing.BoxLayout,alignmentX=0.0,alignmentY=0.0,border=,flags=9,maximumSize=,minimumSize=,preferredSize=]
2026-05-06 18:53:35,608 [INFO] NvicIntPanel:101 - NVIC parent = com.st.microxplorer.plugins.ip.nvic.MultiNvicIntPanel[,0,0,0x0,invalid,layout=javax.swing.BoxLayout,alignmentX=0.0,alignmentY=0.0,border=,flags=9,maximumSize=,minimumSize=,preferredSize=]
2026-05-06 19:07:47,330 [INFO] Gpio:273 - dependency for GPIO [RCC, SPI1, SYS]
2026-05-06 19:09:07,070 [INFO] Gpio:273 - dependency for GPIO [RCC, SPI1, SYS]
2026-05-06 19:09:30,986 [WARN] IP:2114 - I2C_Coeff_DF not found: check if there is a RefParameter without a condition.
2026-05-06 19:09:30,986 [WARN] IP:2114 - Analog_Filter not found: check if there is a RefParameter without a condition.
2026-05-06 19:09:30,995 [WARN] IP:2114 - I2C_Coeff_DF not found: check if there is a RefParameter without a condition.
2026-05-06 19:09:30,995 [WARN] IP:2114 - Analog_Filter not found: check if there is a RefParameter without a condition.
2026-05-06 19:09:30,995 [WARN] IP:2114 - I2C_Coeff_DF not found: check if there is a RefParameter without a condition.
2026-05-06 19:09:30,995 [WARN] IP:2114 - Analog_Filter not found: check if there is a RefParameter without a condition.
2026-05-06 19:09:31,032 [WARN] IP:2114 - I2C_Coeff_DF not found: check if there is a RefParameter without a condition.
2026-05-06 19:09:31,032 [WARN] IP:2114 - Analog_Filter not found: check if there is a RefParameter without a condition.
2026-05-06 19:09:31,033 [WARN] IP:2114 - I2C_Coeff_DF not found: check if there is a RefParameter without a condition.
2026-05-06 19:09:31,033 [WARN] IP:2114 - Analog_Filter not found: check if there is a RefParameter without a condition.
2026-05-06 19:09:42,093 [INFO] UtilMem:75 - End SaveConfig() Used Memory: 815857648 Bytes (1073741824)
2026-05-06 19:09:45,920 [INFO] DmaTabbedPanel:205 - Cannot restore the selected Tab for DMA
2026-05-06 19:09:46,572 [INFO] Gpio:273 - dependency for GPIO [I2C1, RCC, SPI1, SYS, USART1]
2026-05-06 19:09:52,612 [WARN] IP:2114 - I2C_Coeff_DF not found: check if there is a RefParameter without a condition.
2026-05-06 19:09:52,613 [WARN] IP:2114 - Analog_Filter not found: check if there is a RefParameter without a condition.
2026-05-06 19:10:00,910 [WARN] IP:2114 - I2C_Coeff_DF not found: check if there is a RefParameter without a condition.
2026-05-06 19:10:00,910 [WARN] IP:2114 - Analog_Filter not found: check if there is a RefParameter without a condition.
2026-05-06 19:10:00,911 [WARN] IP:2114 - I2C_Coeff_DF not found: check if there is a RefParameter without a condition.
2026-05-06 19:10:00,911 [WARN] IP:2114 - Analog_Filter not found: check if there is a RefParameter without a condition.
2026-05-06 19:10:17,868 [WARN] IP:2114 - I2C_Coeff_DF not found: check if there is a RefParameter without a condition.
2026-05-06 19:10:17,868 [WARN] IP:2114 - Analog_Filter not found: check if there is a RefParameter without a condition.
2026-05-06 19:10:17,868 [WARN] IP:2114 - I2C_Coeff_DF not found: check if there is a RefParameter without a condition.
2026-05-06 19:10:17,868 [WARN] IP:2114 - Analog_Filter not found: check if there is a RefParameter without a condition.
2026-05-06 19:10:53,690 [WARN] IP:2114 - I2C_Coeff_DF not found: check if there is a RefParameter without a condition.
2026-05-06 19:10:53,690 [WARN] IP:2114 - Analog_Filter not found: check if there is a RefParameter without a condition.
2026-05-06 19:10:53,691 [WARN] IP:2114 - I2C_Coeff_DF not found: check if there is a RefParameter without a condition.
2026-05-06 19:10:53,691 [WARN] IP:2114 - Analog_Filter not found: check if there is a RefParameter without a condition.
2026-05-06 19:11:13,346 [INFO] MainUpdater:2868 - connection check result : 10
2026-05-06 19:11:13,346 [INFO] MainUpdater:2868 - connection check result : 10
2026-05-06 19:11:13,384 [INFO] MicroXplorer:468 - Change Database Path : 
2026-05-06 19:11:13,384 [INFO] MicroXplorer:498 - Change Database Version : DB.6.0.90
2026-05-06 19:11:13,401 [WARN] ThirdParty:871 - waiting for thirdparty lock release [close project]
2026-05-06 19:11:13,401 [INFO] ThirdParty:873 - entering critical section [close project]
2026-05-06 19:11:13,401 [INFO] ThirdParty:883 - exiting critical section [close project]
2026-05-06 19:11:13,403 [INFO] PinOutPanel:1499 - setPackage(No Configuration,No Configuration)
2026-05-06 19:11:13,407 [INFO] UtilMem:75 - Begin LoadConfig() Used Memory: 895170920 Bytes (1073741824)
2026-05-06 19:11:13,407 [INFO] MicroXplorer:468 - Change Database Path : 
2026-05-06 19:11:13,407 [INFO] MicroXplorer:498 - Change Database Version : DB.6.0.90
2026-05-06 19:11:13,407 [INFO] OpenFileManager:308 - Change cursor
2026-05-06 19:11:13,431 [INFO] RulesReader:64 - Compatibility file has been processed (293 Rules)
2026-05-06 19:11:13,444 [INFO] Mcu:1946 - Initializing MCU STM32F103C(8-B)Tx STM32F103C8Tx STM32F103C8T6
2026-05-06 19:11:13,994 [INFO] Context:659 - Trying to add GPIOservice into a context  which must be forbidden
2026-05-06 19:11:14,230 [INFO] RtosManager:555 - Registered RTOS mode: class=CMSIS, group=RTOS, mode=CMSIS_V1, owner=FREERTOS
2026-05-06 19:11:14,230 [INFO] RtosManager:555 - Registered RTOS mode: class=CMSIS, group=RTOS2, mode=CMSIS_V2, owner=FREERTOS
2026-05-06 19:11:14,230 [INFO] RtosManager:555 - Registered RTOS mode: class=RTOS, group=Core, mode=CMSIS_V1, owner=FREERTOS
2026-05-06 19:11:14,230 [INFO] RtosManager:555 - Registered RTOS mode: class=RTOS, group=Core, mode=CMSIS_V2, owner=FREERTOS
2026-05-06 19:11:14,230 [WARN] ModelIntegratedComponent:184 - Missing modes for component STMicroelectronics:FreeRTOS:0.0.1:STMicroelectronics:RTOS:FreeRTOS:Core:::10.2.0:
2026-05-06 19:11:14,236 [WARN] ModelIntegratedComponent:63 - No mode defined for component null
2026-05-06 19:11:14,236 [WARN] ModelIntegratedComponent:63 - No mode defined for component null
2026-05-06 19:11:14,236 [WARN] ModelIntegratedComponent:63 - No mode defined for component null
2026-05-06 19:11:14,236 [WARN] ModelIntegratedComponent:63 - No mode defined for component null
2026-05-06 19:11:14,236 [WARN] ModelIntegratedComponent:63 - No mode defined for component null
2026-05-06 19:11:14,236 [WARN] ModelIntegratedComponent:63 - No mode defined for component null
2026-05-06 19:11:14,236 [WARN] ModelIntegratedComponent:63 - No mode defined for component null
2026-05-06 19:11:14,236 [WARN] ModelIntegratedComponent:63 - No mode defined for component null
2026-05-06 19:11:14,236 [WARN] ModelIntegratedComponent:63 - No mode defined for component null
2026-05-06 19:11:14,237 [WARN] ModelIntegratedComponent:63 - No mode defined for component null
2026-05-06 19:11:14,237 [WARN] ModelIntegratedComponent:63 - No mode defined for component null
2026-05-06 19:11:14,237 [WARN] ModelIntegratedComponent:63 - No mode defined for component null
2026-05-06 19:11:14,237 [WARN] ModelIntegratedComponent:63 - No mode defined for component null
2026-05-06 19:11:14,237 [WARN] ModelIntegratedComponent:63 - No mode defined for component null
2026-05-06 19:11:14,237 [WARN] ModelIntegratedComponent:63 - No mode defined for component null
2026-05-06 19:11:14,237 [WARN] ModelIntegratedComponent:63 - No mode defined for component null
2026-05-06 19:11:14,237 [WARN] ModelIntegratedComponent:63 - No mode defined for component null
2026-05-06 19:11:14,237 [WARN] ModelIntegratedComponent:63 - No mode defined for component null
2026-05-06 19:11:14,237 [WARN] ModelIntegratedComponent:63 - No mode defined for component null
2026-05-06 19:11:14,237 [WARN] ModelIntegratedComponent:63 - No mode defined for component null
2026-05-06 19:11:14,237 [WARN] ModelIntegratedComponent:63 - No mode defined for component null
2026-05-06 19:11:14,237 [WARN] ModelIntegratedComponent:63 - No mode defined for component null
2026-05-06 19:11:14,237 [WARN] ModelIntegratedComponent:63 - No mode defined for component null
2026-05-06 19:11:14,237 [WARN] ModelIntegratedComponent:63 - No mode defined for component null
2026-05-06 19:11:14,237 [WARN] ModelIntegratedComponent:63 - No mode defined for component null
2026-05-06 19:11:14,237 [WARN] ModelIntegratedComponent:63 - No mode defined for component null
2026-05-06 19:11:14,237 [WARN] ModelIntegratedComponent:63 - No mode defined for component null
2026-05-06 19:11:14,237 [WARN] ModelIntegratedComponent:63 - No mode defined for component null
2026-05-06 19:11:14,237 [WARN] ModelIntegratedComponent:63 - No mode defined for component null
2026-05-06 19:11:14,237 [WARN] ModelIntegratedComponent:63 - No mode defined for component null
2026-05-06 19:11:14,237 [WARN] ModelIntegratedComponent:63 - No mode defined for component null
2026-05-06 19:11:14,237 [WARN] ModelIntegratedComponent:63 - No mode defined for component null
2026-05-06 19:11:14,237 [WARN] ModelIntegratedComponent:63 - No mode defined for component null
2026-05-06 19:11:14,298 [INFO] ThirdPartyModel:298 - Start build external matchings
2026-05-06 19:11:14,728 [INFO] ThirdPartyModel:316 - End build external matchings
2026-05-06 19:11:14,739 [INFO] ImportTextPane:194 - (OptionalMessage_ERROR) IP (RCC) : Parameter (ADCFreqValue) has invalid value (36000000)
2026-05-06 19:11:14,740 [INFO] ImportTextPane:194 - (OptionalMessage_ERROR) IP (RCC) : Invalid parameter (FamilyName)
2026-05-06 19:11:14,740 [INFO] ImportTextPane:194 - (OptionalMessage_ERROR) IP (RCC) : Parameter (MCOFreq_Value) has invalid value (72000000)
2026-05-06 19:11:14,740 [INFO] ImportTextPane:194 - (OptionalMessage_ERROR) IP (RCC) : Parameter (USBFreq_Value) has invalid value (72000000)
2026-05-06 19:11:14,911 [INFO] UtilMem:75 - End LoadConfig() Used Memory: 771831920 Bytes (1073741824)
2026-05-06 19:11:14,944 [WARN] ThirdParty:833 - waiting for thirdparty lock release [change project]
2026-05-06 19:11:14,944 [INFO] ThirdParty:835 - entering critical section [change project]
2026-05-06 19:11:14,944 [INFO] ThirdParty:1030 - CMSIS Pack Vendor :STMicroelectronics X-CUBE-AZRTOS-H7 3.5.0
2026-05-06 19:11:14,944 [INFO] ThirdParty:1030 - CMSIS Pack Vendor :STMicroelectronics X-CUBE-PM33A1 1.0.0
2026-05-06 19:11:14,944 [INFO] ThirdParty:1030 - CMSIS Pack Vendor :STMicroelectronics USBPD 4.1
2026-05-06 19:11:14,944 [INFO] ThirdParty:1030 - CMSIS Pack Vendor :STMicroelectronics X-CUBE-NFC9 1.0.0
2026-05-06 19:11:14,945 [INFO] ThirdParty:1030 - CMSIS Pack Vendor :STMicroelectronics USB_HOST 2.0.0
2026-05-06 19:11:14,945 [INFO] ThirdParty:1030 - CMSIS Pack Vendor :STMicroelectronics FP-SNS-MOTENVWB1 1.4.0
2026-05-06 19:11:14,945 [INFO] ThirdParty:1030 - CMSIS Pack Vendor :STMicroelectronics X-CUBE-AZRTOS-F4 1.1.0
2026-05-06 19:11:14,945 [INFO] ThirdParty:1030 - CMSIS Pack Vendor :STMicroelectronics LIBJPEG 8.0.0
2026-05-06 19:11:14,945 [INFO] ThirdParty:1030 - CMSIS Pack Vendor :STMicroelectronics FP-ATR-ASTRA1 2.0.2
2026-05-06 19:11:14,945 [INFO] ThirdParty:1030 - CMSIS Pack Vendor :STMicroelectronics X-CUBE-BLE1 7.1.0
2026-05-06 19:11:14,945 [INFO] ThirdParty:1030 - CMSIS Pack Vendor :STMicroelectronics X-CUBE-SMBUS 2.1.0
2026-05-06 19:11:14,945 [INFO] ThirdParty:1030 - CMSIS Pack Vendor :wolfSSL I-CUBE-wolfMQTT 1.19.2
2026-05-06 19:11:14,945 [INFO] ThirdParty:1030 - CMSIS Pack Vendor :STMicroelectronics USB_DEVICE 3.0.0
2026-05-06 19:11:14,945 [INFO] ThirdParty:1030 - CMSIS Pack Vendor :STMicroelectronics X-CUBE-ISPU 2.1.0
2026-05-06 19:11:14,945 [INFO] ThirdParty:1030 - CMSIS Pack Vendor :STMicroelectronics X-CUBE-EEPRMA1 5.2.0
2026-05-06 19:11:14,945 [INFO] ThirdParty:1030 - CMSIS Pack Vendor :STMicroelectronics X-CUBE-AZRTOS-WB 2.0.0
2026-05-06 19:11:14,945 [INFO] ThirdParty:1030 - CMSIS Pack Vendor :wolfSSL I-CUBE-wolfSSL 5.8.4
2026-05-06 19:11:14,945 [INFO] ThirdParty:1030 - CMSIS Pack Vendor :STMicroelectronics X-CUBE-NFC12 1.0.0
2026-05-06 19:11:14,945 [INFO] ThirdParty:1030 - CMSIS Pack Vendor :STMicroelectronics X-CUBE-AZRTOS-F7 1.1.0
2026-05-06 19:11:14,945 [INFO] ThirdParty:1030 - CMSIS Pack Vendor :STMicroelectronics X-CUBE-AZRTOS-L5 2.0.0
2026-05-06 19:11:14,945 [INFO] ThirdParty:1030 - CMSIS Pack Vendor :STMicroelectronics USB_DEVICE 2.0.0
2026-05-06 19:11:14,945 [INFO] ThirdParty:1030 - CMSIS Pack Vendor :STMicroelectronics X-CUBE-MEMS1 12.0.0
2026-05-06 19:11:14,945 [INFO] ThirdParty:1030 - CMSIS Pack Vendor :STMicroelectronics X-CUBE-STSE01 2.0.0
2026-05-06 19:11:14,945 [INFO] ThirdParty:1030 - CMSIS Pack Vendor :STMicroelectronics FreeRTOS 0.0.1
2026-05-06 19:11:14,945 [INFO] ThirdParty:1030 - CMSIS Pack Vendor :STMicroelectronics X-CUBE-AZRTOS-G0 1.1.0
2026-05-06 19:11:14,945 [INFO] ThirdParty:1030 - CMSIS Pack Vendor :STMicroelectronics X-CUBE-NFC4 3.0.0
2026-05-06 19:11:14,945 [INFO] ThirdParty:1030 - CMSIS Pack Vendor :STMicroelectronics X-CUBE-SUBG2 5.0.0
2026-05-06 19:11:14,945 [INFO] ThirdParty:1030 - CMSIS Pack Vendor :STMicroelectronics STM32_WPAN 1.0.0
2026-05-06 19:11:14,945 [INFO] ThirdParty:1030 - CMSIS Pack Vendor :STMicroelectronics lwIP 2.0.3
2026-05-06 19:11:14,945 [INFO] ThirdParty:1030 - CMSIS Pack Vendor :STMicroelectronics USB_HOST 1.0.0
2026-05-06 19:11:14,945 [INFO] ThirdParty:1030 - CMSIS Pack Vendor :STMicroelectronics X-CUBE-AZRTOS-G4 2.0.0
2026-05-06 19:11:14,945 [INFO] ThirdParty:1030 - CMSIS Pack Vendor :STMicroelectronics X-CUBE-WB05N 2.0.0
2026-05-06 19:11:14,945 [INFO] ThirdParty:1030 - CMSIS Pack Vendor :STMicroelectronics PDM2PCM 3.1.0
2026-05-06 19:11:14,945 [INFO] ThirdParty:1030 - CMSIS Pack Vendor :STMicroelectronics PDM2PCM 3.3.0
2026-05-06 19:11:14,945 [INFO] ThirdParty:1030 - CMSIS Pack Vendor :wolfSSL I-CUBE-wolfTPM 3.8.0
2026-05-06 19:11:14,945 [INFO] ThirdParty:1030 - CMSIS Pack Vendor :STMicroelectronics X-CUBE-AZRTOS-H7 3.4.0
2026-05-06 19:11:14,945 [INFO] ThirdParty:1030 - CMSIS Pack Vendor :STMicroelectronics X-CUBE-DISPLAY 3.0.0
2026-05-06 19:11:14,945 [INFO] ThirdParty:1030 - CMSIS Pack Vendor :wolfSSL I-CUBE-wolfSSH 1.4.20
2026-05-06 19:11:14,945 [INFO] ThirdParty:1030 - CMSIS Pack Vendor :STMicroelectronics X-CUBE-NFC7 2.0.0
2026-05-06 19:11:14,945 [INFO] ThirdParty:1030 - CMSIS Pack Vendor :STMicroelectronics X-CUBE-GNSS1 7.1.1
2026-05-06 19:11:14,945 [INFO] ThirdParty:1030 - CMSIS Pack Vendor :STMicroelectronics FP-ATR-SIGFOX1 3.2.0
2026-05-06 19:11:14,945 [INFO] ThirdParty:1030 - CMSIS Pack Vendor :STMicroelectronics X-CUBE-NFC10 1.0.0
2026-05-06 19:11:14,945 [INFO] ThirdParty:1030 - CMSIS Pack Vendor :STMicroelectronics HAL Drivers 0.0.0
2026-05-06 19:11:14,945 [INFO] ThirdParty:1030 - CMSIS Pack Vendor :STMicroelectronics MBEDTLS 2.16.2
2026-05-06 19:11:14,945 [INFO] ThirdParty:1030 - CMSIS Pack Vendor :STMicroelectronics X-CUBE-ALS 1.0.2
2026-05-06 19:11:14,945 [INFO] ThirdParty:1030 - CMSIS Pack Vendor :emotas I-CUBE-CANOPEN 1.3.0
2026-05-06 19:11:14,945 [INFO] ThirdParty:1030 - CMSIS Pack Vendor :STMicroelectronics MBEDTLS 2.14.1
2026-05-06 19:11:14,945 [INFO] ThirdParty:1030 - CMSIS Pack Vendor :STMicroelectronics X-CUBE-GNSS1 7.1.0
2026-05-06 19:11:14,945 [INFO] ThirdParty:1030 - CMSIS Pack Vendor :ITTIA_DB I-CUBE-ITTIADB 8.9.0
2026-05-06 19:11:14,945 [INFO] ThirdParty:1030 - CMSIS Pack Vendor :STMicroelectronics X-CUBE-TOUCHGFX 4.26.0
2026-05-06 19:11:14,945 [INFO] ThirdParty:1030 - CMSIS Pack Vendor :STMicroelectronics X-CUBE-TOUCHGFX 4.26.1
2026-05-06 19:11:14,945 [INFO] ThirdParty:1030 - CMSIS Pack Vendor :STMicroelectronics X-CUBE-NFC6 3.2.0
2026-05-06 19:11:14,945 [INFO] ThirdParty:1030 - CMSIS Pack Vendor :STMicroelectronics X-CUBE-AI 10.2.0
2026-05-06 19:11:14,945 [INFO] ThirdParty:1030 - CMSIS Pack Vendor :STMicroelectronics ThreadX 1.0.0
2026-05-06 19:11:14,945 [INFO] ThirdParty:1030 - CMSIS Pack Vendor :STMicroelectronics FP-SNS-SMARTAG2 1.2.0
2026-05-06 19:11:14,945 [INFO] ThirdParty:1030 - CMSIS Pack Vendor :STMicroelectronics X-CUBE-MEMS1 12.1.0
2026-05-06 19:11:14,945 [INFO] ThirdParty:1030 - CMSIS Pack Vendor :STMicroelectronics X-CUBE-AZRTOS-WL 2.0.0
2026-05-06 19:11:14,946 [INFO] ThirdParty:1030 - CMSIS Pack Vendor :SEGGER I-CUBE-embOS 1.3.1
2026-05-06 19:11:14,946 [INFO] ThirdParty:1030 - CMSIS Pack Vendor :STMicroelectronics X-CUBE-ALGOBUILD 1.4.0
2026-05-06 19:11:14,946 [INFO] ThirdParty:1030 - CMSIS Pack Vendor :STMicroelectronics USB_DEVICE 1.0.0
2026-05-06 19:11:14,946 [INFO] ThirdParty:1030 - CMSIS Pack Vendor :STMicroelectronics X-CUBE-AZRTOS-H7RS 1.2.0
2026-05-06 19:11:14,946 [INFO] ThirdParty:1030 - CMSIS Pack Vendor :STMicroelectronics X-CUBE-AZRTOS-L4 2.0.0
2026-05-06 19:11:14,946 [INFO] ThirdParty:1030 - CMSIS Pack Vendor :STMicroelectronics ThreadX 0.0.2
2026-05-06 19:11:14,946 [INFO] ThirdParty:1030 - CMSIS Pack Vendor :STMicroelectronics lwIP 2.1.2
2026-05-06 19:11:14,946 [INFO] ThirdParty:1030 - CMSIS Pack Vendor :STMicroelectronics X-CUBE-SFXS2LP1 4.0.0
2026-05-06 19:11:14,946 [INFO] ThirdParty:1030 - CMSIS Pack Vendor :STMicroelectronics X-CUBE-BLE2 3.3.0
2026-05-06 19:11:14,946 [INFO] ThirdParty:1030 - CMSIS Pack Vendor :STMicroelectronics PDM2PCM 3.2.0
2026-05-06 19:11:14,946 [INFO] ThirdParty:1030 - CMSIS Pack Vendor :STMicroelectronics X-CUBE-WB05N 2.1.0
2026-05-06 19:11:14,946 [INFO] ThirdParty:841 - exiting critical section [change project]
2026-05-06 19:11:14,996 [INFO] PinOutPanel:1499 - setPackage(No Configuration,No Configuration)
2026-05-06 19:11:14,997 [INFO] PinOutPanel:1499 - setPackage(STM32F103C8Tx,LQFP48)
2026-05-06 19:11:15,105 [INFO] UtilMem:75 - Before build in PCC Used Memory: 878614408 Bytes (1073741824)
2026-05-06 19:11:15,283 [INFO] UtilMem:75 - After build in PCC Used Memory: 920557448 Bytes (1073741824)
2026-05-06 19:11:15,293 [INFO] IPUIPlugin:80 - create IPUIPlugin
2026-05-06 19:11:15,293 [INFO] IPUIPlugin:80 - create IPUIPlugin
2026-05-06 19:11:15,293 [INFO] IPUIPlugin:80 - create IPUIPlugin
2026-05-06 19:11:15,294 [INFO] IPUIPlugin:80 - create IPUIPlugin
2026-05-06 19:11:15,294 [INFO] IPUIPlugin:80 - create IPUIPlugin
2026-05-06 19:11:15,294 [INFO] IPUIPlugin:80 - create IPUIPlugin
2026-05-06 19:11:15,294 [INFO] IPUIPlugin:80 - create IPUIPlugin
2026-05-06 19:11:15,294 [INFO] IPUIPlugin:80 - create IPUIPlugin
2026-05-06 19:11:15,294 [INFO] IPUIPlugin:80 - create IPUIPlugin
2026-05-06 19:11:15,294 [INFO] IPUIPlugin:80 - create IPUIPlugin
2026-05-06 19:11:15,294 [INFO] IPUIPlugin:80 - create IPUIPlugin
2026-05-06 19:11:15,294 [INFO] IPUIPlugin:80 - create IPUIPlugin
2026-05-06 19:11:15,294 [INFO] IPUIPlugin:80 - create IPUIPlugin
2026-05-06 19:11:15,294 [INFO] IPUIPlugin:80 - create IPUIPlugin
2026-05-06 19:11:15,294 [INFO] IPUIPlugin:80 - create IPUIPlugin
2026-05-06 19:11:15,294 [INFO] IPUIPlugin:80 - create IPUIPlugin
2026-05-06 19:11:15,294 [INFO] IPUIPlugin:80 - create IPUIPlugin
2026-05-06 19:11:15,294 [INFO] IPUIPlugin:80 - create IPUIPlugin
2026-05-06 19:11:15,295 [INFO] IPUIPlugin:80 - create IPUIPlugin
2026-05-06 19:11:15,295 [INFO] IPUIPlugin:80 - create IPUIPlugin
2026-05-06 19:11:15,295 [INFO] IPUIPlugin:80 - create IPUIPlugin
2026-05-06 19:11:15,295 [INFO] IPUIPlugin:80 - create IPUIPlugin
2026-05-06 19:11:15,295 [INFO] IPUIPlugin:80 - create IPUIPlugin
2026-05-06 19:11:15,295 [INFO] IPUIPlugin:80 - create IPUIPlugin
2026-05-06 19:11:15,295 [INFO] IPUIPlugin:80 - create IPUIPlugin
2026-05-06 19:11:15,295 [INFO] IPUIPlugin:80 - create IPUIPlugin
2026-05-06 19:11:15,295 [INFO] IPUIPlugin:80 - create IPUIPlugin
2026-05-06 19:11:15,296 [WARN] IP:2114 - I2C_Coeff_DF not found: check if there is a RefParameter without a condition.
2026-05-06 19:11:15,296 [WARN] IP:2114 - Analog_Filter not found: check if there is a RefParameter without a condition.
2026-05-06 19:11:15,326 [INFO] CADModel:165 - CPN selected for project levelSTM32F103C8T6
2026-05-06 19:11:15,326 [INFO] CADModel:114 - Register for checkConnection events
2026-05-06 19:11:15,379 [INFO] OpenFileManager:328 - Restore cursor
2026-05-06 19:11:15,384 [INFO] ApiDb:581 - Connected to CubeFinder SQLite database (C:\Users\James Kennedy\.stmcufinder\plugins\mcufinder\mcu\cube-finder-db.db)
2026-05-06 19:11:15,489 [WARN] IP:2114 - I2C_Coeff_DF not found: check if there is a RefParameter without a condition.
2026-05-06 19:11:15,489 [WARN] IP:2114 - Analog_Filter not found: check if there is a RefParameter without a condition.
2026-05-06 19:11:15,490 [WARN] IP:2114 - I2C_Coeff_DF not found: check if there is a RefParameter without a condition.
2026-05-06 19:11:15,490 [WARN] IP:2114 - Analog_Filter not found: check if there is a RefParameter without a condition.
2026-05-06 19:11:56,434 [WARN] IP:2114 - I2C_Coeff_DF not found: check if there is a RefParameter without a condition.
2026-05-06 19:11:56,434 [WARN] IP:2114 - Analog_Filter not found: check if there is a RefParameter without a condition.
2026-05-06 19:11:56,434 [WARN] IP:2114 - I2C_Coeff_DF not found: check if there is a RefParameter without a condition.
2026-05-06 19:11:56,434 [WARN] IP:2114 - Analog_Filter not found: check if there is a RefParameter without a condition.
2026-05-06 19:12:03,976 [WARN] IP:2114 - I2C_Coeff_DF not found: check if there is a RefParameter without a condition.
2026-05-06 19:12:03,976 [WARN] IP:2114 - Analog_Filter not found: check if there is a RefParameter without a condition.
2026-05-06 19:12:03,977 [WARN] IP:2114 - I2C_Coeff_DF not found: check if there is a RefParameter without a condition.
2026-05-06 19:12:03,977 [WARN] IP:2114 - Analog_Filter not found: check if there is a RefParameter without a condition.
2026-05-06 19:12:08,076 [INFO] UtilMem:75 - End SaveConfig() Used Memory: 897371736 Bytes (1073741824)
2026-05-06 19:12:11,248 [INFO] UtilMem:75 - End SaveConfig() Used Memory: 919735912 Bytes (1073741824)
2026-05-06 19:12:15,589 [INFO] UtilMem:75 - End SaveConfig() Used Memory: 797912424 Bytes (1073741824)
2026-05-06 19:12:15,764 [INFO] BlockDiagram:2759 - set Specific Code input for plugin: SPI
2026-05-06 19:12:15,764 [INFO] BlockDiagram:2759 - set Specific Code input for plugin: NVIC
2026-05-06 19:12:15,764 [INFO] BlockDiagram:2759 - set Specific Code input for plugin: USART
2026-05-06 19:12:15,764 [INFO] BlockDiagram:2759 - set Specific Code input for plugin: SYS
2026-05-06 19:12:15,765 [INFO] BlockDiagram:2759 - set Specific Code input for plugin: GPIO
2026-05-06 19:12:15,765 [INFO] BlockDiagram:2759 - set Specific Code input for plugin: RCC
2026-05-06 19:12:15,765 [INFO] BlockDiagram:2759 - set Specific Code input for plugin: I2C
2026-05-06 19:12:15,765 [INFO] CodeGenerator:799 - code generatio: config db path: C:\ST\STM32CubeIDE_1.13.0\STM32CubeIDE\plugins\com.st.stm32cube.common.mx_6.9.0.202307051724\\db\
2026-05-06 19:12:15,767 [WARN] IP:2114 - I2C_Coeff_DF not found: check if there is a RefParameter without a condition.
2026-05-06 19:12:15,767 [WARN] IP:2114 - Analog_Filter not found: check if there is a RefParameter without a condition.
2026-05-06 19:12:15,960 [INFO] CodeEngine:255 - oldGeneratedFile, D:\smart_garden\LoRa\MXTmpFiles\license.tmp_save
2026-05-06 19:12:16,082 [INFO] CodeEngine:279 - Generated code: D:\smart_garden\LoRa\MXTmpFiles\license.tmp
2026-05-06 19:12:16,148 [INFO] CodeEngine:255 - oldGeneratedFile, D:\smart_garden\LoRa\MXTmpFiles\gpio.tmp_save
2026-05-06 19:12:16,226 [INFO] CodeEngine:279 - Generated code: D:\smart_garden\LoRa\MXTmpFiles\gpio.tmp
2026-05-06 19:12:16,408 [INFO] CodeEngine:255 - oldGeneratedFile, D:\smart_garden\LoRa\Core\Src\stm32f1xx_it.c_save
2026-05-06 19:12:16,579 [INFO] CodeEngine:279 - Generated code: D:\smart_garden\LoRa\Core\Src\stm32f1xx_it.c
2026-05-06 19:12:16,592 [INFO] CodeEngine:255 - oldGeneratedFile, D:\smart_garden\LoRa\Core\Inc\stm32f1xx_it.h_save
2026-05-06 19:12:16,657 [INFO] CodeEngine:279 - Generated code: D:\smart_garden\LoRa\Core\Inc\stm32f1xx_it.h
2026-05-06 19:12:16,683 [INFO] CodeEngine:255 - oldGeneratedFile, D:\smart_garden\LoRa\Core\Src\stm32f1xx_hal_msp.c_save
2026-05-06 19:12:16,799 [INFO] CodeEngine:279 - Generated code: D:\smart_garden\LoRa\Core\Src\stm32f1xx_hal_msp.c
2026-05-06 19:12:16,803 [INFO] CodeEngine:255 - oldGeneratedFile, D:\smart_garden\LoRa\MXTmpFiles\system.tmp_save
2026-05-06 19:12:16,884 [INFO] CodeEngine:279 - Generated code: D:\smart_garden\LoRa\MXTmpFiles\system.tmp
2026-05-06 19:12:16,915 [INFO] CodeEngine:311 - oldGeneratedFile, D:\smart_garden\LoRa\Core\Inc\stm32f1xx_hal_conf.h_save
2026-05-06 19:12:17,045 [INFO] CodeEngine:335 - Generated code: D:\smart_garden\LoRa\Core\Inc\stm32f1xx_hal_conf.h
2026-05-06 19:12:17,147 [INFO] CodeEngine:255 - oldGeneratedFile, D:\smart_garden\LoRa\Core\Inc\main.h_save
2026-05-06 19:12:17,265 [INFO] CodeEngine:279 - Generated code: D:\smart_garden\LoRa\Core\Inc\main.h
2026-05-06 19:12:17,281 [INFO] CodeEngine:255 - oldGeneratedFile, D:\smart_garden\LoRa\Core\Src\main.c_save
2026-05-06 19:12:17,364 [INFO] CodeEngine:279 - Generated code: D:\smart_garden\LoRa\Core\Src\main.c
2026-05-06 19:12:17,704 [INFO] ProjectBuilder:3064 - Time for Copy HAL[1] : 114mS.
2026-05-06 19:12:17,708 [INFO] ProjectBuilder:4404 - Project Generator version: 4.1.0
2026-05-06 19:12:17,922 [INFO] ConfigFileManager:1457 - The Die is : DIE410
2026-05-06 19:12:17,938 [INFO] ApiDbMcu:507 - Load IP Config File for FATFS
2026-05-06 19:12:17,955 [INFO] ApiDbMcu:507 - Load IP Config File for FREERTOS
2026-05-06 19:12:17,974 [INFO] ApiDbMcu:507 - Load IP Config File for USB_DEVICE
2026-05-06 19:12:19,658 [INFO] ProjectBuilder:4626 - Time for Generating toolchain IDE Files: 1950mS.
2026-05-06 19:12:19,658 [INFO] ProjectBuilder:2935 - Time for Copy CMSIS : 0mS.
2026-05-06 19:12:19,659 [INFO] ProjectBuilder:2935 - Time for Copy CMSIS : 0mS.
2026-05-06 20:27:01,160 [INFO] Activator:176 - 


2026-05-06 20:27:01,162 [INFO] Activator:177 - !SESSION log4j initialized
2026-05-06 20:27:05,588 [INFO] LogOutputStream:77 - [STDOUT_REDIRECT] 
2026-05-06 20:27:06,478 [INFO] ApplicationProperties:184 - Using Application install path: C:\ST\STM32CubeIDE_1.13.0\STM32CubeIDE\plugins\com.st.stm32cube.common.mx_6.9.0.202307051724
2026-05-06 20:27:06,493 [INFO] DbMcusXml:78 - Set database path to: C:\ST\STM32CubeIDE_1.13.0\STM32CubeIDE\plugins\com.st.stm32cube.common.mx_6.9.0.202307051724\\db\/mcu/
2026-05-06 20:27:06,493 [INFO] ApiDb:274 - Set plugin database path to: C:\ST\STM32CubeIDE_1.13.0\STM32CubeIDE\plugins\com.st.stm32cube.common.mx_6.9.0.202307051724\\db\/plugins/boardmanager/
2026-05-06 20:27:06,493 [WARN] ApiDb:259 - Overriding images path with different value:  => C:\ST\STM32CubeIDE_1.13.0\STM32CubeIDE\plugins\com.st.stm32cube.common.mx_6.9.0.202307051724\\db\/plugins/mcufinder/images/
2026-05-06 20:27:06,507 [INFO] ApiDb:250 - Set database path to: C:\Users\James Kennedy\.stmcufinder\plugins\mcufinder//mcu/
2026-05-06 20:27:06,508 [INFO] DbMcusAds:125 - Set database path to: C:\Users\James Kennedy\.stmcufinder\plugins\mcufinder//mcu/
2026-05-06 20:27:06,510 [INFO] CrossReferenceDbSqlite:203 - Set database path to: C:\Users\James Kennedy\.stmcufinder\plugins\mcufinder//mcu/cs/
2026-05-06 20:27:06,610 [INFO] RulesReader:64 - Compatibility file has been processed (293 Rules)
2026-05-06 20:27:06,676 [INFO] DbMcusXml:78 - Set database path to: C:\ST\STM32CubeIDE_1.13.0\STM32CubeIDE\plugins\com.st.stm32cube.common.mx_6.9.0.202307051724\\db\/mcu/
2026-05-06 20:27:06,676 [INFO] ApiDb:274 - Set plugin database path to: C:\ST\STM32CubeIDE_1.13.0\STM32CubeIDE\plugins\com.st.stm32cube.common.mx_6.9.0.202307051724\\db\/plugins/boardmanager/
2026-05-06 20:27:06,676 [INFO] ApiDb:261 - Set plugin images path to: C:\ST\STM32CubeIDE_1.13.0\STM32CubeIDE\plugins\com.st.stm32cube.common.mx_6.9.0.202307051724\\db\/plugins/mcufinder/images/
2026-05-06 20:27:06,676 [WARN] DbFile:41 - Overriding database path with different value: C:\Users\James Kennedy\.stmcufinder\plugins\mcufinder/ => C:\Users\James Kennedy\.stmcufinder\plugins\mcufinder
2026-05-06 20:27:06,676 [INFO] ApiDb:250 - Set database path to: C:\Users\James Kennedy\.stmcufinder\plugins\mcufinder//mcu/
2026-05-06 20:27:06,677 [WARN] DbFile:41 - Overriding database path with different value: C:\Users\James Kennedy\.stmcufinder\plugins\mcufinder/ => C:\Users\James Kennedy\.stmcufinder\plugins\mcufinder
2026-05-06 20:27:06,677 [INFO] DbMcusAds:125 - Set database path to: C:\Users\James Kennedy\.stmcufinder\plugins\mcufinder//mcu/
2026-05-06 20:27:06,677 [WARN] DbFile:41 - Overriding database path with different value: C:\Users\James Kennedy\.stmcufinder\plugins\mcufinder/ => C:\Users\James Kennedy\.stmcufinder\plugins\mcufinder
2026-05-06 20:27:06,677 [WARN] DbFile:41 - Overriding database path with different value: C:\Users\James Kennedy\.stmcufinder\plugins\mcufinder/ => C:\Users\James Kennedy\.stmcufinder\plugins\mcufinder
2026-05-06 20:27:06,677 [INFO] CrossReferenceDbSqlite:203 - Set database path to: C:\Users\James Kennedy\.stmcufinder\plugins\mcufinder//mcu/cs/
2026-05-06 20:27:06,741 [INFO] MainPanel:262 - HeapMemory: 268435456
2026-05-06 20:27:06,811 [INFO] DbMcusXml:78 - Set database path to: C:\ST\STM32CubeIDE_1.13.0\STM32CubeIDE\plugins\com.st.stm32cube.common.mx_6.9.0.202307051724\\db\/mcu/
2026-05-06 20:27:06,812 [INFO] ApiDb:274 - Set plugin database path to: C:\ST\STM32CubeIDE_1.13.0\STM32CubeIDE\plugins\com.st.stm32cube.common.mx_6.9.0.202307051724\\db\/plugins/boardmanager/
2026-05-06 20:27:06,812 [INFO] ApiDb:261 - Set plugin images path to: C:\ST\STM32CubeIDE_1.13.0\STM32CubeIDE\plugins\com.st.stm32cube.common.mx_6.9.0.202307051724\\db\/plugins/mcufinder/images/
2026-05-06 20:27:06,812 [WARN] DbFile:41 - Overriding database path with different value: C:\Users\James Kennedy\.stmcufinder\plugins\mcufinder/ => C:\Users\James Kennedy\.stmcufinder\plugins\mcufinder
2026-05-06 20:27:06,812 [INFO] ApiDb:250 - Set database path to: C:\Users\James Kennedy\.stmcufinder\plugins\mcufinder//mcu/
2026-05-06 20:27:06,812 [WARN] DbFile:41 - Overriding database path with different value: C:\Users\James Kennedy\.stmcufinder\plugins\mcufinder/ => C:\Users\James Kennedy\.stmcufinder\plugins\mcufinder
2026-05-06 20:27:06,813 [INFO] DbMcusAds:125 - Set database path to: C:\Users\James Kennedy\.stmcufinder\plugins\mcufinder//mcu/
2026-05-06 20:27:06,813 [WARN] DbFile:41 - Overriding database path with different value: C:\Users\James Kennedy\.stmcufinder\plugins\mcufinder/ => C:\Users\James Kennedy\.stmcufinder\plugins\mcufinder
2026-05-06 20:27:06,813 [WARN] DbFile:41 - Overriding database path with different value: C:\Users\James Kennedy\.stmcufinder\plugins\mcufinder/ => C:\Users\James Kennedy\.stmcufinder\plugins\mcufinder
2026-05-06 20:27:06,813 [INFO] CrossReferenceDbSqlite:203 - Set database path to: C:\Users\James Kennedy\.stmcufinder\plugins\mcufinder//mcu/cs/
2026-05-06 20:27:06,831 [INFO] ApplicationProperties:184 - Using Application install path: C:\ST\STM32CubeIDE_1.13.0\STM32CubeIDE\plugins\com.st.stm32cube.common.mx_6.9.0.202307051724
2026-05-06 20:27:06,833 [INFO] PluginManage:196 - Search for loadable plugins [exclusion list=, ]
2026-05-06 20:27:06,835 [INFO] PluginManage:310 - Check plugin analytics
2026-05-06 20:27:06,969 [INFO] AnalyticsPlugin:253 - Accepted Software Licenses: STM32CubeMX.6.16.1
2026-05-06 20:27:06,969 [INFO] AnalyticsPlugin:255 - Accepted CMSIS Pack Licenses: 
2026-05-06 20:27:06,970 [INFO] AnalyticsPlugin:257 - Accepted Firmware Licenses: 
2026-05-06 20:27:06,972 [INFO] PluginManage:359 - Loaded plugin analytics (category:tool,tabindex:-1)
2026-05-06 20:27:06,973 [INFO] PluginManage:310 - Check plugin cadmodel
2026-05-06 20:27:06,987 [INFO] CADModel:105 - Init CAD model plugin
2026-05-06 20:27:06,987 [INFO] PluginManage:359 - Loaded plugin cadmodel (category:power,tabindex:5)
2026-05-06 20:27:06,987 [INFO] PluginManage:310 - Check plugin clock
2026-05-06 20:27:07,004 [INFO] PluginManage:359 - Loaded plugin clock (category:base,tabindex:2)
2026-05-06 20:27:07,004 [INFO] PluginManage:310 - Check plugin ddr
2026-05-06 20:27:07,006 [INFO] PluginManage:359 - Loaded plugin ddr (category:tool,tabindex:6)
2026-05-06 20:27:07,006 [INFO] PluginManage:310 - Check plugin filemanager
2026-05-06 20:27:07,113 [INFO] PluginManage:359 - Loaded plugin filemanager (category:base,tabindex:10)
2026-05-06 20:27:07,113 [INFO] PluginManage:310 - Check plugin ipmanager
2026-05-06 20:27:07,119 [INFO] PluginManage:359 - Loaded plugin ipmanager (category:base,tabindex:5)
2026-05-06 20:27:07,119 [INFO] PluginManage:310 - Check plugin lpbam
2026-05-06 20:27:07,136 [INFO] PluginManage:359 - Loaded plugin lpbam (category:base,tabindex:0)
2026-05-06 20:27:07,136 [INFO] PluginManage:310 - Check plugin memorymap
2026-05-06 20:27:07,155 [INFO] PluginManage:359 - Loaded plugin memorymap (category:base,tabindex:4)
2026-05-06 20:27:07,155 [INFO] PluginManage:310 - Check plugin pinoutandconfiguration
2026-05-06 20:27:07,171 [INFO] PluginManage:359 - Loaded plugin pinoutandconfiguration (category:base,tabindex:1)
2026-05-06 20:27:07,172 [INFO] PluginManage:310 - Check plugin pinoutconfig
2026-05-06 20:27:07,260 [WARN] SupportedApi:132 - Cannot load RTOS API schema: s4s-elt-must-match.1: The content of 'definitions' must match (annotation?, (simpleType | complexType)?, (unique | key | keyref)*)). A problem was found starting at: attribute.
2026-05-06 20:27:07,380 [INFO] PluginManage:359 - Loaded plugin pinoutconfig (category:base,tabindex:0)
2026-05-06 20:27:07,380 [INFO] PluginManage:310 - Check plugin power
2026-05-06 20:27:07,399 [INFO] PluginManage:359 - Loaded plugin power (category:power,tabindex:4)
2026-05-06 20:27:07,399 [INFO] PluginManage:310 - Check plugin projectmanager
2026-05-06 20:27:07,412 [INFO] PluginManage:359 - Loaded plugin projectmanager (category:projectmanager,tabindex:3)
2026-05-06 20:27:07,413 [INFO] PluginManage:310 - Check plugin thirdparty
2026-05-06 20:27:07,622 [INFO] PluginManage:359 - Loaded plugin thirdparty (category:base,tabindex:-1)
2026-05-06 20:27:07,622 [WARN] IntegrityCheckThread:84 - waiting for thirdparty lock release [integrity check]
2026-05-06 20:27:07,622 [INFO] PluginManage:310 - Check plugin tools
2026-05-06 20:27:07,623 [INFO] IntegrityCheckThread:86 - entering critical section [integrity check]
2026-05-06 20:27:07,623 [INFO] ThirdPartyUpdaterWithRetryManager:70 - Updater plugin not ready yet. [1/15]
2026-05-06 20:27:07,667 [INFO] PluginManage:359 - Loaded plugin tools (category:base,tabindex:7)
2026-05-06 20:27:07,667 [INFO] PluginManage:310 - Check plugin tutovideos
2026-05-06 20:27:07,824 [INFO] PluginManage:359 - Loaded plugin tutovideos (category:base,tabindex:-1)
2026-05-06 20:27:07,825 [INFO] PluginManage:310 - Check plugin updater
2026-05-06 20:27:07,834 [INFO] PluginManage:359 - Loaded plugin updater (category:base,tabindex:12)
2026-05-06 20:27:07,834 [INFO] PluginManage:310 - Check plugin userauth
2026-05-06 20:27:07,839 [INFO] UserAuth:113 - Init User Auth plugin
2026-05-06 20:27:07,839 [INFO] PluginManage:359 - Loaded plugin userauth (category:base,tabindex:14)
2026-05-06 20:27:07,839 [INFO] PluginManage:283 - PluginManage : Loaded plugins [17]
2026-05-06 20:27:08,025 [INFO] PinOutPanel:1499 - setPackage(No Configuration,No Configuration)
2026-05-06 20:27:08,120 [INFO] CADModel:165 - CPN selected for project level
2026-05-06 20:27:08,120 [INFO] CADModel:114 - Register for checkConnection events
2026-05-06 20:27:08,145 [INFO] IPUIPlugin:80 - create IPUIPlugin
2026-05-06 20:27:08,145 [INFO] PluginManager:220 - loadIPPluginJar : add adc
2026-05-06 20:27:08,190 [INFO] IPUIPlugin:80 - create IPUIPlugin
2026-05-06 20:27:08,190 [INFO] PluginManager:220 - loadIPPluginJar : add aes
2026-05-06 20:27:08,242 [INFO] IPUIPlugin:80 - create IPUIPlugin
2026-05-06 20:27:08,243 [INFO] PluginManager:220 - loadIPPluginJar : add can
2026-05-06 20:27:08,245 [INFO] IPUIPlugin:80 - create IPUIPlugin
2026-05-06 20:27:08,245 [INFO] PluginManager:220 - loadIPPluginJar : add comp
2026-05-06 20:27:08,285 [INFO] IPUIPlugin:80 - create IPUIPlugin
2026-05-06 20:27:08,285 [INFO] PluginManager:220 - loadIPPluginJar : add cryp
2026-05-06 20:27:08,323 [INFO] IPUIPlugin:80 - create IPUIPlugin
2026-05-06 20:27:08,323 [INFO] PluginManager:220 - loadIPPluginJar : add dfsdm
2026-05-06 20:27:08,337 [INFO] IPUIPlugin:80 - create IPUIPlugin
2026-05-06 20:27:08,337 [INFO] PluginManager:220 - loadIPPluginJar : add dma
2026-05-06 20:27:08,394 [INFO] IPUIPlugin:80 - create IPUIPlugin
2026-05-06 20:27:08,394 [INFO] PluginManager:220 - loadIPPluginJar : add dma3
2026-05-06 20:27:08,396 [INFO] IPUIPlugin:80 - create IPUIPlugin
2026-05-06 20:27:08,396 [INFO] PluginManager:220 - loadIPPluginJar : add fatfs
2026-05-06 20:27:08,452 [INFO] IPUIPlugin:80 - create IPUIPlugin
2026-05-06 20:27:08,452 [INFO] PluginManager:220 - loadIPPluginJar : add fmc
2026-05-06 20:27:08,468 [INFO] IPUIPlugin:80 - create IPUIPlugin
2026-05-06 20:27:08,469 [INFO] PluginManager:220 - loadIPPluginJar : add freertos
2026-05-06 20:27:08,471 [INFO] IPUIPlugin:80 - create IPUIPlugin
2026-05-06 20:27:08,471 [INFO] PluginManager:220 - loadIPPluginJar : add genericplugin
2026-05-06 20:27:08,584 [INFO] IPUIPlugin:80 - create IPUIPlugin
2026-05-06 20:27:08,584 [INFO] PluginManager:220 - loadIPPluginJar : add gfxmmu
2026-05-06 20:27:08,742 [INFO] IPUIPlugin:80 - create IPUIPlugin
2026-05-06 20:27:08,742 [INFO] PluginManager:220 - loadIPPluginJar : add gic
2026-05-06 20:27:08,755 [INFO] IPUIPlugin:80 - create IPUIPlugin
2026-05-06 20:27:08,755 [INFO] PluginManager:220 - loadIPPluginJar : add gpio
2026-05-06 20:27:08,870 [INFO] IPUIPlugin:80 - create IPUIPlugin
2026-05-06 20:27:08,871 [INFO] PluginManager:220 - loadIPPluginJar : add gtzc
2026-05-06 20:27:08,911 [INFO] IPUIPlugin:80 - create IPUIPlugin
2026-05-06 20:27:08,911 [INFO] PluginManager:220 - loadIPPluginJar : add hash
2026-05-06 20:27:08,977 [INFO] IPUIPlugin:80 - create IPUIPlugin
2026-05-06 20:27:08,977 [INFO] PluginManager:220 - loadIPPluginJar : add i2c
2026-05-06 20:27:09,028 [INFO] IPUIPlugin:80 - create IPUIPlugin
2026-05-06 20:27:09,028 [INFO] PluginManager:220 - loadIPPluginJar : add i2s
2026-05-06 20:27:09,078 [INFO] IPUIPlugin:80 - create IPUIPlugin
2026-05-06 20:27:09,078 [INFO] PluginManager:220 - loadIPPluginJar : add i3c
2026-05-06 20:27:09,200 [INFO] IPUIPlugin:80 - create IPUIPlugin
2026-05-06 20:27:09,200 [INFO] PluginManager:220 - loadIPPluginJar : add ipddr
2026-05-06 20:27:09,314 [INFO] IPUIPlugin:80 - create IPUIPlugin
2026-05-06 20:27:09,314 [INFO] PluginManager:220 - loadIPPluginJar : add linkedlist
2026-05-06 20:27:09,317 [INFO] IPUIPlugin:80 - create IPUIPlugin
2026-05-06 20:27:09,317 [INFO] PluginManager:220 - loadIPPluginJar : add lorawan
2026-05-06 20:27:09,364 [INFO] IPUIPlugin:80 - create IPUIPlugin
2026-05-06 20:27:09,364 [INFO] PluginManager:220 - loadIPPluginJar : add ltdc
2026-05-06 20:27:09,379 [INFO] IPUIPlugin:80 - create IPUIPlugin
2026-05-06 20:27:09,379 [INFO] PluginManager:220 - loadIPPluginJar : add mdma
2026-05-06 20:27:09,391 [INFO] IPUIPlugin:80 - create IPUIPlugin
2026-05-06 20:27:09,391 [INFO] PluginManager:220 - loadIPPluginJar : add nvic
2026-05-06 20:27:09,434 [INFO] IPUIPlugin:80 - create IPUIPlugin
2026-05-06 20:27:09,434 [INFO] PluginManager:220 - loadIPPluginJar : add opamp
2026-05-06 20:27:09,511 [INFO] IPUIPlugin:80 - create IPUIPlugin
2026-05-06 20:27:09,511 [INFO] PluginManager:220 - loadIPPluginJar : add openamp
2026-05-06 20:27:09,564 [INFO] IPUIPlugin:80 - create IPUIPlugin
2026-05-06 20:27:09,564 [INFO] PluginManager:220 - loadIPPluginJar : add pdm2pcm
2026-05-06 20:27:09,580 [INFO] IPUIPlugin:80 - create IPUIPlugin
2026-05-06 20:27:09,582 [INFO] PluginManager:220 - loadIPPluginJar : add plateformsettings
2026-05-06 20:27:09,609 [INFO] IPUIPlugin:80 - create IPUIPlugin
2026-05-06 20:27:09,609 [INFO] PluginManager:220 - loadIPPluginJar : add quadspi
2026-05-06 20:27:09,621 [INFO] IPUIPlugin:80 - create IPUIPlugin
2026-05-06 20:27:09,622 [INFO] PluginManager:220 - loadIPPluginJar : add resmgrutility
2026-05-06 20:27:09,684 [INFO] IPUIPlugin:80 - create IPUIPlugin
2026-05-06 20:27:09,684 [INFO] PluginManager:220 - loadIPPluginJar : add sai
2026-05-06 20:27:09,731 [INFO] IPUIPlugin:80 - create IPUIPlugin
2026-05-06 20:27:09,732 [INFO] PluginManager:220 - loadIPPluginJar : add spi
2026-05-06 20:27:09,799 [INFO] IPUIPlugin:80 - create IPUIPlugin
2026-05-06 20:27:09,800 [INFO] PluginManager:220 - loadIPPluginJar : add stm32_wpan
2026-05-06 20:27:09,822 [INFO] IPUIPlugin:80 - create IPUIPlugin
2026-05-06 20:27:09,822 [INFO] PluginManager:220 - loadIPPluginJar : add tim
2026-05-06 20:27:09,875 [INFO] IPUIPlugin:80 - create IPUIPlugin
2026-05-06 20:27:09,876 [INFO] PluginManager:220 - loadIPPluginJar : add touchsensing
2026-05-06 20:27:09,878 [INFO] IPUIPlugin:80 - create IPUIPlugin
2026-05-06 20:27:09,878 [INFO] PluginManager:220 - loadIPPluginJar : add tracer_emb
2026-05-06 20:27:09,900 [INFO] IPUIPlugin:80 - create IPUIPlugin
2026-05-06 20:27:09,900 [INFO] PluginManager:220 - loadIPPluginJar : add ts
2026-05-06 20:27:09,902 [INFO] IPUIPlugin:80 - create IPUIPlugin
2026-05-06 20:27:09,902 [INFO] PluginManager:220 - loadIPPluginJar : add tsc
2026-05-06 20:27:09,904 [INFO] IPUIPlugin:80 - create IPUIPlugin
2026-05-06 20:27:09,904 [INFO] PluginManager:220 - loadIPPluginJar : add ucpd
2026-05-06 20:27:09,944 [INFO] IPUIPlugin:80 - create IPUIPlugin
2026-05-06 20:27:09,944 [INFO] PluginManager:220 - loadIPPluginJar : add usart
2026-05-06 20:27:09,984 [INFO] IPUIPlugin:80 - create IPUIPlugin
2026-05-06 20:27:09,984 [INFO] PluginManager:220 - loadIPPluginJar : add usbx
2026-05-06 20:27:10,097 [INFO] CADModel:165 - CPN selected for project level
2026-05-06 20:27:10,097 [INFO] CADModel:114 - Register for checkConnection events
2026-05-06 20:27:10,098 [FATAL] Updater:308 - Updater called before beeing initialized
2026-05-06 20:27:10,098 [ERROR] CADModel:125 - Updater not yet initialized, retry later 
2026-05-06 20:27:10,170 [INFO] CADModel:165 - CPN selected for project level
2026-05-06 20:27:10,170 [INFO] CADModel:114 - Register for checkConnection events
2026-05-06 20:27:10,170 [FATAL] Updater:308 - Updater called before beeing initialized
2026-05-06 20:27:10,170 [ERROR] CADModel:125 - Updater not yet initialized, retry later 
2026-05-06 20:27:10,172 [FATAL] Updater:308 - Updater called before beeing initialized
2026-05-06 20:27:10,249 [FATAL] Updater:308 - Updater called before beeing initialized
2026-05-06 20:27:10,259 [INFO] DbMcusAds:53 - JSON generation date=Mon Apr 27 15:14:29 ICT 2026 (1777277669683)
2026-05-06 20:27:10,259 [FATAL] Updater:308 - Updater called before beeing initialized
2026-05-06 20:27:10,315 [WARN] DetailPanel:346 - Failed to get advertising image, set to default
2026-05-06 20:27:10,374 [FATAL] Updater:308 - Updater called before beeing initialized
2026-05-06 20:27:10,376 [FATAL] Updater:308 - Updater called before beeing initialized
2026-05-06 20:27:10,376 [FATAL] Updater:308 - Updater called before beeing initialized
2026-05-06 20:27:10,376 [WARN] DetailPanel:346 - Failed to get advertising image, set to default
2026-05-06 20:27:10,376 [FATAL] Updater:308 - Updater called before beeing initialized
2026-05-06 20:27:10,417 [ERROR] Updater:1120 - MainUpdater not yet initialized. External WinMGr cannot be set.
2026-05-06 20:27:10,420 [INFO] Updater:1056 - Updater Version found : 6.9.0
2026-05-06 20:27:10,435 [INFO] ApplicationProperties:184 - Using Application install path: C:\ST\STM32CubeIDE_1.13.0\STM32CubeIDE\plugins\com.st.stm32cube.common.mx_6.9.0.202307051724
2026-05-06 20:27:10,558 [INFO] MainUpdater:2868 - connection check result : 10
2026-05-06 20:27:10,559 [INFO] MainUpdater:285 - Updater Check For Update Now.
2026-05-06 20:27:10,559 [INFO] MicroXplorer:498 - Change Database Version : DB.6.0.90
2026-05-06 20:27:10,577 [INFO] McuFinderGlobals:63 - Set McuFinder mode to 2 (CubeIDE integrated)
2026-05-06 20:27:10,623 [WARN] MainUpdater:1189 - Updater busy. Cannot search thirdparties
2026-05-06 20:27:10,623 [INFO] ThirdPartyUpdaterWithRetryManager:96 - Updater plugin is busy. [1/15]
2026-05-06 20:27:10,778 [INFO] CheckServerUpdateThread:120 - End of CheckServer Thread
2026-05-06 20:27:13,860 [WARN] PackLoader:240 - Cannot read IP mode file for STMicroelectronics.X-CUBE-AZRTOS-H7.3.5.0
2026-05-06 20:27:13,874 [WARN] PackLoader:240 - Cannot read IP mode file for STMicroelectronics.FP-SNS-MOTENVWB1.1.4.0
2026-05-06 20:27:13,893 [WARN] PackLoader:240 - Cannot read IP mode file for STMicroelectronics.FP-ATR-ASTRA1.2.0.2
2026-05-06 20:27:13,911 [WARN] PackLoader:240 - Cannot read IP mode file for STMicroelectronics.X-CUBE-SMBUS.2.1.0
2026-05-06 20:27:13,942 [WARN] PackLoader:240 - Cannot read IP mode file for STMicroelectronics.X-CUBE-AZRTOS-F7.1.1.0
2026-05-06 20:27:13,961 [ERROR] Engine:466 - C:\Users\James Kennedy\.stm32cubemx\thirdparties\pdsc\STMicroelectronics.FP-SNS-MOTENV1.5.1.0.pdsc: PDSC version is not supported
2026-05-06 20:27:13,976 [ERROR] Engine:466 - C:\Users\James Kennedy\.stm32cubemx\thirdparties\pdsc\WES.I-CUBE-Cesium.1.4.0.pdsc: PDSC version is not supported
2026-05-06 20:27:14,008 [WARN] PackLoader:240 - Cannot read IP mode file for STMicroelectronics.X-CUBE-AZRTOS-H7.3.4.0
2026-05-06 20:27:14,031 [WARN] PackLoader:240 - Cannot read IP mode file for STMicroelectronics.X-CUBE-DISPLAY.3.0.0
2026-05-06 20:27:14,054 [WARN] PackLoader:240 - Cannot read IP mode file for STMicroelectronics.X-CUBE-GNSS1.7.1.1
2026-05-06 20:27:14,059 [ERROR] Engine:466 - C:\Users\James Kennedy\.stm32cubemx\thirdparties\pdsc\STMicroelectronics.FP-SNS-MOTENVWB1.1.5.0.pdsc: PDSC version is not supported
2026-05-06 20:27:14,078 [WARN] PackLoader:240 - Cannot read IP mode file for STMicroelectronics.X-CUBE-NFC10.1.0.0
2026-05-06 20:27:14,093 [ERROR] Engine:466 - C:\Users\James Kennedy\.stm32cubemx\thirdparties\pdsc\STMicroelectronics.X-CUBE-ST60.1.1.0.pdsc: PDSC version is not supported
2026-05-06 20:27:14,111 [WARN] PackLoader:240 - Cannot read IP mode file for emotas.I-CUBE-CANOPEN.1.3.0
2026-05-06 20:27:14,127 [WARN] PackLoader:240 - Cannot read IP mode file for STMicroelectronics.X-CUBE-GNSS1.7.1.0
2026-05-06 20:27:14,143 [ERROR] Engine:466 - C:\Users\James Kennedy\.stm32cubemx\thirdparties\pdsc\STMicroelectronics.FP-SNS-STBOX1.2.1.0.pdsc: PDSC version is not supported
2026-05-06 20:27:14,159 [WARN] PackLoader:240 - Cannot read IP mode file for STMicroelectronics.FP-SNS-SMARTAG2.1.2.0
2026-05-06 20:27:14,164 [ERROR] Engine:466 - C:\Users\James Kennedy\.stm32cubemx\thirdparties\pdsc\STMicroelectronics.FP-SNS-FLIGHT1.5.1.0.pdsc: PDSC version is not supported
2026-05-06 20:27:14,184 [INFO] LogOutputStream:77 - [STDOUT_REDIRECT] 1 : Invalid condition id : UX_CORESTACK_Condition cause : null
2026-05-06 20:27:14,184 [INFO] LogOutputStream:77 - [STDOUT_REDIRECT] 1 : Invalid condition id : UX_CORESTACK_Condition cause : null
2026-05-06 20:27:14,186 [INFO] LogOutputStream:77 - [STDOUT_REDIRECT] 1 : Invalid condition id : UX_CORESTACK_Condition cause : null
2026-05-06 20:27:14,187 [INFO] LogOutputStream:77 - [STDOUT_REDIRECT] 1 : Invalid condition id : UX_CORESTACK_Condition cause : null
2026-05-06 20:27:14,188 [INFO] LogOutputStream:77 - [STDOUT_REDIRECT] 1 : Invalid condition id : UX_CORESTACK_Condition cause : null
2026-05-06 20:27:14,191 [WARN] PackLoader:240 - Cannot read IP mode file for STMicroelectronics.X-CUBE-AZRTOS-WL.2.0.0
2026-05-06 20:27:14,222 [WARN] PackLoader:240 - Cannot read IP mode file for STMicroelectronics.X-CUBE-AZRTOS-H7RS.1.2.0
2026-05-06 20:27:14,241 [WARN] PackLoader:240 - Cannot read IP mode file for STMicroelectronics.X-CUBE-BLE2.3.3.0
2026-05-06 20:27:14,244 [ERROR] Engine:466 - C:\Users\James Kennedy\.stm32cubemx\thirdparties\pdsc\Avnet-IOTCONNECT.X-CUBE-iotc-st67-sdk.1.0.0.pdsc: PDSC version is not supported
2026-05-06 20:27:14,261 [ERROR] Engine:466 - C:\Users\James Kennedy\.stm32cubemx\thirdparties\pdsc\Infineon.AIROC-Wi-Fi-Bluetooth-STM32.1.8.0.pdsc: PDSC version is not supported
2026-05-06 20:27:14,277 [WARN] PackLoader:240 - Cannot read IP mode file for STMicroelectronics.X-CUBE-NFC9.1.0.0
2026-05-06 20:27:14,294 [WARN] PackLoader:240 - Cannot read IP mode file for STMicroelectronics.X-CUBE-BLE1.7.1.0
2026-05-06 20:27:14,300 [WARN] PackLoader:240 - Cannot read IP mode file for wolfSSL.I-CUBE-wolfMQTT.1.19.2
2026-05-06 20:27:14,313 [ERROR] Engine:466 - C:\Users\James Kennedy\.stm32cubemx\thirdparties\pdsc\STMicroelectronics.X-CUBE-FREERTOS.1.4.0.pdsc: PDSC version is not supported
2026-05-06 20:27:14,328 [WARN] PackLoader:240 - Cannot read IP mode file for STMicroelectronics.X-CUBE-EEPRMA1.5.2.0
2026-05-06 20:27:14,343 [WARN] PackLoader:240 - Cannot read IP mode file for wolfSSL.I-CUBE-wolfSSL.5.8.4
2026-05-06 20:27:14,364 [ERROR] Engine:466 - C:\Users\James Kennedy\.stm32cubemx\thirdparties\pdsc\STMicroelectronics.FP-SNS-STAIOTCFT.1.1.0.pdsc: PDSC version is not supported
2026-05-06 20:27:14,414 [WARN] PackLoader:240 - Cannot read IP mode file for STMicroelectronics.X-CUBE-MEMS1.12.0.0
2026-05-06 20:27:14,507 [WARN] PackLoader:240 - Cannot read IP mode file for STMicroelectronics.X-CUBE-AZRTOS-G0.1.1.0
2026-05-06 20:27:14,525 [WARN] PackLoader:240 - Cannot read IP mode file for STMicroelectronics.X-CUBE-NFC4.3.0.0
2026-05-06 20:27:14,539 [ERROR] Engine:466 - C:\Users\James Kennedy\.stm32cubemx\thirdparties\pdsc\EmbeddedOffice.I-CUBE-FS-RTOS.1.0.1.pdsc: PDSC version is not supported
2026-05-06 20:27:14,554 [WARN] PackLoader:240 - Cannot read IP mode file for STMicroelectronics.X-CUBE-WB05N.2.0.0
2026-05-06 20:27:14,569 [WARN] PackLoader:240 - Cannot read IP mode file for wolfSSL.I-CUBE-wolfTPM.3.8.0
2026-05-06 20:27:14,582 [ERROR] Engine:466 - C:\Users\James Kennedy\.stm32cubemx\thirdparties\pdsc\STMicroelectronics.X-CUBE-TCPP.4.2.0.pdsc: PDSC version is not supported
2026-05-06 20:27:14,596 [ERROR] Engine:466 - C:\Users\James Kennedy\.stm32cubemx\thirdparties\pdsc\RealThread.X-CUBE-RT-Thread_Nano.4.1.1.pdsc: PDSC version is not supported
2026-05-06 20:27:14,601 [WARN] PackLoader:240 - Cannot read IP mode file for STMicroelectronics.FP-ATR-SIGFOX1.3.2.0
2026-05-06 20:27:14,613 [ERROR] Engine:466 - C:\Users\James Kennedy\.stm32cubemx\thirdparties\pdsc\STMicroelectronics.X-CUBE-FREERTOS.1.5.0.pdsc: PDSC version is not supported
2026-05-06 20:27:14,628 [WARN] PackLoader:240 - Cannot read IP mode file for ITTIA_DB.I-CUBE-ITTIADB.8.9.0
2026-05-06 20:27:14,645 [WARN] PackLoader:240 - Cannot read IP mode file for STMicroelectronics.X-CUBE-NFC6.3.2.0
2026-05-06 20:27:14,666 [ERROR] Engine:466 - C:\Users\James Kennedy\.stm32cubemx\thirdparties\pdsc\Cesanta.I-CUBE-Mongoose.7.21.5.pdsc: PDSC version is not supported
2026-05-06 20:27:14,680 [WARN] PackLoader:240 - Cannot read IP mode file for STMicroelectronics.X-CUBE-AI.10.2.0
2026-05-06 20:27:14,735 [WARN] PackLoader:240 - Cannot read IP mode file for STMicroelectronics.X-CUBE-MEMS1.12.1.0
2026-05-06 20:27:14,826 [WARN] PackLoader:240 - Cannot read IP mode file for SEGGER.I-CUBE-embOS.1.3.1
2026-05-06 20:27:14,864 [WARN] PackLoader:240 - Cannot read IP mode file for STMicroelectronics.X-CUBE-ALGOBUILD.1.4.0
2026-05-06 20:27:14,880 [WARN] PackLoader:240 - Cannot read IP mode file for STMicroelectronics.X-CUBE-PM33A1.1.0.0
2026-05-06 20:27:14,907 [WARN] PackLoader:240 - Cannot read IP mode file for STMicroelectronics.X-CUBE-AZRTOS-F4.1.1.0
2026-05-06 20:27:14,924 [WARN] PackLoader:240 - Cannot read IP mode file for STMicroelectronics.X-CUBE-ISPU.2.1.0
2026-05-06 20:27:14,940 [ERROR] Engine:466 - C:\Users\James Kennedy\.stm32cubemx\thirdparties\pdsc\STMicroelectronics.X-CUBE-IPS.3.2.0.pdsc: PDSC version is not supported
2026-05-06 20:27:14,957 [ERROR] Engine:466 - C:\Users\James Kennedy\.stm32cubemx\thirdparties\pdsc\STMicroelectronics.eDS-WB_DPC_TT-BIDIR.2.1.1.pdsc: PDSC version is not supported
2026-05-06 20:27:14,974 [WARN] PackLoader:240 - Cannot read IP mode file for STMicroelectronics.X-CUBE-NFC12.1.0.0
2026-05-06 20:27:15,003 [WARN] PackLoader:240 - Cannot read IP mode file for STMicroelectronics.X-CUBE-AZRTOS-L5.2.0.0
2026-05-06 20:27:15,025 [ERROR] Engine:466 - C:\Users\James Kennedy\.stm32cubemx\thirdparties\pdsc\STMicroelectronics.eDS-WB_DPC_VIENNA.1.2.0.pdsc: PDSC version is not supported
2026-05-06 20:27:15,028 [ERROR] Engine:466 - C:\Users\James Kennedy\.stm32cubemx\thirdparties\pdsc\STMicroelectronics.eDS-WB_DPC_3PH2L-BIDIR.1.1.1.pdsc: PDSC version is not supported
2026-05-06 20:27:15,044 [ERROR] Engine:466 - C:\Users\James Kennedy\.stm32cubemx\thirdparties\pdsc\STMicroelectronics.X-CUBE-ST67W61.1.3.0.pdsc: PDSC version is not supported
2026-05-06 20:27:15,060 [WARN] PackLoader:240 - Cannot read IP mode file for STMicroelectronics.X-CUBE-TOUCHGFX.4.26.0
2026-05-06 20:27:15,075 [WARN] PackLoader:240 - Cannot read IP mode file for STMicroelectronics.X-CUBE-TOUCHGFX.4.26.1
2026-05-06 20:27:15,089 [ERROR] Engine:466 - C:\Users\James Kennedy\.stm32cubemx\thirdparties\pdsc\STMicroelectronics.FP-SNS-STAIOTCFT.1.0.0.pdsc: PDSC version is not supported
2026-05-06 20:27:15,102 [ERROR] Engine:466 - C:\Users\James Kennedy\.stm32cubemx\thirdparties\pdsc\STMicroelectronics.X-CUBE-DPower.1.3.0.pdsc: PDSC version is not supported
2026-05-06 20:27:15,129 [WARN] ConditionMgr:438 - getConditionDescription Invalid condition id : LAN8742 Phy interface Condition cause : null
2026-05-06 20:27:15,130 [WARN] PackLoader:240 - Cannot read IP mode file for STMicroelectronics.X-CUBE-AZRTOS-L4.2.0.0
2026-05-06 20:27:15,131 [WARN] ConditionMgr:1039 - genDependencies : Invalid condition id : LAN8742 Phy interface Condition cause : null
2026-05-06 20:27:15,131 [WARN] ConditionMgr:1039 - genDependencies : Invalid condition id : LAN8742 Phy interface Condition cause : null
2026-05-06 20:27:15,132 [WARN] ConditionMgr:1039 - genDependencies : Invalid condition id : LAN8742 Phy interface Condition cause : null
2026-05-06 20:27:15,150 [WARN] PackLoader:240 - Cannot read IP mode file for STMicroelectronics.X-CUBE-SFXS2LP1.4.0.0
2026-05-06 20:27:15,165 [WARN] PackLoader:240 - Cannot read IP mode file for STMicroelectronics.X-CUBE-WB05N.2.1.0
2026-05-06 20:27:15,181 [ERROR] Engine:466 - C:\Users\James Kennedy\.stm32cubemx\thirdparties\pdsc\STMicroelectronics.X-CUBE-ST67W61.1.2.0.pdsc: PDSC version is not supported
2026-05-06 20:27:15,195 [ERROR] Engine:466 - C:\Users\James Kennedy\.stm32cubemx\thirdparties\pdsc\STMicroelectronics.X-CUBE-BLEMGR.4.1.0.pdsc: PDSC version is not supported
2026-05-06 20:27:15,217 [WARN] ConditionMgr:438 - getConditionDescription Invalid condition id : UX DEVICE CLASS RTOS Condition cause : null
2026-05-06 20:27:15,218 [WARN] ConditionMgr:438 - getConditionDescription Invalid condition id : UX DEVICE CLASS RTOS Condition cause : null
2026-05-06 20:27:15,219 [WARN] PackLoader:240 - Cannot read IP mode file for STMicroelectronics.X-CUBE-AZRTOS-WB.2.0.0
2026-05-06 20:27:15,220 [WARN] ConditionMgr:1039 - genDependencies : Invalid condition id : UX DEVICE CLASS RTOS Condition cause : null
2026-05-06 20:27:15,220 [WARN] ConditionMgr:1039 - genDependencies : Invalid condition id : UX DEVICE CLASS RTOS Condition cause : null
2026-05-06 20:27:15,220 [WARN] ConditionMgr:1039 - genDependencies : Invalid condition id : UX DEVICE CLASS RTOS Condition cause : null
2026-05-06 20:27:15,220 [WARN] ConditionMgr:1039 - genDependencies : Invalid condition id : UX DEVICE CLASS RTOS Condition cause : null
2026-05-06 20:27:15,221 [WARN] ConditionMgr:1039 - genDependencies : Invalid condition id : UX DEVICE CLASS RTOS Condition cause : null
2026-05-06 20:27:15,233 [ERROR] Engine:466 - C:\Users\James Kennedy\.stm32cubemx\thirdparties\pdsc\quantropi.X-CUBE-qispace-sdk-base.2.1.0.pdsc: PDSC version is not supported
2026-05-06 20:27:15,252 [WARN] PackLoader:240 - Cannot read IP mode file for STMicroelectronics.X-CUBE-STSE01.2.0.0
2026-05-06 20:27:15,274 [WARN] PackLoader:240 - Cannot read IP mode file for STMicroelectronics.X-CUBE-SUBG2.5.0.0
2026-05-06 20:27:15,303 [WARN] PackLoader:240 - Cannot read IP mode file for STMicroelectronics.X-CUBE-AZRTOS-G4.2.0.0
2026-05-06 20:27:15,309 [WARN] PackLoader:240 - Cannot read IP mode file for wolfSSL.I-CUBE-wolfSSH.1.4.20
2026-05-06 20:27:15,325 [WARN] PackLoader:240 - Cannot read IP mode file for STMicroelectronics.X-CUBE-NFC7.2.0.0
2026-05-06 20:27:15,340 [WARN] PackLoader:240 - Cannot read IP mode file for STMicroelectronics.X-CUBE-ALS.1.0.2
2026-05-06 20:27:15,357 [ERROR] Engine:466 - C:\Users\James Kennedy\.stm32cubemx\thirdparties\pdsc\STMicroelectronics.X-CUBE-TOF1.3.4.3.pdsc: PDSC version is not supported
2026-05-06 20:27:15,357 [INFO] ThirdParty:978 - Integrity check success = true
2026-05-06 20:27:15,357 [INFO] IntegrityCheckThread:100 - exiting critical section [integrity check]
2026-05-06 20:27:15,358 [INFO] IntegrityCheckThread:103 - End integrity checks thread
2026-05-06 20:27:31,653 [ERROR] LogOutputStream:75 - [STDERR_REDIRECT] SLF4J: Failed to load class "org.slf4j.impl.StaticLoggerBinder".
2026-05-06 20:27:31,654 [ERROR] LogOutputStream:75 - [STDERR_REDIRECT] SLF4J: Defaulting to no-operation (NOP) logger implementation
2026-05-06 20:27:31,655 [ERROR] LogOutputStream:75 - [STDERR_REDIRECT] SLF4J: See http://www.slf4j.org/codes.html#StaticLoggerBinder for further details.
2026-05-06 20:30:59,697 [INFO] McuFinderGlobals:63 - Set McuFinder mode to 2 (CubeIDE integrated)
2026-05-06 20:30:59,715 [INFO] MainUpdater:2868 - connection check result : 10
2026-05-06 20:30:59,723 [INFO] MainUpdater:2868 - connection check result : 10
2026-05-06 20:30:59,844 [INFO] MicroXplorer:468 - Change Database Path : 
2026-05-06 20:30:59,845 [INFO] MicroXplorer:498 - Change Database Version : DB.6.0.90
2026-05-06 20:30:59,849 [WARN] ThirdParty:871 - waiting for thirdparty lock release [close project]
2026-05-06 20:30:59,849 [INFO] ThirdParty:873 - entering critical section [close project]
2026-05-06 20:30:59,850 [INFO] ThirdParty:883 - exiting critical section [close project]
2026-05-06 20:30:59,852 [INFO] PinOutPanel:1499 - setPackage(No Configuration,No Configuration)
2026-05-06 20:30:59,859 [INFO] UtilMem:75 - Begin LoadConfig() Used Memory: 791529024 Bytes (1073741824)
2026-05-06 20:30:59,860 [INFO] MicroXplorer:468 - Change Database Path : 
2026-05-06 20:30:59,860 [INFO] MicroXplorer:498 - Change Database Version : DB.6.0.90
2026-05-06 20:30:59,861 [INFO] OpenFileManager:308 - Change cursor
2026-05-06 20:30:59,880 [INFO] Mcu:1946 - Initializing MCU STM32F103C(8-B)Tx STM32F103C8Tx STM32F103C8T6
2026-05-06 20:31:00,598 [INFO] Context:659 - Trying to add GPIOservice into a context  which must be forbidden
2026-05-06 20:31:00,975 [INFO] RtosManager:555 - Registered RTOS mode: class=CMSIS, group=RTOS, mode=CMSIS_V1, owner=FREERTOS
2026-05-06 20:31:00,976 [INFO] RtosManager:555 - Registered RTOS mode: class=CMSIS, group=RTOS2, mode=CMSIS_V2, owner=FREERTOS
2026-05-06 20:31:00,976 [INFO] RtosManager:555 - Registered RTOS mode: class=RTOS, group=Core, mode=CMSIS_V1, owner=FREERTOS
2026-05-06 20:31:00,976 [INFO] RtosManager:555 - Registered RTOS mode: class=RTOS, group=Core, mode=CMSIS_V2, owner=FREERTOS
2026-05-06 20:31:00,976 [WARN] ModelIntegratedComponent:184 - Missing modes for component STMicroelectronics:FreeRTOS:0.0.1:STMicroelectronics:RTOS:FreeRTOS:Core:::10.2.0:
2026-05-06 20:31:00,985 [WARN] ModelIntegratedComponent:63 - No mode defined for component null
2026-05-06 20:31:00,985 [WARN] ModelIntegratedComponent:63 - No mode defined for component null
2026-05-06 20:31:00,985 [WARN] ModelIntegratedComponent:63 - No mode defined for component null
2026-05-06 20:31:00,985 [WARN] ModelIntegratedComponent:63 - No mode defined for component null
2026-05-06 20:31:00,985 [WARN] ModelIntegratedComponent:63 - No mode defined for component null
2026-05-06 20:31:00,985 [WARN] ModelIntegratedComponent:63 - No mode defined for component null
2026-05-06 20:31:00,985 [WARN] ModelIntegratedComponent:63 - No mode defined for component null
2026-05-06 20:31:00,985 [WARN] ModelIntegratedComponent:63 - No mode defined for component null
2026-05-06 20:31:00,985 [WARN] ModelIntegratedComponent:63 - No mode defined for component null
2026-05-06 20:31:00,985 [WARN] ModelIntegratedComponent:63 - No mode defined for component null
2026-05-06 20:31:00,985 [WARN] ModelIntegratedComponent:63 - No mode defined for component null
2026-05-06 20:31:00,985 [WARN] ModelIntegratedComponent:63 - No mode defined for component null
2026-05-06 20:31:00,985 [WARN] ModelIntegratedComponent:63 - No mode defined for component null
2026-05-06 20:31:00,986 [WARN] ModelIntegratedComponent:63 - No mode defined for component null
2026-05-06 20:31:00,986 [WARN] ModelIntegratedComponent:63 - No mode defined for component null
2026-05-06 20:31:00,986 [WARN] ModelIntegratedComponent:63 - No mode defined for component null
2026-05-06 20:31:00,986 [WARN] ModelIntegratedComponent:63 - No mode defined for component null
2026-05-06 20:31:00,986 [WARN] ModelIntegratedComponent:63 - No mode defined for component null
2026-05-06 20:31:00,986 [WARN] ModelIntegratedComponent:63 - No mode defined for component null
2026-05-06 20:31:00,986 [WARN] ModelIntegratedComponent:63 - No mode defined for component null
2026-05-06 20:31:00,986 [WARN] ModelIntegratedComponent:63 - No mode defined for component null
2026-05-06 20:31:00,986 [WARN] ModelIntegratedComponent:63 - No mode defined for component null
2026-05-06 20:31:00,986 [WARN] ModelIntegratedComponent:63 - No mode defined for component null
2026-05-06 20:31:00,986 [WARN] ModelIntegratedComponent:63 - No mode defined for component null
2026-05-06 20:31:00,986 [WARN] ModelIntegratedComponent:63 - No mode defined for component null
2026-05-06 20:31:00,986 [WARN] ModelIntegratedComponent:63 - No mode defined for component null
2026-05-06 20:31:00,986 [WARN] ModelIntegratedComponent:63 - No mode defined for component null
2026-05-06 20:31:00,986 [WARN] ModelIntegratedComponent:63 - No mode defined for component null
2026-05-06 20:31:00,986 [WARN] ModelIntegratedComponent:63 - No mode defined for component null
2026-05-06 20:31:00,986 [WARN] ModelIntegratedComponent:63 - No mode defined for component null
2026-05-06 20:31:00,987 [WARN] ModelIntegratedComponent:63 - No mode defined for component null
2026-05-06 20:31:00,987 [WARN] ModelIntegratedComponent:63 - No mode defined for component null
2026-05-06 20:31:00,987 [WARN] ModelIntegratedComponent:63 - No mode defined for component null
2026-05-06 20:31:01,066 [INFO] ThirdPartyModel:298 - Start build external matchings
2026-05-06 20:31:01,427 [INFO] ThirdPartyModel:316 - End build external matchings
2026-05-06 20:31:01,451 [INFO] ImportTextPane:194 - (OptionalMessage_ERROR) IP (RCC) : Parameter (ADCFreqValue) has invalid value (36000000)
2026-05-06 20:31:01,452 [INFO] ImportTextPane:194 - (OptionalMessage_ERROR) IP (RCC) : Invalid parameter (FamilyName)
2026-05-06 20:31:01,452 [INFO] ImportTextPane:194 - (OptionalMessage_ERROR) IP (RCC) : Parameter (MCOFreq_Value) has invalid value (72000000)
2026-05-06 20:31:01,453 [INFO] ImportTextPane:194 - (OptionalMessage_ERROR) IP (RCC) : Parameter (USBFreq_Value) has invalid value (72000000)
2026-05-06 20:31:01,711 [INFO] UtilMem:75 - End LoadConfig() Used Memory: 779430736 Bytes (1073741824)
2026-05-06 20:31:01,870 [INFO] ApiDb:581 - Connected to CubeFinder SQLite database (C:\Users\James Kennedy\.stmcufinder\plugins\mcufinder\mcu\cube-finder-db.db)
2026-05-06 20:31:01,947 [INFO] ApiDb:668 - CubeFinder database Data Model version=2.1
2026-05-06 20:31:01,947 [INFO] ApiDb:669 - CubeFinder database Configuration version=3.0.42
2026-05-06 20:31:01,947 [INFO] ApiDb:670 - CubeFinder database generation date=2026-03-11 (1773229989)
2026-05-06 20:31:01,947 [INFO] ApiDb:671 - CubeFinder database FW Pack versions=[FP-ATR-ASTRA1_V2.0.0, FP-SNS-FLIGHT1_V5.1.0, FP-SNS-MOTENV1_V5.1.0, FP-SNS-MOTENVWB1_V1.5.0, FP-SNS-SMARTAG2_V1.2.0, FP-SNS-STBOX1_V2.1.0, STM32Cube_FW_C0_V1.4.0, STM32Cube_FW_F4_V1.28.3, STM32Cube_FW_F7_V1.17.4, STM32Cube_FW_G0_V1.6.3, STM32Cube_FW_G4_V1.6.2, STM32Cube_FW_H5_V1.6.0, STM32Cube_FW_H7RS_V1.3.0, STM32Cube_FW_H7_V1.13.0, STM32Cube_FW_L0_V1.12.2, STM32Cube_FW_L4_V1.18.2, STM32Cube_FW_L5_V1.6.0, STM32Cube_FW_N6_V1.3.0, STM32Cube_FW_U0_V1.3.0, STM32Cube_FW_U3_V1.3.0, STM32Cube_FW_U5_V1.8.0, STM32Cube_FW_WB0_V1.4.0, STM32Cube_FW_WBA_V1.9.0, STM32Cube_FW_WB_V1.24.0, STM32Cube_FW_WL3_V1.4.0, STM32Cube_FW_WL_V1.5.0, X-CUBE-ALGOBUILD_V1.4.0, X-CUBE-ALS_V1.0.2, X-CUBE-AZRTOS-F4_V1.1.0, X-CUBE-AZRTOS-F7_V1.1.0, X-CUBE-AZRTOS-G0_V1.1.0, X-CUBE-AZRTOS-G4_V2.0.0, X-CUBE-AZRTOS-H7RS_V1.1.0, X-CUBE-AZRTOS-H7_V3.4.0, X-CUBE-AZRTOS-L4_V2.0.0, X-CUBE-AZRTOS-L5_V2.0.0, X-CUBE-AZRTOS-WB_V2.0.0, X-CUBE-AZRTOS-WL_V2.0.0, X-CUBE-BLE1_V7.1.0, X-CUBE-BLE2_V3.3.0, X-CUBE-BLEMGR_V4.1.0, X-CUBE-EEPRMA1_V5.2.0, X-CUBE-FREERTOS_V1.5.0, X-CUBE-GNSS1_V6.0.0, X-CUBE-MEMS1_V12.0.0, X-CUBE-NFC4_V3.0.0, X-CUBE-NFC7_V2.0.0, X-CUBE-SFXS2LP1_V4.0.0, X-CUBE-ST67W61_V1.2.0, X-CUBE-SUBG2_V5.0.0, X-CUBE-TOF1_V3.4.3]
2026-05-06 20:31:04,842 [INFO] ApiDb:240 - Found 323 in-development CPN: [B-G473E-ZEST1S, B-WB1M-WPAN1, B-WL5M-SUBG1, NUCLEO-C031C6, NUCLEO-H503RB, NUCLEO-H563ZI, NUCLEO-U545RE-Q, NUCLEO-U5A5ZJ-Q, NUCLEO-WBA52CG, STEVAL-PROTEUS1, STEVAL-SMARTAG2, STEVAL-STWINBX1, STM320518-EVAL, STM32C0116-DK, STM32C011D6Y3TR, STM32C011D6Y6TR, STM32C011F4P3, STM32C011F4P6, STM32C011F4U3, STM32C011F4U6TR, STM32C011F6P3, STM32C011F6P6, STM32C011F6U3, STM32C011F6U6TR, STM32C011J4M3, STM32C011J4M6, STM32C011J6M3, STM32C011J6M6, STM32C0316-DK, STM32C031C4T3, STM32C031C4T6, STM32C031C4U3, STM32C031C4U6, STM32C031C6T3, STM32C031C6T6, STM32C031C6U3, STM32C031C6U6, STM32C031F4P3, STM32C031F4P6, STM32C031F6P3, STM32C031F6P6, STM32C031G4U3, STM32C031G4U6, STM32C031G6U3, STM32C031G6U6, STM32C031K4T3, STM32C031K4T6, STM32C031K4U3, STM32C031K4U6, STM32C031K6T3, STM32C031K6T6, STM32C031K6U3, STM32C031K6U6, STM32G071K8TXN, STM32G071K8UXN, STM32G081GBU6N, STM32G081KBT6N, STM32G081KBUXN, STM32G0B1CCT6N, STM32G0B1KCT6, STM32G0B1NEY6TR, STM32G0B1RCT6N, STM32G0C1CCT6, STM32G0C1CCT6N, STM32G0C1CCU6N, STM32G0C1CET6N, STM32G0C1CEU6N, STM32G0C1KCT6, STM32G0C1NEY6TR, STM32G0C1RCI6N, STM32G0C1RCT6N, STM32G0C1REI6N, STM32G0C1RET6N, STM32G0C1VCI6, STM32G0C1VEI6, STM32G471CCT6, STM32G471CCU6, STM32G471CET3, STM32G471CET6, STM32G471CEU3, STM32G471CEU6, STM32G471MCT6, STM32G471MET3, STM32G471MET6, STM32G471MEY6TR, STM32G471QCT6, STM32G471QET3, STM32G471RCT6, STM32G471RET3, STM32G471RET6, STM32G471VCH6, STM32G471VCI6, STM32G471VCT6, STM32G471VEH3, STM32G471VEH6, STM32G471VEI3, STM32G471VEI6, STM32G471VET3, STM32G471VET6, STM32G474CCT6, STM32H503CBT6, STM32H503CBU6, STM32H503EBY6TR, STM32H503KBU6, STM32H503RBT6, STM32H562AGI6, STM32H562AII6, STM32H562IGK6, STM32H562IGT6, STM32H562IIK6, STM32H562IIT6, STM32H562RGT6, STM32H562RGV6, STM32H562RIT6, STM32H562RIV6, STM32H562VGT6, STM32H562VIT6, STM32H562ZGT6, STM32H562ZIT6, STM32H563AGI6, STM32H563AII3Q, STM32H563AII6, STM32H563IGK6, STM32H563IGT6, STM32H563IIK3Q, STM32H563IIK6, STM32H563IIT3Q, STM32H563IIT6, STM32H563MIY3QTR, STM32H563RGT6, STM32H563RGV6, STM32H563RIT6, STM32H563RIV6, STM32H563VGT6, STM32H563VIT3Q, STM32H563VIT6, STM32H563ZGT6, STM32H563ZIT3Q, STM32H563ZIT6, STM32H573AII3Q, STM32H573AII6, STM32H573I-DK, STM32H573IIK3Q, STM32H573IIK6, STM32H573IIT3Q, STM32H573IIT6, STM32H573MIY3QTR, STM32H573RIT6, STM32H573RIV6, STM32H573VIT3Q, STM32H573VIT6, STM32H573ZIT3Q, STM32H573ZIT6, STM32L4R5QGI6STR, STM32MP131AAE3, STM32MP131AAF3, STM32MP131AAG3, STM32MP131CAE3, STM32MP131CAF3, STM32MP131CAG3, STM32MP131DAE7, STM32MP131DAF7, STM32MP131DAG7, STM32MP131FAE7, STM32MP131FAF7, STM32MP131FAG7, STM32MP133AAE3, STM32MP133AAF3, STM32MP133AAG3, STM32MP133CAE3, STM32MP133CAF3, STM32MP133CAG3, STM32MP133DAE7, STM32MP133DAF7, STM32MP133DAG7, STM32MP133FAE7, STM32MP133FAF7, STM32MP133FAG7, STM32MP135AAE3, STM32MP135AAF3, STM32MP135AAG3, STM32MP135CAE3, STM32MP135CAF3, STM32MP135CAG3, STM32MP135DAE7, STM32MP135DAF7, STM32MP135DAG7, STM32MP135F-DK, STM32MP135FAE7, STM32MP135FAF7, STM32MP135FAF7T, STM32MP135FAF7U, STM32MP135FAG7, STM32U535CBT6, STM32U535CBT6Q, STM32U535CBU6, STM32U535CBU6Q, STM32U535CCT6, STM32U535CCT6Q, STM32U535CCU6, STM32U535CCU6Q, STM32U535CET6, STM32U535CET6Q, STM32U535CEU6, STM32U535CEU6Q, STM32U535JEY6QTR, STM32U535NCY6QTR, STM32U535NEY6QTR, STM32U535RBI6, STM32U535RBI6Q, STM32U535RBT6, STM32U535RBT6Q, STM32U535RCI6, STM32U535RCI6Q, STM32U535RCT6, STM32U535RCT6Q, STM32U535REI6, STM32U535REI6Q, STM32U535RET6, STM32U535RET6Q, STM32U535VCI6, STM32U535VCI6Q, STM32U535VCT6, STM32U535VCT6Q, STM32U535VEI6, STM32U535VEI6Q, STM32U535VET6, STM32U535VET6Q, STM32U545CET6, STM32U545CET6Q, STM32U545CEU6, STM32U545CEU6Q, STM32U545JEY6QTR, STM32U545NEY6QTR, STM32U545REI6, STM32U545REI6Q, STM32U545RET6, STM32U545RET6Q, STM32U545VEI6, STM32U545VEI6Q, STM32U545VET6, STM32U545VET6Q, STM32U595AIH6, STM32U595AIH6Q, STM32U595AJH6, STM32U595AJH6Q, STM32U595QII6, STM32U595QII6Q, STM32U595QJI6, STM32U595QJI6Q, STM32U595RIT6, STM32U595RIT6Q, STM32U595RJT6, STM32U595RJT6Q, STM32U595VIT6, STM32U595VIT6Q, STM32U595VJT6, STM32U595VJT6Q, STM32U595ZIT6, STM32U595ZIT6Q, STM32U595ZIY6QTR, STM32U595ZJT6, STM32U595ZJT6Q, STM32U595ZJY6QTR, STM32U599BJY6QTR, STM32U599NIH6Q, STM32U599NJH6Q, STM32U599VIT6Q, STM32U599VJT6, STM32U599VJT6Q, STM32U599ZIT6Q, STM32U599ZIY6QTR, STM32U599ZJT6Q, STM32U599ZJY6QTR, STM32U5A5AJH6, STM32U5A5AJH6Q, STM32U5A5QJI6, STM32U5A5QJI6Q, STM32U5A5RJT6, STM32U5A5RJT6Q, STM32U5A5VJT6, STM32U5A5VJT6Q, STM32U5A5ZJT6, STM32U5A5ZJT6Q, STM32U5A5ZJY6QTR, STM32U5A9BJY6QTR, STM32U5A9J-DK, STM32U5A9NJH6Q, STM32U5A9VJT6Q, STM32U5A9ZJT6Q, STM32U5A9ZJY6QTR, STM32U5F7VIT6, STM32U5F7VIT6Q, STM32U5F7VJT6, STM32U5F7VJT6Q, STM32U5F9BJY6QTR, STM32U5F9NJH6Q, STM32U5F9VIT6Q, STM32U5F9VJT6Q, STM32U5F9ZIJ6QTR, STM32U5F9ZIT6Q, STM32U5F9ZJJ6QTR, STM32U5F9ZJT6Q, STM32U5G7VJT6, STM32U5G7VJT6Q, STM32U5G9BJY6QTR, STM32U5G9J-DK1, STM32U5G9J-DK2, STM32U5G9NJH6Q, STM32U5G9VJT6Q, STM32U5G9ZJJ6QTR, STM32U5G9ZJT6Q, STM32WB1MMCH6, STM32WBA52CEU6, STM32WBA52CEU6T, STM32WBA52CGU6, STM32WBA52CGU6T, STM32WBA52KEU6, STM32WBA52KEU6T, STM32WBA52KGU6, STM32WBA52KGU6T, STM32WL5MOCH6, STM32WL5MOCH6TR]
2026-05-06 20:31:04,846 [INFO] DbMcus:217 - Found 5030 MCUs, 4943 are supported
2026-05-06 20:31:04,853 [INFO] ApiDb:423 - Load user favorites file C:\Users\James Kennedy/.stm32cubeide/favorites.mcus.txt: 1 item(s)
2026-05-06 20:31:04,853 [INFO] ApiDb:427 - User favorites MCUs=[STM32F103C8T6]
2026-05-06 20:31:04,854 [INFO] DbMcus:223 - Set 1 / 1 favorites MCUs
2026-05-06 20:31:05,479 [WARN] ThirdParty:833 - waiting for thirdparty lock release [change project]
2026-05-06 20:31:05,479 [INFO] ThirdParty:835 - entering critical section [change project]
2026-05-06 20:31:05,479 [INFO] ThirdParty:1030 - CMSIS Pack Vendor :STMicroelectronics X-CUBE-AZRTOS-H7 3.5.0
2026-05-06 20:31:05,479 [INFO] ThirdParty:1030 - CMSIS Pack Vendor :STMicroelectronics X-CUBE-PM33A1 1.0.0
2026-05-06 20:31:05,479 [INFO] ThirdParty:1030 - CMSIS Pack Vendor :STMicroelectronics USBPD 4.1
2026-05-06 20:31:05,479 [INFO] ThirdParty:1030 - CMSIS Pack Vendor :STMicroelectronics X-CUBE-NFC9 1.0.0
2026-05-06 20:31:05,479 [INFO] ThirdParty:1030 - CMSIS Pack Vendor :STMicroelectronics USB_HOST 2.0.0
2026-05-06 20:31:05,479 [INFO] ThirdParty:1030 - CMSIS Pack Vendor :STMicroelectronics FP-SNS-MOTENVWB1 1.4.0
2026-05-06 20:31:05,479 [INFO] ThirdParty:1030 - CMSIS Pack Vendor :STMicroelectronics X-CUBE-AZRTOS-F4 1.1.0
2026-05-06 20:31:05,479 [INFO] ThirdParty:1030 - CMSIS Pack Vendor :STMicroelectronics LIBJPEG 8.0.0
2026-05-06 20:31:05,479 [INFO] ThirdParty:1030 - CMSIS Pack Vendor :STMicroelectronics FP-ATR-ASTRA1 2.0.2
2026-05-06 20:31:05,479 [INFO] ThirdParty:1030 - CMSIS Pack Vendor :STMicroelectronics X-CUBE-BLE1 7.1.0
2026-05-06 20:31:05,479 [INFO] ThirdParty:1030 - CMSIS Pack Vendor :STMicroelectronics X-CUBE-SMBUS 2.1.0
2026-05-06 20:31:05,480 [INFO] ThirdParty:1030 - CMSIS Pack Vendor :wolfSSL I-CUBE-wolfMQTT 1.19.2
2026-05-06 20:31:05,480 [INFO] ThirdParty:1030 - CMSIS Pack Vendor :STMicroelectronics USB_DEVICE 3.0.0
2026-05-06 20:31:05,480 [INFO] ThirdParty:1030 - CMSIS Pack Vendor :STMicroelectronics X-CUBE-ISPU 2.1.0
2026-05-06 20:31:05,480 [INFO] ThirdParty:1030 - CMSIS Pack Vendor :STMicroelectronics X-CUBE-EEPRMA1 5.2.0
2026-05-06 20:31:05,480 [INFO] ThirdParty:1030 - CMSIS Pack Vendor :STMicroelectronics X-CUBE-AZRTOS-WB 2.0.0
2026-05-06 20:31:05,480 [INFO] ThirdParty:1030 - CMSIS Pack Vendor :wolfSSL I-CUBE-wolfSSL 5.8.4
2026-05-06 20:31:05,480 [INFO] ThirdParty:1030 - CMSIS Pack Vendor :STMicroelectronics X-CUBE-NFC12 1.0.0
2026-05-06 20:31:05,480 [INFO] ThirdParty:1030 - CMSIS Pack Vendor :STMicroelectronics X-CUBE-AZRTOS-F7 1.1.0
2026-05-06 20:31:05,480 [INFO] ThirdParty:1030 - CMSIS Pack Vendor :STMicroelectronics X-CUBE-AZRTOS-L5 2.0.0
2026-05-06 20:31:05,480 [INFO] ThirdParty:1030 - CMSIS Pack Vendor :STMicroelectronics USB_DEVICE 2.0.0
2026-05-06 20:31:05,480 [INFO] ThirdParty:1030 - CMSIS Pack Vendor :STMicroelectronics X-CUBE-MEMS1 12.0.0
2026-05-06 20:31:05,480 [INFO] ThirdParty:1030 - CMSIS Pack Vendor :STMicroelectronics X-CUBE-STSE01 2.0.0
2026-05-06 20:31:05,480 [INFO] ThirdParty:1030 - CMSIS Pack Vendor :STMicroelectronics FreeRTOS 0.0.1
2026-05-06 20:31:05,480 [INFO] ThirdParty:1030 - CMSIS Pack Vendor :STMicroelectronics X-CUBE-AZRTOS-G0 1.1.0
2026-05-06 20:31:05,480 [INFO] ThirdParty:1030 - CMSIS Pack Vendor :STMicroelectronics X-CUBE-NFC4 3.0.0
2026-05-06 20:31:05,480 [INFO] ThirdParty:1030 - CMSIS Pack Vendor :STMicroelectronics X-CUBE-SUBG2 5.0.0
2026-05-06 20:31:05,480 [INFO] ThirdParty:1030 - CMSIS Pack Vendor :STMicroelectronics STM32_WPAN 1.0.0
2026-05-06 20:31:05,480 [INFO] ThirdParty:1030 - CMSIS Pack Vendor :STMicroelectronics lwIP 2.0.3
2026-05-06 20:31:05,480 [INFO] ThirdParty:1030 - CMSIS Pack Vendor :STMicroelectronics USB_HOST 1.0.0
2026-05-06 20:31:05,480 [INFO] ThirdParty:1030 - CMSIS Pack Vendor :STMicroelectronics X-CUBE-AZRTOS-G4 2.0.0
2026-05-06 20:31:05,481 [INFO] ThirdParty:1030 - CMSIS Pack Vendor :STMicroelectronics X-CUBE-WB05N 2.0.0
2026-05-06 20:31:05,481 [INFO] ThirdParty:1030 - CMSIS Pack Vendor :STMicroelectronics PDM2PCM 3.1.0
2026-05-06 20:31:05,481 [INFO] ThirdParty:1030 - CMSIS Pack Vendor :STMicroelectronics PDM2PCM 3.3.0
2026-05-06 20:31:05,481 [INFO] ThirdParty:1030 - CMSIS Pack Vendor :wolfSSL I-CUBE-wolfTPM 3.8.0
2026-05-06 20:31:05,481 [INFO] ThirdParty:1030 - CMSIS Pack Vendor :STMicroelectronics X-CUBE-AZRTOS-H7 3.4.0
2026-05-06 20:31:05,481 [INFO] ThirdParty:1030 - CMSIS Pack Vendor :STMicroelectronics X-CUBE-DISPLAY 3.0.0
2026-05-06 20:31:05,481 [INFO] ThirdParty:1030 - CMSIS Pack Vendor :wolfSSL I-CUBE-wolfSSH 1.4.20
2026-05-06 20:31:05,481 [INFO] ThirdParty:1030 - CMSIS Pack Vendor :STMicroelectronics X-CUBE-NFC7 2.0.0
2026-05-06 20:31:05,481 [INFO] ThirdParty:1030 - CMSIS Pack Vendor :STMicroelectronics X-CUBE-GNSS1 7.1.1
2026-05-06 20:31:05,481 [INFO] ThirdParty:1030 - CMSIS Pack Vendor :STMicroelectronics FP-ATR-SIGFOX1 3.2.0
2026-05-06 20:31:05,481 [INFO] ThirdParty:1030 - CMSIS Pack Vendor :STMicroelectronics X-CUBE-NFC10 1.0.0
2026-05-06 20:31:05,481 [INFO] ThirdParty:1030 - CMSIS Pack Vendor :STMicroelectronics HAL Drivers 0.0.0
2026-05-06 20:31:05,481 [INFO] ThirdParty:1030 - CMSIS Pack Vendor :STMicroelectronics MBEDTLS 2.16.2
2026-05-06 20:31:05,481 [INFO] ThirdParty:1030 - CMSIS Pack Vendor :STMicroelectronics X-CUBE-ALS 1.0.2
2026-05-06 20:31:05,481 [INFO] ThirdParty:1030 - CMSIS Pack Vendor :emotas I-CUBE-CANOPEN 1.3.0
2026-05-06 20:31:05,481 [INFO] ThirdParty:1030 - CMSIS Pack Vendor :STMicroelectronics MBEDTLS 2.14.1
2026-05-06 20:31:05,481 [INFO] ThirdParty:1030 - CMSIS Pack Vendor :STMicroelectronics X-CUBE-GNSS1 7.1.0
2026-05-06 20:31:05,481 [INFO] ThirdParty:1030 - CMSIS Pack Vendor :ITTIA_DB I-CUBE-ITTIADB 8.9.0
2026-05-06 20:31:05,481 [INFO] ThirdParty:1030 - CMSIS Pack Vendor :STMicroelectronics X-CUBE-TOUCHGFX 4.26.0
2026-05-06 20:31:05,481 [INFO] ThirdParty:1030 - CMSIS Pack Vendor :STMicroelectronics X-CUBE-TOUCHGFX 4.26.1
2026-05-06 20:31:05,481 [INFO] ThirdParty:1030 - CMSIS Pack Vendor :STMicroelectronics X-CUBE-NFC6 3.2.0
2026-05-06 20:31:05,481 [INFO] ThirdParty:1030 - CMSIS Pack Vendor :STMicroelectronics X-CUBE-AI 10.2.0
2026-05-06 20:31:05,481 [INFO] ThirdParty:1030 - CMSIS Pack Vendor :STMicroelectronics ThreadX 1.0.0
2026-05-06 20:31:05,482 [INFO] ThirdParty:1030 - CMSIS Pack Vendor :STMicroelectronics FP-SNS-SMARTAG2 1.2.0
2026-05-06 20:31:05,482 [INFO] ThirdParty:1030 - CMSIS Pack Vendor :STMicroelectronics X-CUBE-MEMS1 12.1.0
2026-05-06 20:31:05,482 [INFO] ThirdParty:1030 - CMSIS Pack Vendor :STMicroelectronics X-CUBE-AZRTOS-WL 2.0.0
2026-05-06 20:31:05,482 [INFO] ThirdParty:1030 - CMSIS Pack Vendor :SEGGER I-CUBE-embOS 1.3.1
2026-05-06 20:31:05,482 [INFO] ThirdParty:1030 - CMSIS Pack Vendor :STMicroelectronics X-CUBE-ALGOBUILD 1.4.0
2026-05-06 20:31:05,482 [INFO] ThirdParty:1030 - CMSIS Pack Vendor :STMicroelectronics USB_DEVICE 1.0.0
2026-05-06 20:31:05,482 [INFO] ThirdParty:1030 - CMSIS Pack Vendor :STMicroelectronics X-CUBE-AZRTOS-H7RS 1.2.0
2026-05-06 20:31:05,482 [INFO] ThirdParty:1030 - CMSIS Pack Vendor :STMicroelectronics X-CUBE-AZRTOS-L4 2.0.0
2026-05-06 20:31:05,482 [INFO] ThirdParty:1030 - CMSIS Pack Vendor :STMicroelectronics ThreadX 0.0.2
2026-05-06 20:31:05,482 [INFO] ThirdParty:1030 - CMSIS Pack Vendor :STMicroelectronics lwIP 2.1.2
2026-05-06 20:31:05,482 [INFO] ThirdParty:1030 - CMSIS Pack Vendor :STMicroelectronics X-CUBE-SFXS2LP1 4.0.0
2026-05-06 20:31:05,482 [INFO] ThirdParty:1030 - CMSIS Pack Vendor :STMicroelectronics X-CUBE-BLE2 3.3.0
2026-05-06 20:31:05,482 [INFO] ThirdParty:1030 - CMSIS Pack Vendor :STMicroelectronics PDM2PCM 3.2.0
2026-05-06 20:31:05,482 [INFO] ThirdParty:1030 - CMSIS Pack Vendor :STMicroelectronics X-CUBE-WB05N 2.1.0
2026-05-06 20:31:05,482 [INFO] ThirdParty:841 - exiting critical section [change project]
2026-05-06 20:31:05,732 [INFO] PinOutPanel:1499 - setPackage(No Configuration,No Configuration)
2026-05-06 20:31:05,734 [INFO] PinOutPanel:1499 - setPackage(STM32F103C8Tx,LQFP48)
2026-05-06 20:31:06,169 [INFO] UtilMem:75 - Before build in PCC Used Memory: 702029104 Bytes (1073741824)
2026-05-06 20:31:06,837 [INFO] UtilMem:75 - After build in PCC Used Memory: 779238304 Bytes (1073741824)
2026-05-06 20:31:06,860 [INFO] IPUIPlugin:80 - create IPUIPlugin
2026-05-06 20:31:06,860 [INFO] IPUIPlugin:80 - create IPUIPlugin
2026-05-06 20:31:06,860 [INFO] IPUIPlugin:80 - create IPUIPlugin
2026-05-06 20:31:06,861 [INFO] IPUIPlugin:80 - create IPUIPlugin
2026-05-06 20:31:06,861 [INFO] IPUIPlugin:80 - create IPUIPlugin
2026-05-06 20:31:06,861 [INFO] IPUIPlugin:80 - create IPUIPlugin
2026-05-06 20:31:06,861 [INFO] IPUIPlugin:80 - create IPUIPlugin
2026-05-06 20:31:06,861 [INFO] IPUIPlugin:80 - create IPUIPlugin
2026-05-06 20:31:06,861 [INFO] IPUIPlugin:80 - create IPUIPlugin
2026-05-06 20:31:06,861 [INFO] IPUIPlugin:80 - create IPUIPlugin
2026-05-06 20:31:06,861 [INFO] IPUIPlugin:80 - create IPUIPlugin
2026-05-06 20:31:06,861 [INFO] IPUIPlugin:80 - create IPUIPlugin
2026-05-06 20:31:06,862 [INFO] IPUIPlugin:80 - create IPUIPlugin
2026-05-06 20:31:06,862 [INFO] IPUIPlugin:80 - create IPUIPlugin
2026-05-06 20:31:06,862 [INFO] IPUIPlugin:80 - create IPUIPlugin
2026-05-06 20:31:06,862 [INFO] IPUIPlugin:80 - create IPUIPlugin
2026-05-06 20:31:06,862 [INFO] IPUIPlugin:80 - create IPUIPlugin
2026-05-06 20:31:06,862 [INFO] IPUIPlugin:80 - create IPUIPlugin
2026-05-06 20:31:06,862 [INFO] IPUIPlugin:80 - create IPUIPlugin
2026-05-06 20:31:06,863 [INFO] IPUIPlugin:80 - create IPUIPlugin
2026-05-06 20:31:06,863 [INFO] IPUIPlugin:80 - create IPUIPlugin
2026-05-06 20:31:06,863 [INFO] IPUIPlugin:80 - create IPUIPlugin
2026-05-06 20:31:06,863 [INFO] IPUIPlugin:80 - create IPUIPlugin
2026-05-06 20:31:06,863 [INFO] IPUIPlugin:80 - create IPUIPlugin
2026-05-06 20:31:06,864 [INFO] IPUIPlugin:80 - create IPUIPlugin
2026-05-06 20:31:06,864 [INFO] IPUIPlugin:80 - create IPUIPlugin
2026-05-06 20:31:06,864 [INFO] IPUIPlugin:80 - create IPUIPlugin
2026-05-06 20:31:06,871 [WARN] IP:2114 - I2C_Coeff_DF not found: check if there is a RefParameter without a condition.
2026-05-06 20:31:06,871 [WARN] IP:2114 - Analog_Filter not found: check if there is a RefParameter without a condition.
2026-05-06 20:31:07,109 [INFO] CADModel:165 - CPN selected for project levelSTM32F103C8T6
2026-05-06 20:31:07,109 [INFO] CADModel:114 - Register for checkConnection events
2026-05-06 20:31:07,161 [INFO] OpenFileManager:328 - Restore cursor
2026-05-06 20:31:07,317 [WARN] IP:2114 - I2C_Coeff_DF not found: check if there is a RefParameter without a condition.
2026-05-06 20:31:07,317 [WARN] IP:2114 - Analog_Filter not found: check if there is a RefParameter without a condition.
2026-05-06 20:31:07,317 [WARN] IP:2114 - I2C_Coeff_DF not found: check if there is a RefParameter without a condition.
2026-05-06 20:31:07,317 [WARN] IP:2114 - Analog_Filter not found: check if there is a RefParameter without a condition.
2026-05-06 20:31:14,333 [WARN] IP:2114 - I2C_Coeff_DF not found: check if there is a RefParameter without a condition.
2026-05-06 20:31:14,333 [WARN] IP:2114 - Analog_Filter not found: check if there is a RefParameter without a condition.
2026-05-06 20:31:14,333 [WARN] IP:2114 - I2C_Coeff_DF not found: check if there is a RefParameter without a condition.
2026-05-06 20:31:14,334 [WARN] IP:2114 - Analog_Filter not found: check if there is a RefParameter without a condition.
2026-05-06 20:31:14,353 [WARN] IP:2114 - I2C_Coeff_DF not found: check if there is a RefParameter without a condition.
2026-05-06 20:31:14,353 [WARN] IP:2114 - Analog_Filter not found: check if there is a RefParameter without a condition.
2026-05-06 20:31:14,373 [WARN] IP:2114 - I2C_Coeff_DF not found: check if there is a RefParameter without a condition.
2026-05-06 20:31:14,373 [WARN] IP:2114 - Analog_Filter not found: check if there is a RefParameter without a condition.
2026-05-06 20:31:17,078 [INFO] UtilMem:75 - End SaveConfig() Used Memory: 657401200 Bytes (1073741824)
2026-05-06 20:31:17,126 [INFO] UtilMem:75 - End SaveConfig() Used Memory: 668782808 Bytes (1073741824)
2026-05-06 20:31:17,517 [INFO] UtilMem:75 - End SaveConfig() Used Memory: 694995160 Bytes (1073741824)
2026-05-06 20:31:17,864 [INFO] BlockDiagram:2759 - set Specific Code input for plugin: SPI
2026-05-06 20:31:17,864 [INFO] BlockDiagram:2759 - set Specific Code input for plugin: NVIC
2026-05-06 20:31:17,864 [INFO] BlockDiagram:2759 - set Specific Code input for plugin: USART
2026-05-06 20:31:17,864 [INFO] BlockDiagram:2759 - set Specific Code input for plugin: SYS
2026-05-06 20:31:17,865 [INFO] BlockDiagram:2759 - set Specific Code input for plugin: GPIO
2026-05-06 20:31:17,865 [INFO] BlockDiagram:2759 - set Specific Code input for plugin: RCC
2026-05-06 20:31:17,865 [INFO] BlockDiagram:2759 - set Specific Code input for plugin: I2C
2026-05-06 20:31:17,866 [INFO] CodeGenerator:799 - code generatio: config db path: C:\ST\STM32CubeIDE_1.13.0\STM32CubeIDE\plugins\com.st.stm32cube.common.mx_6.9.0.202307051724\\db\
2026-05-06 20:31:17,871 [WARN] IP:2114 - I2C_Coeff_DF not found: check if there is a RefParameter without a condition.
2026-05-06 20:31:17,871 [WARN] IP:2114 - Analog_Filter not found: check if there is a RefParameter without a condition.
2026-05-06 20:31:18,020 [INFO] CodeEngine:255 - oldGeneratedFile, D:\smart_garden\LoRa\MXTmpFiles\license.tmp_save
2026-05-06 20:31:18,345 [INFO] CodeEngine:279 - Generated code: D:\smart_garden\LoRa\MXTmpFiles\license.tmp
2026-05-06 20:31:18,433 [INFO] CodeEngine:255 - oldGeneratedFile, D:\smart_garden\LoRa\MXTmpFiles\gpio.tmp_save
2026-05-06 20:31:18,589 [INFO] CodeEngine:279 - Generated code: D:\smart_garden\LoRa\MXTmpFiles\gpio.tmp
2026-05-06 20:31:18,723 [INFO] CodeEngine:255 - oldGeneratedFile, D:\smart_garden\LoRa\Core\Src\stm32f1xx_it.c_save
2026-05-06 20:31:18,845 [INFO] CodeEngine:279 - Generated code: D:\smart_garden\LoRa\Core\Src\stm32f1xx_it.c
2026-05-06 20:31:18,851 [INFO] CodeEngine:255 - oldGeneratedFile, D:\smart_garden\LoRa\Core\Inc\stm32f1xx_it.h_save
2026-05-06 20:31:18,919 [INFO] CodeEngine:279 - Generated code: D:\smart_garden\LoRa\Core\Inc\stm32f1xx_it.h
2026-05-06 20:31:18,938 [INFO] CodeEngine:255 - oldGeneratedFile, D:\smart_garden\LoRa\Core\Src\stm32f1xx_hal_msp.c_save
2026-05-06 20:31:19,072 [INFO] CodeEngine:279 - Generated code: D:\smart_garden\LoRa\Core\Src\stm32f1xx_hal_msp.c
2026-05-06 20:31:19,076 [INFO] CodeEngine:255 - oldGeneratedFile, D:\smart_garden\LoRa\MXTmpFiles\system.tmp_save
2026-05-06 20:31:19,143 [INFO] CodeEngine:279 - Generated code: D:\smart_garden\LoRa\MXTmpFiles\system.tmp
2026-05-06 20:31:19,163 [INFO] CodeEngine:311 - oldGeneratedFile, D:\smart_garden\LoRa\Core\Inc\stm32f1xx_hal_conf.h_save
2026-05-06 20:31:19,276 [INFO] CodeEngine:335 - Generated code: D:\smart_garden\LoRa\Core\Inc\stm32f1xx_hal_conf.h
2026-05-06 20:31:19,335 [INFO] CodeEngine:255 - oldGeneratedFile, D:\smart_garden\LoRa\Core\Inc\main.h_save
2026-05-06 20:31:19,421 [INFO] CodeEngine:279 - Generated code: D:\smart_garden\LoRa\Core\Inc\main.h
2026-05-06 20:31:19,436 [INFO] CodeEngine:255 - oldGeneratedFile, D:\smart_garden\LoRa\Core\Src\main.c_save
2026-05-06 20:31:19,612 [INFO] CodeEngine:279 - Generated code: D:\smart_garden\LoRa\Core\Src\main.c
2026-05-06 20:31:20,144 [INFO] ProjectBuilder:3064 - Time for Copy HAL[1] : 129mS.
2026-05-06 20:31:20,151 [INFO] ProjectBuilder:4404 - Project Generator version: 4.1.0
2026-05-06 20:31:20,409 [INFO] ConfigFileManager:1457 - The Die is : DIE410
2026-05-06 20:31:20,423 [INFO] ApiDbMcu:507 - Load IP Config File for FATFS
2026-05-06 20:31:20,461 [INFO] ApiDbMcu:507 - Load IP Config File for FREERTOS
2026-05-06 20:31:20,468 [INFO] ApiDbMcu:507 - Load IP Config File for USB_DEVICE
2026-05-06 20:31:21,980 [INFO] LogOutputStream:77 - [STDOUT_REDIRECT] 
2026-05-06 20:31:22,901 [INFO] ProjectBuilder:4626 - Time for Generating toolchain IDE Files: 2748mS.
2026-05-06 20:31:22,902 [INFO] ProjectBuilder:2935 - Time for Copy CMSIS : 1mS.
2026-05-06 20:31:22,904 [INFO] ProjectBuilder:2935 - Time for Copy CMSIS : 0mS.
2026-05-06 20:31:59,100 [INFO] MainUpdater:2868 - connection check result : 10
2026-05-06 20:31:59,266 [INFO] ApiDb:668 - CubeFinder database Data Model version=2.1
2026-05-06 20:31:59,267 [INFO] ApiDb:669 - CubeFinder database Configuration version=3.0.42
2026-05-06 20:31:59,267 [INFO] ApiDb:670 - CubeFinder database generation date=2026-03-11 (1773229989)
2026-05-06 20:31:59,267 [INFO] ApiDb:671 - CubeFinder database FW Pack versions=[FP-ATR-ASTRA1_V2.0.0, FP-SNS-FLIGHT1_V5.1.0, FP-SNS-MOTENV1_V5.1.0, FP-SNS-MOTENVWB1_V1.5.0, FP-SNS-SMARTAG2_V1.2.0, FP-SNS-STBOX1_V2.1.0, STM32Cube_FW_C0_V1.4.0, STM32Cube_FW_F4_V1.28.3, STM32Cube_FW_F7_V1.17.4, STM32Cube_FW_G0_V1.6.3, STM32Cube_FW_G4_V1.6.2, STM32Cube_FW_H5_V1.6.0, STM32Cube_FW_H7RS_V1.3.0, STM32Cube_FW_H7_V1.13.0, STM32Cube_FW_L0_V1.12.2, STM32Cube_FW_L4_V1.18.2, STM32Cube_FW_L5_V1.6.0, STM32Cube_FW_N6_V1.3.0, STM32Cube_FW_U0_V1.3.0, STM32Cube_FW_U3_V1.3.0, STM32Cube_FW_U5_V1.8.0, STM32Cube_FW_WB0_V1.4.0, STM32Cube_FW_WBA_V1.9.0, STM32Cube_FW_WB_V1.24.0, STM32Cube_FW_WL3_V1.4.0, STM32Cube_FW_WL_V1.5.0, X-CUBE-ALGOBUILD_V1.4.0, X-CUBE-ALS_V1.0.2, X-CUBE-AZRTOS-F4_V1.1.0, X-CUBE-AZRTOS-F7_V1.1.0, X-CUBE-AZRTOS-G0_V1.1.0, X-CUBE-AZRTOS-G4_V2.0.0, X-CUBE-AZRTOS-H7RS_V1.1.0, X-CUBE-AZRTOS-H7_V3.4.0, X-CUBE-AZRTOS-L4_V2.0.0, X-CUBE-AZRTOS-L5_V2.0.0, X-CUBE-AZRTOS-WB_V2.0.0, X-CUBE-AZRTOS-WL_V2.0.0, X-CUBE-BLE1_V7.1.0, X-CUBE-BLE2_V3.3.0, X-CUBE-BLEMGR_V4.1.0, X-CUBE-EEPRMA1_V5.2.0, X-CUBE-FREERTOS_V1.5.0, X-CUBE-GNSS1_V6.0.0, X-CUBE-MEMS1_V12.0.0, X-CUBE-NFC4_V3.0.0, X-CUBE-NFC7_V2.0.0, X-CUBE-SFXS2LP1_V4.0.0, X-CUBE-ST67W61_V1.2.0, X-CUBE-SUBG2_V5.0.0, X-CUBE-TOF1_V3.4.3]
2026-05-06 20:31:59,326 [INFO] DbBoardsSqlite:226 - include board P-NUCLEO-WB55-NUCLEO as a kit item of type 'Nucleo-64'
2026-05-06 20:31:59,326 [INFO] DbBoardsSqlite:226 - include board P-NUCLEO-WB55-USBDONGLE as a kit item of type 'Nucleo USB Dongle'
2026-05-06 20:31:59,327 [INFO] DbBoardsSqlite:226 - include board STEVAL-IDP005V1 as a kit item of type 'Evaluation Board'
2026-05-06 20:31:59,327 [INFO] DbBoardsSqlite:226 - include board STEVAL-IDP005V2 as a kit item of type 'Evaluation Board'
2026-05-06 20:31:59,402 [INFO] ApiDb:240 - Found 323 in-development CPN: [B-G473E-ZEST1S, B-WB1M-WPAN1, B-WL5M-SUBG1, NUCLEO-C031C6, NUCLEO-H503RB, NUCLEO-H563ZI, NUCLEO-U545RE-Q, NUCLEO-U5A5ZJ-Q, NUCLEO-WBA52CG, STEVAL-PROTEUS1, STEVAL-SMARTAG2, STEVAL-STWINBX1, STM320518-EVAL, STM32C0116-DK, STM32C011D6Y3TR, STM32C011D6Y6TR, STM32C011F4P3, STM32C011F4P6, STM32C011F4U3, STM32C011F4U6TR, STM32C011F6P3, STM32C011F6P6, STM32C011F6U3, STM32C011F6U6TR, STM32C011J4M3, STM32C011J4M6, STM32C011J6M3, STM32C011J6M6, STM32C0316-DK, STM32C031C4T3, STM32C031C4T6, STM32C031C4U3, STM32C031C4U6, STM32C031C6T3, STM32C031C6T6, STM32C031C6U3, STM32C031C6U6, STM32C031F4P3, STM32C031F4P6, STM32C031F6P3, STM32C031F6P6, STM32C031G4U3, STM32C031G4U6, STM32C031G6U3, STM32C031G6U6, STM32C031K4T3, STM32C031K4T6, STM32C031K4U3, STM32C031K4U6, STM32C031K6T3, STM32C031K6T6, STM32C031K6U3, STM32C031K6U6, STM32G071K8TXN, STM32G071K8UXN, STM32G081GBU6N, STM32G081KBT6N, STM32G081KBUXN, STM32G0B1CCT6N, STM32G0B1KCT6, STM32G0B1NEY6TR, STM32G0B1RCT6N, STM32G0C1CCT6, STM32G0C1CCT6N, STM32G0C1CCU6N, STM32G0C1CET6N, STM32G0C1CEU6N, STM32G0C1KCT6, STM32G0C1NEY6TR, STM32G0C1RCI6N, STM32G0C1RCT6N, STM32G0C1REI6N, STM32G0C1RET6N, STM32G0C1VCI6, STM32G0C1VEI6, STM32G471CCT6, STM32G471CCU6, STM32G471CET3, STM32G471CET6, STM32G471CEU3, STM32G471CEU6, STM32G471MCT6, STM32G471MET3, STM32G471MET6, STM32G471MEY6TR, STM32G471QCT6, STM32G471QET3, STM32G471RCT6, STM32G471RET3, STM32G471RET6, STM32G471VCH6, STM32G471VCI6, STM32G471VCT6, STM32G471VEH3, STM32G471VEH6, STM32G471VEI3, STM32G471VEI6, STM32G471VET3, STM32G471VET6, STM32G474CCT6, STM32H503CBT6, STM32H503CBU6, STM32H503EBY6TR, STM32H503KBU6, STM32H503RBT6, STM32H562AGI6, STM32H562AII6, STM32H562IGK6, STM32H562IGT6, STM32H562IIK6, STM32H562IIT6, STM32H562RGT6, STM32H562RGV6, STM32H562RIT6, STM32H562RIV6, STM32H562VGT6, STM32H562VIT6, STM32H562ZGT6, STM32H562ZIT6, STM32H563AGI6, STM32H563AII3Q, STM32H563AII6, STM32H563IGK6, STM32H563IGT6, STM32H563IIK3Q, STM32H563IIK6, STM32H563IIT3Q, STM32H563IIT6, STM32H563MIY3QTR, STM32H563RGT6, STM32H563RGV6, STM32H563RIT6, STM32H563RIV6, STM32H563VGT6, STM32H563VIT3Q, STM32H563VIT6, STM32H563ZGT6, STM32H563ZIT3Q, STM32H563ZIT6, STM32H573AII3Q, STM32H573AII6, STM32H573I-DK, STM32H573IIK3Q, STM32H573IIK6, STM32H573IIT3Q, STM32H573IIT6, STM32H573MIY3QTR, STM32H573RIT6, STM32H573RIV6, STM32H573VIT3Q, STM32H573VIT6, STM32H573ZIT3Q, STM32H573ZIT6, STM32L4R5QGI6STR, STM32MP131AAE3, STM32MP131AAF3, STM32MP131AAG3, STM32MP131CAE3, STM32MP131CAF3, STM32MP131CAG3, STM32MP131DAE7, STM32MP131DAF7, STM32MP131DAG7, STM32MP131FAE7, STM32MP131FAF7, STM32MP131FAG7, STM32MP133AAE3, STM32MP133AAF3, STM32MP133AAG3, STM32MP133CAE3, STM32MP133CAF3, STM32MP133CAG3, STM32MP133DAE7, STM32MP133DAF7, STM32MP133DAG7, STM32MP133FAE7, STM32MP133FAF7, STM32MP133FAG7, STM32MP135AAE3, STM32MP135AAF3, STM32MP135AAG3, STM32MP135CAE3, STM32MP135CAF3, STM32MP135CAG3, STM32MP135DAE7, STM32MP135DAF7, STM32MP135DAG7, STM32MP135F-DK, STM32MP135FAE7, STM32MP135FAF7, STM32MP135FAF7T, STM32MP135FAF7U, STM32MP135FAG7, STM32U535CBT6, STM32U535CBT6Q, STM32U535CBU6, STM32U535CBU6Q, STM32U535CCT6, STM32U535CCT6Q, STM32U535CCU6, STM32U535CCU6Q, STM32U535CET6, STM32U535CET6Q, STM32U535CEU6, STM32U535CEU6Q, STM32U535JEY6QTR, STM32U535NCY6QTR, STM32U535NEY6QTR, STM32U535RBI6, STM32U535RBI6Q, STM32U535RBT6, STM32U535RBT6Q, STM32U535RCI6, STM32U535RCI6Q, STM32U535RCT6, STM32U535RCT6Q, STM32U535REI6, STM32U535REI6Q, STM32U535RET6, STM32U535RET6Q, STM32U535VCI6, STM32U535VCI6Q, STM32U535VCT6, STM32U535VCT6Q, STM32U535VEI6, STM32U535VEI6Q, STM32U535VET6, STM32U535VET6Q, STM32U545CET6, STM32U545CET6Q, STM32U545CEU6, STM32U545CEU6Q, STM32U545JEY6QTR, STM32U545NEY6QTR, STM32U545REI6, STM32U545REI6Q, STM32U545RET6, STM32U545RET6Q, STM32U545VEI6, STM32U545VEI6Q, STM32U545VET6, STM32U545VET6Q, STM32U595AIH6, STM32U595AIH6Q, STM32U595AJH6, STM32U595AJH6Q, STM32U595QII6, STM32U595QII6Q, STM32U595QJI6, STM32U595QJI6Q, STM32U595RIT6, STM32U595RIT6Q, STM32U595RJT6, STM32U595RJT6Q, STM32U595VIT6, STM32U595VIT6Q, STM32U595VJT6, STM32U595VJT6Q, STM32U595ZIT6, STM32U595ZIT6Q, STM32U595ZIY6QTR, STM32U595ZJT6, STM32U595ZJT6Q, STM32U595ZJY6QTR, STM32U599BJY6QTR, STM32U599NIH6Q, STM32U599NJH6Q, STM32U599VIT6Q, STM32U599VJT6, STM32U599VJT6Q, STM32U599ZIT6Q, STM32U599ZIY6QTR, STM32U599ZJT6Q, STM32U599ZJY6QTR, STM32U5A5AJH6, STM32U5A5AJH6Q, STM32U5A5QJI6, STM32U5A5QJI6Q, STM32U5A5RJT6, STM32U5A5RJT6Q, STM32U5A5VJT6, STM32U5A5VJT6Q, STM32U5A5ZJT6, STM32U5A5ZJT6Q, STM32U5A5ZJY6QTR, STM32U5A9BJY6QTR, STM32U5A9J-DK, STM32U5A9NJH6Q, STM32U5A9VJT6Q, STM32U5A9ZJT6Q, STM32U5A9ZJY6QTR, STM32U5F7VIT6, STM32U5F7VIT6Q, STM32U5F7VJT6, STM32U5F7VJT6Q, STM32U5F9BJY6QTR, STM32U5F9NJH6Q, STM32U5F9VIT6Q, STM32U5F9VJT6Q, STM32U5F9ZIJ6QTR, STM32U5F9ZIT6Q, STM32U5F9ZJJ6QTR, STM32U5F9ZJT6Q, STM32U5G7VJT6, STM32U5G7VJT6Q, STM32U5G9BJY6QTR, STM32U5G9J-DK1, STM32U5G9J-DK2, STM32U5G9NJH6Q, STM32U5G9VJT6Q, STM32U5G9ZJJ6QTR, STM32U5G9ZJT6Q, STM32WB1MMCH6, STM32WBA52CEU6, STM32WBA52CEU6T, STM32WBA52CGU6, STM32WBA52CGU6T, STM32WBA52KEU6, STM32WBA52KEU6T, STM32WBA52KGU6, STM32WBA52KGU6T, STM32WL5MOCH6, STM32WL5MOCH6TR]
2026-05-06 20:31:59,420 [INFO] BoardInfo:880 - No configuration file found for board B-WBA5M-WPAN
2026-05-06 20:31:59,420 [INFO] DbBoards:157 - Board is not supported: B-WBA5M-WPAN
2026-05-06 20:31:59,424 [INFO] BoardInfo:880 - No configuration file found for board NUCLEO-C051C8
2026-05-06 20:31:59,424 [INFO] DbBoards:157 - Board is not supported: NUCLEO-C051C8
2026-05-06 20:31:59,425 [INFO] BoardInfo:880 - No configuration file found for board NUCLEO-C071RB
2026-05-06 20:31:59,426 [INFO] DbBoards:157 - Board is not supported: NUCLEO-C071RB
2026-05-06 20:31:59,427 [INFO] BoardInfo:880 - No configuration file found for board NUCLEO-C092RC
2026-05-06 20:31:59,427 [INFO] DbBoards:157 - Board is not supported: NUCLEO-C092RC
2026-05-06 20:31:59,471 [INFO] BoardInfo:880 - No configuration file found for board NUCLEO-H533RE
2026-05-06 20:31:59,471 [INFO] DbBoards:157 - Board is not supported: NUCLEO-H533RE
2026-05-06 20:31:59,473 [INFO] BoardInfo:880 - No configuration file found for board NUCLEO-H5E5ZJ
2026-05-06 20:31:59,473 [INFO] DbBoards:157 - Board is not supported: NUCLEO-H5E5ZJ
2026-05-06 20:31:59,481 [INFO] BoardInfo:880 - No configuration file found for board NUCLEO-H7S3L8
2026-05-06 20:31:59,481 [INFO] DbBoards:157 - Board is not supported: NUCLEO-H7S3L8
2026-05-06 20:31:59,503 [INFO] BoardInfo:880 - No configuration file found for board NUCLEO-N657X0-Q
2026-05-06 20:31:59,503 [INFO] DbBoards:157 - Board is not supported: NUCLEO-N657X0-Q
2026-05-06 20:31:59,504 [INFO] BoardInfo:880 - No configuration file found for board NUCLEO-U031R8
2026-05-06 20:31:59,504 [INFO] DbBoards:157 - Board is not supported: NUCLEO-U031R8
2026-05-06 20:31:59,505 [INFO] BoardInfo:880 - No configuration file found for board NUCLEO-U083RC
2026-05-06 20:31:59,505 [INFO] DbBoards:157 - Board is not supported: NUCLEO-U083RC
2026-05-06 20:31:59,506 [INFO] BoardInfo:880 - No configuration file found for board NUCLEO-U385RG-Q
2026-05-06 20:31:59,506 [INFO] DbBoards:157 - Board is not supported: NUCLEO-U385RG-Q
2026-05-06 20:31:59,507 [INFO] BoardInfo:880 - No configuration file found for board NUCLEO-U3C5ZI-Q
2026-05-06 20:31:59,507 [INFO] DbBoards:157 - Board is not supported: NUCLEO-U3C5ZI-Q
2026-05-06 20:31:59,511 [INFO] BoardInfo:880 - No configuration file found for board NUCLEO-WB05KZ
2026-05-06 20:31:59,512 [INFO] DbBoards:157 - Board is not supported: NUCLEO-WB05KZ
2026-05-06 20:31:59,513 [INFO] BoardInfo:880 - No configuration file found for board NUCLEO-WB07CC
2026-05-06 20:31:59,513 [INFO] DbBoards:157 - Board is not supported: NUCLEO-WB07CC
2026-05-06 20:31:59,514 [INFO] BoardInfo:880 - No configuration file found for board NUCLEO-WB09KE
2026-05-06 20:31:59,514 [INFO] DbBoards:157 - Board is not supported: NUCLEO-WB09KE
2026-05-06 20:31:59,517 [INFO] BoardInfo:880 - No configuration file found for board NUCLEO-WBA25CE1
2026-05-06 20:31:59,517 [INFO] DbBoards:157 - Board is not supported: NUCLEO-WBA25CE1
2026-05-06 20:31:59,519 [INFO] BoardInfo:880 - No configuration file found for board NUCLEO-WBA55CG
2026-05-06 20:31:59,519 [INFO] DbBoards:157 - Board is not supported: NUCLEO-WBA55CG
2026-05-06 20:31:59,520 [INFO] BoardInfo:880 - No configuration file found for board NUCLEO-WBA65RI
2026-05-06 20:31:59,520 [INFO] DbBoards:157 - Board is not supported: NUCLEO-WBA65RI
2026-05-06 20:31:59,521 [INFO] BoardInfo:880 - No configuration file found for board NUCLEO-WL33CC1
2026-05-06 20:31:59,521 [INFO] DbBoards:157 - Board is not supported: NUCLEO-WL33CC1
2026-05-06 20:31:59,523 [INFO] BoardInfo:880 - No configuration file found for board NUCLEO-WL33CC2
2026-05-06 20:31:59,523 [INFO] DbBoards:157 - Board is not supported: NUCLEO-WL33CC2
2026-05-06 20:31:59,524 [INFO] BoardInfo:880 - No configuration file found for board NUCLEO-WL3RKB1
2026-05-06 20:31:59,524 [INFO] DbBoards:157 - Board is not supported: NUCLEO-WL3RKB1
2026-05-06 20:31:59,525 [INFO] BoardInfo:880 - No configuration file found for board NUCLEO-WL3RKB2
2026-05-06 20:31:59,525 [INFO] DbBoards:157 - Board is not supported: NUCLEO-WL3RKB2
2026-05-06 20:31:59,530 [INFO] BoardInfo:880 - No configuration file found for board P-NUCLEO-WB55
2026-05-06 20:31:59,530 [INFO] DbBoards:157 - Kit is not supported: P-NUCLEO-WB55
2026-05-06 20:31:59,534 [INFO] BoardInfo:880 - No configuration file found for board STEVAL-BFA001V1B
2026-05-06 20:31:59,534 [INFO] DbBoards:157 - Kit is not supported: STEVAL-BFA001V1B
2026-05-06 20:31:59,535 [INFO] BoardInfo:880 - No configuration file found for board STEVAL-BFA001V2B
2026-05-06 20:31:59,535 [INFO] DbBoards:157 - Kit is not supported: STEVAL-BFA001V2B
2026-05-06 20:31:59,539 [INFO] BoardInfo:880 - No configuration file found for board STEVAL-MKBOXPRO
2026-05-06 20:31:59,539 [INFO] DbBoards:157 - Board is not supported: STEVAL-MKBOXPRO
2026-05-06 20:31:59,596 [INFO] BoardInfo:880 - No configuration file found for board STM32H5F5J-DK
2026-05-06 20:31:59,596 [INFO] DbBoards:157 - Board is not supported: STM32H5F5J-DK
2026-05-06 20:31:59,610 [INFO] BoardInfo:880 - No configuration file found for board STM32H7S78-DK
2026-05-06 20:31:59,610 [INFO] DbBoards:157 - Board is not supported: STM32H7S78-DK
2026-05-06 20:31:59,630 [INFO] BoardInfo:880 - No configuration file found for board STM32MP215F-DK
2026-05-06 20:31:59,630 [INFO] DbBoards:157 - Board is not supported: STM32MP215F-DK
2026-05-06 20:31:59,631 [INFO] BoardInfo:880 - No configuration file found for board STM32MP257F-DK
2026-05-06 20:31:59,631 [INFO] DbBoards:157 - Board is not supported: STM32MP257F-DK
2026-05-06 20:31:59,633 [INFO] BoardInfo:880 - No configuration file found for board STM32MP257F-EV1
2026-05-06 20:31:59,633 [INFO] DbBoards:157 - Board is not supported: STM32MP257F-EV1
2026-05-06 20:31:59,634 [INFO] BoardInfo:880 - No configuration file found for board STM32N6570-DK
2026-05-06 20:31:59,634 [INFO] DbBoards:157 - Board is not supported: STM32N6570-DK
2026-05-06 20:31:59,635 [INFO] BoardInfo:880 - No configuration file found for board STM32U083C-DK
2026-05-06 20:31:59,635 [INFO] DbBoards:157 - Board is not supported: STM32U083C-DK
2026-05-06 20:31:59,642 [INFO] BoardInfo:880 - No configuration file found for board STM32WBA55G-DK1
2026-05-06 20:31:59,642 [INFO] DbBoards:157 - Board is not supported: STM32WBA55G-DK1
2026-05-06 20:31:59,643 [INFO] BoardInfo:880 - No configuration file found for board STM32WBA65I-DK1
2026-05-06 20:31:59,643 [INFO] DbBoards:157 - Board is not supported: STM32WBA65I-DK1
2026-05-06 20:31:59,644 [INFO] DbBoards:161 - Found 218 boards, 183 are supported
2026-05-06 20:31:59,648 [INFO] ApiDb:423 - Load user favorites file C:\Users\James Kennedy/.stm32cubeide/favorites.boards.txt: 0 item(s)
2026-05-06 20:31:59,648 [INFO] ApiDb:427 - User favorites Boards=[]
2026-05-06 20:31:59,648 [INFO] DbBoards:190 - Set 0 / 0 favorites Boards
2026-05-06 20:31:59,648 [INFO] McuFinderGlobals:76 - Set McuFinderConnectedMode to true
2026-05-06 20:31:59,653 [INFO] MultiScanPanel:200 - Auto-refresh data requested => check proxy status ongoing
2026-05-06 20:31:59,656 [INFO] FinderPluginLoader:95 - Searching for filters in installed packs
2026-05-06 20:32:01,028 [INFO] LoadUrlFilesThread:185 - End of LoadServerUrlFiles without Thread
2026-05-06 20:32:01,045 [INFO] DetailPanel:341 - Set advertising image to C:/Users/James Kennedy/STM32Cube/Repository/\en.prom-stm32wba2-stm32-nucleo-board-0426.png
2026-05-06 20:32:36,153 [INFO] MainUpdater:2868 - connection check result : 10
2026-05-06 20:32:36,154 [INFO] MainUpdater:2868 - connection check result : 10
2026-05-06 20:32:36,196 [INFO] MicroXplorer:468 - Change Database Path : 
2026-05-06 20:32:36,196 [INFO] MicroXplorer:498 - Change Database Version : DB.6.0.90
2026-05-06 20:32:36,224 [WARN] ThirdParty:871 - waiting for thirdparty lock release [close project]
2026-05-06 20:32:36,224 [INFO] ThirdParty:873 - entering critical section [close project]
2026-05-06 20:32:36,224 [INFO] ThirdParty:883 - exiting critical section [close project]
2026-05-06 20:32:36,225 [INFO] PinOutPanel:1499 - setPackage(No Configuration,No Configuration)
2026-05-06 20:32:36,233 [INFO] UtilMem:75 - Begin LoadConfig() Used Memory: 753633640 Bytes (1073741824)
2026-05-06 20:32:36,234 [INFO] MicroXplorer:468 - Change Database Path : 
2026-05-06 20:32:36,234 [INFO] MicroXplorer:498 - Change Database Version : DB.6.0.90
2026-05-06 20:32:36,234 [INFO] OpenFileManager:308 - Change cursor
2026-05-06 20:32:36,245 [INFO] RulesReader:64 - Compatibility file has been processed (293 Rules)
2026-05-06 20:32:36,252 [INFO] Mcu:1946 - Initializing MCU STM32F103C8Tx STM32F103C8Tx STM32F103C8T6
2026-05-06 20:32:36,716 [INFO] Context:659 - Trying to add GPIOservice into a context  which must be forbidden
2026-05-06 20:32:36,827 [INFO] ImportTextPane:194 - (OptionalMessage_ERROR) Unable to find key (Mcu.ThirdPartyNb) in loaded IOC file
2026-05-06 20:32:36,827 [INFO] ImportTextPane:194 - (OptionalMessage_ERROR) Unable to find key (Mcu.PinsNb) in loaded IOC file
2026-05-06 20:32:36,827 [INFO] ImportTextPane:194 - (OptionalMessage_ERROR) Unable to find key (Mcu.IPNb) in loaded IOC file
2026-05-06 20:32:36,884 [INFO] RtosManager:555 - Registered RTOS mode: class=CMSIS, group=RTOS, mode=CMSIS_V1, owner=FREERTOS
2026-05-06 20:32:36,884 [INFO] RtosManager:555 - Registered RTOS mode: class=CMSIS, group=RTOS2, mode=CMSIS_V2, owner=FREERTOS
2026-05-06 20:32:36,884 [INFO] RtosManager:555 - Registered RTOS mode: class=RTOS, group=Core, mode=CMSIS_V1, owner=FREERTOS
2026-05-06 20:32:36,884 [INFO] RtosManager:555 - Registered RTOS mode: class=RTOS, group=Core, mode=CMSIS_V2, owner=FREERTOS
2026-05-06 20:32:36,884 [WARN] ModelIntegratedComponent:184 - Missing modes for component STMicroelectronics:FreeRTOS:0.0.1:STMicroelectronics:RTOS:FreeRTOS:Core:::10.2.0:
2026-05-06 20:32:36,890 [WARN] ModelIntegratedComponent:63 - No mode defined for component null
2026-05-06 20:32:36,890 [WARN] ModelIntegratedComponent:63 - No mode defined for component null
2026-05-06 20:32:36,890 [WARN] ModelIntegratedComponent:63 - No mode defined for component null
2026-05-06 20:32:36,890 [WARN] ModelIntegratedComponent:63 - No mode defined for component null
2026-05-06 20:32:36,890 [WARN] ModelIntegratedComponent:63 - No mode defined for component null
2026-05-06 20:32:36,890 [WARN] ModelIntegratedComponent:63 - No mode defined for component null
2026-05-06 20:32:36,890 [WARN] ModelIntegratedComponent:63 - No mode defined for component null
2026-05-06 20:32:36,890 [WARN] ModelIntegratedComponent:63 - No mode defined for component null
2026-05-06 20:32:36,890 [WARN] ModelIntegratedComponent:63 - No mode defined for component null
2026-05-06 20:32:36,890 [WARN] ModelIntegratedComponent:63 - No mode defined for component null
2026-05-06 20:32:36,891 [WARN] ModelIntegratedComponent:63 - No mode defined for component null
2026-05-06 20:32:36,891 [WARN] ModelIntegratedComponent:63 - No mode defined for component null
2026-05-06 20:32:36,891 [WARN] ModelIntegratedComponent:63 - No mode defined for component null
2026-05-06 20:32:36,891 [WARN] ModelIntegratedComponent:63 - No mode defined for component null
2026-05-06 20:32:36,891 [WARN] ModelIntegratedComponent:63 - No mode defined for component null
2026-05-06 20:32:36,891 [WARN] ModelIntegratedComponent:63 - No mode defined for component null
2026-05-06 20:32:36,891 [WARN] ModelIntegratedComponent:63 - No mode defined for component null
2026-05-06 20:32:36,891 [WARN] ModelIntegratedComponent:63 - No mode defined for component null
2026-05-06 20:32:36,891 [WARN] ModelIntegratedComponent:63 - No mode defined for component null
2026-05-06 20:32:36,891 [WARN] ModelIntegratedComponent:63 - No mode defined for component null
2026-05-06 20:32:36,891 [WARN] ModelIntegratedComponent:63 - No mode defined for component null
2026-05-06 20:32:36,891 [WARN] ModelIntegratedComponent:63 - No mode defined for component null
2026-05-06 20:32:36,891 [WARN] ModelIntegratedComponent:63 - No mode defined for component null
2026-05-06 20:32:36,891 [WARN] ModelIntegratedComponent:63 - No mode defined for component null
2026-05-06 20:32:36,891 [WARN] ModelIntegratedComponent:63 - No mode defined for component null
2026-05-06 20:32:36,891 [WARN] ModelIntegratedComponent:63 - No mode defined for component null
2026-05-06 20:32:36,891 [WARN] ModelIntegratedComponent:63 - No mode defined for component null
2026-05-06 20:32:36,891 [WARN] ModelIntegratedComponent:63 - No mode defined for component null
2026-05-06 20:32:36,891 [WARN] ModelIntegratedComponent:63 - No mode defined for component null
2026-05-06 20:32:36,891 [WARN] ModelIntegratedComponent:63 - No mode defined for component null
2026-05-06 20:32:36,891 [WARN] ModelIntegratedComponent:63 - No mode defined for component null
2026-05-06 20:32:36,891 [WARN] ModelIntegratedComponent:63 - No mode defined for component null
2026-05-06 20:32:36,891 [WARN] ModelIntegratedComponent:63 - No mode defined for component null
2026-05-06 20:32:36,934 [INFO] ThirdPartyModel:298 - Start build external matchings
2026-05-06 20:32:37,189 [INFO] ThirdPartyModel:316 - End build external matchings
2026-05-06 20:32:37,351 [INFO] UtilMem:75 - End LoadConfig() Used Memory: 770711256 Bytes (1073741824)
2026-05-06 20:32:37,380 [WARN] ThirdParty:833 - waiting for thirdparty lock release [change project]
2026-05-06 20:32:37,380 [INFO] ThirdParty:835 - entering critical section [change project]
2026-05-06 20:32:37,380 [INFO] ThirdParty:1030 - CMSIS Pack Vendor :STMicroelectronics X-CUBE-AZRTOS-H7 3.5.0
2026-05-06 20:32:37,380 [INFO] ThirdParty:1030 - CMSIS Pack Vendor :STMicroelectronics X-CUBE-PM33A1 1.0.0
2026-05-06 20:32:37,380 [INFO] ThirdParty:1030 - CMSIS Pack Vendor :STMicroelectronics USBPD 4.1
2026-05-06 20:32:37,380 [INFO] ThirdParty:1030 - CMSIS Pack Vendor :STMicroelectronics X-CUBE-NFC9 1.0.0
2026-05-06 20:32:37,380 [INFO] ThirdParty:1030 - CMSIS Pack Vendor :STMicroelectronics USB_HOST 2.0.0
2026-05-06 20:32:37,380 [INFO] ThirdParty:1030 - CMSIS Pack Vendor :STMicroelectronics FP-SNS-MOTENVWB1 1.4.0
2026-05-06 20:32:37,380 [INFO] ThirdParty:1030 - CMSIS Pack Vendor :STMicroelectronics X-CUBE-AZRTOS-F4 1.1.0
2026-05-06 20:32:37,381 [INFO] ThirdParty:1030 - CMSIS Pack Vendor :STMicroelectronics LIBJPEG 8.0.0
2026-05-06 20:32:37,381 [INFO] ThirdParty:1030 - CMSIS Pack Vendor :STMicroelectronics FP-ATR-ASTRA1 2.0.2
2026-05-06 20:32:37,381 [INFO] ThirdParty:1030 - CMSIS Pack Vendor :STMicroelectronics X-CUBE-BLE1 7.1.0
2026-05-06 20:32:37,381 [INFO] ThirdParty:1030 - CMSIS Pack Vendor :STMicroelectronics X-CUBE-SMBUS 2.1.0
2026-05-06 20:32:37,381 [INFO] ThirdParty:1030 - CMSIS Pack Vendor :wolfSSL I-CUBE-wolfMQTT 1.19.2
2026-05-06 20:32:37,381 [INFO] ThirdParty:1030 - CMSIS Pack Vendor :STMicroelectronics USB_DEVICE 3.0.0
2026-05-06 20:32:37,381 [INFO] ThirdParty:1030 - CMSIS Pack Vendor :STMicroelectronics X-CUBE-ISPU 2.1.0
2026-05-06 20:32:37,381 [INFO] ThirdParty:1030 - CMSIS Pack Vendor :STMicroelectronics X-CUBE-EEPRMA1 5.2.0
2026-05-06 20:32:37,381 [INFO] ThirdParty:1030 - CMSIS Pack Vendor :STMicroelectronics X-CUBE-AZRTOS-WB 2.0.0
2026-05-06 20:32:37,381 [INFO] ThirdParty:1030 - CMSIS Pack Vendor :wolfSSL I-CUBE-wolfSSL 5.8.4
2026-05-06 20:32:37,381 [INFO] ThirdParty:1030 - CMSIS Pack Vendor :STMicroelectronics X-CUBE-NFC12 1.0.0
2026-05-06 20:32:37,381 [INFO] ThirdParty:1030 - CMSIS Pack Vendor :STMicroelectronics X-CUBE-AZRTOS-F7 1.1.0
2026-05-06 20:32:37,381 [INFO] ThirdParty:1030 - CMSIS Pack Vendor :STMicroelectronics X-CUBE-AZRTOS-L5 2.0.0
2026-05-06 20:32:37,381 [INFO] ThirdParty:1030 - CMSIS Pack Vendor :STMicroelectronics USB_DEVICE 2.0.0
2026-05-06 20:32:37,381 [INFO] ThirdParty:1030 - CMSIS Pack Vendor :STMicroelectronics X-CUBE-MEMS1 12.0.0
2026-05-06 20:32:37,381 [INFO] ThirdParty:1030 - CMSIS Pack Vendor :STMicroelectronics X-CUBE-STSE01 2.0.0
2026-05-06 20:32:37,381 [INFO] ThirdParty:1030 - CMSIS Pack Vendor :STMicroelectronics FreeRTOS 0.0.1
2026-05-06 20:32:37,381 [INFO] ThirdParty:1030 - CMSIS Pack Vendor :STMicroelectronics X-CUBE-AZRTOS-G0 1.1.0
2026-05-06 20:32:37,381 [INFO] ThirdParty:1030 - CMSIS Pack Vendor :STMicroelectronics X-CUBE-NFC4 3.0.0
2026-05-06 20:32:37,381 [INFO] ThirdParty:1030 - CMSIS Pack Vendor :STMicroelectronics X-CUBE-SUBG2 5.0.0
2026-05-06 20:32:37,381 [INFO] ThirdParty:1030 - CMSIS Pack Vendor :STMicroelectronics STM32_WPAN 1.0.0
2026-05-06 20:32:37,381 [INFO] ThirdParty:1030 - CMSIS Pack Vendor :STMicroelectronics lwIP 2.0.3
2026-05-06 20:32:37,381 [INFO] ThirdParty:1030 - CMSIS Pack Vendor :STMicroelectronics USB_HOST 1.0.0
2026-05-06 20:32:37,381 [INFO] ThirdParty:1030 - CMSIS Pack Vendor :STMicroelectronics X-CUBE-AZRTOS-G4 2.0.0
2026-05-06 20:32:37,382 [INFO] ThirdParty:1030 - CMSIS Pack Vendor :STMicroelectronics X-CUBE-WB05N 2.0.0
2026-05-06 20:32:37,382 [INFO] ThirdParty:1030 - CMSIS Pack Vendor :STMicroelectronics PDM2PCM 3.1.0
2026-05-06 20:32:37,382 [INFO] ThirdParty:1030 - CMSIS Pack Vendor :STMicroelectronics PDM2PCM 3.3.0
2026-05-06 20:32:37,382 [INFO] ThirdParty:1030 - CMSIS Pack Vendor :wolfSSL I-CUBE-wolfTPM 3.8.0
2026-05-06 20:32:37,382 [INFO] ThirdParty:1030 - CMSIS Pack Vendor :STMicroelectronics X-CUBE-AZRTOS-H7 3.4.0
2026-05-06 20:32:37,382 [INFO] ThirdParty:1030 - CMSIS Pack Vendor :STMicroelectronics X-CUBE-DISPLAY 3.0.0
2026-05-06 20:32:37,382 [INFO] ThirdParty:1030 - CMSIS Pack Vendor :wolfSSL I-CUBE-wolfSSH 1.4.20
2026-05-06 20:32:37,382 [INFO] ThirdParty:1030 - CMSIS Pack Vendor :STMicroelectronics X-CUBE-NFC7 2.0.0
2026-05-06 20:32:37,382 [INFO] ThirdParty:1030 - CMSIS Pack Vendor :STMicroelectronics X-CUBE-GNSS1 7.1.1
2026-05-06 20:32:37,382 [INFO] ThirdParty:1030 - CMSIS Pack Vendor :STMicroelectronics FP-ATR-SIGFOX1 3.2.0
2026-05-06 20:32:37,382 [INFO] ThirdParty:1030 - CMSIS Pack Vendor :STMicroelectronics X-CUBE-NFC10 1.0.0
2026-05-06 20:32:37,382 [INFO] ThirdParty:1030 - CMSIS Pack Vendor :STMicroelectronics HAL Drivers 0.0.0
2026-05-06 20:32:37,382 [INFO] ThirdParty:1030 - CMSIS Pack Vendor :STMicroelectronics MBEDTLS 2.16.2
2026-05-06 20:32:37,382 [INFO] ThirdParty:1030 - CMSIS Pack Vendor :STMicroelectronics X-CUBE-ALS 1.0.2
2026-05-06 20:32:37,382 [INFO] ThirdParty:1030 - CMSIS Pack Vendor :emotas I-CUBE-CANOPEN 1.3.0
2026-05-06 20:32:37,382 [INFO] ThirdParty:1030 - CMSIS Pack Vendor :STMicroelectronics MBEDTLS 2.14.1
2026-05-06 20:32:37,382 [INFO] ThirdParty:1030 - CMSIS Pack Vendor :STMicroelectronics X-CUBE-GNSS1 7.1.0
2026-05-06 20:32:37,382 [INFO] ThirdParty:1030 - CMSIS Pack Vendor :ITTIA_DB I-CUBE-ITTIADB 8.9.0
2026-05-06 20:32:37,382 [INFO] ThirdParty:1030 - CMSIS Pack Vendor :STMicroelectronics X-CUBE-TOUCHGFX 4.26.0
2026-05-06 20:32:37,382 [INFO] ThirdParty:1030 - CMSIS Pack Vendor :STMicroelectronics X-CUBE-TOUCHGFX 4.26.1
2026-05-06 20:32:37,382 [INFO] ThirdParty:1030 - CMSIS Pack Vendor :STMicroelectronics X-CUBE-NFC6 3.2.0
2026-05-06 20:32:37,382 [INFO] ThirdParty:1030 - CMSIS Pack Vendor :STMicroelectronics X-CUBE-AI 10.2.0
2026-05-06 20:32:37,383 [INFO] ThirdParty:1030 - CMSIS Pack Vendor :STMicroelectronics ThreadX 1.0.0
2026-05-06 20:32:37,383 [INFO] ThirdParty:1030 - CMSIS Pack Vendor :STMicroelectronics FP-SNS-SMARTAG2 1.2.0
2026-05-06 20:32:37,383 [INFO] ThirdParty:1030 - CMSIS Pack Vendor :STMicroelectronics X-CUBE-MEMS1 12.1.0
2026-05-06 20:32:37,383 [INFO] ThirdParty:1030 - CMSIS Pack Vendor :STMicroelectronics X-CUBE-AZRTOS-WL 2.0.0
2026-05-06 20:32:37,383 [INFO] ThirdParty:1030 - CMSIS Pack Vendor :SEGGER I-CUBE-embOS 1.3.1
2026-05-06 20:32:37,383 [INFO] ThirdParty:1030 - CMSIS Pack Vendor :STMicroelectronics X-CUBE-ALGOBUILD 1.4.0
2026-05-06 20:32:37,383 [INFO] ThirdParty:1030 - CMSIS Pack Vendor :STMicroelectronics USB_DEVICE 1.0.0
2026-05-06 20:32:37,383 [INFO] ThirdParty:1030 - CMSIS Pack Vendor :STMicroelectronics X-CUBE-AZRTOS-H7RS 1.2.0
2026-05-06 20:32:37,383 [INFO] ThirdParty:1030 - CMSIS Pack Vendor :STMicroelectronics X-CUBE-AZRTOS-L4 2.0.0
2026-05-06 20:32:37,383 [INFO] ThirdParty:1030 - CMSIS Pack Vendor :STMicroelectronics ThreadX 0.0.2
2026-05-06 20:32:37,383 [INFO] ThirdParty:1030 - CMSIS Pack Vendor :STMicroelectronics lwIP 2.1.2
2026-05-06 20:32:37,383 [INFO] ThirdParty:1030 - CMSIS Pack Vendor :STMicroelectronics X-CUBE-SFXS2LP1 4.0.0
2026-05-06 20:32:37,383 [INFO] ThirdParty:1030 - CMSIS Pack Vendor :STMicroelectronics X-CUBE-BLE2 3.3.0
2026-05-06 20:32:37,383 [INFO] ThirdParty:1030 - CMSIS Pack Vendor :STMicroelectronics PDM2PCM 3.2.0
2026-05-06 20:32:37,383 [INFO] ThirdParty:1030 - CMSIS Pack Vendor :STMicroelectronics X-CUBE-WB05N 2.1.0
2026-05-06 20:32:37,383 [INFO] ThirdParty:841 - exiting critical section [change project]
2026-05-06 20:32:37,499 [INFO] PinOutPanel:1499 - setPackage(No Configuration,No Configuration)
2026-05-06 20:32:37,500 [INFO] PinOutPanel:1499 - setPackage(STM32F103C8Tx,LQFP48)
2026-05-06 20:32:37,606 [INFO] UtilMem:75 - Before build in PCC Used Memory: 854202312 Bytes (1073741824)
2026-05-06 20:32:37,772 [INFO] UtilMem:75 - After build in PCC Used Memory: 895623112 Bytes (1073741824)
2026-05-06 20:32:37,781 [INFO] IPUIPlugin:80 - create IPUIPlugin
2026-05-06 20:32:37,781 [INFO] IPUIPlugin:80 - create IPUIPlugin
2026-05-06 20:32:37,781 [INFO] IPUIPlugin:80 - create IPUIPlugin
2026-05-06 20:32:37,781 [INFO] IPUIPlugin:80 - create IPUIPlugin
2026-05-06 20:32:37,781 [INFO] IPUIPlugin:80 - create IPUIPlugin
2026-05-06 20:32:37,781 [INFO] IPUIPlugin:80 - create IPUIPlugin
2026-05-06 20:32:37,781 [INFO] IPUIPlugin:80 - create IPUIPlugin
2026-05-06 20:32:37,781 [INFO] IPUIPlugin:80 - create IPUIPlugin
2026-05-06 20:32:37,781 [INFO] IPUIPlugin:80 - create IPUIPlugin
2026-05-06 20:32:37,781 [INFO] IPUIPlugin:80 - create IPUIPlugin
2026-05-06 20:32:37,781 [INFO] IPUIPlugin:80 - create IPUIPlugin
2026-05-06 20:32:37,781 [INFO] IPUIPlugin:80 - create IPUIPlugin
2026-05-06 20:32:37,781 [INFO] IPUIPlugin:80 - create IPUIPlugin
2026-05-06 20:32:37,782 [INFO] IPUIPlugin:80 - create IPUIPlugin
2026-05-06 20:32:37,782 [INFO] IPUIPlugin:80 - create IPUIPlugin
2026-05-06 20:32:37,782 [INFO] IPUIPlugin:80 - create IPUIPlugin
2026-05-06 20:32:37,782 [INFO] IPUIPlugin:80 - create IPUIPlugin
2026-05-06 20:32:37,782 [INFO] IPUIPlugin:80 - create IPUIPlugin
2026-05-06 20:32:37,782 [INFO] IPUIPlugin:80 - create IPUIPlugin
2026-05-06 20:32:37,782 [INFO] IPUIPlugin:80 - create IPUIPlugin
2026-05-06 20:32:37,782 [INFO] IPUIPlugin:80 - create IPUIPlugin
2026-05-06 20:32:37,782 [INFO] IPUIPlugin:80 - create IPUIPlugin
2026-05-06 20:32:37,782 [INFO] IPUIPlugin:80 - create IPUIPlugin
2026-05-06 20:32:37,782 [INFO] IPUIPlugin:80 - create IPUIPlugin
2026-05-06 20:32:37,783 [INFO] IPUIPlugin:80 - create IPUIPlugin
2026-05-06 20:32:37,783 [INFO] IPUIPlugin:80 - create IPUIPlugin
2026-05-06 20:32:37,783 [INFO] IPUIPlugin:80 - create IPUIPlugin
2026-05-06 20:32:37,800 [INFO] CADModel:165 - CPN selected for project levelSTM32F103C8T6
2026-05-06 20:32:37,800 [INFO] CADModel:114 - Register for checkConnection events
2026-05-06 20:32:37,849 [INFO] OpenFileManager:328 - Restore cursor
2026-05-06 20:32:38,127 [INFO] UtilMem:75 - End SaveConfig() Used Memory: 735333576 Bytes (1073741824)
2026-05-06 20:32:38,167 [INFO] UtilMem:75 - End SaveConfig() Used Memory: 747996048 Bytes (1073741824)
2026-05-06 20:32:38,287 [INFO] BlockDiagram:2759 - set Specific Code input for plugin: NVIC
2026-05-06 20:32:38,287 [INFO] BlockDiagram:2759 - set Specific Code input for plugin: RCC
2026-05-06 20:32:38,288 [INFO] CodeGenerator:799 - code generatio: config db path: C:\ST\STM32CubeIDE_1.13.0\STM32CubeIDE\plugins\com.st.stm32cube.common.mx_6.9.0.202307051724\\db\
2026-05-06 20:32:38,411 [INFO] CodeEngine:255 - oldGeneratedFile, D:\smart_garden\LORA_V2\MXTmpFiles\license.tmp_save
2026-05-06 20:32:38,538 [INFO] CodeEngine:279 - Generated code: D:\smart_garden\LORA_V2\MXTmpFiles\license.tmp
2026-05-06 20:32:38,548 [INFO] CodeEngine:255 - oldGeneratedFile, D:\smart_garden\LORA_V2\Core\Src\stm32f1xx_it.c_save
2026-05-06 20:32:38,773 [INFO] CodeEngine:279 - Generated code: D:\smart_garden\LORA_V2\Core\Src\stm32f1xx_it.c
2026-05-06 20:32:38,778 [INFO] CodeEngine:255 - oldGeneratedFile, D:\smart_garden\LORA_V2\Core\Inc\stm32f1xx_it.h_save
2026-05-06 20:32:38,835 [INFO] CodeEngine:279 - Generated code: D:\smart_garden\LORA_V2\Core\Inc\stm32f1xx_it.h
2026-05-06 20:32:38,851 [INFO] CodeEngine:255 - oldGeneratedFile, D:\smart_garden\LORA_V2\Core\Src\stm32f1xx_hal_msp.c_save
2026-05-06 20:32:38,927 [INFO] CodeEngine:279 - Generated code: D:\smart_garden\LORA_V2\Core\Src\stm32f1xx_hal_msp.c
2026-05-06 20:32:38,929 [INFO] CodeEngine:255 - oldGeneratedFile, D:\smart_garden\LORA_V2\MXTmpFiles\system.tmp_save
2026-05-06 20:32:38,975 [INFO] CodeEngine:279 - Generated code: D:\smart_garden\LORA_V2\MXTmpFiles\system.tmp
2026-05-06 20:32:38,981 [INFO] CodeEngine:311 - oldGeneratedFile, D:\smart_garden\LORA_V2\Core\Inc\stm32f1xx_hal_conf.h_save
2026-05-06 20:32:39,065 [INFO] CodeEngine:335 - Generated code: D:\smart_garden\LORA_V2\Core\Inc\stm32f1xx_hal_conf.h
2026-05-06 20:32:39,088 [INFO] CodeEngine:255 - oldGeneratedFile, D:\smart_garden\LORA_V2\Core\Inc\main.h_save
2026-05-06 20:32:39,158 [INFO] CodeEngine:279 - Generated code: D:\smart_garden\LORA_V2\Core\Inc\main.h
2026-05-06 20:32:39,160 [INFO] CodeEngine:255 - oldGeneratedFile, D:\smart_garden\LORA_V2\Core\Src\main.c_save
2026-05-06 20:32:39,239 [INFO] CodeEngine:279 - Generated code: D:\smart_garden\LORA_V2\Core\Src\main.c
2026-05-06 20:32:39,653 [INFO] ProjectBuilder:3064 - Time for Copy HAL[1] : 106mS.
2026-05-06 20:32:39,657 [INFO] ProjectBuilder:4404 - Project Generator version: 4.1.0
2026-05-06 20:32:39,844 [INFO] ConfigFileManager:1457 - The Die is : DIE410
2026-05-06 20:32:39,847 [INFO] ApiDbMcu:507 - Load IP Config File for FATFS
2026-05-06 20:32:39,852 [INFO] ApiDbMcu:507 - Load IP Config File for FREERTOS
2026-05-06 20:32:39,858 [INFO] ApiDbMcu:507 - Load IP Config File for USB_DEVICE
2026-05-06 20:32:41,596 [INFO] ProjectBuilder:4626 - Time for Generating toolchain IDE Files: 1940mS.
2026-05-06 20:32:41,597 [INFO] ProjectBuilder:2935 - Time for Copy CMSIS : 0mS.
2026-05-06 20:32:41,598 [INFO] ProjectBuilder:2935 - Time for Copy CMSIS : 0mS.
2026-05-06 20:32:42,738 [INFO] McuFinderGlobals:76 - Set McuFinderConnectedMode to true
2026-05-06 20:32:42,744 [INFO] ApiDb:448 - Save user favorites file C:\Users\James Kennedy/.stm32cubeide/favorites.mcus.txt: 1 item(s)
2026-05-06 20:32:42,745 [INFO] ApiDb:452 - User favorites MCUs=[STM32F103C8T6]
2026-05-06 20:33:48,540 [INFO] Gpio:273 - dependency for GPIO [RCC, SPI1, SYS, USART1]
2026-05-06 20:34:35,852 [INFO] Gpio:273 - dependency for GPIO [RCC, SPI1, SYS, USART1]
2026-05-06 20:34:35,951 [INFO] Gpio:273 - dependency for GPIO [RCC, SPI1, SYS, USART1]
2026-05-06 20:34:48,804 [INFO] Gpio:273 - dependency for GPIO [RCC, SPI1, SYS, USART1]
2026-05-06 20:34:48,845 [INFO] NvicIntPanel:101 - NVIC parent = com.st.microxplorer.plugins.ip.nvic.MultiNvicIntPanel[,0,0,0x0,invalid,layout=javax.swing.BoxLayout,alignmentX=0.0,alignmentY=0.0,border=,flags=9,maximumSize=,minimumSize=,preferredSize=]
2026-05-06 20:34:48,905 [INFO] Gpio:273 - dependency for GPIO [RCC, SPI1, SYS, USART1]
2026-05-06 20:34:48,947 [INFO] NvicIntPanel:101 - NVIC parent = com.st.microxplorer.plugins.ip.nvic.MultiNvicIntPanel[,0,0,0x0,invalid,layout=javax.swing.BoxLayout,alignmentX=0.0,alignmentY=0.0,border=,flags=9,maximumSize=,minimumSize=,preferredSize=]
2026-05-06 20:34:49,035 [INFO] Gpio:273 - dependency for GPIO [RCC, SPI1, SYS, USART1]
2026-05-06 20:34:49,068 [INFO] NvicIntPanel:101 - NVIC parent = com.st.microxplorer.plugins.ip.nvic.MultiNvicIntPanel[,0,0,0x0,invalid,layout=javax.swing.BoxLayout,alignmentX=0.0,alignmentY=0.0,border=,flags=9,maximumSize=,minimumSize=,preferredSize=]
2026-05-06 20:34:51,383 [INFO] Gpio:273 - dependency for GPIO [RCC, SPI1, SYS, USART1]
2026-05-06 20:34:51,414 [INFO] NvicIntPanel:101 - NVIC parent = com.st.microxplorer.plugins.ip.nvic.MultiNvicIntPanel[,0,0,0x0,invalid,layout=javax.swing.BoxLayout,alignmentX=0.0,alignmentY=0.0,border=,flags=9,maximumSize=,minimumSize=,preferredSize=]
2026-05-06 20:34:51,483 [INFO] Gpio:273 - dependency for GPIO [RCC, SPI1, SYS, USART1]
2026-05-06 20:34:51,516 [INFO] NvicIntPanel:101 - NVIC parent = com.st.microxplorer.plugins.ip.nvic.MultiNvicIntPanel[,0,0,0x0,invalid,layout=javax.swing.BoxLayout,alignmentX=0.0,alignmentY=0.0,border=,flags=9,maximumSize=,minimumSize=,preferredSize=]
2026-05-06 20:34:59,093 [INFO] Gpio:273 - dependency for GPIO [RCC, SPI1, SYS, USART1]
2026-05-06 20:34:59,147 [INFO] NvicIntPanel:101 - NVIC parent = com.st.microxplorer.plugins.ip.nvic.MultiNvicIntPanel[,0,0,0x0,invalid,layout=javax.swing.BoxLayout,alignmentX=0.0,alignmentY=0.0,border=,flags=9,maximumSize=,minimumSize=,preferredSize=]
2026-05-06 20:34:59,196 [INFO] Gpio:273 - dependency for GPIO [RCC, SPI1, SYS, USART1]
2026-05-06 20:34:59,236 [INFO] NvicIntPanel:101 - NVIC parent = com.st.microxplorer.plugins.ip.nvic.MultiNvicIntPanel[,0,0,0x0,invalid,layout=javax.swing.BoxLayout,alignmentX=0.0,alignmentY=0.0,border=,flags=9,maximumSize=,minimumSize=,preferredSize=]
2026-05-06 20:34:59,310 [INFO] Gpio:273 - dependency for GPIO [RCC, SPI1, SYS, USART1]
2026-05-06 20:34:59,344 [INFO] NvicIntPanel:101 - NVIC parent = com.st.microxplorer.plugins.ip.nvic.MultiNvicIntPanel[,0,0,0x0,invalid,layout=javax.swing.BoxLayout,alignmentX=0.0,alignmentY=0.0,border=,flags=9,maximumSize=,minimumSize=,preferredSize=]
2026-05-06 20:35:48,906 [INFO] Gpio:273 - dependency for GPIO [RCC, SPI1, SYS, USART1]
2026-05-06 20:35:48,942 [INFO] NvicIntPanel:101 - NVIC parent = com.st.microxplorer.plugins.ip.nvic.MultiNvicIntPanel[,0,0,0x0,invalid,layout=javax.swing.BoxLayout,alignmentX=0.0,alignmentY=0.0,border=,flags=9,maximumSize=,minimumSize=,preferredSize=]
2026-05-06 20:35:49,025 [INFO] Gpio:273 - dependency for GPIO [RCC, SPI1, SYS, USART1]
2026-05-06 20:35:49,056 [INFO] NvicIntPanel:101 - NVIC parent = com.st.microxplorer.plugins.ip.nvic.MultiNvicIntPanel[,0,0,0x0,invalid,layout=javax.swing.BoxLayout,alignmentX=0.0,alignmentY=0.0,border=,flags=9,maximumSize=,minimumSize=,preferredSize=]
2026-05-06 20:36:52,188 [INFO] UtilMem:75 - End SaveConfig() Used Memory: 755363152 Bytes (1073741824)
2026-05-06 20:36:52,229 [INFO] UtilMem:75 - End SaveConfig() Used Memory: 768861584 Bytes (1073741824)
2026-05-06 20:36:52,692 [INFO] UtilMem:75 - End SaveConfig() Used Memory: 800978256 Bytes (1073741824)
2026-05-06 20:36:52,843 [INFO] BlockDiagram:2759 - set Specific Code input for plugin: SPI
2026-05-06 20:36:52,843 [INFO] BlockDiagram:2759 - set Specific Code input for plugin: NVIC
2026-05-06 20:36:52,843 [INFO] BlockDiagram:2759 - set Specific Code input for plugin: USART
2026-05-06 20:36:52,843 [INFO] BlockDiagram:2759 - set Specific Code input for plugin: SYS
2026-05-06 20:36:52,844 [INFO] BlockDiagram:2759 - set Specific Code input for plugin: GPIO
2026-05-06 20:36:52,844 [INFO] BlockDiagram:2759 - set Specific Code input for plugin: RCC
2026-05-06 20:36:52,844 [INFO] CodeGenerator:799 - code generatio: config db path: C:\ST\STM32CubeIDE_1.13.0\STM32CubeIDE\plugins\com.st.stm32cube.common.mx_6.9.0.202307051724\\db\
2026-05-06 20:36:52,967 [INFO] CodeEngine:255 - oldGeneratedFile, D:\smart_garden\LORA_V2\MXTmpFiles\license.tmp_save
2026-05-06 20:36:53,063 [INFO] CodeEngine:279 - Generated code: D:\smart_garden\LORA_V2\MXTmpFiles\license.tmp
2026-05-06 20:36:53,102 [INFO] CodeEngine:255 - oldGeneratedFile, D:\smart_garden\LORA_V2\MXTmpFiles\gpio.tmp_save
2026-05-06 20:36:53,214 [INFO] CodeEngine:279 - Generated code: D:\smart_garden\LORA_V2\MXTmpFiles\gpio.tmp
2026-05-06 20:36:53,252 [INFO] CodeEngine:255 - oldGeneratedFile, D:\smart_garden\LORA_V2\Core\Src\stm32f1xx_it.c_save
2026-05-06 20:36:53,298 [INFO] CodeEngine:279 - Generated code: D:\smart_garden\LORA_V2\Core\Src\stm32f1xx_it.c
2026-05-06 20:36:53,301 [INFO] CodeEngine:255 - oldGeneratedFile, D:\smart_garden\LORA_V2\Core\Inc\stm32f1xx_it.h_save
2026-05-06 20:36:53,340 [INFO] CodeEngine:279 - Generated code: D:\smart_garden\LORA_V2\Core\Inc\stm32f1xx_it.h
2026-05-06 20:36:53,353 [INFO] CodeEngine:255 - oldGeneratedFile, D:\smart_garden\LORA_V2\Core\Src\stm32f1xx_hal_msp.c_save
2026-05-06 20:36:53,427 [INFO] CodeEngine:279 - Generated code: D:\smart_garden\LORA_V2\Core\Src\stm32f1xx_hal_msp.c
2026-05-06 20:36:53,431 [INFO] CodeEngine:255 - oldGeneratedFile, D:\smart_garden\LORA_V2\MXTmpFiles\system.tmp_save
2026-05-06 20:36:53,463 [INFO] CodeEngine:279 - Generated code: D:\smart_garden\LORA_V2\MXTmpFiles\system.tmp
2026-05-06 20:36:53,475 [INFO] CodeEngine:311 - oldGeneratedFile, D:\smart_garden\LORA_V2\Core\Inc\stm32f1xx_hal_conf.h_save
2026-05-06 20:36:53,570 [INFO] CodeEngine:335 - Generated code: D:\smart_garden\LORA_V2\Core\Inc\stm32f1xx_hal_conf.h
2026-05-06 20:36:53,608 [INFO] CodeEngine:255 - oldGeneratedFile, D:\smart_garden\LORA_V2\Core\Inc\main.h_save
2026-05-06 20:36:53,671 [INFO] CodeEngine:279 - Generated code: D:\smart_garden\LORA_V2\Core\Inc\main.h
2026-05-06 20:36:53,681 [INFO] CodeEngine:255 - oldGeneratedFile, D:\smart_garden\LORA_V2\Core\Src\main.c_save
2026-05-06 20:36:53,768 [INFO] CodeEngine:279 - Generated code: D:\smart_garden\LORA_V2\Core\Src\main.c
2026-05-06 20:36:54,086 [INFO] ProjectBuilder:3064 - Time for Copy HAL[1] : 101mS.
2026-05-06 20:36:54,089 [INFO] ProjectBuilder:4404 - Project Generator version: 4.1.0
2026-05-06 20:36:54,337 [INFO] ConfigFileManager:1457 - The Die is : DIE410
2026-05-06 20:36:55,438 [INFO] ProjectBuilder:4626 - Time for Generating toolchain IDE Files: 1350mS.
2026-05-06 20:36:55,438 [INFO] ProjectBuilder:2935 - Time for Copy CMSIS : 0mS.
2026-05-06 20:36:55,440 [INFO] ProjectBuilder:2935 - Time for Copy CMSIS : 0mS.
2026-05-06 20:39:47,341 [INFO] Gpio:273 - dependency for GPIO [RCC, SPI1, SYS, USART1]
2026-05-06 20:39:49,593 [WARN] IP:2114 - I2C_Coeff_DF not found: check if there is a RefParameter without a condition.
2026-05-06 20:39:49,593 [WARN] IP:2114 - Analog_Filter not found: check if there is a RefParameter without a condition.
2026-05-06 20:39:49,598 [WARN] IP:2114 - I2C_Coeff_DF not found: check if there is a RefParameter without a condition.
2026-05-06 20:39:49,598 [WARN] IP:2114 - Analog_Filter not found: check if there is a RefParameter without a condition.
2026-05-06 20:39:49,599 [WARN] IP:2114 - I2C_Coeff_DF not found: check if there is a RefParameter without a condition.
2026-05-06 20:39:49,599 [WARN] IP:2114 - Analog_Filter not found: check if there is a RefParameter without a condition.
2026-05-06 20:39:49,624 [WARN] IP:2114 - I2C_Coeff_DF not found: check if there is a RefParameter without a condition.
2026-05-06 20:39:49,624 [WARN] IP:2114 - Analog_Filter not found: check if there is a RefParameter without a condition.
2026-05-06 20:39:49,625 [WARN] IP:2114 - I2C_Coeff_DF not found: check if there is a RefParameter without a condition.
2026-05-06 20:39:49,625 [WARN] IP:2114 - Analog_Filter not found: check if there is a RefParameter without a condition.
2026-05-06 20:39:50,910 [INFO] UtilMem:75 - End SaveConfig() Used Memory: 763317952 Bytes (1073741824)
2026-05-06 20:39:50,952 [INFO] UtilMem:75 - End SaveConfig() Used Memory: 774852288 Bytes (1073741824)
2026-05-06 20:39:51,277 [INFO] UtilMem:75 - End SaveConfig() Used Memory: 775692096 Bytes (1073741824)
2026-05-06 20:39:51,411 [INFO] BlockDiagram:2759 - set Specific Code input for plugin: SPI
2026-05-06 20:39:51,411 [INFO] BlockDiagram:2759 - set Specific Code input for plugin: NVIC
2026-05-06 20:39:51,411 [INFO] BlockDiagram:2759 - set Specific Code input for plugin: USART
2026-05-06 20:39:51,411 [INFO] BlockDiagram:2759 - set Specific Code input for plugin: SYS
2026-05-06 20:39:51,411 [INFO] BlockDiagram:2759 - set Specific Code input for plugin: GPIO
2026-05-06 20:39:51,411 [INFO] BlockDiagram:2759 - set Specific Code input for plugin: RCC
2026-05-06 20:39:51,411 [INFO] BlockDiagram:2759 - set Specific Code input for plugin: I2C
2026-05-06 20:39:51,412 [INFO] CodeGenerator:799 - code generatio: config db path: C:\ST\STM32CubeIDE_1.13.0\STM32CubeIDE\plugins\com.st.stm32cube.common.mx_6.9.0.202307051724\\db\
2026-05-06 20:39:51,413 [WARN] IP:2114 - I2C_Coeff_DF not found: check if there is a RefParameter without a condition.
2026-05-06 20:39:51,413 [WARN] IP:2114 - Analog_Filter not found: check if there is a RefParameter without a condition.
2026-05-06 20:39:51,549 [INFO] CodeEngine:255 - oldGeneratedFile, D:\smart_garden\LORA_V2\MXTmpFiles\license.tmp_save
2026-05-06 20:39:51,636 [INFO] CodeEngine:279 - Generated code: D:\smart_garden\LORA_V2\MXTmpFiles\license.tmp
2026-05-06 20:39:51,659 [INFO] CodeEngine:255 - oldGeneratedFile, D:\smart_garden\LORA_V2\MXTmpFiles\gpio.tmp_save
2026-05-06 20:39:51,741 [INFO] CodeEngine:279 - Generated code: D:\smart_garden\LORA_V2\MXTmpFiles\gpio.tmp
2026-05-06 20:39:51,827 [INFO] CodeEngine:255 - oldGeneratedFile, D:\smart_garden\LORA_V2\Core\Src\stm32f1xx_it.c_save
2026-05-06 20:39:51,951 [INFO] CodeEngine:279 - Generated code: D:\smart_garden\LORA_V2\Core\Src\stm32f1xx_it.c
2026-05-06 20:39:51,955 [INFO] CodeEngine:255 - oldGeneratedFile, D:\smart_garden\LORA_V2\Core\Inc\stm32f1xx_it.h_save
2026-05-06 20:39:51,995 [INFO] CodeEngine:279 - Generated code: D:\smart_garden\LORA_V2\Core\Inc\stm32f1xx_it.h
2026-05-06 20:39:52,013 [INFO] CodeEngine:255 - oldGeneratedFile, D:\smart_garden\LORA_V2\Core\Src\stm32f1xx_hal_msp.c_save
2026-05-06 20:39:52,097 [INFO] CodeEngine:279 - Generated code: D:\smart_garden\LORA_V2\Core\Src\stm32f1xx_hal_msp.c
2026-05-06 20:39:52,100 [INFO] CodeEngine:255 - oldGeneratedFile, D:\smart_garden\LORA_V2\MXTmpFiles\system.tmp_save
2026-05-06 20:39:52,131 [INFO] CodeEngine:279 - Generated code: D:\smart_garden\LORA_V2\MXTmpFiles\system.tmp
2026-05-06 20:39:52,143 [INFO] CodeEngine:311 - oldGeneratedFile, D:\smart_garden\LORA_V2\Core\Inc\stm32f1xx_hal_conf.h_save
2026-05-06 20:39:52,231 [INFO] CodeEngine:335 - Generated code: D:\smart_garden\LORA_V2\Core\Inc\stm32f1xx_hal_conf.h
2026-05-06 20:39:52,281 [INFO] CodeEngine:255 - oldGeneratedFile, D:\smart_garden\LORA_V2\Core\Inc\main.h_save
2026-05-06 20:39:52,373 [INFO] CodeEngine:279 - Generated code: D:\smart_garden\LORA_V2\Core\Inc\main.h
2026-05-06 20:39:52,388 [INFO] CodeEngine:255 - oldGeneratedFile, D:\smart_garden\LORA_V2\Core\Src\main.c_save
2026-05-06 20:39:52,517 [INFO] CodeEngine:279 - Generated code: D:\smart_garden\LORA_V2\Core\Src\main.c
2026-05-06 20:39:52,862 [INFO] ProjectBuilder:3064 - Time for Copy HAL[1] : 104mS.
2026-05-06 20:39:52,865 [INFO] ProjectBuilder:4404 - Project Generator version: 4.1.0
2026-05-06 20:39:53,091 [INFO] ConfigFileManager:1457 - The Die is : DIE410
2026-05-06 20:39:54,121 [INFO] ProjectBuilder:4626 - Time for Generating toolchain IDE Files: 1257mS.
2026-05-06 20:39:54,121 [INFO] ProjectBuilder:2935 - Time for Copy CMSIS : 0mS.
2026-05-06 20:39:54,124 [INFO] ProjectBuilder:2935 - Time for Copy CMSIS : 1mS.
