2026-06-10 10:08:16,357 [INFO] Activator:176 - 


2026-06-10 10:08:16,362 [INFO] Activator:177 - !SESSION log4j initialized
2026-06-10 10:08:20,623 [INFO] LogOutputStream:77 - [STDOUT_REDIRECT] 
2026-06-10 10:08:21,721 [INFO] ApplicationProperties:184 - Using Application install path: C:\ST\STM32CubeIDE_1.13.1\STM32CubeIDE\plugins\com.st.stm32cube.common.mx_6.9.1.202307191849
2026-06-10 10:08:21,735 [INFO] DbMcusXml:78 - Set database path to: C:\ST\STM32CubeIDE_1.13.1\STM32CubeIDE\plugins\com.st.stm32cube.common.mx_6.9.1.202307191849\\db\/mcu/
2026-06-10 10:08:21,736 [INFO] ApiDb:274 - Set plugin database path to: C:\ST\STM32CubeIDE_1.13.1\STM32CubeIDE\plugins\com.st.stm32cube.common.mx_6.9.1.202307191849\\db\/plugins/boardmanager/
2026-06-10 10:08:21,748 [WARN] ApiDb:259 - Overriding images path with different value:  => C:\ST\STM32CubeIDE_1.13.1\STM32CubeIDE\plugins\com.st.stm32cube.common.mx_6.9.1.202307191849\\db\/plugins/mcufinder/images/
2026-06-10 10:08:21,754 [INFO] ApiDb:250 - Set database path to: C:\Users\Admin\.stmcufinder\plugins\mcufinder//mcu/
2026-06-10 10:08:21,755 [INFO] DbMcusAds:125 - Set database path to: C:\Users\Admin\.stmcufinder\plugins\mcufinder//mcu/
2026-06-10 10:08:21,756 [INFO] CrossReferenceDbSqlite:203 - Set database path to: C:\Users\Admin\.stmcufinder\plugins\mcufinder//mcu/cs/
2026-06-10 10:08:21,831 [INFO] RulesReader:64 - Compatibility file has been processed (293 Rules)
2026-06-10 10:08:21,887 [INFO] DbMcusXml:78 - Set database path to: C:\ST\STM32CubeIDE_1.13.1\STM32CubeIDE\plugins\com.st.stm32cube.common.mx_6.9.1.202307191849\\db\/mcu/
2026-06-10 10:08:21,887 [INFO] ApiDb:274 - Set plugin database path to: C:\ST\STM32CubeIDE_1.13.1\STM32CubeIDE\plugins\com.st.stm32cube.common.mx_6.9.1.202307191849\\db\/plugins/boardmanager/
2026-06-10 10:08:21,887 [INFO] ApiDb:261 - Set plugin images path to: C:\ST\STM32CubeIDE_1.13.1\STM32CubeIDE\plugins\com.st.stm32cube.common.mx_6.9.1.202307191849\\db\/plugins/mcufinder/images/
2026-06-10 10:08:21,887 [WARN] DbFile:41 - Overriding database path with different value: C:\Users\Admin\.stmcufinder\plugins\mcufinder/ => C:\Users\Admin\.stmcufinder\plugins\mcufinder
2026-06-10 10:08:21,887 [INFO] ApiDb:250 - Set database path to: C:\Users\Admin\.stmcufinder\plugins\mcufinder//mcu/
2026-06-10 10:08:21,887 [WARN] DbFile:41 - Overriding database path with different value: C:\Users\Admin\.stmcufinder\plugins\mcufinder/ => C:\Users\Admin\.stmcufinder\plugins\mcufinder
2026-06-10 10:08:21,887 [INFO] DbMcusAds:125 - Set database path to: C:\Users\Admin\.stmcufinder\plugins\mcufinder//mcu/
2026-06-10 10:08:21,888 [WARN] DbFile:41 - Overriding database path with different value: C:\Users\Admin\.stmcufinder\plugins\mcufinder/ => C:\Users\Admin\.stmcufinder\plugins\mcufinder
2026-06-10 10:08:21,888 [WARN] DbFile:41 - Overriding database path with different value: C:\Users\Admin\.stmcufinder\plugins\mcufinder/ => C:\Users\Admin\.stmcufinder\plugins\mcufinder
2026-06-10 10:08:21,888 [INFO] CrossReferenceDbSqlite:203 - Set database path to: C:\Users\Admin\.stmcufinder\plugins\mcufinder//mcu/cs/
2026-06-10 10:08:21,939 [INFO] MainPanel:262 - HeapMemory: 268435456
2026-06-10 10:08:21,992 [INFO] DbMcusXml:78 - Set database path to: C:\ST\STM32CubeIDE_1.13.1\STM32CubeIDE\plugins\com.st.stm32cube.common.mx_6.9.1.202307191849\\db\/mcu/
2026-06-10 10:08:21,993 [INFO] ApiDb:274 - Set plugin database path to: C:\ST\STM32CubeIDE_1.13.1\STM32CubeIDE\plugins\com.st.stm32cube.common.mx_6.9.1.202307191849\\db\/plugins/boardmanager/
2026-06-10 10:08:21,993 [INFO] ApiDb:261 - Set plugin images path to: C:\ST\STM32CubeIDE_1.13.1\STM32CubeIDE\plugins\com.st.stm32cube.common.mx_6.9.1.202307191849\\db\/plugins/mcufinder/images/
2026-06-10 10:08:21,993 [WARN] DbFile:41 - Overriding database path with different value: C:\Users\Admin\.stmcufinder\plugins\mcufinder/ => C:\Users\Admin\.stmcufinder\plugins\mcufinder
2026-06-10 10:08:21,993 [INFO] ApiDb:250 - Set database path to: C:\Users\Admin\.stmcufinder\plugins\mcufinder//mcu/
2026-06-10 10:08:21,993 [WARN] DbFile:41 - Overriding database path with different value: C:\Users\Admin\.stmcufinder\plugins\mcufinder/ => C:\Users\Admin\.stmcufinder\plugins\mcufinder
2026-06-10 10:08:21,993 [INFO] DbMcusAds:125 - Set database path to: C:\Users\Admin\.stmcufinder\plugins\mcufinder//mcu/
2026-06-10 10:08:21,993 [WARN] DbFile:41 - Overriding database path with different value: C:\Users\Admin\.stmcufinder\plugins\mcufinder/ => C:\Users\Admin\.stmcufinder\plugins\mcufinder
2026-06-10 10:08:21,993 [WARN] DbFile:41 - Overriding database path with different value: C:\Users\Admin\.stmcufinder\plugins\mcufinder/ => C:\Users\Admin\.stmcufinder\plugins\mcufinder
2026-06-10 10:08:21,994 [INFO] CrossReferenceDbSqlite:203 - Set database path to: C:\Users\Admin\.stmcufinder\plugins\mcufinder//mcu/cs/
2026-06-10 10:08:22,005 [INFO] ApplicationProperties:184 - Using Application install path: C:\ST\STM32CubeIDE_1.13.1\STM32CubeIDE\plugins\com.st.stm32cube.common.mx_6.9.1.202307191849
2026-06-10 10:08:22,006 [INFO] PluginManage:196 - Search for loadable plugins [exclusion list=, ]
2026-06-10 10:08:22,007 [INFO] PluginManage:310 - Check plugin analytics
2026-06-10 10:08:22,113 [INFO] AnalyticsPlugin:253 - Accepted Software Licenses: 
2026-06-10 10:08:22,113 [INFO] AnalyticsPlugin:255 - Accepted CMSIS Pack Licenses: 
2026-06-10 10:08:22,114 [INFO] AnalyticsPlugin:257 - Accepted Firmware Licenses: FW.F4.1.27.0
2026-06-10 10:08:22,115 [INFO] PluginManage:359 - Loaded plugin analytics (category:tool,tabindex:-1)
2026-06-10 10:08:22,116 [INFO] PluginManage:310 - Check plugin cadmodel
2026-06-10 10:08:22,119 [INFO] CADModel:105 - Init CAD model plugin
2026-06-10 10:08:22,119 [INFO] PluginManage:359 - Loaded plugin cadmodel (category:power,tabindex:5)
2026-06-10 10:08:22,120 [INFO] PluginManage:310 - Check plugin clock
2026-06-10 10:08:22,127 [INFO] PluginManage:359 - Loaded plugin clock (category:base,tabindex:2)
2026-06-10 10:08:22,127 [INFO] PluginManage:310 - Check plugin ddr
2026-06-10 10:08:22,128 [INFO] PluginManage:359 - Loaded plugin ddr (category:tool,tabindex:6)
2026-06-10 10:08:22,128 [INFO] PluginManage:310 - Check plugin filemanager
2026-06-10 10:08:22,220 [INFO] PluginManage:359 - Loaded plugin filemanager (category:base,tabindex:10)
2026-06-10 10:08:22,220 [INFO] PluginManage:310 - Check plugin ipmanager
2026-06-10 10:08:22,225 [INFO] PluginManage:359 - Loaded plugin ipmanager (category:base,tabindex:5)
2026-06-10 10:08:22,225 [INFO] PluginManage:310 - Check plugin lpbam
2026-06-10 10:08:22,232 [INFO] PluginManage:359 - Loaded plugin lpbam (category:base,tabindex:0)
2026-06-10 10:08:22,232 [INFO] PluginManage:310 - Check plugin memorymap
2026-06-10 10:08:22,240 [INFO] PluginManage:359 - Loaded plugin memorymap (category:base,tabindex:4)
2026-06-10 10:08:22,240 [INFO] PluginManage:310 - Check plugin pinoutandconfiguration
2026-06-10 10:08:22,245 [INFO] PluginManage:359 - Loaded plugin pinoutandconfiguration (category:base,tabindex:1)
2026-06-10 10:08:22,245 [INFO] PluginManage:310 - Check plugin pinoutconfig
2026-06-10 10:08:22,309 [WARN] SupportedApi:132 - Cannot load RTOS API schema: s4s-elt-must-match.1: The content of 'definitions' must match (annotation?, (simpleType | complexType)?, (unique | key | keyref)*)). A problem was found starting at: attribute.
2026-06-10 10:08:22,400 [INFO] PluginManage:359 - Loaded plugin pinoutconfig (category:base,tabindex:0)
2026-06-10 10:08:22,400 [INFO] PluginManage:310 - Check plugin power
2026-06-10 10:08:22,406 [INFO] PluginManage:359 - Loaded plugin power (category:power,tabindex:4)
2026-06-10 10:08:22,406 [INFO] PluginManage:310 - Check plugin projectmanager
2026-06-10 10:08:22,425 [INFO] PluginManage:359 - Loaded plugin projectmanager (category:projectmanager,tabindex:3)
2026-06-10 10:08:22,425 [INFO] PluginManage:310 - Check plugin thirdparty
2026-06-10 10:08:22,512 [WARN] IntegrityCheckThread:84 - waiting for thirdparty lock release [integrity check]
2026-06-10 10:08:22,513 [INFO] PluginManage:359 - Loaded plugin thirdparty (category:base,tabindex:-1)
2026-06-10 10:08:22,513 [INFO] IntegrityCheckThread:86 - entering critical section [integrity check]
2026-06-10 10:08:22,513 [INFO] PluginManage:310 - Check plugin tools
2026-06-10 10:08:22,513 [INFO] ThirdPartyUpdaterWithRetryManager:70 - Updater plugin not ready yet. [1/15]
2026-06-10 10:08:22,515 [INFO] PluginManage:359 - Loaded plugin tools (category:base,tabindex:7)
2026-06-10 10:08:22,515 [INFO] PluginManage:310 - Check plugin tutovideos
2026-06-10 10:08:22,637 [INFO] PluginManage:359 - Loaded plugin tutovideos (category:base,tabindex:-1)
2026-06-10 10:08:22,637 [INFO] PluginManage:310 - Check plugin updater
2026-06-10 10:08:22,645 [INFO] PluginManage:359 - Loaded plugin updater (category:base,tabindex:12)
2026-06-10 10:08:22,645 [INFO] PluginManage:310 - Check plugin userauth
2026-06-10 10:08:22,649 [INFO] UserAuth:113 - Init User Auth plugin
2026-06-10 10:08:22,649 [INFO] PluginManage:359 - Loaded plugin userauth (category:base,tabindex:14)
2026-06-10 10:08:22,649 [INFO] PluginManage:283 - PluginManage : Loaded plugins [17]
2026-06-10 10:08:22,812 [INFO] PinOutPanel:1499 - setPackage(No Configuration,No Configuration)
2026-06-10 10:08:22,894 [INFO] CADModel:165 - CPN selected for project level
2026-06-10 10:08:22,894 [INFO] CADModel:114 - Register for checkConnection events
2026-06-10 10:08:22,906 [INFO] IPUIPlugin:80 - create IPUIPlugin
2026-06-10 10:08:22,906 [INFO] PluginManager:220 - loadIPPluginJar : add adc
2026-06-10 10:08:22,907 [INFO] IPUIPlugin:80 - create IPUIPlugin
2026-06-10 10:08:22,908 [INFO] PluginManager:220 - loadIPPluginJar : add aes
2026-06-10 10:08:22,909 [INFO] IPUIPlugin:80 - create IPUIPlugin
2026-06-10 10:08:22,909 [INFO] PluginManager:220 - loadIPPluginJar : add can
2026-06-10 10:08:22,910 [INFO] IPUIPlugin:80 - create IPUIPlugin
2026-06-10 10:08:22,910 [INFO] PluginManager:220 - loadIPPluginJar : add comp
2026-06-10 10:08:22,912 [INFO] IPUIPlugin:80 - create IPUIPlugin
2026-06-10 10:08:22,912 [INFO] PluginManager:220 - loadIPPluginJar : add cryp
2026-06-10 10:08:22,913 [INFO] IPUIPlugin:80 - create IPUIPlugin
2026-06-10 10:08:22,914 [INFO] PluginManager:220 - loadIPPluginJar : add dfsdm
2026-06-10 10:08:22,917 [INFO] IPUIPlugin:80 - create IPUIPlugin
2026-06-10 10:08:22,918 [INFO] PluginManager:220 - loadIPPluginJar : add dma
2026-06-10 10:08:22,919 [INFO] IPUIPlugin:80 - create IPUIPlugin
2026-06-10 10:08:22,919 [INFO] PluginManager:220 - loadIPPluginJar : add dma3
2026-06-10 10:08:22,920 [INFO] IPUIPlugin:80 - create IPUIPlugin
2026-06-10 10:08:22,920 [INFO] PluginManager:220 - loadIPPluginJar : add fatfs
2026-06-10 10:08:22,923 [INFO] IPUIPlugin:80 - create IPUIPlugin
2026-06-10 10:08:22,923 [INFO] PluginManager:220 - loadIPPluginJar : add fmc
2026-06-10 10:08:22,926 [INFO] IPUIPlugin:80 - create IPUIPlugin
2026-06-10 10:08:22,926 [INFO] PluginManager:220 - loadIPPluginJar : add freertos
2026-06-10 10:08:22,927 [INFO] IPUIPlugin:80 - create IPUIPlugin
2026-06-10 10:08:22,927 [INFO] PluginManager:220 - loadIPPluginJar : add genericplugin
2026-06-10 10:08:22,928 [INFO] IPUIPlugin:80 - create IPUIPlugin
2026-06-10 10:08:22,928 [INFO] PluginManager:220 - loadIPPluginJar : add gfxmmu
2026-06-10 10:08:22,931 [INFO] IPUIPlugin:80 - create IPUIPlugin
2026-06-10 10:08:22,931 [INFO] PluginManager:220 - loadIPPluginJar : add gic
2026-06-10 10:08:22,933 [INFO] IPUIPlugin:80 - create IPUIPlugin
2026-06-10 10:08:22,933 [INFO] PluginManager:220 - loadIPPluginJar : add gpio
2026-06-10 10:08:22,935 [INFO] IPUIPlugin:80 - create IPUIPlugin
2026-06-10 10:08:22,935 [INFO] PluginManager:220 - loadIPPluginJar : add gtzc
2026-06-10 10:08:22,936 [INFO] IPUIPlugin:80 - create IPUIPlugin
2026-06-10 10:08:22,936 [INFO] PluginManager:220 - loadIPPluginJar : add hash
2026-06-10 10:08:22,938 [INFO] IPUIPlugin:80 - create IPUIPlugin
2026-06-10 10:08:22,938 [INFO] PluginManager:220 - loadIPPluginJar : add i2c
2026-06-10 10:08:22,939 [INFO] IPUIPlugin:80 - create IPUIPlugin
2026-06-10 10:08:22,939 [INFO] PluginManager:220 - loadIPPluginJar : add i2s
2026-06-10 10:08:22,940 [INFO] IPUIPlugin:80 - create IPUIPlugin
2026-06-10 10:08:22,941 [INFO] PluginManager:220 - loadIPPluginJar : add i3c
2026-06-10 10:08:22,942 [INFO] IPUIPlugin:80 - create IPUIPlugin
2026-06-10 10:08:22,943 [INFO] PluginManager:220 - loadIPPluginJar : add ipddr
2026-06-10 10:08:22,947 [INFO] IPUIPlugin:80 - create IPUIPlugin
2026-06-10 10:08:22,947 [INFO] PluginManager:220 - loadIPPluginJar : add linkedlist
2026-06-10 10:08:22,949 [INFO] IPUIPlugin:80 - create IPUIPlugin
2026-06-10 10:08:22,949 [INFO] PluginManager:220 - loadIPPluginJar : add lorawan
2026-06-10 10:08:22,950 [INFO] IPUIPlugin:80 - create IPUIPlugin
2026-06-10 10:08:22,950 [INFO] PluginManager:220 - loadIPPluginJar : add ltdc
2026-06-10 10:08:22,954 [INFO] IPUIPlugin:80 - create IPUIPlugin
2026-06-10 10:08:22,954 [INFO] PluginManager:220 - loadIPPluginJar : add mdma
2026-06-10 10:08:22,956 [INFO] IPUIPlugin:80 - create IPUIPlugin
2026-06-10 10:08:22,956 [INFO] PluginManager:220 - loadIPPluginJar : add nvic
2026-06-10 10:08:22,958 [INFO] IPUIPlugin:80 - create IPUIPlugin
2026-06-10 10:08:22,958 [INFO] PluginManager:220 - loadIPPluginJar : add opamp
2026-06-10 10:08:22,959 [INFO] IPUIPlugin:80 - create IPUIPlugin
2026-06-10 10:08:22,960 [INFO] PluginManager:220 - loadIPPluginJar : add openamp
2026-06-10 10:08:22,961 [INFO] IPUIPlugin:80 - create IPUIPlugin
2026-06-10 10:08:22,961 [INFO] PluginManager:220 - loadIPPluginJar : add pdm2pcm
2026-06-10 10:08:22,965 [INFO] IPUIPlugin:80 - create IPUIPlugin
2026-06-10 10:08:22,967 [INFO] PluginManager:220 - loadIPPluginJar : add plateformsettings
2026-06-10 10:08:22,968 [INFO] IPUIPlugin:80 - create IPUIPlugin
2026-06-10 10:08:22,968 [INFO] PluginManager:220 - loadIPPluginJar : add quadspi
2026-06-10 10:08:22,970 [INFO] IPUIPlugin:80 - create IPUIPlugin
2026-06-10 10:08:22,970 [INFO] PluginManager:220 - loadIPPluginJar : add resmgrutility
2026-06-10 10:08:22,972 [INFO] IPUIPlugin:80 - create IPUIPlugin
2026-06-10 10:08:22,972 [INFO] PluginManager:220 - loadIPPluginJar : add sai
2026-06-10 10:08:22,973 [INFO] IPUIPlugin:80 - create IPUIPlugin
2026-06-10 10:08:22,974 [INFO] PluginManager:220 - loadIPPluginJar : add spi
2026-06-10 10:08:22,977 [INFO] IPUIPlugin:80 - create IPUIPlugin
2026-06-10 10:08:22,977 [INFO] PluginManager:220 - loadIPPluginJar : add stm32_wpan
2026-06-10 10:08:22,978 [INFO] IPUIPlugin:80 - create IPUIPlugin
2026-06-10 10:08:22,978 [INFO] PluginManager:220 - loadIPPluginJar : add tim
2026-06-10 10:08:22,980 [INFO] IPUIPlugin:80 - create IPUIPlugin
2026-06-10 10:08:22,980 [INFO] PluginManager:220 - loadIPPluginJar : add touchsensing
2026-06-10 10:08:22,982 [INFO] IPUIPlugin:80 - create IPUIPlugin
2026-06-10 10:08:22,982 [INFO] PluginManager:220 - loadIPPluginJar : add tracer_emb
2026-06-10 10:08:22,983 [INFO] IPUIPlugin:80 - create IPUIPlugin
2026-06-10 10:08:22,983 [INFO] PluginManager:220 - loadIPPluginJar : add ts
2026-06-10 10:08:22,984 [INFO] IPUIPlugin:80 - create IPUIPlugin
2026-06-10 10:08:22,984 [INFO] PluginManager:220 - loadIPPluginJar : add tsc
2026-06-10 10:08:22,986 [INFO] IPUIPlugin:80 - create IPUIPlugin
2026-06-10 10:08:22,986 [INFO] PluginManager:220 - loadIPPluginJar : add ucpd
2026-06-10 10:08:22,988 [INFO] IPUIPlugin:80 - create IPUIPlugin
2026-06-10 10:08:22,988 [INFO] PluginManager:220 - loadIPPluginJar : add usart
2026-06-10 10:08:22,990 [INFO] IPUIPlugin:80 - create IPUIPlugin
2026-06-10 10:08:22,990 [INFO] PluginManager:220 - loadIPPluginJar : add usbx
2026-06-10 10:08:23,106 [INFO] CADModel:165 - CPN selected for project level
2026-06-10 10:08:23,106 [INFO] CADModel:114 - Register for checkConnection events
2026-06-10 10:08:23,106 [FATAL] Updater:308 - Updater called before beeing initialized
2026-06-10 10:08:23,106 [ERROR] CADModel:125 - Updater not yet initialized, retry later 
2026-06-10 10:08:23,209 [INFO] CADModel:165 - CPN selected for project level
2026-06-10 10:08:23,209 [INFO] CADModel:114 - Register for checkConnection events
2026-06-10 10:08:23,209 [FATAL] Updater:308 - Updater called before beeing initialized
2026-06-10 10:08:23,209 [ERROR] CADModel:125 - Updater not yet initialized, retry later 
2026-06-10 10:08:23,212 [FATAL] Updater:308 - Updater called before beeing initialized
2026-06-10 10:08:23,286 [FATAL] Updater:308 - Updater called before beeing initialized
2026-06-10 10:08:23,291 [INFO] DbMcusAds:53 - JSON generation date=Thu May 28 23:08:17 GMT+07:00 2026 (1779984497073)
2026-06-10 10:08:23,291 [FATAL] Updater:308 - Updater called before beeing initialized
2026-06-10 10:08:23,316 [WARN] DetailPanel:346 - Failed to get advertising image, set to default
2026-06-10 10:08:23,399 [FATAL] Updater:308 - Updater called before beeing initialized
2026-06-10 10:08:23,400 [FATAL] Updater:308 - Updater called before beeing initialized
2026-06-10 10:08:23,401 [FATAL] Updater:308 - Updater called before beeing initialized
2026-06-10 10:08:23,401 [WARN] DetailPanel:346 - Failed to get advertising image, set to default
2026-06-10 10:08:23,401 [FATAL] Updater:308 - Updater called before beeing initialized
2026-06-10 10:08:23,433 [ERROR] Updater:1120 - MainUpdater not yet initialized. External WinMGr cannot be set.
2026-06-10 10:08:23,435 [INFO] Updater:1056 - Updater Version found : 6.9.1
2026-06-10 10:08:23,447 [INFO] ApplicationProperties:184 - Using Application install path: C:\ST\STM32CubeIDE_1.13.1\STM32CubeIDE\plugins\com.st.stm32cube.common.mx_6.9.1.202307191849
2026-06-10 10:08:23,647 [INFO] MainUpdater:2868 - connection check result : 10
2026-06-10 10:08:23,648 [INFO] MainUpdater:285 - Updater Check For Update Now.
2026-06-10 10:08:23,648 [INFO] MicroXplorer:498 - Change Database Version : DB.6.0.91
2026-06-10 10:08:23,653 [INFO] McuFinderGlobals:63 - Set McuFinder mode to 2 (CubeIDE integrated)
2026-06-10 10:08:23,653 [INFO] UserAuth:179 - activating auth plugin
2026-06-10 10:08:23,655 [INFO] UserAuth:393 - Internet connection configuration mode: 1
2026-06-10 10:08:23,665 [INFO] JxBrowserEngine:151 - Initiate JxBrowser Engine with user profile folder
2026-06-10 10:08:23,804 [INFO] CheckServerUpdateThread:120 - End of CheckServer Thread
2026-06-10 10:08:24,085 [INFO] WebApp:157 - Instantiating new browser for Auth
2026-06-10 10:08:24,420 [INFO] WebApp:753 - Register for checkConnection events
2026-06-10 10:08:24,420 [INFO] WebApp:390 - Apply proxy settings
2026-06-10 10:08:24,420 [INFO] WebApp:475 - Chromium requires no authentication
2026-06-10 10:08:24,424 [INFO] WebApp:418 - Direct internet connection detected
2026-06-10 10:08:24,528 [INFO] WebApp:188 - Starting web application
2026-06-10 10:08:24,528 [INFO] WebApp:520 - Web application path used C:\ST\STM32CubeIDE_1.13.1\STM32CubeIDE\plugins\com.st.stm32cube.common.mx_6.9.1.202307191849\db\plugins\mcufinder\reactClient1\index.html
2026-06-10 10:08:25,608 [ERROR] Engine:466 - C:\Users\Admin\.stm32cubemx\thirdparties\pdsc\STMicroelectronics.X-CUBE-SMBUS.2.1.1.pdsc: PDSC version is not supported
2026-06-10 10:08:25,625 [WARN] PackLoader:240 - Cannot read IP mode file for STMicroelectronics.X-CUBE-SMBUS.2.1.0
2026-06-10 10:08:25,647 [WARN] PackLoader:240 - Cannot read IP mode file for STMicroelectronics.X-CUBE-AZRTOS-F7.1.1.0
2026-06-10 10:08:25,658 [ERROR] Engine:466 - C:\Users\Admin\.stm32cubemx\thirdparties\pdsc\WES.I-CUBE-Cesium.1.4.0.pdsc: PDSC version is not supported
2026-06-10 10:08:25,677 [WARN] PackLoader:240 - Cannot read IP mode file for STMicroelectronics.X-CUBE-DISPLAY.3.0.0
2026-06-10 10:08:25,688 [WARN] PackLoader:240 - Cannot read IP mode file for wolfSSL.I-CUBE-wolfSSL.5.9.1
2026-06-10 10:08:25,694 [WARN] PackLoader:240 - Cannot read IP mode file for emotas.I-CUBE-CANOPEN.1.3.0
2026-06-10 10:08:25,706 [INFO] LogOutputStream:77 - [STDOUT_REDIRECT] 1 : Invalid condition id : UX_CORESTACK_Condition cause : null
2026-06-10 10:08:25,706 [INFO] LogOutputStream:77 - [STDOUT_REDIRECT] 1 : Invalid condition id : UX_CORESTACK_Condition cause : null
2026-06-10 10:08:25,707 [INFO] LogOutputStream:77 - [STDOUT_REDIRECT] 1 : Invalid condition id : UX_CORESTACK_Condition cause : null
2026-06-10 10:08:25,708 [INFO] LogOutputStream:77 - [STDOUT_REDIRECT] 1 : Invalid condition id : UX_CORESTACK_Condition cause : null
2026-06-10 10:08:25,710 [INFO] LogOutputStream:77 - [STDOUT_REDIRECT] 1 : Invalid condition id : UX_CORESTACK_Condition cause : null
2026-06-10 10:08:25,713 [WARN] PackLoader:240 - Cannot read IP mode file for STMicroelectronics.X-CUBE-AZRTOS-WL.2.0.0
2026-06-10 10:08:25,731 [WARN] PackLoader:240 - Cannot read IP mode file for STMicroelectronics.X-CUBE-BLE2.3.3.0
2026-06-10 10:08:25,735 [ERROR] Engine:466 - C:\Users\Admin\.stm32cubemx\thirdparties\pdsc\Avnet-IOTCONNECT.X-CUBE-iotc-st67-sdk.1.0.0.pdsc: PDSC version is not supported
2026-06-10 10:08:25,741 [ERROR] Engine:466 - C:\Users\Admin\.stm32cubemx\thirdparties\pdsc\Infineon.AIROC-Wi-Fi-Bluetooth-STM32.1.8.0.pdsc: PDSC version is not supported
2026-06-10 10:08:25,746 [WARN] PackLoader:240 - Cannot read IP mode file for wolfSSL.I-CUBE-wolfMQTT.1.19.2
2026-06-10 10:08:25,760 [WARN] PackLoader:240 - Cannot read IP mode file for STMicroelectronics.X-CUBE-AZRTOS-G0.1.1.0
2026-06-10 10:08:25,769 [WARN] PackLoader:240 - Cannot read IP mode file for STMicroelectronics.X-CUBE-NFC4.3.0.0
2026-06-10 10:08:25,774 [ERROR] Engine:466 - C:\Users\Admin\.stm32cubemx\thirdparties\pdsc\EmbeddedOffice.I-CUBE-FS-RTOS.1.0.1.pdsc: PDSC version is not supported
2026-06-10 10:08:25,790 [WARN] PackLoader:240 - Cannot read IP mode file for wolfSSL.I-CUBE-wolfTPM.3.8.0
2026-06-10 10:08:25,793 [ERROR] Engine:466 - C:\Users\Admin\.stm32cubemx\thirdparties\pdsc\RealThread.X-CUBE-RT-Thread_Nano.4.1.1.pdsc: PDSC version is not supported
2026-06-10 10:08:25,797 [WARN] PackLoader:240 - Cannot read IP mode file for STMicroelectronics.FP-ATR-SIGFOX1.3.2.0
2026-06-10 10:08:25,800 [ERROR] Engine:466 - C:\Users\Admin\.stm32cubemx\thirdparties\pdsc\STMicroelectronics.X-CUBE-FREERTOS.1.5.0.pdsc: PDSC version is not supported
2026-06-10 10:08:25,804 [WARN] PackLoader:240 - Cannot read IP mode file for ITTIA_DB.I-CUBE-ITTIADB.8.9.0
2026-06-10 10:08:25,807 [ERROR] Engine:466 - C:\Users\Admin\.stm32cubemx\thirdparties\pdsc\Cesanta.I-CUBE-Mongoose.7.21.7.pdsc: PDSC version is not supported
2026-06-10 10:08:25,844 [WARN] PackLoader:240 - Cannot read IP mode file for SEGGER.I-CUBE-embOS.1.3.1
2026-06-10 10:08:25,886 [WARN] PackLoader:240 - Cannot read IP mode file for STMicroelectronics.X-CUBE-ALGOBUILD.1.4.0
2026-06-10 10:08:25,905 [WARN] PackLoader:240 - Cannot read IP mode file for STMicroelectronics.X-CUBE-AZRTOS-F4.1.1.0
2026-06-10 10:08:25,911 [ERROR] Engine:466 - C:\Users\Admin\.stm32cubemx\thirdparties\pdsc\STMicroelectronics.eDS-WB_DPC_TT-BIDIR.2.1.1.pdsc: PDSC version is not supported
2026-06-10 10:08:25,915 [WARN] PackLoader:240 - Cannot read IP mode file for STMicroelectronics.X-CUBE-ALGOBUILD.1.5.0
2026-06-10 10:08:25,917 [ERROR] Engine:466 - C:\Users\Admin\.stm32cubemx\thirdparties\pdsc\STMicroelectronics.eDS-WB_DPC_3PH2L-BIDIR.1.1.1.pdsc: PDSC version is not supported
2026-06-10 10:08:25,921 [WARN] PackLoader:240 - Cannot read IP mode file for STMicroelectronics.X-CUBE-TOUCHGFX.4.26.1
2026-06-10 10:08:25,935 [WARN] ConditionMgr:438 - getConditionDescription Invalid condition id : LAN8742 Phy interface Condition cause : null
2026-06-10 10:08:25,936 [WARN] PackLoader:240 - Cannot read IP mode file for STMicroelectronics.X-CUBE-AZRTOS-L4.2.0.0
2026-06-10 10:08:25,938 [WARN] ConditionMgr:1039 - genDependencies : Invalid condition id : LAN8742 Phy interface Condition cause : null
2026-06-10 10:08:25,938 [WARN] ConditionMgr:1039 - genDependencies : Invalid condition id : LAN8742 Phy interface Condition cause : null
2026-06-10 10:08:25,939 [WARN] ConditionMgr:1039 - genDependencies : Invalid condition id : LAN8742 Phy interface Condition cause : null
2026-06-10 10:08:25,946 [WARN] PackLoader:240 - Cannot read IP mode file for STMicroelectronics.X-CUBE-SFXS2LP1.4.0.0
2026-06-10 10:08:25,950 [ERROR] Engine:466 - C:\Users\Admin\.stm32cubemx\thirdparties\pdsc\quantropi.X-CUBE-qispace-sdk-base.2.1.0.pdsc: PDSC version is not supported
2026-06-10 10:08:25,959 [WARN] PackLoader:240 - Cannot read IP mode file for STMicroelectronics.X-CUBE-SUBG2.5.0.0
2026-06-10 10:08:25,974 [WARN] PackLoader:240 - Cannot read IP mode file for STMicroelectronics.X-CUBE-AZRTOS-G4.2.0.0
2026-06-10 10:08:25,980 [WARN] PackLoader:240 - Cannot read IP mode file for wolfSSL.I-CUBE-wolfSSH.1.4.20
2026-06-10 10:08:25,981 [INFO] ThirdParty:978 - Integrity check success = true
2026-06-10 10:08:25,981 [INFO] IntegrityCheckThread:100 - exiting critical section [integrity check]
2026-06-10 10:08:25,981 [INFO] IntegrityCheckThread:103 - End integrity checks thread
2026-06-10 10:08:45,025 [ERROR] LogOutputStream:75 - [STDERR_REDIRECT] SLF4J: Failed to load class "org.slf4j.impl.StaticLoggerBinder".
2026-06-10 10:08:45,026 [ERROR] LogOutputStream:75 - [STDERR_REDIRECT] SLF4J: Defaulting to no-operation (NOP) logger implementation
2026-06-10 10:08:45,027 [ERROR] LogOutputStream:75 - [STDERR_REDIRECT] SLF4J: See http://www.slf4j.org/codes.html#StaticLoggerBinder for further details.
2026-06-10 13:36:16,316 [ERROR] LogOutputStream:75 - [STDERR_REDIRECT] 
2026-06-10 14:25:41,555 [INFO] Activator:176 - 


2026-06-10 14:25:41,557 [INFO] Activator:177 - !SESSION log4j initialized
2026-06-10 14:25:45,940 [INFO] LogOutputStream:77 - [STDOUT_REDIRECT] 
2026-06-10 14:25:47,139 [INFO] ApplicationProperties:184 - Using Application install path: C:\ST\STM32CubeIDE_1.13.1\STM32CubeIDE\plugins\com.st.stm32cube.common.mx_6.9.1.202307191849
2026-06-10 14:25:47,156 [INFO] DbMcusXml:78 - Set database path to: C:\ST\STM32CubeIDE_1.13.1\STM32CubeIDE\plugins\com.st.stm32cube.common.mx_6.9.1.202307191849\\db\/mcu/
2026-06-10 14:25:47,156 [INFO] ApiDb:274 - Set plugin database path to: C:\ST\STM32CubeIDE_1.13.1\STM32CubeIDE\plugins\com.st.stm32cube.common.mx_6.9.1.202307191849\\db\/plugins/boardmanager/
2026-06-10 14:25:47,157 [WARN] ApiDb:259 - Overriding images path with different value:  => C:\ST\STM32CubeIDE_1.13.1\STM32CubeIDE\plugins\com.st.stm32cube.common.mx_6.9.1.202307191849\\db\/plugins/mcufinder/images/
2026-06-10 14:25:47,167 [INFO] ApiDb:250 - Set database path to: C:\Users\Admin\.stmcufinder\plugins\mcufinder//mcu/
2026-06-10 14:25:47,168 [INFO] DbMcusAds:125 - Set database path to: C:\Users\Admin\.stmcufinder\plugins\mcufinder//mcu/
2026-06-10 14:25:47,169 [INFO] CrossReferenceDbSqlite:203 - Set database path to: C:\Users\Admin\.stmcufinder\plugins\mcufinder//mcu/cs/
2026-06-10 14:25:47,249 [INFO] RulesReader:64 - Compatibility file has been processed (293 Rules)
2026-06-10 14:25:47,316 [INFO] DbMcusXml:78 - Set database path to: C:\ST\STM32CubeIDE_1.13.1\STM32CubeIDE\plugins\com.st.stm32cube.common.mx_6.9.1.202307191849\\db\/mcu/
2026-06-10 14:25:47,316 [INFO] ApiDb:274 - Set plugin database path to: C:\ST\STM32CubeIDE_1.13.1\STM32CubeIDE\plugins\com.st.stm32cube.common.mx_6.9.1.202307191849\\db\/plugins/boardmanager/
2026-06-10 14:25:47,317 [INFO] ApiDb:261 - Set plugin images path to: C:\ST\STM32CubeIDE_1.13.1\STM32CubeIDE\plugins\com.st.stm32cube.common.mx_6.9.1.202307191849\\db\/plugins/mcufinder/images/
2026-06-10 14:25:47,317 [WARN] DbFile:41 - Overriding database path with different value: C:\Users\Admin\.stmcufinder\plugins\mcufinder/ => C:\Users\Admin\.stmcufinder\plugins\mcufinder
2026-06-10 14:25:47,317 [INFO] ApiDb:250 - Set database path to: C:\Users\Admin\.stmcufinder\plugins\mcufinder//mcu/
2026-06-10 14:25:47,317 [WARN] DbFile:41 - Overriding database path with different value: C:\Users\Admin\.stmcufinder\plugins\mcufinder/ => C:\Users\Admin\.stmcufinder\plugins\mcufinder
2026-06-10 14:25:47,317 [INFO] DbMcusAds:125 - Set database path to: C:\Users\Admin\.stmcufinder\plugins\mcufinder//mcu/
2026-06-10 14:25:47,317 [WARN] DbFile:41 - Overriding database path with different value: C:\Users\Admin\.stmcufinder\plugins\mcufinder/ => C:\Users\Admin\.stmcufinder\plugins\mcufinder
2026-06-10 14:25:47,317 [WARN] DbFile:41 - Overriding database path with different value: C:\Users\Admin\.stmcufinder\plugins\mcufinder/ => C:\Users\Admin\.stmcufinder\plugins\mcufinder
2026-06-10 14:25:47,317 [INFO] CrossReferenceDbSqlite:203 - Set database path to: C:\Users\Admin\.stmcufinder\plugins\mcufinder//mcu/cs/
2026-06-10 14:25:47,381 [INFO] MainPanel:262 - HeapMemory: 268435456
2026-06-10 14:25:47,460 [INFO] DbMcusXml:78 - Set database path to: C:\ST\STM32CubeIDE_1.13.1\STM32CubeIDE\plugins\com.st.stm32cube.common.mx_6.9.1.202307191849\\db\/mcu/
2026-06-10 14:25:47,460 [INFO] ApiDb:274 - Set plugin database path to: C:\ST\STM32CubeIDE_1.13.1\STM32CubeIDE\plugins\com.st.stm32cube.common.mx_6.9.1.202307191849\\db\/plugins/boardmanager/
2026-06-10 14:25:47,460 [INFO] ApiDb:261 - Set plugin images path to: C:\ST\STM32CubeIDE_1.13.1\STM32CubeIDE\plugins\com.st.stm32cube.common.mx_6.9.1.202307191849\\db\/plugins/mcufinder/images/
2026-06-10 14:25:47,461 [WARN] DbFile:41 - Overriding database path with different value: C:\Users\Admin\.stmcufinder\plugins\mcufinder/ => C:\Users\Admin\.stmcufinder\plugins\mcufinder
2026-06-10 14:25:47,461 [INFO] ApiDb:250 - Set database path to: C:\Users\Admin\.stmcufinder\plugins\mcufinder//mcu/
2026-06-10 14:25:47,461 [WARN] DbFile:41 - Overriding database path with different value: C:\Users\Admin\.stmcufinder\plugins\mcufinder/ => C:\Users\Admin\.stmcufinder\plugins\mcufinder
2026-06-10 14:25:47,461 [INFO] DbMcusAds:125 - Set database path to: C:\Users\Admin\.stmcufinder\plugins\mcufinder//mcu/
2026-06-10 14:25:47,461 [WARN] DbFile:41 - Overriding database path with different value: C:\Users\Admin\.stmcufinder\plugins\mcufinder/ => C:\Users\Admin\.stmcufinder\plugins\mcufinder
2026-06-10 14:25:47,461 [WARN] DbFile:41 - Overriding database path with different value: C:\Users\Admin\.stmcufinder\plugins\mcufinder/ => C:\Users\Admin\.stmcufinder\plugins\mcufinder
2026-06-10 14:25:47,461 [INFO] CrossReferenceDbSqlite:203 - Set database path to: C:\Users\Admin\.stmcufinder\plugins\mcufinder//mcu/cs/
2026-06-10 14:25:47,477 [INFO] ApplicationProperties:184 - Using Application install path: C:\ST\STM32CubeIDE_1.13.1\STM32CubeIDE\plugins\com.st.stm32cube.common.mx_6.9.1.202307191849
2026-06-10 14:25:47,478 [INFO] PluginManage:196 - Search for loadable plugins [exclusion list=, ]
2026-06-10 14:25:47,478 [INFO] PluginManage:310 - Check plugin analytics
2026-06-10 14:25:47,602 [INFO] AnalyticsPlugin:253 - Accepted Software Licenses: 
2026-06-10 14:25:47,603 [INFO] AnalyticsPlugin:255 - Accepted CMSIS Pack Licenses: 
2026-06-10 14:25:47,603 [INFO] AnalyticsPlugin:257 - Accepted Firmware Licenses: FW.F4.1.27.0
2026-06-10 14:25:47,605 [INFO] PluginManage:359 - Loaded plugin analytics (category:tool,tabindex:-1)
2026-06-10 14:25:47,605 [INFO] PluginManage:310 - Check plugin cadmodel
2026-06-10 14:25:47,611 [INFO] CADModel:105 - Init CAD model plugin
2026-06-10 14:25:47,611 [INFO] PluginManage:359 - Loaded plugin cadmodel (category:power,tabindex:5)
2026-06-10 14:25:47,611 [INFO] PluginManage:310 - Check plugin clock
2026-06-10 14:25:47,620 [INFO] PluginManage:359 - Loaded plugin clock (category:base,tabindex:2)
2026-06-10 14:25:47,620 [INFO] PluginManage:310 - Check plugin ddr
2026-06-10 14:25:47,622 [INFO] PluginManage:359 - Loaded plugin ddr (category:tool,tabindex:6)
2026-06-10 14:25:47,623 [INFO] PluginManage:310 - Check plugin filemanager
2026-06-10 14:25:47,731 [INFO] PluginManage:359 - Loaded plugin filemanager (category:base,tabindex:10)
2026-06-10 14:25:47,731 [INFO] PluginManage:310 - Check plugin ipmanager
2026-06-10 14:25:47,737 [INFO] PluginManage:359 - Loaded plugin ipmanager (category:base,tabindex:5)
2026-06-10 14:25:47,737 [INFO] PluginManage:310 - Check plugin lpbam
2026-06-10 14:25:47,744 [INFO] PluginManage:359 - Loaded plugin lpbam (category:base,tabindex:0)
2026-06-10 14:25:47,744 [INFO] PluginManage:310 - Check plugin memorymap
2026-06-10 14:25:47,755 [INFO] PluginManage:359 - Loaded plugin memorymap (category:base,tabindex:4)
2026-06-10 14:25:47,755 [INFO] PluginManage:310 - Check plugin pinoutandconfiguration
2026-06-10 14:25:47,761 [INFO] PluginManage:359 - Loaded plugin pinoutandconfiguration (category:base,tabindex:1)
2026-06-10 14:25:47,761 [INFO] PluginManage:310 - Check plugin pinoutconfig
2026-06-10 14:25:47,832 [WARN] SupportedApi:132 - Cannot load RTOS API schema: s4s-elt-must-match.1: The content of 'definitions' must match (annotation?, (simpleType | complexType)?, (unique | key | keyref)*)). A problem was found starting at: attribute.
2026-06-10 14:25:47,940 [INFO] PluginManage:359 - Loaded plugin pinoutconfig (category:base,tabindex:0)
2026-06-10 14:25:47,940 [INFO] PluginManage:310 - Check plugin power
2026-06-10 14:25:47,949 [INFO] PluginManage:359 - Loaded plugin power (category:power,tabindex:4)
2026-06-10 14:25:47,950 [INFO] PluginManage:310 - Check plugin projectmanager
2026-06-10 14:25:47,960 [INFO] PluginManage:359 - Loaded plugin projectmanager (category:projectmanager,tabindex:3)
2026-06-10 14:25:47,960 [INFO] PluginManage:310 - Check plugin thirdparty
2026-06-10 14:25:48,071 [INFO] PluginManage:359 - Loaded plugin thirdparty (category:base,tabindex:-1)
2026-06-10 14:25:48,071 [WARN] IntegrityCheckThread:84 - waiting for thirdparty lock release [integrity check]
2026-06-10 14:25:48,071 [INFO] PluginManage:310 - Check plugin tools
2026-06-10 14:25:48,071 [INFO] IntegrityCheckThread:86 - entering critical section [integrity check]
2026-06-10 14:25:48,072 [INFO] ThirdPartyUpdaterWithRetryManager:70 - Updater plugin not ready yet. [1/15]
2026-06-10 14:25:48,075 [INFO] PluginManage:359 - Loaded plugin tools (category:base,tabindex:7)
2026-06-10 14:25:48,075 [INFO] PluginManage:310 - Check plugin tutovideos
2026-06-10 14:25:48,221 [INFO] PluginManage:359 - Loaded plugin tutovideos (category:base,tabindex:-1)
2026-06-10 14:25:48,221 [INFO] PluginManage:310 - Check plugin updater
2026-06-10 14:25:48,231 [INFO] PluginManage:359 - Loaded plugin updater (category:base,tabindex:12)
2026-06-10 14:25:48,231 [INFO] PluginManage:310 - Check plugin userauth
2026-06-10 14:25:48,235 [INFO] UserAuth:113 - Init User Auth plugin
2026-06-10 14:25:48,235 [INFO] PluginManage:359 - Loaded plugin userauth (category:base,tabindex:14)
2026-06-10 14:25:48,235 [INFO] PluginManage:283 - PluginManage : Loaded plugins [17]
2026-06-10 14:25:48,397 [INFO] PinOutPanel:1499 - setPackage(No Configuration,No Configuration)
2026-06-10 14:25:48,472 [INFO] CADModel:165 - CPN selected for project level
2026-06-10 14:25:48,472 [INFO] CADModel:114 - Register for checkConnection events
2026-06-10 14:25:48,487 [INFO] IPUIPlugin:80 - create IPUIPlugin
2026-06-10 14:25:48,487 [INFO] PluginManager:220 - loadIPPluginJar : add adc
2026-06-10 14:25:48,489 [INFO] IPUIPlugin:80 - create IPUIPlugin
2026-06-10 14:25:48,489 [INFO] PluginManager:220 - loadIPPluginJar : add aes
2026-06-10 14:25:48,491 [INFO] IPUIPlugin:80 - create IPUIPlugin
2026-06-10 14:25:48,491 [INFO] PluginManager:220 - loadIPPluginJar : add can
2026-06-10 14:25:48,492 [INFO] IPUIPlugin:80 - create IPUIPlugin
2026-06-10 14:25:48,492 [INFO] PluginManager:220 - loadIPPluginJar : add comp
2026-06-10 14:25:48,494 [INFO] IPUIPlugin:80 - create IPUIPlugin
2026-06-10 14:25:48,494 [INFO] PluginManager:220 - loadIPPluginJar : add cryp
2026-06-10 14:25:48,496 [INFO] IPUIPlugin:80 - create IPUIPlugin
2026-06-10 14:25:48,496 [INFO] PluginManager:220 - loadIPPluginJar : add dfsdm
2026-06-10 14:25:48,500 [INFO] IPUIPlugin:80 - create IPUIPlugin
2026-06-10 14:25:48,500 [INFO] PluginManager:220 - loadIPPluginJar : add dma
2026-06-10 14:25:48,502 [INFO] IPUIPlugin:80 - create IPUIPlugin
2026-06-10 14:25:48,502 [INFO] PluginManager:220 - loadIPPluginJar : add dma3
2026-06-10 14:25:48,503 [INFO] IPUIPlugin:80 - create IPUIPlugin
2026-06-10 14:25:48,503 [INFO] PluginManager:220 - loadIPPluginJar : add fatfs
2026-06-10 14:25:48,505 [INFO] IPUIPlugin:80 - create IPUIPlugin
2026-06-10 14:25:48,505 [INFO] PluginManager:220 - loadIPPluginJar : add fmc
2026-06-10 14:25:48,510 [INFO] IPUIPlugin:80 - create IPUIPlugin
2026-06-10 14:25:48,510 [INFO] PluginManager:220 - loadIPPluginJar : add freertos
2026-06-10 14:25:48,511 [INFO] IPUIPlugin:80 - create IPUIPlugin
2026-06-10 14:25:48,511 [INFO] PluginManager:220 - loadIPPluginJar : add genericplugin
2026-06-10 14:25:48,513 [INFO] IPUIPlugin:80 - create IPUIPlugin
2026-06-10 14:25:48,513 [INFO] PluginManager:220 - loadIPPluginJar : add gfxmmu
2026-06-10 14:25:48,516 [INFO] IPUIPlugin:80 - create IPUIPlugin
2026-06-10 14:25:48,516 [INFO] PluginManager:220 - loadIPPluginJar : add gic
2026-06-10 14:25:48,519 [INFO] IPUIPlugin:80 - create IPUIPlugin
2026-06-10 14:25:48,519 [INFO] PluginManager:220 - loadIPPluginJar : add gpio
2026-06-10 14:25:48,521 [INFO] IPUIPlugin:80 - create IPUIPlugin
2026-06-10 14:25:48,521 [INFO] PluginManager:220 - loadIPPluginJar : add gtzc
2026-06-10 14:25:48,523 [INFO] IPUIPlugin:80 - create IPUIPlugin
2026-06-10 14:25:48,523 [INFO] PluginManager:220 - loadIPPluginJar : add hash
2026-06-10 14:25:48,524 [INFO] IPUIPlugin:80 - create IPUIPlugin
2026-06-10 14:25:48,524 [INFO] PluginManager:220 - loadIPPluginJar : add i2c
2026-06-10 14:25:48,526 [INFO] IPUIPlugin:80 - create IPUIPlugin
2026-06-10 14:25:48,526 [INFO] PluginManager:220 - loadIPPluginJar : add i2s
2026-06-10 14:25:48,527 [INFO] IPUIPlugin:80 - create IPUIPlugin
2026-06-10 14:25:48,528 [INFO] PluginManager:220 - loadIPPluginJar : add i3c
2026-06-10 14:25:48,530 [INFO] IPUIPlugin:80 - create IPUIPlugin
2026-06-10 14:25:48,530 [INFO] PluginManager:220 - loadIPPluginJar : add ipddr
2026-06-10 14:25:48,536 [INFO] IPUIPlugin:80 - create IPUIPlugin
2026-06-10 14:25:48,536 [INFO] PluginManager:220 - loadIPPluginJar : add linkedlist
2026-06-10 14:25:48,537 [INFO] IPUIPlugin:80 - create IPUIPlugin
2026-06-10 14:25:48,537 [INFO] PluginManager:220 - loadIPPluginJar : add lorawan
2026-06-10 14:25:48,538 [INFO] IPUIPlugin:80 - create IPUIPlugin
2026-06-10 14:25:48,538 [INFO] PluginManager:220 - loadIPPluginJar : add ltdc
2026-06-10 14:25:48,543 [INFO] IPUIPlugin:80 - create IPUIPlugin
2026-06-10 14:25:48,543 [INFO] PluginManager:220 - loadIPPluginJar : add mdma
2026-06-10 14:25:48,545 [INFO] IPUIPlugin:80 - create IPUIPlugin
2026-06-10 14:25:48,545 [INFO] PluginManager:220 - loadIPPluginJar : add nvic
2026-06-10 14:25:48,548 [INFO] IPUIPlugin:80 - create IPUIPlugin
2026-06-10 14:25:48,548 [INFO] PluginManager:220 - loadIPPluginJar : add opamp
2026-06-10 14:25:48,550 [INFO] IPUIPlugin:80 - create IPUIPlugin
2026-06-10 14:25:48,550 [INFO] PluginManager:220 - loadIPPluginJar : add openamp
2026-06-10 14:25:48,552 [INFO] IPUIPlugin:80 - create IPUIPlugin
2026-06-10 14:25:48,552 [INFO] PluginManager:220 - loadIPPluginJar : add pdm2pcm
2026-06-10 14:25:48,556 [INFO] IPUIPlugin:80 - create IPUIPlugin
2026-06-10 14:25:48,558 [INFO] PluginManager:220 - loadIPPluginJar : add plateformsettings
2026-06-10 14:25:48,560 [INFO] IPUIPlugin:80 - create IPUIPlugin
2026-06-10 14:25:48,560 [INFO] PluginManager:220 - loadIPPluginJar : add quadspi
2026-06-10 14:25:48,562 [INFO] IPUIPlugin:80 - create IPUIPlugin
2026-06-10 14:25:48,562 [INFO] PluginManager:220 - loadIPPluginJar : add resmgrutility
2026-06-10 14:25:48,564 [INFO] IPUIPlugin:80 - create IPUIPlugin
2026-06-10 14:25:48,564 [INFO] PluginManager:220 - loadIPPluginJar : add sai
2026-06-10 14:25:48,566 [INFO] IPUIPlugin:80 - create IPUIPlugin
2026-06-10 14:25:48,566 [INFO] PluginManager:220 - loadIPPluginJar : add spi
2026-06-10 14:25:48,569 [INFO] IPUIPlugin:80 - create IPUIPlugin
2026-06-10 14:25:48,569 [INFO] PluginManager:220 - loadIPPluginJar : add stm32_wpan
2026-06-10 14:25:48,570 [INFO] IPUIPlugin:80 - create IPUIPlugin
2026-06-10 14:25:48,570 [INFO] PluginManager:220 - loadIPPluginJar : add tim
2026-06-10 14:25:48,573 [INFO] IPUIPlugin:80 - create IPUIPlugin
2026-06-10 14:25:48,573 [INFO] PluginManager:220 - loadIPPluginJar : add touchsensing
2026-06-10 14:25:48,573 [INFO] IPUIPlugin:80 - create IPUIPlugin
2026-06-10 14:25:48,573 [INFO] PluginManager:220 - loadIPPluginJar : add tracer_emb
2026-06-10 14:25:48,575 [INFO] IPUIPlugin:80 - create IPUIPlugin
2026-06-10 14:25:48,575 [INFO] PluginManager:220 - loadIPPluginJar : add ts
2026-06-10 14:25:48,576 [INFO] IPUIPlugin:80 - create IPUIPlugin
2026-06-10 14:25:48,576 [INFO] PluginManager:220 - loadIPPluginJar : add tsc
2026-06-10 14:25:48,577 [INFO] IPUIPlugin:80 - create IPUIPlugin
2026-06-10 14:25:48,577 [INFO] PluginManager:220 - loadIPPluginJar : add ucpd
2026-06-10 14:25:48,580 [INFO] IPUIPlugin:80 - create IPUIPlugin
2026-06-10 14:25:48,580 [INFO] PluginManager:220 - loadIPPluginJar : add usart
2026-06-10 14:25:48,582 [INFO] IPUIPlugin:80 - create IPUIPlugin
2026-06-10 14:25:48,582 [INFO] PluginManager:220 - loadIPPluginJar : add usbx
2026-06-10 14:25:48,704 [INFO] CADModel:165 - CPN selected for project level
2026-06-10 14:25:48,704 [INFO] CADModel:114 - Register for checkConnection events
2026-06-10 14:25:48,705 [FATAL] Updater:308 - Updater called before beeing initialized
2026-06-10 14:25:48,705 [ERROR] CADModel:125 - Updater not yet initialized, retry later 
2026-06-10 14:25:48,834 [INFO] CADModel:165 - CPN selected for project level
2026-06-10 14:25:48,834 [INFO] CADModel:114 - Register for checkConnection events
2026-06-10 14:25:48,834 [FATAL] Updater:308 - Updater called before beeing initialized
2026-06-10 14:25:48,834 [ERROR] CADModel:125 - Updater not yet initialized, retry later 
2026-06-10 14:25:48,837 [FATAL] Updater:308 - Updater called before beeing initialized
2026-06-10 14:25:48,924 [FATAL] Updater:308 - Updater called before beeing initialized
2026-06-10 14:25:48,930 [INFO] DbMcusAds:53 - JSON generation date=Thu May 28 23:08:17 GMT+07:00 2026 (1779984497073)
2026-06-10 14:25:48,930 [FATAL] Updater:308 - Updater called before beeing initialized
2026-06-10 14:25:48,966 [WARN] DetailPanel:346 - Failed to get advertising image, set to default
2026-06-10 14:25:49,048 [FATAL] Updater:308 - Updater called before beeing initialized
2026-06-10 14:25:49,050 [FATAL] Updater:308 - Updater called before beeing initialized
2026-06-10 14:25:49,050 [FATAL] Updater:308 - Updater called before beeing initialized
2026-06-10 14:25:49,050 [WARN] DetailPanel:346 - Failed to get advertising image, set to default
2026-06-10 14:25:49,050 [FATAL] Updater:308 - Updater called before beeing initialized
2026-06-10 14:25:49,087 [ERROR] Updater:1120 - MainUpdater not yet initialized. External WinMGr cannot be set.
2026-06-10 14:25:49,089 [INFO] Updater:1056 - Updater Version found : 6.9.1
2026-06-10 14:25:49,106 [INFO] ApplicationProperties:184 - Using Application install path: C:\ST\STM32CubeIDE_1.13.1\STM32CubeIDE\plugins\com.st.stm32cube.common.mx_6.9.1.202307191849
2026-06-10 14:25:49,258 [INFO] MainUpdater:2868 - connection check result : 10
2026-06-10 14:25:49,259 [INFO] MainUpdater:285 - Updater Check For Update Now.
2026-06-10 14:25:49,259 [INFO] MicroXplorer:498 - Change Database Version : DB.6.0.91
2026-06-10 14:25:49,268 [INFO] McuFinderGlobals:63 - Set McuFinder mode to 2 (CubeIDE integrated)
2026-06-10 14:25:49,269 [INFO] UserAuth:179 - activating auth plugin
2026-06-10 14:25:49,273 [INFO] UserAuth:393 - Internet connection configuration mode: 1
2026-06-10 14:25:49,300 [INFO] JxBrowserEngine:151 - Initiate JxBrowser Engine with user profile folder
2026-06-10 14:25:49,443 [INFO] CheckServerUpdateThread:120 - End of CheckServer Thread
2026-06-10 14:25:49,926 [INFO] WebApp:157 - Instantiating new browser for Auth
2026-06-10 14:25:50,357 [INFO] WebApp:753 - Register for checkConnection events
2026-06-10 14:25:50,357 [INFO] WebApp:390 - Apply proxy settings
2026-06-10 14:25:50,357 [INFO] WebApp:475 - Chromium requires no authentication
2026-06-10 14:25:50,363 [INFO] WebApp:418 - Direct internet connection detected
2026-06-10 14:25:50,500 [INFO] WebApp:188 - Starting web application
2026-06-10 14:25:50,500 [INFO] WebApp:520 - Web application path used C:\ST\STM32CubeIDE_1.13.1\STM32CubeIDE\plugins\com.st.stm32cube.common.mx_6.9.1.202307191849\db\plugins\mcufinder\reactClient1\index.html
2026-06-10 14:25:51,191 [ERROR] Engine:466 - C:\Users\Admin\.stm32cubemx\thirdparties\pdsc\STMicroelectronics.X-CUBE-SMBUS.2.1.1.pdsc: PDSC version is not supported
2026-06-10 14:25:51,209 [WARN] PackLoader:240 - Cannot read IP mode file for STMicroelectronics.X-CUBE-SMBUS.2.1.0
2026-06-10 14:25:51,237 [WARN] PackLoader:240 - Cannot read IP mode file for STMicroelectronics.X-CUBE-AZRTOS-F7.1.1.0
2026-06-10 14:25:51,248 [ERROR] Engine:466 - C:\Users\Admin\.stm32cubemx\thirdparties\pdsc\WES.I-CUBE-Cesium.1.4.0.pdsc: PDSC version is not supported
2026-06-10 14:25:51,258 [WARN] PackLoader:240 - Cannot read IP mode file for STMicroelectronics.X-CUBE-DISPLAY.3.0.0
2026-06-10 14:25:51,268 [WARN] PackLoader:240 - Cannot read IP mode file for wolfSSL.I-CUBE-wolfSSL.5.9.1
2026-06-10 14:25:51,275 [WARN] PackLoader:240 - Cannot read IP mode file for emotas.I-CUBE-CANOPEN.1.3.0
2026-06-10 14:25:51,286 [INFO] LogOutputStream:77 - [STDOUT_REDIRECT] 1 : Invalid condition id : UX_CORESTACK_Condition cause : null
2026-06-10 14:25:51,287 [INFO] LogOutputStream:77 - [STDOUT_REDIRECT] 1 : Invalid condition id : UX_CORESTACK_Condition cause : null
2026-06-10 14:25:51,288 [INFO] LogOutputStream:77 - [STDOUT_REDIRECT] 1 : Invalid condition id : UX_CORESTACK_Condition cause : null
2026-06-10 14:25:51,289 [INFO] LogOutputStream:77 - [STDOUT_REDIRECT] 1 : Invalid condition id : UX_CORESTACK_Condition cause : null
2026-06-10 14:25:51,290 [INFO] LogOutputStream:77 - [STDOUT_REDIRECT] 1 : Invalid condition id : UX_CORESTACK_Condition cause : null
2026-06-10 14:25:51,294 [WARN] PackLoader:240 - Cannot read IP mode file for STMicroelectronics.X-CUBE-AZRTOS-WL.2.0.0
2026-06-10 14:25:51,303 [WARN] PackLoader:240 - Cannot read IP mode file for STMicroelectronics.X-CUBE-BLE2.3.3.0
2026-06-10 14:25:51,307 [ERROR] Engine:466 - C:\Users\Admin\.stm32cubemx\thirdparties\pdsc\Avnet-IOTCONNECT.X-CUBE-iotc-st67-sdk.1.0.0.pdsc: PDSC version is not supported
2026-06-10 14:25:51,311 [ERROR] Engine:466 - C:\Users\Admin\.stm32cubemx\thirdparties\pdsc\Infineon.AIROC-Wi-Fi-Bluetooth-STM32.1.8.0.pdsc: PDSC version is not supported
2026-06-10 14:25:51,315 [WARN] PackLoader:240 - Cannot read IP mode file for wolfSSL.I-CUBE-wolfMQTT.1.19.2
2026-06-10 14:25:51,328 [WARN] PackLoader:240 - Cannot read IP mode file for STMicroelectronics.X-CUBE-AZRTOS-G0.1.1.0
2026-06-10 14:25:51,336 [WARN] PackLoader:240 - Cannot read IP mode file for STMicroelectronics.X-CUBE-NFC4.3.0.0
2026-06-10 14:25:51,340 [ERROR] Engine:466 - C:\Users\Admin\.stm32cubemx\thirdparties\pdsc\EmbeddedOffice.I-CUBE-FS-RTOS.1.0.1.pdsc: PDSC version is not supported
2026-06-10 14:25:51,344 [WARN] PackLoader:240 - Cannot read IP mode file for wolfSSL.I-CUBE-wolfTPM.3.8.0
2026-06-10 14:25:51,347 [ERROR] Engine:466 - C:\Users\Admin\.stm32cubemx\thirdparties\pdsc\RealThread.X-CUBE-RT-Thread_Nano.4.1.1.pdsc: PDSC version is not supported
2026-06-10 14:25:51,350 [WARN] PackLoader:240 - Cannot read IP mode file for STMicroelectronics.FP-ATR-SIGFOX1.3.2.0
2026-06-10 14:25:51,352 [ERROR] Engine:466 - C:\Users\Admin\.stm32cubemx\thirdparties\pdsc\STMicroelectronics.X-CUBE-FREERTOS.1.5.0.pdsc: PDSC version is not supported
2026-06-10 14:25:51,357 [WARN] PackLoader:240 - Cannot read IP mode file for ITTIA_DB.I-CUBE-ITTIADB.8.9.0
2026-06-10 14:25:51,359 [ERROR] Engine:466 - C:\Users\Admin\.stm32cubemx\thirdparties\pdsc\Cesanta.I-CUBE-Mongoose.7.21.7.pdsc: PDSC version is not supported
2026-06-10 14:25:51,383 [WARN] PackLoader:240 - Cannot read IP mode file for SEGGER.I-CUBE-embOS.1.3.1
2026-06-10 14:25:51,417 [WARN] PackLoader:240 - Cannot read IP mode file for STMicroelectronics.X-CUBE-ALGOBUILD.1.4.0
2026-06-10 14:25:51,434 [WARN] PackLoader:240 - Cannot read IP mode file for STMicroelectronics.X-CUBE-AZRTOS-F4.1.1.0
2026-06-10 14:25:51,440 [ERROR] Engine:466 - C:\Users\Admin\.stm32cubemx\thirdparties\pdsc\STMicroelectronics.eDS-WB_DPC_TT-BIDIR.2.1.1.pdsc: PDSC version is not supported
2026-06-10 14:25:51,446 [WARN] PackLoader:240 - Cannot read IP mode file for STMicroelectronics.X-CUBE-ALGOBUILD.1.5.0
2026-06-10 14:25:51,450 [ERROR] Engine:466 - C:\Users\Admin\.stm32cubemx\thirdparties\pdsc\STMicroelectronics.eDS-WB_DPC_3PH2L-BIDIR.1.1.1.pdsc: PDSC version is not supported
2026-06-10 14:25:51,455 [WARN] PackLoader:240 - Cannot read IP mode file for STMicroelectronics.X-CUBE-TOUCHGFX.4.26.1
2026-06-10 14:25:51,478 [WARN] ConditionMgr:438 - getConditionDescription Invalid condition id : LAN8742 Phy interface Condition cause : null
2026-06-10 14:25:51,479 [WARN] PackLoader:240 - Cannot read IP mode file for STMicroelectronics.X-CUBE-AZRTOS-L4.2.0.0
2026-06-10 14:25:51,480 [WARN] ConditionMgr:1039 - genDependencies : Invalid condition id : LAN8742 Phy interface Condition cause : null
2026-06-10 14:25:51,481 [WARN] ConditionMgr:1039 - genDependencies : Invalid condition id : LAN8742 Phy interface Condition cause : null
2026-06-10 14:25:51,481 [WARN] ConditionMgr:1039 - genDependencies : Invalid condition id : LAN8742 Phy interface Condition cause : null
2026-06-10 14:25:51,491 [WARN] PackLoader:240 - Cannot read IP mode file for STMicroelectronics.X-CUBE-SFXS2LP1.4.0.0
2026-06-10 14:25:51,495 [ERROR] Engine:466 - C:\Users\Admin\.stm32cubemx\thirdparties\pdsc\quantropi.X-CUBE-qispace-sdk-base.2.1.0.pdsc: PDSC version is not supported
2026-06-10 14:25:51,502 [WARN] PackLoader:240 - Cannot read IP mode file for STMicroelectronics.X-CUBE-SUBG2.5.0.0
2026-06-10 14:25:51,521 [WARN] PackLoader:240 - Cannot read IP mode file for STMicroelectronics.X-CUBE-AZRTOS-G4.2.0.0
2026-06-10 14:25:51,528 [WARN] PackLoader:240 - Cannot read IP mode file for wolfSSL.I-CUBE-wolfSSH.1.4.20
2026-06-10 14:25:51,529 [INFO] ThirdParty:978 - Integrity check success = true
2026-06-10 14:25:51,529 [INFO] IntegrityCheckThread:100 - exiting critical section [integrity check]
2026-06-10 14:25:51,529 [INFO] IntegrityCheckThread:103 - End integrity checks thread
2026-06-10 14:26:11,137 [ERROR] LogOutputStream:75 - [STDERR_REDIRECT] SLF4J: Failed to load class "org.slf4j.impl.StaticLoggerBinder".
2026-06-10 14:26:11,137 [ERROR] LogOutputStream:75 - [STDERR_REDIRECT] SLF4J: Defaulting to no-operation (NOP) logger implementation
2026-06-10 14:26:11,138 [ERROR] LogOutputStream:75 - [STDERR_REDIRECT] SLF4J: See http://www.slf4j.org/codes.html#StaticLoggerBinder for further details.
2026-06-10 14:37:55,600 [INFO] McuFinderGlobals:63 - Set McuFinder mode to 2 (CubeIDE integrated)
2026-06-10 14:37:55,604 [INFO] MainUpdater:2868 - connection check result : 10
2026-06-10 14:37:55,604 [INFO] MainUpdater:2868 - connection check result : 10
2026-06-10 14:37:55,627 [INFO] MicroXplorer:468 - Change Database Path : 
2026-06-10 14:37:55,627 [INFO] MicroXplorer:498 - Change Database Version : DB.6.0.91
2026-06-10 14:37:55,630 [WARN] ThirdParty:871 - waiting for thirdparty lock release [close project]
2026-06-10 14:37:55,630 [INFO] ThirdParty:873 - entering critical section [close project]
2026-06-10 14:37:55,631 [INFO] ThirdParty:883 - exiting critical section [close project]
2026-06-10 14:37:55,633 [INFO] PinOutPanel:1499 - setPackage(No Configuration,No Configuration)
2026-06-10 14:37:55,637 [INFO] UtilMem:75 - Begin LoadConfig() Used Memory: 765114240 Bytes (1073741824)
2026-06-10 14:37:55,638 [INFO] MicroXplorer:468 - Change Database Path : 
2026-06-10 14:37:55,638 [INFO] MicroXplorer:498 - Change Database Version : DB.6.0.91
2026-06-10 14:37:55,638 [INFO] OpenFileManager:308 - Change cursor
2026-06-10 14:37:55,658 [INFO] Mcu:1946 - Initializing MCU STM32F103C(8-B)Tx STM32F103C8Tx STM32F103C8T6
2026-06-10 14:37:56,252 [INFO] Context:659 - Trying to add GPIOservice into a context  which must be forbidden
2026-06-10 14:37:56,496 [WARN] ModelIntegratedComponent:63 - No mode defined for component null
2026-06-10 14:37:56,496 [WARN] ModelIntegratedComponent:63 - No mode defined for component null
2026-06-10 14:37:56,496 [WARN] ModelIntegratedComponent:63 - No mode defined for component null
2026-06-10 14:37:56,496 [WARN] ModelIntegratedComponent:63 - No mode defined for component null
2026-06-10 14:37:56,496 [WARN] ModelIntegratedComponent:63 - No mode defined for component null
2026-06-10 14:37:56,496 [WARN] ModelIntegratedComponent:63 - No mode defined for component null
2026-06-10 14:37:56,496 [WARN] ModelIntegratedComponent:63 - No mode defined for component null
2026-06-10 14:37:56,497 [WARN] ModelIntegratedComponent:63 - No mode defined for component null
2026-06-10 14:37:56,497 [WARN] ModelIntegratedComponent:63 - No mode defined for component null
2026-06-10 14:37:56,497 [WARN] ModelIntegratedComponent:63 - No mode defined for component null
2026-06-10 14:37:56,497 [WARN] ModelIntegratedComponent:63 - No mode defined for component null
2026-06-10 14:37:56,497 [WARN] ModelIntegratedComponent:63 - No mode defined for component null
2026-06-10 14:37:56,497 [WARN] ModelIntegratedComponent:63 - No mode defined for component null
2026-06-10 14:37:56,497 [WARN] ModelIntegratedComponent:63 - No mode defined for component null
2026-06-10 14:37:56,497 [WARN] ModelIntegratedComponent:63 - No mode defined for component null
2026-06-10 14:37:56,497 [WARN] ModelIntegratedComponent:63 - No mode defined for component null
2026-06-10 14:37:56,497 [WARN] ModelIntegratedComponent:63 - No mode defined for component null
2026-06-10 14:37:56,497 [WARN] ModelIntegratedComponent:63 - No mode defined for component null
2026-06-10 14:37:56,498 [WARN] ModelIntegratedComponent:63 - No mode defined for component null
2026-06-10 14:37:56,498 [WARN] ModelIntegratedComponent:63 - No mode defined for component null
2026-06-10 14:37:56,498 [WARN] ModelIntegratedComponent:63 - No mode defined for component null
2026-06-10 14:37:56,498 [WARN] ModelIntegratedComponent:63 - No mode defined for component null
2026-06-10 14:37:56,498 [WARN] ModelIntegratedComponent:63 - No mode defined for component null
2026-06-10 14:37:56,498 [WARN] ModelIntegratedComponent:63 - No mode defined for component null
2026-06-10 14:37:56,498 [WARN] ModelIntegratedComponent:63 - No mode defined for component null
2026-06-10 14:37:56,498 [WARN] ModelIntegratedComponent:63 - No mode defined for component null
2026-06-10 14:37:56,498 [WARN] ModelIntegratedComponent:63 - No mode defined for component null
2026-06-10 14:37:56,498 [WARN] ModelIntegratedComponent:63 - No mode defined for component null
2026-06-10 14:37:56,498 [WARN] ModelIntegratedComponent:63 - No mode defined for component null
2026-06-10 14:37:56,498 [WARN] ModelIntegratedComponent:63 - No mode defined for component null
2026-06-10 14:37:56,498 [WARN] ModelIntegratedComponent:63 - No mode defined for component null
2026-06-10 14:37:56,499 [WARN] ModelIntegratedComponent:63 - No mode defined for component null
2026-06-10 14:37:56,499 [WARN] ModelIntegratedComponent:63 - No mode defined for component null
2026-06-10 14:37:56,509 [INFO] RtosManager:555 - Registered RTOS mode: class=CMSIS, group=RTOS, mode=CMSIS_V1, owner=FREERTOS
2026-06-10 14:37:56,509 [INFO] RtosManager:555 - Registered RTOS mode: class=CMSIS, group=RTOS2, mode=CMSIS_V2, owner=FREERTOS
2026-06-10 14:37:56,509 [INFO] RtosManager:555 - Registered RTOS mode: class=RTOS, group=Core, mode=CMSIS_V1, owner=FREERTOS
2026-06-10 14:37:56,509 [INFO] RtosManager:555 - Registered RTOS mode: class=RTOS, group=Core, mode=CMSIS_V2, owner=FREERTOS
2026-06-10 14:37:56,509 [WARN] ModelIntegratedComponent:184 - Missing modes for component STMicroelectronics:FreeRTOS:0.0.1:STMicroelectronics:RTOS:FreeRTOS:Core:::10.2.0:
2026-06-10 14:37:56,523 [INFO] ThirdPartyModel:298 - Start build external matchings
2026-06-10 14:37:56,574 [INFO] ThirdPartyModel:316 - End build external matchings
2026-06-10 14:37:56,747 [INFO] UtilMem:75 - End LoadConfig() Used Memory: 776537888 Bytes (1073741824)
2026-06-10 14:37:56,803 [INFO] ApiDb:581 - Connected to CubeFinder SQLite database (C:\Users\Admin\.stmcufinder\plugins\mcufinder\mcu\cube-finder-db.db)
2026-06-10 14:37:56,891 [INFO] ApiDb:668 - CubeFinder database Data Model version=2.1
2026-06-10 14:37:56,892 [INFO] ApiDb:669 - CubeFinder database Configuration version=3.0.42
2026-06-10 14:37:56,893 [INFO] ApiDb:670 - CubeFinder database generation date=2026-05-14 (1778746352)
2026-06-10 14:37:56,893 [INFO] ApiDb:671 - CubeFinder database FW Pack versions=[FP-ATR-ASTRA1_V2.0.0, FP-SNS-FLIGHT1_V5.1.0, FP-SNS-MOTENV1_V5.1.0, FP-SNS-MOTENVWB1_V1.5.0, FP-SNS-SMARTAG2_V1.2.0, FP-SNS-STBOX1_V2.1.0, STM32Cube_FW_C0_V1.4.0, STM32Cube_FW_F4_V1.28.3, STM32Cube_FW_F7_V1.17.4, STM32Cube_FW_G0_V1.6.3, STM32Cube_FW_G4_V1.6.2, STM32Cube_FW_H5_V1.6.0, STM32Cube_FW_H7RS_V1.3.0, STM32Cube_FW_H7_V1.13.0, STM32Cube_FW_L0_V1.12.2, STM32Cube_FW_L4_V1.18.2, STM32Cube_FW_L5_V1.6.0, STM32Cube_FW_N6_V1.3.0, STM32Cube_FW_U0_V1.3.0, STM32Cube_FW_U3_V1.3.0, STM32Cube_FW_U5_V1.8.0, STM32Cube_FW_WB0_V1.4.0, STM32Cube_FW_WBA_V1.9.0, STM32Cube_FW_WB_V1.24.0, STM32Cube_FW_WL3_V1.4.0, STM32Cube_FW_WL_V1.5.0, X-CUBE-ALGOBUILD_V1.4.0, X-CUBE-ALS_V1.0.2, X-CUBE-AZRTOS-F4_V1.1.0, X-CUBE-AZRTOS-F7_V1.1.0, X-CUBE-AZRTOS-G0_V1.1.0, X-CUBE-AZRTOS-G4_V2.0.0, X-CUBE-AZRTOS-H7RS_V1.1.0, X-CUBE-AZRTOS-H7_V3.5.0, X-CUBE-AZRTOS-L4_V2.0.0, X-CUBE-AZRTOS-L5_V2.0.0, X-CUBE-AZRTOS-WB_V2.0.0, X-CUBE-AZRTOS-WL_V2.0.0, X-CUBE-BLE1_V7.1.0, X-CUBE-BLE2_V3.3.0, X-CUBE-BLEMGR_V4.1.0, X-CUBE-EEPRMA1_V5.2.0, X-CUBE-FREERTOS_V1.5.0, X-CUBE-GNSS1_V7.1.1, X-CUBE-MEMS1_V12.1.0, X-CUBE-NFC4_V3.0.0, X-CUBE-NFC7_V2.0.0, X-CUBE-SFXS2LP1_V4.0.0, X-CUBE-ST67W61_V1.3.0, X-CUBE-SUBG2_V5.0.0, X-CUBE-TOF1_V3.4.3]
2026-06-10 14:37:59,636 [INFO] ApiDb:240 - Found 323 in-development CPN: [B-G473E-ZEST1S, B-WB1M-WPAN1, B-WL5M-SUBG1, NUCLEO-C031C6, NUCLEO-H503RB, NUCLEO-H563ZI, NUCLEO-U545RE-Q, NUCLEO-U5A5ZJ-Q, NUCLEO-WBA52CG, STEVAL-PROTEUS1, STEVAL-SMARTAG2, STEVAL-STWINBX1, STM320518-EVAL, STM32C0116-DK, STM32C011D6Y3TR, STM32C011D6Y6TR, STM32C011F4P3, STM32C011F4P6, STM32C011F4U3, STM32C011F4U6TR, STM32C011F6P3, STM32C011F6P6, STM32C011F6U3, STM32C011F6U6TR, STM32C011J4M3, STM32C011J4M6, STM32C011J6M3, STM32C011J6M6, STM32C0316-DK, STM32C031C4T3, STM32C031C4T6, STM32C031C4U3, STM32C031C4U6, STM32C031C6T3, STM32C031C6T6, STM32C031C6U3, STM32C031C6U6, STM32C031F4P3, STM32C031F4P6, STM32C031F6P3, STM32C031F6P6, STM32C031G4U3, STM32C031G4U6, STM32C031G6U3, STM32C031G6U6, STM32C031K4T3, STM32C031K4T6, STM32C031K4U3, STM32C031K4U6, STM32C031K6T3, STM32C031K6T6, STM32C031K6U3, STM32C031K6U6, STM32G071K8TXN, STM32G071K8UXN, STM32G081GBU6N, STM32G081KBT6N, STM32G081KBUXN, STM32G0B1CCT6N, STM32G0B1KCT6, STM32G0B1NEY6TR, STM32G0B1RCT6N, STM32G0C1CCT6, STM32G0C1CCT6N, STM32G0C1CCU6N, STM32G0C1CET6N, STM32G0C1CEU6N, STM32G0C1KCT6, STM32G0C1NEY6TR, STM32G0C1RCI6N, STM32G0C1RCT6N, STM32G0C1REI6N, STM32G0C1RET6N, STM32G0C1VCI6, STM32G0C1VEI6, STM32G471CCT6, STM32G471CCU6, STM32G471CET3, STM32G471CET6, STM32G471CEU3, STM32G471CEU6, STM32G471MCT6, STM32G471MET3, STM32G471MET6, STM32G471MEY6TR, STM32G471QCT6, STM32G471QET3, STM32G471RCT6, STM32G471RET3, STM32G471RET6, STM32G471VCH6, STM32G471VCI6, STM32G471VCT6, STM32G471VEH3, STM32G471VEH6, STM32G471VEI3, STM32G471VEI6, STM32G471VET3, STM32G471VET6, STM32G474CCT6, STM32H503CBT6, STM32H503CBU6, STM32H503EBY6TR, STM32H503KBU6, STM32H503RBT6, STM32H562AGI6, STM32H562AII6, STM32H562IGK6, STM32H562IGT6, STM32H562IIK6, STM32H562IIT6, STM32H562RGT6, STM32H562RGV6, STM32H562RIT6, STM32H562RIV6, STM32H562VGT6, STM32H562VIT6, STM32H562ZGT6, STM32H562ZIT6, STM32H563AGI6, STM32H563AII3Q, STM32H563AII6, STM32H563IGK6, STM32H563IGT6, STM32H563IIK3Q, STM32H563IIK6, STM32H563IIT3Q, STM32H563IIT6, STM32H563MIY3QTR, STM32H563RGT6, STM32H563RGV6, STM32H563RIT6, STM32H563RIV6, STM32H563VGT6, STM32H563VIT3Q, STM32H563VIT6, STM32H563ZGT6, STM32H563ZIT3Q, STM32H563ZIT6, STM32H573AII3Q, STM32H573AII6, STM32H573I-DK, STM32H573IIK3Q, STM32H573IIK6, STM32H573IIT3Q, STM32H573IIT6, STM32H573MIY3QTR, STM32H573RIT6, STM32H573RIV6, STM32H573VIT3Q, STM32H573VIT6, STM32H573ZIT3Q, STM32H573ZIT6, STM32L4R5QGI6STR, STM32MP131AAE3, STM32MP131AAF3, STM32MP131AAG3, STM32MP131CAE3, STM32MP131CAF3, STM32MP131CAG3, STM32MP131DAE7, STM32MP131DAF7, STM32MP131DAG7, STM32MP131FAE7, STM32MP131FAF7, STM32MP131FAG7, STM32MP133AAE3, STM32MP133AAF3, STM32MP133AAG3, STM32MP133CAE3, STM32MP133CAF3, STM32MP133CAG3, STM32MP133DAE7, STM32MP133DAF7, STM32MP133DAG7, STM32MP133FAE7, STM32MP133FAF7, STM32MP133FAG7, STM32MP135AAE3, STM32MP135AAF3, STM32MP135AAG3, STM32MP135CAE3, STM32MP135CAF3, STM32MP135CAG3, STM32MP135DAE7, STM32MP135DAF7, STM32MP135DAG7, STM32MP135F-DK, STM32MP135FAE7, STM32MP135FAF7, STM32MP135FAF7T, STM32MP135FAF7U, STM32MP135FAG7, STM32U535CBT6, STM32U535CBT6Q, STM32U535CBU6, STM32U535CBU6Q, STM32U535CCT6, STM32U535CCT6Q, STM32U535CCU6, STM32U535CCU6Q, STM32U535CET6, STM32U535CET6Q, STM32U535CEU6, STM32U535CEU6Q, STM32U535JEY6QTR, STM32U535NCY6QTR, STM32U535NEY6QTR, STM32U535RBI6, STM32U535RBI6Q, STM32U535RBT6, STM32U535RBT6Q, STM32U535RCI6, STM32U535RCI6Q, STM32U535RCT6, STM32U535RCT6Q, STM32U535REI6, STM32U535REI6Q, STM32U535RET6, STM32U535RET6Q, STM32U535VCI6, STM32U535VCI6Q, STM32U535VCT6, STM32U535VCT6Q, STM32U535VEI6, STM32U535VEI6Q, STM32U535VET6, STM32U535VET6Q, STM32U545CET6, STM32U545CET6Q, STM32U545CEU6, STM32U545CEU6Q, STM32U545JEY6QTR, STM32U545NEY6QTR, STM32U545REI6, STM32U545REI6Q, STM32U545RET6, STM32U545RET6Q, STM32U545VEI6, STM32U545VEI6Q, STM32U545VET6, STM32U545VET6Q, STM32U595AIH6, STM32U595AIH6Q, STM32U595AJH6, STM32U595AJH6Q, STM32U595QII6, STM32U595QII6Q, STM32U595QJI6, STM32U595QJI6Q, STM32U595RIT6, STM32U595RIT6Q, STM32U595RJT6, STM32U595RJT6Q, STM32U595VIT6, STM32U595VIT6Q, STM32U595VJT6, STM32U595VJT6Q, STM32U595ZIT6, STM32U595ZIT6Q, STM32U595ZIY6QTR, STM32U595ZJT6, STM32U595ZJT6Q, STM32U595ZJY6QTR, STM32U599BJY6QTR, STM32U599NIH6Q, STM32U599NJH6Q, STM32U599VIT6Q, STM32U599VJT6, STM32U599VJT6Q, STM32U599ZIT6Q, STM32U599ZIY6QTR, STM32U599ZJT6Q, STM32U599ZJY6QTR, STM32U5A5AJH6, STM32U5A5AJH6Q, STM32U5A5QJI6, STM32U5A5QJI6Q, STM32U5A5RJT6, STM32U5A5RJT6Q, STM32U5A5VJT6, STM32U5A5VJT6Q, STM32U5A5ZJT6, STM32U5A5ZJT6Q, STM32U5A5ZJY6QTR, STM32U5A9BJY6QTR, STM32U5A9J-DK, STM32U5A9NJH6Q, STM32U5A9VJT6Q, STM32U5A9ZJT6Q, STM32U5A9ZJY6QTR, STM32U5F7VIT6, STM32U5F7VIT6Q, STM32U5F7VJT6, STM32U5F7VJT6Q, STM32U5F9BJY6QTR, STM32U5F9NJH6Q, STM32U5F9VIT6Q, STM32U5F9VJT6Q, STM32U5F9ZIJ6QTR, STM32U5F9ZIT6Q, STM32U5F9ZJJ6QTR, STM32U5F9ZJT6Q, STM32U5G7VJT6, STM32U5G7VJT6Q, STM32U5G9BJY6QTR, STM32U5G9J-DK1, STM32U5G9J-DK2, STM32U5G9NJH6Q, STM32U5G9VJT6Q, STM32U5G9ZJJ6QTR, STM32U5G9ZJT6Q, STM32WB1MMCH6, STM32WBA52CEU6, STM32WBA52CEU6T, STM32WBA52CGU6, STM32WBA52CGU6T, STM32WBA52KEU6, STM32WBA52KEU6T, STM32WBA52KGU6, STM32WBA52KGU6T, STM32WL5MOCH6, STM32WL5MOCH6TR]
2026-06-10 14:37:59,640 [INFO] DbMcus:217 - Found 5061 MCUs, 4943 are supported
2026-06-10 14:37:59,641 [INFO] ApiDb:423 - Load user favorites file C:\Users\Admin/.stm32cubeide/favorites.mcus.txt: 2 item(s)
2026-06-10 14:37:59,641 [INFO] ApiDb:427 - User favorites MCUs=[STM32F103C8T6, STM32F405RGT6]
2026-06-10 14:37:59,641 [INFO] DbMcus:223 - Set 2 / 2 favorites MCUs
2026-06-10 14:38:00,092 [WARN] ThirdParty:833 - waiting for thirdparty lock release [change project]
2026-06-10 14:38:00,093 [INFO] ThirdParty:835 - entering critical section [change project]
2026-06-10 14:38:00,093 [INFO] ThirdParty:1030 - CMSIS Pack Vendor :wolfSSL I-CUBE-wolfTPM 3.8.0
2026-06-10 14:38:00,093 [INFO] ThirdParty:1030 - CMSIS Pack Vendor :STMicroelectronics USBPD 4.1
2026-06-10 14:38:00,093 [INFO] ThirdParty:1030 - CMSIS Pack Vendor :STMicroelectronics X-CUBE-DISPLAY 3.0.0
2026-06-10 14:38:00,093 [INFO] ThirdParty:1030 - CMSIS Pack Vendor :wolfSSL I-CUBE-wolfSSH 1.4.20
2026-06-10 14:38:00,093 [INFO] ThirdParty:1030 - CMSIS Pack Vendor :STMicroelectronics USB_HOST 2.0.0
2026-06-10 14:38:00,093 [INFO] ThirdParty:1030 - CMSIS Pack Vendor :STMicroelectronics X-CUBE-AZRTOS-F4 1.1.0
2026-06-10 14:38:00,093 [INFO] ThirdParty:1030 - CMSIS Pack Vendor :STMicroelectronics LIBJPEG 8.0.0
2026-06-10 14:38:00,093 [INFO] ThirdParty:1030 - CMSIS Pack Vendor :wolfSSL I-CUBE-wolfSSL 5.9.1
2026-06-10 14:38:00,093 [INFO] ThirdParty:1030 - CMSIS Pack Vendor :STMicroelectronics FP-ATR-SIGFOX1 3.2.0
2026-06-10 14:38:00,093 [INFO] ThirdParty:1030 - CMSIS Pack Vendor :STMicroelectronics X-CUBE-SMBUS 2.1.0
2026-06-10 14:38:00,093 [INFO] ThirdParty:1030 - CMSIS Pack Vendor :wolfSSL I-CUBE-wolfMQTT 1.19.2
2026-06-10 14:38:00,093 [INFO] ThirdParty:1030 - CMSIS Pack Vendor :STMicroelectronics USB_DEVICE 3.0.0
2026-06-10 14:38:00,093 [INFO] ThirdParty:1030 - CMSIS Pack Vendor :STMicroelectronics HAL Drivers 0.0.0
2026-06-10 14:38:00,093 [INFO] ThirdParty:1030 - CMSIS Pack Vendor :STMicroelectronics MBEDTLS 2.16.2
2026-06-10 14:38:00,093 [INFO] ThirdParty:1030 - CMSIS Pack Vendor :emotas I-CUBE-CANOPEN 1.3.0
2026-06-10 14:38:00,093 [INFO] ThirdParty:1030 - CMSIS Pack Vendor :STMicroelectronics MBEDTLS 2.14.1
2026-06-10 14:38:00,093 [INFO] ThirdParty:1030 - CMSIS Pack Vendor :ITTIA_DB I-CUBE-ITTIADB 8.9.0
2026-06-10 14:38:00,093 [INFO] ThirdParty:1030 - CMSIS Pack Vendor :STMicroelectronics X-CUBE-AZRTOS-F7 1.1.0
2026-06-10 14:38:00,093 [INFO] ThirdParty:1030 - CMSIS Pack Vendor :STMicroelectronics X-CUBE-TOUCHGFX 4.26.1
2026-06-10 14:38:00,093 [INFO] ThirdParty:1030 - CMSIS Pack Vendor :STMicroelectronics USB_DEVICE 2.0.0
2026-06-10 14:38:00,093 [INFO] ThirdParty:1030 - CMSIS Pack Vendor :STMicroelectronics ThreadX 1.0.0
2026-06-10 14:38:00,093 [INFO] ThirdParty:1030 - CMSIS Pack Vendor :STMicroelectronics X-CUBE-AZRTOS-WL 2.0.0
2026-06-10 14:38:00,093 [INFO] ThirdParty:1030 - CMSIS Pack Vendor :SEGGER I-CUBE-embOS 1.3.1
2026-06-10 14:38:00,094 [INFO] ThirdParty:1030 - CMSIS Pack Vendor :STMicroelectronics X-CUBE-ALGOBUILD 1.4.0
2026-06-10 14:38:00,094 [INFO] ThirdParty:1030 - CMSIS Pack Vendor :STMicroelectronics X-CUBE-ALGOBUILD 1.5.0
2026-06-10 14:38:00,094 [INFO] ThirdParty:1030 - CMSIS Pack Vendor :STMicroelectronics FreeRTOS 0.0.1
2026-06-10 14:38:00,094 [INFO] ThirdParty:1030 - CMSIS Pack Vendor :STMicroelectronics X-CUBE-AZRTOS-G0 1.1.0
2026-06-10 14:38:00,094 [INFO] ThirdParty:1030 - CMSIS Pack Vendor :STMicroelectronics USB_DEVICE 1.0.0
2026-06-10 14:38:00,094 [INFO] ThirdParty:1030 - CMSIS Pack Vendor :STMicroelectronics X-CUBE-NFC4 3.0.0
2026-06-10 14:38:00,094 [INFO] ThirdParty:1030 - CMSIS Pack Vendor :STMicroelectronics X-CUBE-SUBG2 5.0.0
2026-06-10 14:38:00,094 [INFO] ThirdParty:1030 - CMSIS Pack Vendor :STMicroelectronics STM32_WPAN 1.0.0
2026-06-10 14:38:00,094 [INFO] ThirdParty:1030 - CMSIS Pack Vendor :STMicroelectronics X-CUBE-AZRTOS-L4 2.0.0
2026-06-10 14:38:00,094 [INFO] ThirdParty:1030 - CMSIS Pack Vendor :STMicroelectronics ThreadX 0.0.2
2026-06-10 14:38:00,094 [INFO] ThirdParty:1030 - CMSIS Pack Vendor :STMicroelectronics lwIP 2.0.3
2026-06-10 14:38:00,094 [INFO] ThirdParty:1030 - CMSIS Pack Vendor :STMicroelectronics lwIP 2.1.2
2026-06-10 14:38:00,094 [INFO] ThirdParty:1030 - CMSIS Pack Vendor :STMicroelectronics X-CUBE-SFXS2LP1 4.0.0
2026-06-10 14:38:00,094 [INFO] ThirdParty:1030 - CMSIS Pack Vendor :STMicroelectronics X-CUBE-BLE2 3.3.0
2026-06-10 14:38:00,094 [INFO] ThirdParty:1030 - CMSIS Pack Vendor :STMicroelectronics USB_HOST 1.0.0
2026-06-10 14:38:00,094 [INFO] ThirdParty:1030 - CMSIS Pack Vendor :STMicroelectronics X-CUBE-AZRTOS-G4 2.0.0
2026-06-10 14:38:00,094 [INFO] ThirdParty:1030 - CMSIS Pack Vendor :STMicroelectronics PDM2PCM 3.1.0
2026-06-10 14:38:00,094 [INFO] ThirdParty:1030 - CMSIS Pack Vendor :STMicroelectronics PDM2PCM 3.2.0
2026-06-10 14:38:00,094 [INFO] ThirdParty:1030 - CMSIS Pack Vendor :STMicroelectronics PDM2PCM 3.3.0
2026-06-10 14:38:00,094 [INFO] ThirdParty:841 - exiting critical section [change project]
2026-06-10 14:38:00,314 [INFO] PinOutPanel:1499 - setPackage(No Configuration,No Configuration)
2026-06-10 14:38:00,316 [INFO] PinOutPanel:1499 - setPackage(STM32F103C8Tx,LQFP48)
2026-06-10 14:38:00,705 [INFO] UtilMem:75 - Before build in PCC Used Memory: 800260328 Bytes (1073741824)
2026-06-10 14:38:01,540 [INFO] UtilMem:75 - After build in PCC Used Memory: 866555240 Bytes (1073741824)
2026-06-10 14:38:01,566 [INFO] IPUIPlugin:80 - create IPUIPlugin
2026-06-10 14:38:01,566 [INFO] IPUIPlugin:80 - create IPUIPlugin
2026-06-10 14:38:01,566 [INFO] IPUIPlugin:80 - create IPUIPlugin
2026-06-10 14:38:01,566 [INFO] IPUIPlugin:80 - create IPUIPlugin
2026-06-10 14:38:01,567 [INFO] IPUIPlugin:80 - create IPUIPlugin
2026-06-10 14:38:01,567 [INFO] IPUIPlugin:80 - create IPUIPlugin
2026-06-10 14:38:01,567 [INFO] IPUIPlugin:80 - create IPUIPlugin
2026-06-10 14:38:01,567 [INFO] IPUIPlugin:80 - create IPUIPlugin
2026-06-10 14:38:01,567 [INFO] IPUIPlugin:80 - create IPUIPlugin
2026-06-10 14:38:01,567 [INFO] IPUIPlugin:80 - create IPUIPlugin
2026-06-10 14:38:01,567 [INFO] IPUIPlugin:80 - create IPUIPlugin
2026-06-10 14:38:01,568 [INFO] IPUIPlugin:80 - create IPUIPlugin
2026-06-10 14:38:01,568 [INFO] IPUIPlugin:80 - create IPUIPlugin
2026-06-10 14:38:01,568 [INFO] IPUIPlugin:80 - create IPUIPlugin
2026-06-10 14:38:01,568 [INFO] IPUIPlugin:80 - create IPUIPlugin
2026-06-10 14:38:01,568 [INFO] IPUIPlugin:80 - create IPUIPlugin
2026-06-10 14:38:01,568 [INFO] IPUIPlugin:80 - create IPUIPlugin
2026-06-10 14:38:01,569 [INFO] IPUIPlugin:80 - create IPUIPlugin
2026-06-10 14:38:01,569 [INFO] IPUIPlugin:80 - create IPUIPlugin
2026-06-10 14:38:01,569 [INFO] IPUIPlugin:80 - create IPUIPlugin
2026-06-10 14:38:01,569 [INFO] IPUIPlugin:80 - create IPUIPlugin
2026-06-10 14:38:01,569 [INFO] IPUIPlugin:80 - create IPUIPlugin
2026-06-10 14:38:01,569 [INFO] IPUIPlugin:80 - create IPUIPlugin
2026-06-10 14:38:01,569 [INFO] IPUIPlugin:80 - create IPUIPlugin
2026-06-10 14:38:01,570 [INFO] IPUIPlugin:80 - create IPUIPlugin
2026-06-10 14:38:01,570 [INFO] IPUIPlugin:80 - create IPUIPlugin
2026-06-10 14:38:01,570 [INFO] IPUIPlugin:80 - create IPUIPlugin
2026-06-10 14:38:01,579 [WARN] IP:2114 - I2C_Coeff_DF not found: check if there is a RefParameter without a condition.
2026-06-10 14:38:01,579 [WARN] IP:2114 - Analog_Filter not found: check if there is a RefParameter without a condition.
2026-06-10 14:38:01,818 [INFO] CADModel:165 - CPN selected for project levelSTM32F103C8T6
2026-06-10 14:38:01,818 [INFO] CADModel:114 - Register for checkConnection events
2026-06-10 14:38:01,857 [INFO] OpenFileManager:328 - Restore cursor
2026-06-10 14:38:02,010 [WARN] IP:2114 - I2C_Coeff_DF not found: check if there is a RefParameter without a condition.
2026-06-10 14:38:02,011 [WARN] IP:2114 - Analog_Filter not found: check if there is a RefParameter without a condition.
2026-06-10 14:38:02,011 [WARN] IP:2114 - I2C_Coeff_DF not found: check if there is a RefParameter without a condition.
2026-06-10 14:38:02,011 [WARN] IP:2114 - Analog_Filter not found: check if there is a RefParameter without a condition.
2026-06-10 14:38:02,058 [ERROR] LogOutputStream:75 - [STDERR_REDIRECT] Exception in thread "AWT-EventQueue-0" java.lang.NullPointerException: Cannot invoke "com.st.stm32cube.common.mx.oss.core.awtswtbridge.EmbeddedSwingComposite$AwtContext.setContentPane(java.awt.Container)" because "this.awtContext" is null
2026-06-10 14:38:02,060 [ERROR] LogOutputStream:75 - [STDERR_REDIRECT] 	at com.st.stm32cube.common.mx.oss.core.awtswtbridge.EmbeddedSwingComposite.doComponentCreation(EmbeddedSwingComposite.java:494)
2026-06-10 14:38:02,062 [ERROR] LogOutputStream:75 - [STDERR_REDIRECT] 	at com.st.stm32cube.common.mx.oss.core.awtswtbridge.EmbeddedSwingComposite$4.run(EmbeddedSwingComposite.java:291)
2026-06-10 14:38:02,063 [ERROR] LogOutputStream:75 - [STDERR_REDIRECT] 	at com.st.stm32cube.common.mx.oss.core.awtswtbridge.AwtEnvironment$2.run(AwtEnvironment.java:166)
2026-06-10 14:38:02,064 [ERROR] LogOutputStream:75 - [STDERR_REDIRECT] 	at java.desktop/java.awt.event.InvocationEvent.dispatch(InvocationEvent.java:318)
2026-06-10 14:38:02,066 [ERROR] LogOutputStream:75 - [STDERR_REDIRECT] 	at java.desktop/java.awt.EventQueue.dispatchEventImpl(EventQueue.java:771)
2026-06-10 14:38:02,067 [ERROR] LogOutputStream:75 - [STDERR_REDIRECT] 	at java.desktop/java.awt.EventQueue$4.run(EventQueue.java:722)
2026-06-10 14:38:02,069 [ERROR] LogOutputStream:75 - [STDERR_REDIRECT] 	at java.desktop/java.awt.EventQueue$4.run(EventQueue.java:716)
2026-06-10 14:38:02,070 [ERROR] LogOutputStream:75 - [STDERR_REDIRECT] 	at java.base/java.security.AccessController.doPrivileged(AccessController.java:399)
2026-06-10 14:38:02,071 [ERROR] LogOutputStream:75 - [STDERR_REDIRECT] 	at java.base/java.security.ProtectionDomain$JavaSecurityAccessImpl.doIntersectionPrivilege(ProtectionDomain.java:86)
2026-06-10 14:38:02,072 [ERROR] LogOutputStream:75 - [STDERR_REDIRECT] 	at java.desktop/java.awt.EventQueue.dispatchEvent(EventQueue.java:741)
2026-06-10 14:38:02,074 [ERROR] LogOutputStream:75 - [STDERR_REDIRECT] 	at java.desktop/java.awt.EventDispatchThread.pumpOneEventForFilters(EventDispatchThread.java:203)
2026-06-10 14:38:02,075 [ERROR] LogOutputStream:75 - [STDERR_REDIRECT] 	at java.desktop/java.awt.EventDispatchThread.pumpEventsForFilter(EventDispatchThread.java:124)
2026-06-10 14:38:02,076 [ERROR] LogOutputStream:75 - [STDERR_REDIRECT] 	at java.desktop/java.awt.EventDispatchThread.pumpEventsForHierarchy(EventDispatchThread.java:113)
2026-06-10 14:38:02,077 [ERROR] LogOutputStream:75 - [STDERR_REDIRECT] 	at java.desktop/java.awt.EventDispatchThread.pumpEvents(EventDispatchThread.java:109)
2026-06-10 14:38:02,079 [ERROR] LogOutputStream:75 - [STDERR_REDIRECT] 	at java.desktop/java.awt.EventDispatchThread.pumpEvents(EventDispatchThread.java:101)
2026-06-10 14:38:02,079 [ERROR] LogOutputStream:75 - [STDERR_REDIRECT] 	at java.desktop/java.awt.EventDispatchThread.run(EventDispatchThread.java:90)
2026-06-10 14:38:04,829 [INFO] MainUpdater:2868 - connection check result : 10
2026-06-10 14:38:04,829 [INFO] MainUpdater:2868 - connection check result : 10
2026-06-10 14:38:04,967 [INFO] MicroXplorer:468 - Change Database Path : 
2026-06-10 14:38:04,967 [INFO] MicroXplorer:498 - Change Database Version : DB.6.0.91
2026-06-10 14:38:04,990 [WARN] ThirdParty:871 - waiting for thirdparty lock release [close project]
2026-06-10 14:38:04,990 [INFO] ThirdParty:873 - entering critical section [close project]
2026-06-10 14:38:04,991 [INFO] ThirdParty:883 - exiting critical section [close project]
2026-06-10 14:38:04,992 [INFO] PinOutPanel:1499 - setPackage(No Configuration,No Configuration)
2026-06-10 14:38:04,999 [INFO] UtilMem:75 - Begin LoadConfig() Used Memory: 704241896 Bytes (1073741824)
2026-06-10 14:38:04,999 [INFO] MicroXplorer:468 - Change Database Path : 
2026-06-10 14:38:04,999 [INFO] MicroXplorer:498 - Change Database Version : DB.6.0.91
2026-06-10 14:38:04,999 [INFO] OpenFileManager:308 - Change cursor
2026-06-10 14:38:05,005 [INFO] Mcu:1946 - Initializing MCU STM32F103C(8-B)Tx STM32F103C8Tx STM32F103C8T6
2026-06-10 14:38:05,399 [INFO] Context:659 - Trying to add GPIOservice into a context  which must be forbidden
2026-06-10 14:38:05,504 [WARN] ModelIntegratedComponent:63 - No mode defined for component null
2026-06-10 14:38:05,504 [WARN] ModelIntegratedComponent:63 - No mode defined for component null
2026-06-10 14:38:05,504 [WARN] ModelIntegratedComponent:63 - No mode defined for component null
2026-06-10 14:38:05,504 [WARN] ModelIntegratedComponent:63 - No mode defined for component null
2026-06-10 14:38:05,504 [WARN] ModelIntegratedComponent:63 - No mode defined for component null
2026-06-10 14:38:05,504 [WARN] ModelIntegratedComponent:63 - No mode defined for component null
2026-06-10 14:38:05,505 [WARN] ModelIntegratedComponent:63 - No mode defined for component null
2026-06-10 14:38:05,505 [WARN] ModelIntegratedComponent:63 - No mode defined for component null
2026-06-10 14:38:05,505 [WARN] ModelIntegratedComponent:63 - No mode defined for component null
2026-06-10 14:38:05,505 [WARN] ModelIntegratedComponent:63 - No mode defined for component null
2026-06-10 14:38:05,505 [WARN] ModelIntegratedComponent:63 - No mode defined for component null
2026-06-10 14:38:05,505 [WARN] ModelIntegratedComponent:63 - No mode defined for component null
2026-06-10 14:38:05,505 [WARN] ModelIntegratedComponent:63 - No mode defined for component null
2026-06-10 14:38:05,505 [WARN] ModelIntegratedComponent:63 - No mode defined for component null
2026-06-10 14:38:05,505 [WARN] ModelIntegratedComponent:63 - No mode defined for component null
2026-06-10 14:38:05,505 [WARN] ModelIntegratedComponent:63 - No mode defined for component null
2026-06-10 14:38:05,505 [WARN] ModelIntegratedComponent:63 - No mode defined for component null
2026-06-10 14:38:05,505 [WARN] ModelIntegratedComponent:63 - No mode defined for component null
2026-06-10 14:38:05,505 [WARN] ModelIntegratedComponent:63 - No mode defined for component null
2026-06-10 14:38:05,505 [WARN] ModelIntegratedComponent:63 - No mode defined for component null
2026-06-10 14:38:05,505 [WARN] ModelIntegratedComponent:63 - No mode defined for component null
2026-06-10 14:38:05,505 [WARN] ModelIntegratedComponent:63 - No mode defined for component null
2026-06-10 14:38:05,505 [WARN] ModelIntegratedComponent:63 - No mode defined for component null
2026-06-10 14:38:05,505 [WARN] ModelIntegratedComponent:63 - No mode defined for component null
2026-06-10 14:38:05,505 [WARN] ModelIntegratedComponent:63 - No mode defined for component null
2026-06-10 14:38:05,505 [WARN] ModelIntegratedComponent:63 - No mode defined for component null
2026-06-10 14:38:05,505 [WARN] ModelIntegratedComponent:63 - No mode defined for component null
2026-06-10 14:38:05,505 [WARN] ModelIntegratedComponent:63 - No mode defined for component null
2026-06-10 14:38:05,505 [WARN] ModelIntegratedComponent:63 - No mode defined for component null
2026-06-10 14:38:05,506 [WARN] ModelIntegratedComponent:63 - No mode defined for component null
2026-06-10 14:38:05,506 [WARN] ModelIntegratedComponent:63 - No mode defined for component null
2026-06-10 14:38:05,506 [WARN] ModelIntegratedComponent:63 - No mode defined for component null
2026-06-10 14:38:05,506 [WARN] ModelIntegratedComponent:63 - No mode defined for component null
2026-06-10 14:38:05,510 [INFO] RtosManager:555 - Registered RTOS mode: class=CMSIS, group=RTOS, mode=CMSIS_V1, owner=FREERTOS
2026-06-10 14:38:05,510 [INFO] RtosManager:555 - Registered RTOS mode: class=CMSIS, group=RTOS2, mode=CMSIS_V2, owner=FREERTOS
2026-06-10 14:38:05,510 [INFO] RtosManager:555 - Registered RTOS mode: class=RTOS, group=Core, mode=CMSIS_V1, owner=FREERTOS
2026-06-10 14:38:05,511 [INFO] RtosManager:555 - Registered RTOS mode: class=RTOS, group=Core, mode=CMSIS_V2, owner=FREERTOS
2026-06-10 14:38:05,511 [WARN] ModelIntegratedComponent:184 - Missing modes for component STMicroelectronics:FreeRTOS:0.0.1:STMicroelectronics:RTOS:FreeRTOS:Core:::10.2.0:
2026-06-10 14:38:05,517 [INFO] ThirdPartyModel:298 - Start build external matchings
2026-06-10 14:38:05,532 [INFO] ThirdPartyModel:316 - End build external matchings
2026-06-10 14:38:05,692 [INFO] UtilMem:75 - End LoadConfig() Used Memory: 716737000 Bytes (1073741824)
2026-06-10 14:38:05,713 [WARN] ThirdParty:833 - waiting for thirdparty lock release [change project]
2026-06-10 14:38:05,713 [INFO] ThirdParty:835 - entering critical section [change project]
2026-06-10 14:38:05,713 [INFO] ThirdParty:1030 - CMSIS Pack Vendor :wolfSSL I-CUBE-wolfTPM 3.8.0
2026-06-10 14:38:05,713 [INFO] ThirdParty:1030 - CMSIS Pack Vendor :STMicroelectronics USBPD 4.1
2026-06-10 14:38:05,713 [INFO] ThirdParty:1030 - CMSIS Pack Vendor :STMicroelectronics X-CUBE-DISPLAY 3.0.0
2026-06-10 14:38:05,713 [INFO] ThirdParty:1030 - CMSIS Pack Vendor :wolfSSL I-CUBE-wolfSSH 1.4.20
2026-06-10 14:38:05,713 [INFO] ThirdParty:1030 - CMSIS Pack Vendor :STMicroelectronics USB_HOST 2.0.0
2026-06-10 14:38:05,713 [INFO] ThirdParty:1030 - CMSIS Pack Vendor :STMicroelectronics X-CUBE-AZRTOS-F4 1.1.0
2026-06-10 14:38:05,713 [INFO] ThirdParty:1030 - CMSIS Pack Vendor :STMicroelectronics LIBJPEG 8.0.0
2026-06-10 14:38:05,713 [INFO] ThirdParty:1030 - CMSIS Pack Vendor :wolfSSL I-CUBE-wolfSSL 5.9.1
2026-06-10 14:38:05,713 [INFO] ThirdParty:1030 - CMSIS Pack Vendor :STMicroelectronics FP-ATR-SIGFOX1 3.2.0
2026-06-10 14:38:05,713 [INFO] ThirdParty:1030 - CMSIS Pack Vendor :STMicroelectronics X-CUBE-SMBUS 2.1.0
2026-06-10 14:38:05,713 [INFO] ThirdParty:1030 - CMSIS Pack Vendor :wolfSSL I-CUBE-wolfMQTT 1.19.2
2026-06-10 14:38:05,713 [INFO] ThirdParty:1030 - CMSIS Pack Vendor :STMicroelectronics USB_DEVICE 3.0.0
2026-06-10 14:38:05,713 [INFO] ThirdParty:1030 - CMSIS Pack Vendor :STMicroelectronics HAL Drivers 0.0.0
2026-06-10 14:38:05,713 [INFO] ThirdParty:1030 - CMSIS Pack Vendor :STMicroelectronics MBEDTLS 2.16.2
2026-06-10 14:38:05,713 [INFO] ThirdParty:1030 - CMSIS Pack Vendor :emotas I-CUBE-CANOPEN 1.3.0
2026-06-10 14:38:05,713 [INFO] ThirdParty:1030 - CMSIS Pack Vendor :STMicroelectronics MBEDTLS 2.14.1
2026-06-10 14:38:05,714 [INFO] ThirdParty:1030 - CMSIS Pack Vendor :ITTIA_DB I-CUBE-ITTIADB 8.9.0
2026-06-10 14:38:05,714 [INFO] ThirdParty:1030 - CMSIS Pack Vendor :STMicroelectronics X-CUBE-AZRTOS-F7 1.1.0
2026-06-10 14:38:05,714 [INFO] ThirdParty:1030 - CMSIS Pack Vendor :STMicroelectronics X-CUBE-TOUCHGFX 4.26.1
2026-06-10 14:38:05,714 [INFO] ThirdParty:1030 - CMSIS Pack Vendor :STMicroelectronics USB_DEVICE 2.0.0
2026-06-10 14:38:05,714 [INFO] ThirdParty:1030 - CMSIS Pack Vendor :STMicroelectronics ThreadX 1.0.0
2026-06-10 14:38:05,714 [INFO] ThirdParty:1030 - CMSIS Pack Vendor :STMicroelectronics X-CUBE-AZRTOS-WL 2.0.0
2026-06-10 14:38:05,714 [INFO] ThirdParty:1030 - CMSIS Pack Vendor :SEGGER I-CUBE-embOS 1.3.1
2026-06-10 14:38:05,714 [INFO] ThirdParty:1030 - CMSIS Pack Vendor :STMicroelectronics X-CUBE-ALGOBUILD 1.4.0
2026-06-10 14:38:05,714 [INFO] ThirdParty:1030 - CMSIS Pack Vendor :STMicroelectronics X-CUBE-ALGOBUILD 1.5.0
2026-06-10 14:38:05,714 [INFO] ThirdParty:1030 - CMSIS Pack Vendor :STMicroelectronics FreeRTOS 0.0.1
2026-06-10 14:38:05,714 [INFO] ThirdParty:1030 - CMSIS Pack Vendor :STMicroelectronics X-CUBE-AZRTOS-G0 1.1.0
2026-06-10 14:38:05,714 [INFO] ThirdParty:1030 - CMSIS Pack Vendor :STMicroelectronics USB_DEVICE 1.0.0
2026-06-10 14:38:05,714 [INFO] ThirdParty:1030 - CMSIS Pack Vendor :STMicroelectronics X-CUBE-NFC4 3.0.0
2026-06-10 14:38:05,714 [INFO] ThirdParty:1030 - CMSIS Pack Vendor :STMicroelectronics X-CUBE-SUBG2 5.0.0
2026-06-10 14:38:05,714 [INFO] ThirdParty:1030 - CMSIS Pack Vendor :STMicroelectronics STM32_WPAN 1.0.0
2026-06-10 14:38:05,714 [INFO] ThirdParty:1030 - CMSIS Pack Vendor :STMicroelectronics X-CUBE-AZRTOS-L4 2.0.0
2026-06-10 14:38:05,714 [INFO] ThirdParty:1030 - CMSIS Pack Vendor :STMicroelectronics ThreadX 0.0.2
2026-06-10 14:38:05,714 [INFO] ThirdParty:1030 - CMSIS Pack Vendor :STMicroelectronics lwIP 2.0.3
2026-06-10 14:38:05,714 [INFO] ThirdParty:1030 - CMSIS Pack Vendor :STMicroelectronics lwIP 2.1.2
2026-06-10 14:38:05,714 [INFO] ThirdParty:1030 - CMSIS Pack Vendor :STMicroelectronics X-CUBE-SFXS2LP1 4.0.0
2026-06-10 14:38:05,714 [INFO] ThirdParty:1030 - CMSIS Pack Vendor :STMicroelectronics X-CUBE-BLE2 3.3.0
2026-06-10 14:38:05,714 [INFO] ThirdParty:1030 - CMSIS Pack Vendor :STMicroelectronics USB_HOST 1.0.0
2026-06-10 14:38:05,714 [INFO] ThirdParty:1030 - CMSIS Pack Vendor :STMicroelectronics X-CUBE-AZRTOS-G4 2.0.0
2026-06-10 14:38:05,714 [INFO] ThirdParty:1030 - CMSIS Pack Vendor :STMicroelectronics PDM2PCM 3.1.0
2026-06-10 14:38:05,714 [INFO] ThirdParty:1030 - CMSIS Pack Vendor :STMicroelectronics PDM2PCM 3.2.0
2026-06-10 14:38:05,714 [INFO] ThirdParty:1030 - CMSIS Pack Vendor :STMicroelectronics PDM2PCM 3.3.0
2026-06-10 14:38:05,714 [INFO] ThirdParty:841 - exiting critical section [change project]
2026-06-10 14:38:05,821 [INFO] PinOutPanel:1499 - setPackage(No Configuration,No Configuration)
2026-06-10 14:38:05,821 [INFO] PinOutPanel:1499 - setPackage(STM32F103C8Tx,LQFP48)
2026-06-10 14:38:05,949 [INFO] UtilMem:75 - Before build in PCC Used Memory: 754137472 Bytes (1073741824)
2026-06-10 14:38:06,121 [INFO] UtilMem:75 - After build in PCC Used Memory: 798704000 Bytes (1073741824)
2026-06-10 14:38:06,141 [INFO] IPUIPlugin:80 - create IPUIPlugin
2026-06-10 14:38:06,141 [INFO] IPUIPlugin:80 - create IPUIPlugin
2026-06-10 14:38:06,142 [INFO] IPUIPlugin:80 - create IPUIPlugin
2026-06-10 14:38:06,142 [INFO] IPUIPlugin:80 - create IPUIPlugin
2026-06-10 14:38:06,142 [INFO] IPUIPlugin:80 - create IPUIPlugin
2026-06-10 14:38:06,142 [INFO] IPUIPlugin:80 - create IPUIPlugin
2026-06-10 14:38:06,142 [INFO] IPUIPlugin:80 - create IPUIPlugin
2026-06-10 14:38:06,142 [INFO] IPUIPlugin:80 - create IPUIPlugin
2026-06-10 14:38:06,142 [INFO] IPUIPlugin:80 - create IPUIPlugin
2026-06-10 14:38:06,142 [INFO] IPUIPlugin:80 - create IPUIPlugin
2026-06-10 14:38:06,142 [INFO] IPUIPlugin:80 - create IPUIPlugin
2026-06-10 14:38:06,142 [INFO] IPUIPlugin:80 - create IPUIPlugin
2026-06-10 14:38:06,142 [INFO] IPUIPlugin:80 - create IPUIPlugin
2026-06-10 14:38:06,143 [INFO] IPUIPlugin:80 - create IPUIPlugin
2026-06-10 14:38:06,143 [INFO] IPUIPlugin:80 - create IPUIPlugin
2026-06-10 14:38:06,143 [INFO] IPUIPlugin:80 - create IPUIPlugin
2026-06-10 14:38:06,144 [INFO] IPUIPlugin:80 - create IPUIPlugin
2026-06-10 14:38:06,144 [INFO] IPUIPlugin:80 - create IPUIPlugin
2026-06-10 14:38:06,144 [INFO] IPUIPlugin:80 - create IPUIPlugin
2026-06-10 14:38:06,145 [INFO] IPUIPlugin:80 - create IPUIPlugin
2026-06-10 14:38:06,145 [INFO] IPUIPlugin:80 - create IPUIPlugin
2026-06-10 14:38:06,145 [INFO] IPUIPlugin:80 - create IPUIPlugin
2026-06-10 14:38:06,145 [INFO] IPUIPlugin:80 - create IPUIPlugin
2026-06-10 14:38:06,146 [INFO] IPUIPlugin:80 - create IPUIPlugin
2026-06-10 14:38:06,146 [INFO] IPUIPlugin:80 - create IPUIPlugin
2026-06-10 14:38:06,147 [INFO] IPUIPlugin:80 - create IPUIPlugin
2026-06-10 14:38:06,147 [INFO] IPUIPlugin:80 - create IPUIPlugin
2026-06-10 14:38:06,150 [WARN] IP:2114 - I2C_Coeff_DF not found: check if there is a RefParameter without a condition.
2026-06-10 14:38:06,150 [WARN] IP:2114 - Analog_Filter not found: check if there is a RefParameter without a condition.
2026-06-10 14:38:06,191 [INFO] CADModel:165 - CPN selected for project levelSTM32F103C8T6
2026-06-10 14:38:06,191 [INFO] CADModel:114 - Register for checkConnection events
2026-06-10 14:38:06,241 [INFO] OpenFileManager:328 - Restore cursor
2026-06-10 14:38:06,364 [WARN] IP:2114 - I2C_Coeff_DF not found: check if there is a RefParameter without a condition.
2026-06-10 14:38:06,364 [WARN] IP:2114 - Analog_Filter not found: check if there is a RefParameter without a condition.
2026-06-10 14:38:06,364 [WARN] IP:2114 - I2C_Coeff_DF not found: check if there is a RefParameter without a condition.
2026-06-10 14:38:06,364 [WARN] IP:2114 - Analog_Filter not found: check if there is a RefParameter without a condition.
2026-06-10 14:38:22,157 [INFO] UtilMem:75 - End SaveConfig() Used Memory: 712651896 Bytes (1073741824)
2026-06-10 14:38:22,193 [INFO] UtilMem:75 - End SaveConfig() Used Memory: 729748576 Bytes (1073741824)
2026-06-10 14:38:22,537 [INFO] UtilMem:75 - End SaveConfig() Used Memory: 762382664 Bytes (1073741824)
2026-06-10 14:38:22,940 [INFO] BlockDiagram:2759 - set Specific Code input for plugin: NVIC
2026-06-10 14:38:22,940 [INFO] BlockDiagram:2759 - set Specific Code input for plugin: USART
2026-06-10 14:38:22,940 [INFO] BlockDiagram:2759 - set Specific Code input for plugin: SYS
2026-06-10 14:38:22,941 [INFO] BlockDiagram:2759 - set Specific Code input for plugin: GPIO
2026-06-10 14:38:22,941 [INFO] BlockDiagram:2759 - set Specific Code input for plugin: RCC
2026-06-10 14:38:22,941 [INFO] BlockDiagram:2759 - set Specific Code input for plugin: I2C
2026-06-10 14:38:22,942 [INFO] CodeGenerator:799 - code generatio: config db path: C:\ST\STM32CubeIDE_1.13.1\STM32CubeIDE\plugins\com.st.stm32cube.common.mx_6.9.1.202307191849\\db\
2026-06-10 14:38:22,949 [WARN] IP:2114 - I2C_Coeff_DF not found: check if there is a RefParameter without a condition.
2026-06-10 14:38:22,950 [WARN] IP:2114 - Analog_Filter not found: check if there is a RefParameter without a condition.
2026-06-10 14:38:23,154 [INFO] CodeEngine:255 - oldGeneratedFile, D:\smart_garden\test1\MXTmpFiles\license.tmp_save
2026-06-10 14:38:23,466 [INFO] CodeEngine:279 - Generated code: D:\smart_garden\test1\MXTmpFiles\license.tmp
2026-06-10 14:38:23,587 [INFO] CodeEngine:255 - oldGeneratedFile, D:\smart_garden\test1\MXTmpFiles\gpio.tmp_save
2026-06-10 14:38:23,701 [INFO] CodeEngine:279 - Generated code: D:\smart_garden\test1\MXTmpFiles\gpio.tmp
2026-06-10 14:38:23,807 [INFO] CodeEngine:255 - oldGeneratedFile, D:\smart_garden\test1\Core\Src\stm32f1xx_it.c_save
2026-06-10 14:38:23,928 [INFO] CodeEngine:279 - Generated code: D:\smart_garden\test1\Core\Src\stm32f1xx_it.c
2026-06-10 14:38:23,932 [INFO] CodeEngine:255 - oldGeneratedFile, D:\smart_garden\test1\Core\Inc\stm32f1xx_it.h_save
2026-06-10 14:38:23,999 [INFO] CodeEngine:279 - Generated code: D:\smart_garden\test1\Core\Inc\stm32f1xx_it.h
2026-06-10 14:38:24,012 [INFO] CodeEngine:255 - oldGeneratedFile, D:\smart_garden\test1\Core\Src\stm32f1xx_hal_msp.c_save
2026-06-10 14:38:24,145 [INFO] CodeEngine:279 - Generated code: D:\smart_garden\test1\Core\Src\stm32f1xx_hal_msp.c
2026-06-10 14:38:24,148 [INFO] CodeEngine:255 - oldGeneratedFile, D:\smart_garden\test1\MXTmpFiles\system.tmp_save
2026-06-10 14:38:24,208 [INFO] CodeEngine:279 - Generated code: D:\smart_garden\test1\MXTmpFiles\system.tmp
2026-06-10 14:38:24,215 [INFO] CodeEngine:311 - oldGeneratedFile, D:\smart_garden\test1\Core\Inc\stm32f1xx_hal_conf.h_save
2026-06-10 14:38:24,317 [INFO] CodeEngine:335 - Generated code: D:\smart_garden\test1\Core\Inc\stm32f1xx_hal_conf.h
2026-06-10 14:38:24,343 [INFO] CodeEngine:255 - oldGeneratedFile, D:\smart_garden\test1\Core\Inc\main.h_save
2026-06-10 14:38:24,412 [INFO] CodeEngine:279 - Generated code: D:\smart_garden\test1\Core\Inc\main.h
2026-06-10 14:38:24,415 [INFO] CodeEngine:255 - oldGeneratedFile, D:\smart_garden\test1\Core\Src\main.c_save
2026-06-10 14:38:24,550 [INFO] CodeEngine:279 - Generated code: D:\smart_garden\test1\Core\Src\main.c
2026-06-10 14:38:24,928 [INFO] ProjectBuilder:3064 - Time for Copy HAL[1] : 103mS.
2026-06-10 14:38:24,934 [INFO] ProjectBuilder:4404 - Project Generator version: 4.1.0
2026-06-10 14:38:25,118 [INFO] ConfigFileManager:1457 - The Die is : DIE410
2026-06-10 14:38:25,129 [INFO] ApiDbMcu:507 - Load IP Config File for FATFS
2026-06-10 14:38:25,135 [INFO] ApiDbMcu:507 - Load IP Config File for FREERTOS
2026-06-10 14:38:25,141 [INFO] ApiDbMcu:507 - Load IP Config File for USB_DEVICE
2026-06-10 14:38:25,952 [INFO] LogOutputStream:77 - [STDOUT_REDIRECT] 
2026-06-10 14:38:26,671 [INFO] ProjectBuilder:4626 - Time for Generating toolchain IDE Files: 1737mS.
2026-06-10 14:38:26,672 [INFO] ProjectBuilder:2935 - Time for Copy CMSIS : 0mS.
2026-06-10 14:38:26,674 [INFO] ProjectBuilder:2935 - Time for Copy CMSIS : 0mS.
2026-06-10 14:42:41,026 [WARN] IP:2114 - I2C_Coeff_DF not found: check if there is a RefParameter without a condition.
2026-06-10 14:42:41,026 [WARN] IP:2114 - Analog_Filter not found: check if there is a RefParameter without a condition.
2026-06-10 14:42:41,026 [WARN] IP:2114 - I2C_Coeff_DF not found: check if there is a RefParameter without a condition.
2026-06-10 14:42:41,026 [WARN] IP:2114 - Analog_Filter not found: check if there is a RefParameter without a condition.
2026-06-10 14:44:55,593 [INFO] MainUpdater:2868 - connection check result : 10
2026-06-10 14:44:55,593 [INFO] MainUpdater:2868 - connection check result : 10
2026-06-10 14:44:55,642 [INFO] MicroXplorer:468 - Change Database Path : 
2026-06-10 14:44:55,642 [INFO] MicroXplorer:498 - Change Database Version : DB.6.0.91
2026-06-10 14:44:55,655 [WARN] ThirdParty:871 - waiting for thirdparty lock release [close project]
2026-06-10 14:44:55,655 [INFO] ThirdParty:873 - entering critical section [close project]
2026-06-10 14:44:55,655 [INFO] ThirdParty:883 - exiting critical section [close project]
2026-06-10 14:44:55,656 [INFO] PinOutPanel:1499 - setPackage(No Configuration,No Configuration)
2026-06-10 14:44:55,658 [INFO] UtilMem:75 - Begin LoadConfig() Used Memory: 804641536 Bytes (1073741824)
2026-06-10 14:44:55,658 [INFO] MicroXplorer:468 - Change Database Path : 
2026-06-10 14:44:55,659 [INFO] MicroXplorer:498 - Change Database Version : DB.6.0.91
2026-06-10 14:44:55,659 [INFO] OpenFileManager:308 - Change cursor
2026-06-10 14:44:55,665 [INFO] RulesReader:64 - Compatibility file has been processed (293 Rules)
2026-06-10 14:44:55,667 [INFO] Mcu:1946 - Initializing MCU STM32F103C(8-B)Tx STM32F103C8Tx STM32F103C8T6
2026-06-10 14:44:55,974 [INFO] Context:659 - Trying to add GPIOservice into a context  which must be forbidden
2026-06-10 14:44:56,061 [WARN] ModelIntegratedComponent:63 - No mode defined for component null
2026-06-10 14:44:56,061 [WARN] ModelIntegratedComponent:63 - No mode defined for component null
2026-06-10 14:44:56,061 [WARN] ModelIntegratedComponent:63 - No mode defined for component null
2026-06-10 14:44:56,061 [WARN] ModelIntegratedComponent:63 - No mode defined for component null
2026-06-10 14:44:56,061 [WARN] ModelIntegratedComponent:63 - No mode defined for component null
2026-06-10 14:44:56,061 [WARN] ModelIntegratedComponent:63 - No mode defined for component null
2026-06-10 14:44:56,061 [WARN] ModelIntegratedComponent:63 - No mode defined for component null
2026-06-10 14:44:56,061 [WARN] ModelIntegratedComponent:63 - No mode defined for component null
2026-06-10 14:44:56,061 [WARN] ModelIntegratedComponent:63 - No mode defined for component null
2026-06-10 14:44:56,061 [WARN] ModelIntegratedComponent:63 - No mode defined for component null
2026-06-10 14:44:56,061 [WARN] ModelIntegratedComponent:63 - No mode defined for component null
2026-06-10 14:44:56,061 [WARN] ModelIntegratedComponent:63 - No mode defined for component null
2026-06-10 14:44:56,061 [WARN] ModelIntegratedComponent:63 - No mode defined for component null
2026-06-10 14:44:56,061 [WARN] ModelIntegratedComponent:63 - No mode defined for component null
2026-06-10 14:44:56,061 [WARN] ModelIntegratedComponent:63 - No mode defined for component null
2026-06-10 14:44:56,061 [WARN] ModelIntegratedComponent:63 - No mode defined for component null
2026-06-10 14:44:56,061 [WARN] ModelIntegratedComponent:63 - No mode defined for component null
2026-06-10 14:44:56,061 [WARN] ModelIntegratedComponent:63 - No mode defined for component null
2026-06-10 14:44:56,061 [WARN] ModelIntegratedComponent:63 - No mode defined for component null
2026-06-10 14:44:56,061 [WARN] ModelIntegratedComponent:63 - No mode defined for component null
2026-06-10 14:44:56,061 [WARN] ModelIntegratedComponent:63 - No mode defined for component null
2026-06-10 14:44:56,061 [WARN] ModelIntegratedComponent:63 - No mode defined for component null
2026-06-10 14:44:56,061 [WARN] ModelIntegratedComponent:63 - No mode defined for component null
2026-06-10 14:44:56,061 [WARN] ModelIntegratedComponent:63 - No mode defined for component null
2026-06-10 14:44:56,061 [WARN] ModelIntegratedComponent:63 - No mode defined for component null
2026-06-10 14:44:56,061 [WARN] ModelIntegratedComponent:63 - No mode defined for component null
2026-06-10 14:44:56,061 [WARN] ModelIntegratedComponent:63 - No mode defined for component null
2026-06-10 14:44:56,061 [WARN] ModelIntegratedComponent:63 - No mode defined for component null
2026-06-10 14:44:56,061 [WARN] ModelIntegratedComponent:63 - No mode defined for component null
2026-06-10 14:44:56,061 [WARN] ModelIntegratedComponent:63 - No mode defined for component null
2026-06-10 14:44:56,061 [WARN] ModelIntegratedComponent:63 - No mode defined for component null
2026-06-10 14:44:56,061 [WARN] ModelIntegratedComponent:63 - No mode defined for component null
2026-06-10 14:44:56,061 [WARN] ModelIntegratedComponent:63 - No mode defined for component null
2026-06-10 14:44:56,064 [INFO] RtosManager:555 - Registered RTOS mode: class=CMSIS, group=RTOS, mode=CMSIS_V1, owner=FREERTOS
2026-06-10 14:44:56,064 [INFO] RtosManager:555 - Registered RTOS mode: class=CMSIS, group=RTOS2, mode=CMSIS_V2, owner=FREERTOS
2026-06-10 14:44:56,064 [INFO] RtosManager:555 - Registered RTOS mode: class=RTOS, group=Core, mode=CMSIS_V1, owner=FREERTOS
2026-06-10 14:44:56,064 [INFO] RtosManager:555 - Registered RTOS mode: class=RTOS, group=Core, mode=CMSIS_V2, owner=FREERTOS
2026-06-10 14:44:56,064 [WARN] ModelIntegratedComponent:184 - Missing modes for component STMicroelectronics:FreeRTOS:0.0.1:STMicroelectronics:RTOS:FreeRTOS:Core:::10.2.0:
2026-06-10 14:44:56,069 [INFO] ThirdPartyModel:298 - Start build external matchings
2026-06-10 14:44:56,081 [INFO] ThirdPartyModel:316 - End build external matchings
2026-06-10 14:44:56,228 [INFO] UtilMem:75 - End LoadConfig() Used Memory: 902467168 Bytes (1073741824)
2026-06-10 14:44:56,252 [WARN] ThirdParty:833 - waiting for thirdparty lock release [change project]
2026-06-10 14:44:56,252 [INFO] ThirdParty:835 - entering critical section [change project]
2026-06-10 14:44:56,252 [INFO] ThirdParty:1030 - CMSIS Pack Vendor :wolfSSL I-CUBE-wolfTPM 3.8.0
2026-06-10 14:44:56,253 [INFO] ThirdParty:1030 - CMSIS Pack Vendor :STMicroelectronics USBPD 4.1
2026-06-10 14:44:56,253 [INFO] ThirdParty:1030 - CMSIS Pack Vendor :STMicroelectronics X-CUBE-DISPLAY 3.0.0
2026-06-10 14:44:56,253 [INFO] ThirdParty:1030 - CMSIS Pack Vendor :wolfSSL I-CUBE-wolfSSH 1.4.20
2026-06-10 14:44:56,253 [INFO] ThirdParty:1030 - CMSIS Pack Vendor :STMicroelectronics USB_HOST 2.0.0
2026-06-10 14:44:56,253 [INFO] ThirdParty:1030 - CMSIS Pack Vendor :STMicroelectronics X-CUBE-AZRTOS-F4 1.1.0
2026-06-10 14:44:56,253 [INFO] ThirdParty:1030 - CMSIS Pack Vendor :STMicroelectronics LIBJPEG 8.0.0
2026-06-10 14:44:56,253 [INFO] ThirdParty:1030 - CMSIS Pack Vendor :wolfSSL I-CUBE-wolfSSL 5.9.1
2026-06-10 14:44:56,253 [INFO] ThirdParty:1030 - CMSIS Pack Vendor :STMicroelectronics FP-ATR-SIGFOX1 3.2.0
2026-06-10 14:44:56,253 [INFO] ThirdParty:1030 - CMSIS Pack Vendor :STMicroelectronics X-CUBE-SMBUS 2.1.0
2026-06-10 14:44:56,253 [INFO] ThirdParty:1030 - CMSIS Pack Vendor :wolfSSL I-CUBE-wolfMQTT 1.19.2
2026-06-10 14:44:56,253 [INFO] ThirdParty:1030 - CMSIS Pack Vendor :STMicroelectronics USB_DEVICE 3.0.0
2026-06-10 14:44:56,253 [INFO] ThirdParty:1030 - CMSIS Pack Vendor :STMicroelectronics HAL Drivers 0.0.0
2026-06-10 14:44:56,253 [INFO] ThirdParty:1030 - CMSIS Pack Vendor :STMicroelectronics MBEDTLS 2.16.2
2026-06-10 14:44:56,253 [INFO] ThirdParty:1030 - CMSIS Pack Vendor :emotas I-CUBE-CANOPEN 1.3.0
2026-06-10 14:44:56,253 [INFO] ThirdParty:1030 - CMSIS Pack Vendor :STMicroelectronics MBEDTLS 2.14.1
2026-06-10 14:44:56,253 [INFO] ThirdParty:1030 - CMSIS Pack Vendor :ITTIA_DB I-CUBE-ITTIADB 8.9.0
2026-06-10 14:44:56,253 [INFO] ThirdParty:1030 - CMSIS Pack Vendor :STMicroelectronics X-CUBE-AZRTOS-F7 1.1.0
2026-06-10 14:44:56,253 [INFO] ThirdParty:1030 - CMSIS Pack Vendor :STMicroelectronics X-CUBE-TOUCHGFX 4.26.1
2026-06-10 14:44:56,253 [INFO] ThirdParty:1030 - CMSIS Pack Vendor :STMicroelectronics USB_DEVICE 2.0.0
2026-06-10 14:44:56,253 [INFO] ThirdParty:1030 - CMSIS Pack Vendor :STMicroelectronics ThreadX 1.0.0
2026-06-10 14:44:56,253 [INFO] ThirdParty:1030 - CMSIS Pack Vendor :STMicroelectronics X-CUBE-AZRTOS-WL 2.0.0
2026-06-10 14:44:56,253 [INFO] ThirdParty:1030 - CMSIS Pack Vendor :SEGGER I-CUBE-embOS 1.3.1
2026-06-10 14:44:56,253 [INFO] ThirdParty:1030 - CMSIS Pack Vendor :STMicroelectronics X-CUBE-ALGOBUILD 1.4.0
2026-06-10 14:44:56,253 [INFO] ThirdParty:1030 - CMSIS Pack Vendor :STMicroelectronics X-CUBE-ALGOBUILD 1.5.0
2026-06-10 14:44:56,253 [INFO] ThirdParty:1030 - CMSIS Pack Vendor :STMicroelectronics FreeRTOS 0.0.1
2026-06-10 14:44:56,253 [INFO] ThirdParty:1030 - CMSIS Pack Vendor :STMicroelectronics X-CUBE-AZRTOS-G0 1.1.0
2026-06-10 14:44:56,253 [INFO] ThirdParty:1030 - CMSIS Pack Vendor :STMicroelectronics USB_DEVICE 1.0.0
2026-06-10 14:44:56,253 [INFO] ThirdParty:1030 - CMSIS Pack Vendor :STMicroelectronics X-CUBE-NFC4 3.0.0
2026-06-10 14:44:56,253 [INFO] ThirdParty:1030 - CMSIS Pack Vendor :STMicroelectronics X-CUBE-SUBG2 5.0.0
2026-06-10 14:44:56,253 [INFO] ThirdParty:1030 - CMSIS Pack Vendor :STMicroelectronics STM32_WPAN 1.0.0
2026-06-10 14:44:56,253 [INFO] ThirdParty:1030 - CMSIS Pack Vendor :STMicroelectronics X-CUBE-AZRTOS-L4 2.0.0
2026-06-10 14:44:56,253 [INFO] ThirdParty:1030 - CMSIS Pack Vendor :STMicroelectronics ThreadX 0.0.2
2026-06-10 14:44:56,254 [INFO] ThirdParty:1030 - CMSIS Pack Vendor :STMicroelectronics lwIP 2.0.3
2026-06-10 14:44:56,254 [INFO] ThirdParty:1030 - CMSIS Pack Vendor :STMicroelectronics lwIP 2.1.2
2026-06-10 14:44:56,254 [INFO] ThirdParty:1030 - CMSIS Pack Vendor :STMicroelectronics X-CUBE-SFXS2LP1 4.0.0
2026-06-10 14:44:56,254 [INFO] ThirdParty:1030 - CMSIS Pack Vendor :STMicroelectronics X-CUBE-BLE2 3.3.0
2026-06-10 14:44:56,254 [INFO] ThirdParty:1030 - CMSIS Pack Vendor :STMicroelectronics USB_HOST 1.0.0
2026-06-10 14:44:56,254 [INFO] ThirdParty:1030 - CMSIS Pack Vendor :STMicroelectronics X-CUBE-AZRTOS-G4 2.0.0
2026-06-10 14:44:56,254 [INFO] ThirdParty:1030 - CMSIS Pack Vendor :STMicroelectronics PDM2PCM 3.1.0
2026-06-10 14:44:56,254 [INFO] ThirdParty:1030 - CMSIS Pack Vendor :STMicroelectronics PDM2PCM 3.2.0
2026-06-10 14:44:56,254 [INFO] ThirdParty:1030 - CMSIS Pack Vendor :STMicroelectronics PDM2PCM 3.3.0
2026-06-10 14:44:56,254 [INFO] ThirdParty:841 - exiting critical section [change project]
2026-06-10 14:44:56,345 [INFO] PinOutPanel:1499 - setPackage(No Configuration,No Configuration)
2026-06-10 14:44:56,345 [INFO] PinOutPanel:1499 - setPackage(STM32F103C8Tx,LQFP48)
2026-06-10 14:44:56,482 [INFO] UtilMem:75 - Before build in PCC Used Memory: 766489408 Bytes (1073741824)
2026-06-10 14:44:56,663 [INFO] UtilMem:75 - After build in PCC Used Memory: 808061624 Bytes (1073741824)
2026-06-10 14:44:56,684 [INFO] IPUIPlugin:80 - create IPUIPlugin
2026-06-10 14:44:56,684 [INFO] IPUIPlugin:80 - create IPUIPlugin
2026-06-10 14:44:56,684 [INFO] IPUIPlugin:80 - create IPUIPlugin
2026-06-10 14:44:56,684 [INFO] IPUIPlugin:80 - create IPUIPlugin
2026-06-10 14:44:56,684 [INFO] IPUIPlugin:80 - create IPUIPlugin
2026-06-10 14:44:56,684 [INFO] IPUIPlugin:80 - create IPUIPlugin
2026-06-10 14:44:56,684 [INFO] IPUIPlugin:80 - create IPUIPlugin
2026-06-10 14:44:56,685 [INFO] IPUIPlugin:80 - create IPUIPlugin
2026-06-10 14:44:56,685 [INFO] IPUIPlugin:80 - create IPUIPlugin
2026-06-10 14:44:56,685 [INFO] IPUIPlugin:80 - create IPUIPlugin
2026-06-10 14:44:56,685 [INFO] IPUIPlugin:80 - create IPUIPlugin
2026-06-10 14:44:56,685 [INFO] IPUIPlugin:80 - create IPUIPlugin
2026-06-10 14:44:56,685 [INFO] IPUIPlugin:80 - create IPUIPlugin
2026-06-10 14:44:56,686 [INFO] IPUIPlugin:80 - create IPUIPlugin
2026-06-10 14:44:56,686 [INFO] IPUIPlugin:80 - create IPUIPlugin
2026-06-10 14:44:56,686 [INFO] IPUIPlugin:80 - create IPUIPlugin
2026-06-10 14:44:56,686 [INFO] IPUIPlugin:80 - create IPUIPlugin
2026-06-10 14:44:56,686 [INFO] IPUIPlugin:80 - create IPUIPlugin
2026-06-10 14:44:56,686 [INFO] IPUIPlugin:80 - create IPUIPlugin
2026-06-10 14:44:56,686 [INFO] IPUIPlugin:80 - create IPUIPlugin
2026-06-10 14:44:56,687 [INFO] IPUIPlugin:80 - create IPUIPlugin
2026-06-10 14:44:56,687 [INFO] IPUIPlugin:80 - create IPUIPlugin
2026-06-10 14:44:56,687 [INFO] IPUIPlugin:80 - create IPUIPlugin
2026-06-10 14:44:56,687 [INFO] IPUIPlugin:80 - create IPUIPlugin
2026-06-10 14:44:56,687 [INFO] IPUIPlugin:80 - create IPUIPlugin
2026-06-10 14:44:56,688 [INFO] IPUIPlugin:80 - create IPUIPlugin
2026-06-10 14:44:56,688 [INFO] IPUIPlugin:80 - create IPUIPlugin
2026-06-10 14:44:56,689 [WARN] IP:2114 - I2C_Coeff_DF not found: check if there is a RefParameter without a condition.
2026-06-10 14:44:56,689 [WARN] IP:2114 - Analog_Filter not found: check if there is a RefParameter without a condition.
2026-06-10 14:44:56,728 [INFO] CADModel:165 - CPN selected for project levelSTM32F103C8T6
2026-06-10 14:44:56,728 [INFO] CADModel:114 - Register for checkConnection events
2026-06-10 14:44:56,780 [INFO] OpenFileManager:328 - Restore cursor
2026-06-10 14:44:56,919 [WARN] IP:2114 - I2C_Coeff_DF not found: check if there is a RefParameter without a condition.
2026-06-10 14:44:56,919 [WARN] IP:2114 - Analog_Filter not found: check if there is a RefParameter without a condition.
2026-06-10 14:44:56,920 [WARN] IP:2114 - I2C_Coeff_DF not found: check if there is a RefParameter without a condition.
2026-06-10 14:44:56,920 [WARN] IP:2114 - Analog_Filter not found: check if there is a RefParameter without a condition.
2026-06-10 14:48:16,955 [WARN] IP:2114 - I2C_Coeff_DF not found: check if there is a RefParameter without a condition.
2026-06-10 14:48:16,955 [WARN] IP:2114 - Analog_Filter not found: check if there is a RefParameter without a condition.
2026-06-10 14:48:16,956 [WARN] IP:2114 - I2C_Coeff_DF not found: check if there is a RefParameter without a condition.
2026-06-10 14:48:16,956 [WARN] IP:2114 - Analog_Filter not found: check if there is a RefParameter without a condition.
2026-06-10 17:21:56,318 [ERROR] LogOutputStream:75 - [STDERR_REDIRECT] 
2026-06-10 17:22:53,966 [INFO] Activator:176 - 


2026-06-10 17:22:53,968 [INFO] Activator:177 - !SESSION log4j initialized
2026-06-10 17:22:57,892 [INFO] LogOutputStream:77 - [STDOUT_REDIRECT] 
2026-06-10 17:22:58,582 [INFO] ApplicationProperties:184 - Using Application install path: C:\ST\STM32CubeIDE_1.13.1\STM32CubeIDE\plugins\com.st.stm32cube.common.mx_6.9.1.202307191849
2026-06-10 17:22:58,598 [INFO] DbMcusXml:78 - Set database path to: C:\ST\STM32CubeIDE_1.13.1\STM32CubeIDE\plugins\com.st.stm32cube.common.mx_6.9.1.202307191849\\db\/mcu/
2026-06-10 17:22:58,599 [INFO] ApiDb:274 - Set plugin database path to: C:\ST\STM32CubeIDE_1.13.1\STM32CubeIDE\plugins\com.st.stm32cube.common.mx_6.9.1.202307191849\\db\/plugins/boardmanager/
2026-06-10 17:22:58,599 [WARN] ApiDb:259 - Overriding images path with different value:  => C:\ST\STM32CubeIDE_1.13.1\STM32CubeIDE\plugins\com.st.stm32cube.common.mx_6.9.1.202307191849\\db\/plugins/mcufinder/images/
2026-06-10 17:22:58,607 [INFO] ApiDb:250 - Set database path to: C:\Users\Admin\.stmcufinder\plugins\mcufinder//mcu/
2026-06-10 17:22:58,608 [INFO] DbMcusAds:125 - Set database path to: C:\Users\Admin\.stmcufinder\plugins\mcufinder//mcu/
2026-06-10 17:22:58,609 [INFO] CrossReferenceDbSqlite:203 - Set database path to: C:\Users\Admin\.stmcufinder\plugins\mcufinder//mcu/cs/
2026-06-10 17:22:58,690 [INFO] RulesReader:64 - Compatibility file has been processed (293 Rules)
2026-06-10 17:22:58,763 [INFO] DbMcusXml:78 - Set database path to: C:\ST\STM32CubeIDE_1.13.1\STM32CubeIDE\plugins\com.st.stm32cube.common.mx_6.9.1.202307191849\\db\/mcu/
2026-06-10 17:22:58,763 [INFO] ApiDb:274 - Set plugin database path to: C:\ST\STM32CubeIDE_1.13.1\STM32CubeIDE\plugins\com.st.stm32cube.common.mx_6.9.1.202307191849\\db\/plugins/boardmanager/
2026-06-10 17:22:58,764 [INFO] ApiDb:261 - Set plugin images path to: C:\ST\STM32CubeIDE_1.13.1\STM32CubeIDE\plugins\com.st.stm32cube.common.mx_6.9.1.202307191849\\db\/plugins/mcufinder/images/
2026-06-10 17:22:58,764 [WARN] DbFile:41 - Overriding database path with different value: C:\Users\Admin\.stmcufinder\plugins\mcufinder/ => C:\Users\Admin\.stmcufinder\plugins\mcufinder
2026-06-10 17:22:58,764 [INFO] ApiDb:250 - Set database path to: C:\Users\Admin\.stmcufinder\plugins\mcufinder//mcu/
2026-06-10 17:22:58,764 [WARN] DbFile:41 - Overriding database path with different value: C:\Users\Admin\.stmcufinder\plugins\mcufinder/ => C:\Users\Admin\.stmcufinder\plugins\mcufinder
2026-06-10 17:22:58,764 [INFO] DbMcusAds:125 - Set database path to: C:\Users\Admin\.stmcufinder\plugins\mcufinder//mcu/
2026-06-10 17:22:58,764 [WARN] DbFile:41 - Overriding database path with different value: C:\Users\Admin\.stmcufinder\plugins\mcufinder/ => C:\Users\Admin\.stmcufinder\plugins\mcufinder
2026-06-10 17:22:58,764 [WARN] DbFile:41 - Overriding database path with different value: C:\Users\Admin\.stmcufinder\plugins\mcufinder/ => C:\Users\Admin\.stmcufinder\plugins\mcufinder
2026-06-10 17:22:58,764 [INFO] CrossReferenceDbSqlite:203 - Set database path to: C:\Users\Admin\.stmcufinder\plugins\mcufinder//mcu/cs/
2026-06-10 17:22:58,826 [INFO] MainPanel:262 - HeapMemory: 268435456
2026-06-10 17:22:58,904 [INFO] DbMcusXml:78 - Set database path to: C:\ST\STM32CubeIDE_1.13.1\STM32CubeIDE\plugins\com.st.stm32cube.common.mx_6.9.1.202307191849\\db\/mcu/
2026-06-10 17:22:58,904 [INFO] ApiDb:274 - Set plugin database path to: C:\ST\STM32CubeIDE_1.13.1\STM32CubeIDE\plugins\com.st.stm32cube.common.mx_6.9.1.202307191849\\db\/plugins/boardmanager/
2026-06-10 17:22:58,904 [INFO] ApiDb:261 - Set plugin images path to: C:\ST\STM32CubeIDE_1.13.1\STM32CubeIDE\plugins\com.st.stm32cube.common.mx_6.9.1.202307191849\\db\/plugins/mcufinder/images/
2026-06-10 17:22:58,904 [WARN] DbFile:41 - Overriding database path with different value: C:\Users\Admin\.stmcufinder\plugins\mcufinder/ => C:\Users\Admin\.stmcufinder\plugins\mcufinder
2026-06-10 17:22:58,904 [INFO] ApiDb:250 - Set database path to: C:\Users\Admin\.stmcufinder\plugins\mcufinder//mcu/
2026-06-10 17:22:58,904 [WARN] DbFile:41 - Overriding database path with different value: C:\Users\Admin\.stmcufinder\plugins\mcufinder/ => C:\Users\Admin\.stmcufinder\plugins\mcufinder
2026-06-10 17:22:58,905 [INFO] DbMcusAds:125 - Set database path to: C:\Users\Admin\.stmcufinder\plugins\mcufinder//mcu/
2026-06-10 17:22:58,905 [WARN] DbFile:41 - Overriding database path with different value: C:\Users\Admin\.stmcufinder\plugins\mcufinder/ => C:\Users\Admin\.stmcufinder\plugins\mcufinder
2026-06-10 17:22:58,905 [WARN] DbFile:41 - Overriding database path with different value: C:\Users\Admin\.stmcufinder\plugins\mcufinder/ => C:\Users\Admin\.stmcufinder\plugins\mcufinder
2026-06-10 17:22:58,905 [INFO] CrossReferenceDbSqlite:203 - Set database path to: C:\Users\Admin\.stmcufinder\plugins\mcufinder//mcu/cs/
2026-06-10 17:22:58,921 [INFO] ApplicationProperties:184 - Using Application install path: C:\ST\STM32CubeIDE_1.13.1\STM32CubeIDE\plugins\com.st.stm32cube.common.mx_6.9.1.202307191849
2026-06-10 17:22:58,922 [INFO] PluginManage:196 - Search for loadable plugins [exclusion list=, ]
2026-06-10 17:22:58,923 [INFO] PluginManage:310 - Check plugin analytics
2026-06-10 17:22:59,030 [INFO] AnalyticsPlugin:253 - Accepted Software Licenses: 
2026-06-10 17:22:59,030 [INFO] AnalyticsPlugin:255 - Accepted CMSIS Pack Licenses: 
2026-06-10 17:22:59,030 [INFO] AnalyticsPlugin:257 - Accepted Firmware Licenses: FW.F4.1.27.0
2026-06-10 17:22:59,032 [INFO] PluginManage:359 - Loaded plugin analytics (category:tool,tabindex:-1)
2026-06-10 17:22:59,033 [INFO] PluginManage:310 - Check plugin cadmodel
2026-06-10 17:22:59,037 [INFO] CADModel:105 - Init CAD model plugin
2026-06-10 17:22:59,037 [INFO] PluginManage:359 - Loaded plugin cadmodel (category:power,tabindex:5)
2026-06-10 17:22:59,038 [INFO] PluginManage:310 - Check plugin clock
2026-06-10 17:22:59,046 [INFO] PluginManage:359 - Loaded plugin clock (category:base,tabindex:2)
2026-06-10 17:22:59,046 [INFO] PluginManage:310 - Check plugin ddr
2026-06-10 17:22:59,048 [INFO] PluginManage:359 - Loaded plugin ddr (category:tool,tabindex:6)
2026-06-10 17:22:59,049 [INFO] PluginManage:310 - Check plugin filemanager
2026-06-10 17:22:59,157 [INFO] PluginManage:359 - Loaded plugin filemanager (category:base,tabindex:10)
2026-06-10 17:22:59,157 [INFO] PluginManage:310 - Check plugin ipmanager
2026-06-10 17:22:59,162 [INFO] PluginManage:359 - Loaded plugin ipmanager (category:base,tabindex:5)
2026-06-10 17:22:59,162 [INFO] PluginManage:310 - Check plugin lpbam
2026-06-10 17:22:59,171 [INFO] PluginManage:359 - Loaded plugin lpbam (category:base,tabindex:0)
2026-06-10 17:22:59,171 [INFO] PluginManage:310 - Check plugin memorymap
2026-06-10 17:22:59,182 [INFO] PluginManage:359 - Loaded plugin memorymap (category:base,tabindex:4)
2026-06-10 17:22:59,182 [INFO] PluginManage:310 - Check plugin pinoutandconfiguration
2026-06-10 17:22:59,187 [INFO] PluginManage:359 - Loaded plugin pinoutandconfiguration (category:base,tabindex:1)
2026-06-10 17:22:59,187 [INFO] PluginManage:310 - Check plugin pinoutconfig
2026-06-10 17:22:59,251 [WARN] SupportedApi:132 - Cannot load RTOS API schema: s4s-elt-must-match.1: The content of 'definitions' must match (annotation?, (simpleType | complexType)?, (unique | key | keyref)*)). A problem was found starting at: attribute.
2026-06-10 17:22:59,356 [INFO] PluginManage:359 - Loaded plugin pinoutconfig (category:base,tabindex:0)
2026-06-10 17:22:59,356 [INFO] PluginManage:310 - Check plugin power
2026-06-10 17:22:59,363 [INFO] PluginManage:359 - Loaded plugin power (category:power,tabindex:4)
2026-06-10 17:22:59,363 [INFO] PluginManage:310 - Check plugin projectmanager
2026-06-10 17:22:59,374 [INFO] PluginManage:359 - Loaded plugin projectmanager (category:projectmanager,tabindex:3)
2026-06-10 17:22:59,375 [INFO] PluginManage:310 - Check plugin thirdparty
2026-06-10 17:22:59,464 [INFO] PluginManage:359 - Loaded plugin thirdparty (category:base,tabindex:-1)
2026-06-10 17:22:59,464 [WARN] IntegrityCheckThread:84 - waiting for thirdparty lock release [integrity check]
2026-06-10 17:22:59,465 [INFO] PluginManage:310 - Check plugin tools
2026-06-10 17:22:59,465 [INFO] IntegrityCheckThread:86 - entering critical section [integrity check]
2026-06-10 17:22:59,465 [INFO] ThirdPartyUpdaterWithRetryManager:70 - Updater plugin not ready yet. [1/15]
2026-06-10 17:22:59,467 [INFO] PluginManage:359 - Loaded plugin tools (category:base,tabindex:7)
2026-06-10 17:22:59,467 [INFO] PluginManage:310 - Check plugin tutovideos
2026-06-10 17:22:59,613 [INFO] PluginManage:359 - Loaded plugin tutovideos (category:base,tabindex:-1)
2026-06-10 17:22:59,613 [INFO] PluginManage:310 - Check plugin updater
2026-06-10 17:22:59,621 [INFO] PluginManage:359 - Loaded plugin updater (category:base,tabindex:12)
2026-06-10 17:22:59,621 [INFO] PluginManage:310 - Check plugin userauth
2026-06-10 17:22:59,626 [INFO] UserAuth:113 - Init User Auth plugin
2026-06-10 17:22:59,626 [INFO] PluginManage:359 - Loaded plugin userauth (category:base,tabindex:14)
2026-06-10 17:22:59,626 [INFO] PluginManage:283 - PluginManage : Loaded plugins [17]
2026-06-10 17:22:59,794 [INFO] PinOutPanel:1499 - setPackage(No Configuration,No Configuration)
2026-06-10 17:22:59,873 [INFO] CADModel:165 - CPN selected for project level
2026-06-10 17:22:59,873 [INFO] CADModel:114 - Register for checkConnection events
2026-06-10 17:22:59,887 [INFO] IPUIPlugin:80 - create IPUIPlugin
2026-06-10 17:22:59,887 [INFO] PluginManager:220 - loadIPPluginJar : add adc
2026-06-10 17:22:59,889 [INFO] IPUIPlugin:80 - create IPUIPlugin
2026-06-10 17:22:59,889 [INFO] PluginManager:220 - loadIPPluginJar : add aes
2026-06-10 17:22:59,891 [INFO] IPUIPlugin:80 - create IPUIPlugin
2026-06-10 17:22:59,891 [INFO] PluginManager:220 - loadIPPluginJar : add can
2026-06-10 17:22:59,892 [INFO] IPUIPlugin:80 - create IPUIPlugin
2026-06-10 17:22:59,892 [INFO] PluginManager:220 - loadIPPluginJar : add comp
2026-06-10 17:22:59,894 [INFO] IPUIPlugin:80 - create IPUIPlugin
2026-06-10 17:22:59,894 [INFO] PluginManager:220 - loadIPPluginJar : add cryp
2026-06-10 17:22:59,896 [INFO] IPUIPlugin:80 - create IPUIPlugin
2026-06-10 17:22:59,896 [INFO] PluginManager:220 - loadIPPluginJar : add dfsdm
2026-06-10 17:22:59,900 [INFO] IPUIPlugin:80 - create IPUIPlugin
2026-06-10 17:22:59,900 [INFO] PluginManager:220 - loadIPPluginJar : add dma
2026-06-10 17:22:59,902 [INFO] IPUIPlugin:80 - create IPUIPlugin
2026-06-10 17:22:59,902 [INFO] PluginManager:220 - loadIPPluginJar : add dma3
2026-06-10 17:22:59,903 [INFO] IPUIPlugin:80 - create IPUIPlugin
2026-06-10 17:22:59,903 [INFO] PluginManager:220 - loadIPPluginJar : add fatfs
2026-06-10 17:22:59,905 [INFO] IPUIPlugin:80 - create IPUIPlugin
2026-06-10 17:22:59,906 [INFO] PluginManager:220 - loadIPPluginJar : add fmc
2026-06-10 17:22:59,909 [INFO] IPUIPlugin:80 - create IPUIPlugin
2026-06-10 17:22:59,909 [INFO] PluginManager:220 - loadIPPluginJar : add freertos
2026-06-10 17:22:59,910 [INFO] IPUIPlugin:80 - create IPUIPlugin
2026-06-10 17:22:59,910 [INFO] PluginManager:220 - loadIPPluginJar : add genericplugin
2026-06-10 17:22:59,912 [INFO] IPUIPlugin:80 - create IPUIPlugin
2026-06-10 17:22:59,912 [INFO] PluginManager:220 - loadIPPluginJar : add gfxmmu
2026-06-10 17:22:59,915 [INFO] IPUIPlugin:80 - create IPUIPlugin
2026-06-10 17:22:59,915 [INFO] PluginManager:220 - loadIPPluginJar : add gic
2026-06-10 17:22:59,918 [INFO] IPUIPlugin:80 - create IPUIPlugin
2026-06-10 17:22:59,918 [INFO] PluginManager:220 - loadIPPluginJar : add gpio
2026-06-10 17:22:59,920 [INFO] IPUIPlugin:80 - create IPUIPlugin
2026-06-10 17:22:59,920 [INFO] PluginManager:220 - loadIPPluginJar : add gtzc
2026-06-10 17:22:59,922 [INFO] IPUIPlugin:80 - create IPUIPlugin
2026-06-10 17:22:59,922 [INFO] PluginManager:220 - loadIPPluginJar : add hash
2026-06-10 17:22:59,923 [INFO] IPUIPlugin:80 - create IPUIPlugin
2026-06-10 17:22:59,923 [INFO] PluginManager:220 - loadIPPluginJar : add i2c
2026-06-10 17:22:59,925 [INFO] IPUIPlugin:80 - create IPUIPlugin
2026-06-10 17:22:59,925 [INFO] PluginManager:220 - loadIPPluginJar : add i2s
2026-06-10 17:22:59,926 [INFO] IPUIPlugin:80 - create IPUIPlugin
2026-06-10 17:22:59,926 [INFO] PluginManager:220 - loadIPPluginJar : add i3c
2026-06-10 17:22:59,930 [INFO] IPUIPlugin:80 - create IPUIPlugin
2026-06-10 17:22:59,930 [INFO] PluginManager:220 - loadIPPluginJar : add ipddr
2026-06-10 17:22:59,936 [INFO] IPUIPlugin:80 - create IPUIPlugin
2026-06-10 17:22:59,936 [INFO] PluginManager:220 - loadIPPluginJar : add linkedlist
2026-06-10 17:22:59,938 [INFO] IPUIPlugin:80 - create IPUIPlugin
2026-06-10 17:22:59,938 [INFO] PluginManager:220 - loadIPPluginJar : add lorawan
2026-06-10 17:22:59,939 [INFO] IPUIPlugin:80 - create IPUIPlugin
2026-06-10 17:22:59,939 [INFO] PluginManager:220 - loadIPPluginJar : add ltdc
2026-06-10 17:22:59,944 [INFO] IPUIPlugin:80 - create IPUIPlugin
2026-06-10 17:22:59,944 [INFO] PluginManager:220 - loadIPPluginJar : add mdma
2026-06-10 17:22:59,947 [INFO] IPUIPlugin:80 - create IPUIPlugin
2026-06-10 17:22:59,947 [INFO] PluginManager:220 - loadIPPluginJar : add nvic
2026-06-10 17:22:59,948 [INFO] IPUIPlugin:80 - create IPUIPlugin
2026-06-10 17:22:59,948 [INFO] PluginManager:220 - loadIPPluginJar : add opamp
2026-06-10 17:22:59,950 [INFO] IPUIPlugin:80 - create IPUIPlugin
2026-06-10 17:22:59,950 [INFO] PluginManager:220 - loadIPPluginJar : add openamp
2026-06-10 17:22:59,952 [INFO] IPUIPlugin:80 - create IPUIPlugin
2026-06-10 17:22:59,952 [INFO] PluginManager:220 - loadIPPluginJar : add pdm2pcm
2026-06-10 17:22:59,956 [INFO] IPUIPlugin:80 - create IPUIPlugin
2026-06-10 17:22:59,958 [INFO] PluginManager:220 - loadIPPluginJar : add plateformsettings
2026-06-10 17:22:59,959 [INFO] IPUIPlugin:80 - create IPUIPlugin
2026-06-10 17:22:59,959 [INFO] PluginManager:220 - loadIPPluginJar : add quadspi
2026-06-10 17:22:59,961 [INFO] IPUIPlugin:80 - create IPUIPlugin
2026-06-10 17:22:59,961 [INFO] PluginManager:220 - loadIPPluginJar : add resmgrutility
2026-06-10 17:22:59,963 [INFO] IPUIPlugin:80 - create IPUIPlugin
2026-06-10 17:22:59,963 [INFO] PluginManager:220 - loadIPPluginJar : add sai
2026-06-10 17:22:59,965 [INFO] IPUIPlugin:80 - create IPUIPlugin
2026-06-10 17:22:59,965 [INFO] PluginManager:220 - loadIPPluginJar : add spi
2026-06-10 17:22:59,968 [INFO] IPUIPlugin:80 - create IPUIPlugin
2026-06-10 17:22:59,968 [INFO] PluginManager:220 - loadIPPluginJar : add stm32_wpan
2026-06-10 17:22:59,969 [INFO] IPUIPlugin:80 - create IPUIPlugin
2026-06-10 17:22:59,969 [INFO] PluginManager:220 - loadIPPluginJar : add tim
2026-06-10 17:22:59,971 [INFO] IPUIPlugin:80 - create IPUIPlugin
2026-06-10 17:22:59,971 [INFO] PluginManager:220 - loadIPPluginJar : add touchsensing
2026-06-10 17:22:59,972 [INFO] IPUIPlugin:80 - create IPUIPlugin
2026-06-10 17:22:59,972 [INFO] PluginManager:220 - loadIPPluginJar : add tracer_emb
2026-06-10 17:22:59,973 [INFO] IPUIPlugin:80 - create IPUIPlugin
2026-06-10 17:22:59,973 [INFO] PluginManager:220 - loadIPPluginJar : add ts
2026-06-10 17:22:59,974 [INFO] IPUIPlugin:80 - create IPUIPlugin
2026-06-10 17:22:59,974 [INFO] PluginManager:220 - loadIPPluginJar : add tsc
2026-06-10 17:22:59,975 [INFO] IPUIPlugin:80 - create IPUIPlugin
2026-06-10 17:22:59,976 [INFO] PluginManager:220 - loadIPPluginJar : add ucpd
2026-06-10 17:22:59,977 [INFO] IPUIPlugin:80 - create IPUIPlugin
2026-06-10 17:22:59,977 [INFO] PluginManager:220 - loadIPPluginJar : add usart
2026-06-10 17:22:59,979 [INFO] IPUIPlugin:80 - create IPUIPlugin
2026-06-10 17:22:59,979 [INFO] PluginManager:220 - loadIPPluginJar : add usbx
2026-06-10 17:23:00,091 [INFO] CADModel:165 - CPN selected for project level
2026-06-10 17:23:00,091 [INFO] CADModel:114 - Register for checkConnection events
2026-06-10 17:23:00,091 [FATAL] Updater:308 - Updater called before beeing initialized
2026-06-10 17:23:00,091 [ERROR] CADModel:125 - Updater not yet initialized, retry later 
2026-06-10 17:23:00,212 [INFO] CADModel:165 - CPN selected for project level
2026-06-10 17:23:00,212 [INFO] CADModel:114 - Register for checkConnection events
2026-06-10 17:23:00,212 [FATAL] Updater:308 - Updater called before beeing initialized
2026-06-10 17:23:00,212 [ERROR] CADModel:125 - Updater not yet initialized, retry later 
2026-06-10 17:23:00,215 [FATAL] Updater:308 - Updater called before beeing initialized
2026-06-10 17:23:00,293 [FATAL] Updater:308 - Updater called before beeing initialized
2026-06-10 17:23:00,297 [INFO] DbMcusAds:53 - JSON generation date=Thu May 28 23:08:17 GMT+07:00 2026 (1779984497073)
2026-06-10 17:23:00,297 [FATAL] Updater:308 - Updater called before beeing initialized
2026-06-10 17:23:00,327 [WARN] DetailPanel:346 - Failed to get advertising image, set to default
2026-06-10 17:23:00,421 [FATAL] Updater:308 - Updater called before beeing initialized
2026-06-10 17:23:00,423 [FATAL] Updater:308 - Updater called before beeing initialized
2026-06-10 17:23:00,423 [FATAL] Updater:308 - Updater called before beeing initialized
2026-06-10 17:23:00,423 [WARN] DetailPanel:346 - Failed to get advertising image, set to default
2026-06-10 17:23:00,424 [FATAL] Updater:308 - Updater called before beeing initialized
2026-06-10 17:23:00,458 [ERROR] Updater:1120 - MainUpdater not yet initialized. External WinMGr cannot be set.
2026-06-10 17:23:00,459 [INFO] Updater:1056 - Updater Version found : 6.9.1
2026-06-10 17:23:00,474 [INFO] ApplicationProperties:184 - Using Application install path: C:\ST\STM32CubeIDE_1.13.1\STM32CubeIDE\plugins\com.st.stm32cube.common.mx_6.9.1.202307191849
2026-06-10 17:23:00,669 [INFO] MainUpdater:2868 - connection check result : 10
2026-06-10 17:23:00,670 [INFO] MainUpdater:285 - Updater Check For Update Now.
2026-06-10 17:23:00,670 [INFO] MicroXplorer:498 - Change Database Version : DB.6.0.91
2026-06-10 17:23:00,676 [INFO] McuFinderGlobals:63 - Set McuFinder mode to 2 (CubeIDE integrated)
2026-06-10 17:23:00,676 [INFO] UserAuth:179 - activating auth plugin
2026-06-10 17:23:00,678 [INFO] UserAuth:393 - Internet connection configuration mode: 1
2026-06-10 17:23:00,699 [INFO] JxBrowserEngine:151 - Initiate JxBrowser Engine with user profile folder
2026-06-10 17:23:00,839 [INFO] CheckServerUpdateThread:120 - End of CheckServer Thread
2026-06-10 17:23:01,239 [INFO] WebApp:157 - Instantiating new browser for Auth
2026-06-10 17:23:01,643 [INFO] WebApp:753 - Register for checkConnection events
2026-06-10 17:23:01,643 [INFO] WebApp:390 - Apply proxy settings
2026-06-10 17:23:01,643 [INFO] WebApp:475 - Chromium requires no authentication
2026-06-10 17:23:01,650 [INFO] WebApp:418 - Direct internet connection detected
2026-06-10 17:23:01,779 [INFO] WebApp:188 - Starting web application
2026-06-10 17:23:01,779 [INFO] WebApp:520 - Web application path used C:\ST\STM32CubeIDE_1.13.1\STM32CubeIDE\plugins\com.st.stm32cube.common.mx_6.9.1.202307191849\db\plugins\mcufinder\reactClient1\index.html
2026-06-10 17:23:02,594 [ERROR] Engine:466 - C:\Users\Admin\.stm32cubemx\thirdparties\pdsc\STMicroelectronics.X-CUBE-SMBUS.2.1.1.pdsc: PDSC version is not supported
2026-06-10 17:23:02,612 [WARN] PackLoader:240 - Cannot read IP mode file for STMicroelectronics.X-CUBE-SMBUS.2.1.0
2026-06-10 17:23:02,654 [WARN] PackLoader:240 - Cannot read IP mode file for STMicroelectronics.X-CUBE-AZRTOS-F7.1.1.0
2026-06-10 17:23:02,666 [ERROR] Engine:466 - C:\Users\Admin\.stm32cubemx\thirdparties\pdsc\WES.I-CUBE-Cesium.1.4.0.pdsc: PDSC version is not supported
2026-06-10 17:23:02,688 [WARN] PackLoader:240 - Cannot read IP mode file for STMicroelectronics.X-CUBE-DISPLAY.3.0.0
2026-06-10 17:23:02,700 [WARN] PackLoader:240 - Cannot read IP mode file for wolfSSL.I-CUBE-wolfSSL.5.9.1
2026-06-10 17:23:02,706 [WARN] PackLoader:240 - Cannot read IP mode file for emotas.I-CUBE-CANOPEN.1.3.0
2026-06-10 17:23:02,716 [INFO] LogOutputStream:77 - [STDOUT_REDIRECT] 1 : Invalid condition id : UX_CORESTACK_Condition cause : null
2026-06-10 17:23:02,717 [INFO] LogOutputStream:77 - [STDOUT_REDIRECT] 1 : Invalid condition id : UX_CORESTACK_Condition cause : null
2026-06-10 17:23:02,717 [INFO] LogOutputStream:77 - [STDOUT_REDIRECT] 1 : Invalid condition id : UX_CORESTACK_Condition cause : null
2026-06-10 17:23:02,718 [INFO] LogOutputStream:77 - [STDOUT_REDIRECT] 1 : Invalid condition id : UX_CORESTACK_Condition cause : null
2026-06-10 17:23:02,719 [INFO] LogOutputStream:77 - [STDOUT_REDIRECT] 1 : Invalid condition id : UX_CORESTACK_Condition cause : null
2026-06-10 17:23:02,722 [WARN] PackLoader:240 - Cannot read IP mode file for STMicroelectronics.X-CUBE-AZRTOS-WL.2.0.0
2026-06-10 17:23:02,730 [WARN] PackLoader:240 - Cannot read IP mode file for STMicroelectronics.X-CUBE-BLE2.3.3.0
2026-06-10 17:23:02,732 [ERROR] Engine:466 - C:\Users\Admin\.stm32cubemx\thirdparties\pdsc\Avnet-IOTCONNECT.X-CUBE-iotc-st67-sdk.1.0.0.pdsc: PDSC version is not supported
2026-06-10 17:23:02,736 [ERROR] Engine:466 - C:\Users\Admin\.stm32cubemx\thirdparties\pdsc\Infineon.AIROC-Wi-Fi-Bluetooth-STM32.1.8.0.pdsc: PDSC version is not supported
2026-06-10 17:23:02,739 [WARN] PackLoader:240 - Cannot read IP mode file for wolfSSL.I-CUBE-wolfMQTT.1.19.2
2026-06-10 17:23:02,750 [WARN] PackLoader:240 - Cannot read IP mode file for STMicroelectronics.X-CUBE-AZRTOS-G0.1.1.0
2026-06-10 17:23:02,758 [WARN] PackLoader:240 - Cannot read IP mode file for STMicroelectronics.X-CUBE-NFC4.3.0.0
2026-06-10 17:23:02,762 [ERROR] Engine:466 - C:\Users\Admin\.stm32cubemx\thirdparties\pdsc\EmbeddedOffice.I-CUBE-FS-RTOS.1.0.1.pdsc: PDSC version is not supported
2026-06-10 17:23:02,766 [WARN] PackLoader:240 - Cannot read IP mode file for wolfSSL.I-CUBE-wolfTPM.3.8.0
2026-06-10 17:23:02,769 [ERROR] Engine:466 - C:\Users\Admin\.stm32cubemx\thirdparties\pdsc\RealThread.X-CUBE-RT-Thread_Nano.4.1.1.pdsc: PDSC version is not supported
2026-06-10 17:23:02,772 [WARN] PackLoader:240 - Cannot read IP mode file for STMicroelectronics.FP-ATR-SIGFOX1.3.2.0
2026-06-10 17:23:02,774 [ERROR] Engine:466 - C:\Users\Admin\.stm32cubemx\thirdparties\pdsc\STMicroelectronics.X-CUBE-FREERTOS.1.5.0.pdsc: PDSC version is not supported
2026-06-10 17:23:02,779 [WARN] PackLoader:240 - Cannot read IP mode file for ITTIA_DB.I-CUBE-ITTIADB.8.9.0
2026-06-10 17:23:02,782 [ERROR] Engine:466 - C:\Users\Admin\.stm32cubemx\thirdparties\pdsc\Cesanta.I-CUBE-Mongoose.7.21.7.pdsc: PDSC version is not supported
2026-06-10 17:23:02,808 [WARN] PackLoader:240 - Cannot read IP mode file for SEGGER.I-CUBE-embOS.1.3.1
2026-06-10 17:23:02,841 [WARN] PackLoader:240 - Cannot read IP mode file for STMicroelectronics.X-CUBE-ALGOBUILD.1.4.0
2026-06-10 17:23:02,854 [WARN] PackLoader:240 - Cannot read IP mode file for STMicroelectronics.X-CUBE-AZRTOS-F4.1.1.0
2026-06-10 17:23:02,859 [ERROR] Engine:466 - C:\Users\Admin\.stm32cubemx\thirdparties\pdsc\STMicroelectronics.eDS-WB_DPC_TT-BIDIR.2.1.1.pdsc: PDSC version is not supported
2026-06-10 17:23:02,864 [WARN] PackLoader:240 - Cannot read IP mode file for STMicroelectronics.X-CUBE-ALGOBUILD.1.5.0
2026-06-10 17:23:02,873 [ERROR] Engine:466 - C:\Users\Admin\.stm32cubemx\thirdparties\pdsc\STMicroelectronics.eDS-WB_DPC_3PH2L-BIDIR.1.1.1.pdsc: PDSC version is not supported
2026-06-10 17:23:02,877 [WARN] PackLoader:240 - Cannot read IP mode file for STMicroelectronics.X-CUBE-TOUCHGFX.4.26.1
2026-06-10 17:23:02,890 [WARN] ConditionMgr:438 - getConditionDescription Invalid condition id : LAN8742 Phy interface Condition cause : null
2026-06-10 17:23:02,890 [WARN] PackLoader:240 - Cannot read IP mode file for STMicroelectronics.X-CUBE-AZRTOS-L4.2.0.0
2026-06-10 17:23:02,892 [WARN] ConditionMgr:1039 - genDependencies : Invalid condition id : LAN8742 Phy interface Condition cause : null
2026-06-10 17:23:02,892 [WARN] ConditionMgr:1039 - genDependencies : Invalid condition id : LAN8742 Phy interface Condition cause : null
2026-06-10 17:23:02,893 [WARN] ConditionMgr:1039 - genDependencies : Invalid condition id : LAN8742 Phy interface Condition cause : null
2026-06-10 17:23:02,903 [WARN] PackLoader:240 - Cannot read IP mode file for STMicroelectronics.X-CUBE-SFXS2LP1.4.0.0
2026-06-10 17:23:02,906 [ERROR] Engine:466 - C:\Users\Admin\.stm32cubemx\thirdparties\pdsc\quantropi.X-CUBE-qispace-sdk-base.2.1.0.pdsc: PDSC version is not supported
2026-06-10 17:23:02,914 [WARN] PackLoader:240 - Cannot read IP mode file for STMicroelectronics.X-CUBE-SUBG2.5.0.0
2026-06-10 17:23:02,928 [WARN] PackLoader:240 - Cannot read IP mode file for STMicroelectronics.X-CUBE-AZRTOS-G4.2.0.0
2026-06-10 17:23:02,935 [WARN] PackLoader:240 - Cannot read IP mode file for wolfSSL.I-CUBE-wolfSSH.1.4.20
2026-06-10 17:23:02,936 [INFO] ThirdParty:978 - Integrity check success = true
2026-06-10 17:23:02,936 [INFO] IntegrityCheckThread:100 - exiting critical section [integrity check]
2026-06-10 17:23:02,936 [INFO] IntegrityCheckThread:103 - End integrity checks thread
2026-06-10 17:23:22,350 [ERROR] LogOutputStream:75 - [STDERR_REDIRECT] SLF4J: Failed to load class "org.slf4j.impl.StaticLoggerBinder".
2026-06-10 17:23:22,350 [ERROR] LogOutputStream:75 - [STDERR_REDIRECT] SLF4J: Defaulting to no-operation (NOP) logger implementation
2026-06-10 17:23:22,351 [ERROR] LogOutputStream:75 - [STDERR_REDIRECT] SLF4J: See http://www.slf4j.org/codes.html#StaticLoggerBinder for further details.
