2026-05-10 00:10:29,372 [INFO] Activator:176 - 


2026-05-10 00:10:29,376 [INFO] Activator:177 - !SESSION log4j initialized
2026-05-10 00:10:32,961 [INFO] LogOutputStream:77 - [STDOUT_REDIRECT] 
2026-05-10 00:10:33,669 [INFO] ApplicationProperties:184 - Using Application install path: C:\ST\STM32CubeIDE_1.13.1\STM32CubeIDE\plugins\com.st.stm32cube.common.mx_6.9.1.202307191849
2026-05-10 00:10:33,689 [INFO] DbMcusXml:78 - Set database path to: C:\ST\STM32CubeIDE_1.13.1\STM32CubeIDE\plugins\com.st.stm32cube.common.mx_6.9.1.202307191849\\db\/mcu/
2026-05-10 00:10:33,690 [INFO] ApiDb:274 - Set plugin database path to: C:\ST\STM32CubeIDE_1.13.1\STM32CubeIDE\plugins\com.st.stm32cube.common.mx_6.9.1.202307191849\\db\/plugins/boardmanager/
2026-05-10 00:10:33,701 [WARN] ApiDb:259 - Overriding images path with different value:  => C:\ST\STM32CubeIDE_1.13.1\STM32CubeIDE\plugins\com.st.stm32cube.common.mx_6.9.1.202307191849\\db\/plugins/mcufinder/images/
2026-05-10 00:10:33,710 [INFO] ApiDb:250 - Set database path to: C:\Users\Admin\.stmcufinder\plugins\mcufinder//mcu/
2026-05-10 00:10:33,711 [INFO] DbMcusAds:125 - Set database path to: C:\Users\Admin\.stmcufinder\plugins\mcufinder//mcu/
2026-05-10 00:10:33,712 [INFO] CrossReferenceDbSqlite:203 - Set database path to: C:\Users\Admin\.stmcufinder\plugins\mcufinder//mcu/cs/
2026-05-10 00:10:33,791 [INFO] RulesReader:64 - Compatibility file has been processed (293 Rules)
2026-05-10 00:10:33,847 [INFO] DbMcusXml:78 - Set database path to: C:\ST\STM32CubeIDE_1.13.1\STM32CubeIDE\plugins\com.st.stm32cube.common.mx_6.9.1.202307191849\\db\/mcu/
2026-05-10 00:10:33,848 [INFO] ApiDb:274 - Set plugin database path to: C:\ST\STM32CubeIDE_1.13.1\STM32CubeIDE\plugins\com.st.stm32cube.common.mx_6.9.1.202307191849\\db\/plugins/boardmanager/
2026-05-10 00:10:33,848 [INFO] ApiDb:261 - Set plugin images path to: C:\ST\STM32CubeIDE_1.13.1\STM32CubeIDE\plugins\com.st.stm32cube.common.mx_6.9.1.202307191849\\db\/plugins/mcufinder/images/
2026-05-10 00:10:33,848 [WARN] DbFile:41 - Overriding database path with different value: C:\Users\Admin\.stmcufinder\plugins\mcufinder/ => C:\Users\Admin\.stmcufinder\plugins\mcufinder
2026-05-10 00:10:33,848 [INFO] ApiDb:250 - Set database path to: C:\Users\Admin\.stmcufinder\plugins\mcufinder//mcu/
2026-05-10 00:10:33,848 [WARN] DbFile:41 - Overriding database path with different value: C:\Users\Admin\.stmcufinder\plugins\mcufinder/ => C:\Users\Admin\.stmcufinder\plugins\mcufinder
2026-05-10 00:10:33,848 [INFO] DbMcusAds:125 - Set database path to: C:\Users\Admin\.stmcufinder\plugins\mcufinder//mcu/
2026-05-10 00:10:33,849 [WARN] DbFile:41 - Overriding database path with different value: C:\Users\Admin\.stmcufinder\plugins\mcufinder/ => C:\Users\Admin\.stmcufinder\plugins\mcufinder
2026-05-10 00:10:33,849 [WARN] DbFile:41 - Overriding database path with different value: C:\Users\Admin\.stmcufinder\plugins\mcufinder/ => C:\Users\Admin\.stmcufinder\plugins\mcufinder
2026-05-10 00:10:33,849 [INFO] CrossReferenceDbSqlite:203 - Set database path to: C:\Users\Admin\.stmcufinder\plugins\mcufinder//mcu/cs/
2026-05-10 00:10:33,903 [INFO] MainPanel:262 - HeapMemory: 268435456
2026-05-10 00:10:33,958 [INFO] DbMcusXml:78 - Set database path to: C:\ST\STM32CubeIDE_1.13.1\STM32CubeIDE\plugins\com.st.stm32cube.common.mx_6.9.1.202307191849\\db\/mcu/
2026-05-10 00:10:33,958 [INFO] ApiDb:274 - Set plugin database path to: C:\ST\STM32CubeIDE_1.13.1\STM32CubeIDE\plugins\com.st.stm32cube.common.mx_6.9.1.202307191849\\db\/plugins/boardmanager/
2026-05-10 00:10:33,958 [INFO] ApiDb:261 - Set plugin images path to: C:\ST\STM32CubeIDE_1.13.1\STM32CubeIDE\plugins\com.st.stm32cube.common.mx_6.9.1.202307191849\\db\/plugins/mcufinder/images/
2026-05-10 00:10:33,958 [WARN] DbFile:41 - Overriding database path with different value: C:\Users\Admin\.stmcufinder\plugins\mcufinder/ => C:\Users\Admin\.stmcufinder\plugins\mcufinder
2026-05-10 00:10:33,959 [INFO] ApiDb:250 - Set database path to: C:\Users\Admin\.stmcufinder\plugins\mcufinder//mcu/
2026-05-10 00:10:33,959 [WARN] DbFile:41 - Overriding database path with different value: C:\Users\Admin\.stmcufinder\plugins\mcufinder/ => C:\Users\Admin\.stmcufinder\plugins\mcufinder
2026-05-10 00:10:33,959 [INFO] DbMcusAds:125 - Set database path to: C:\Users\Admin\.stmcufinder\plugins\mcufinder//mcu/
2026-05-10 00:10:33,959 [WARN] DbFile:41 - Overriding database path with different value: C:\Users\Admin\.stmcufinder\plugins\mcufinder/ => C:\Users\Admin\.stmcufinder\plugins\mcufinder
2026-05-10 00:10:33,959 [WARN] DbFile:41 - Overriding database path with different value: C:\Users\Admin\.stmcufinder\plugins\mcufinder/ => C:\Users\Admin\.stmcufinder\plugins\mcufinder
2026-05-10 00:10:33,959 [INFO] CrossReferenceDbSqlite:203 - Set database path to: C:\Users\Admin\.stmcufinder\plugins\mcufinder//mcu/cs/
2026-05-10 00:10:33,974 [INFO] ApplicationProperties:184 - Using Application install path: C:\ST\STM32CubeIDE_1.13.1\STM32CubeIDE\plugins\com.st.stm32cube.common.mx_6.9.1.202307191849
2026-05-10 00:10:33,975 [INFO] PluginManage:196 - Search for loadable plugins [exclusion list=, ]
2026-05-10 00:10:33,976 [INFO] PluginManage:310 - Check plugin analytics
2026-05-10 00:10:34,087 [INFO] AnalyticsPlugin:253 - Accepted Software Licenses: 
2026-05-10 00:10:34,087 [INFO] AnalyticsPlugin:255 - Accepted CMSIS Pack Licenses: 
2026-05-10 00:10:34,087 [INFO] AnalyticsPlugin:257 - Accepted Firmware Licenses: 
2026-05-10 00:10:34,089 [INFO] PluginManage:359 - Loaded plugin analytics (category:tool,tabindex:-1)
2026-05-10 00:10:34,090 [INFO] PluginManage:310 - Check plugin cadmodel
2026-05-10 00:10:34,093 [INFO] CADModel:105 - Init CAD model plugin
2026-05-10 00:10:34,093 [INFO] PluginManage:359 - Loaded plugin cadmodel (category:power,tabindex:5)
2026-05-10 00:10:34,093 [INFO] PluginManage:310 - Check plugin clock
2026-05-10 00:10:34,101 [INFO] PluginManage:359 - Loaded plugin clock (category:base,tabindex:2)
2026-05-10 00:10:34,101 [INFO] PluginManage:310 - Check plugin ddr
2026-05-10 00:10:34,103 [INFO] PluginManage:359 - Loaded plugin ddr (category:tool,tabindex:6)
2026-05-10 00:10:34,103 [INFO] PluginManage:310 - Check plugin filemanager
2026-05-10 00:10:34,199 [INFO] PluginManage:359 - Loaded plugin filemanager (category:base,tabindex:10)
2026-05-10 00:10:34,199 [INFO] PluginManage:310 - Check plugin ipmanager
2026-05-10 00:10:34,204 [INFO] PluginManage:359 - Loaded plugin ipmanager (category:base,tabindex:5)
2026-05-10 00:10:34,204 [INFO] PluginManage:310 - Check plugin lpbam
2026-05-10 00:10:34,210 [INFO] PluginManage:359 - Loaded plugin lpbam (category:base,tabindex:0)
2026-05-10 00:10:34,210 [INFO] PluginManage:310 - Check plugin memorymap
2026-05-10 00:10:34,218 [INFO] PluginManage:359 - Loaded plugin memorymap (category:base,tabindex:4)
2026-05-10 00:10:34,218 [INFO] PluginManage:310 - Check plugin pinoutandconfiguration
2026-05-10 00:10:34,222 [INFO] PluginManage:359 - Loaded plugin pinoutandconfiguration (category:base,tabindex:1)
2026-05-10 00:10:34,224 [INFO] PluginManage:310 - Check plugin pinoutconfig
2026-05-10 00:10:34,283 [WARN] SupportedApi:132 - Cannot load RTOS API schema: s4s-elt-must-match.1: The content of 'definitions' must match (annotation?, (simpleType | complexType)?, (unique | key | keyref)*)). A problem was found starting at: attribute.
2026-05-10 00:10:34,375 [INFO] PluginManage:359 - Loaded plugin pinoutconfig (category:base,tabindex:0)
2026-05-10 00:10:34,375 [INFO] PluginManage:310 - Check plugin power
2026-05-10 00:10:34,385 [INFO] PluginManage:359 - Loaded plugin power (category:power,tabindex:4)
2026-05-10 00:10:34,385 [INFO] PluginManage:310 - Check plugin projectmanager
2026-05-10 00:10:34,398 [INFO] PluginManage:359 - Loaded plugin projectmanager (category:projectmanager,tabindex:3)
2026-05-10 00:10:34,399 [INFO] PluginManage:310 - Check plugin thirdparty
2026-05-10 00:10:34,494 [INFO] PluginManage:359 - Loaded plugin thirdparty (category:base,tabindex:-1)
2026-05-10 00:10:34,494 [WARN] IntegrityCheckThread:84 - waiting for thirdparty lock release [integrity check]
2026-05-10 00:10:34,494 [INFO] PluginManage:310 - Check plugin tools
2026-05-10 00:10:34,494 [INFO] IntegrityCheckThread:86 - entering critical section [integrity check]
2026-05-10 00:10:34,495 [INFO] ThirdPartyUpdaterWithRetryManager:70 - Updater plugin not ready yet. [1/15]
2026-05-10 00:10:34,498 [INFO] PluginManage:359 - Loaded plugin tools (category:base,tabindex:7)
2026-05-10 00:10:34,498 [INFO] PluginManage:310 - Check plugin tutovideos
2026-05-10 00:10:34,627 [INFO] PluginManage:359 - Loaded plugin tutovideos (category:base,tabindex:-1)
2026-05-10 00:10:34,627 [INFO] PluginManage:310 - Check plugin updater
2026-05-10 00:10:34,634 [INFO] PluginManage:359 - Loaded plugin updater (category:base,tabindex:12)
2026-05-10 00:10:34,634 [INFO] PluginManage:310 - Check plugin userauth
2026-05-10 00:10:34,638 [INFO] UserAuth:113 - Init User Auth plugin
2026-05-10 00:10:34,638 [INFO] PluginManage:359 - Loaded plugin userauth (category:base,tabindex:14)
2026-05-10 00:10:34,638 [INFO] PluginManage:283 - PluginManage : Loaded plugins [17]
2026-05-10 00:10:34,789 [INFO] PinOutPanel:1499 - setPackage(No Configuration,No Configuration)
2026-05-10 00:10:34,858 [INFO] CADModel:165 - CPN selected for project level
2026-05-10 00:10:34,858 [INFO] CADModel:114 - Register for checkConnection events
2026-05-10 00:10:34,871 [INFO] IPUIPlugin:80 - create IPUIPlugin
2026-05-10 00:10:34,871 [INFO] PluginManager:220 - loadIPPluginJar : add adc
2026-05-10 00:10:34,872 [INFO] IPUIPlugin:80 - create IPUIPlugin
2026-05-10 00:10:34,872 [INFO] PluginManager:220 - loadIPPluginJar : add aes
2026-05-10 00:10:34,874 [INFO] IPUIPlugin:80 - create IPUIPlugin
2026-05-10 00:10:34,874 [INFO] PluginManager:220 - loadIPPluginJar : add can
2026-05-10 00:10:34,875 [INFO] IPUIPlugin:80 - create IPUIPlugin
2026-05-10 00:10:34,875 [INFO] PluginManager:220 - loadIPPluginJar : add comp
2026-05-10 00:10:34,878 [INFO] IPUIPlugin:80 - create IPUIPlugin
2026-05-10 00:10:34,878 [INFO] PluginManager:220 - loadIPPluginJar : add cryp
2026-05-10 00:10:34,881 [INFO] IPUIPlugin:80 - create IPUIPlugin
2026-05-10 00:10:34,881 [INFO] PluginManager:220 - loadIPPluginJar : add dfsdm
2026-05-10 00:10:34,885 [INFO] IPUIPlugin:80 - create IPUIPlugin
2026-05-10 00:10:34,886 [INFO] PluginManager:220 - loadIPPluginJar : add dma
2026-05-10 00:10:34,887 [INFO] IPUIPlugin:80 - create IPUIPlugin
2026-05-10 00:10:34,887 [INFO] PluginManager:220 - loadIPPluginJar : add dma3
2026-05-10 00:10:34,888 [INFO] IPUIPlugin:80 - create IPUIPlugin
2026-05-10 00:10:34,888 [INFO] PluginManager:220 - loadIPPluginJar : add fatfs
2026-05-10 00:10:34,891 [INFO] IPUIPlugin:80 - create IPUIPlugin
2026-05-10 00:10:34,891 [INFO] PluginManager:220 - loadIPPluginJar : add fmc
2026-05-10 00:10:34,895 [INFO] IPUIPlugin:80 - create IPUIPlugin
2026-05-10 00:10:34,895 [INFO] PluginManager:220 - loadIPPluginJar : add freertos
2026-05-10 00:10:34,896 [INFO] IPUIPlugin:80 - create IPUIPlugin
2026-05-10 00:10:34,896 [INFO] PluginManager:220 - loadIPPluginJar : add genericplugin
2026-05-10 00:10:34,897 [INFO] IPUIPlugin:80 - create IPUIPlugin
2026-05-10 00:10:34,897 [INFO] PluginManager:220 - loadIPPluginJar : add gfxmmu
2026-05-10 00:10:34,900 [INFO] IPUIPlugin:80 - create IPUIPlugin
2026-05-10 00:10:34,901 [INFO] PluginManager:220 - loadIPPluginJar : add gic
2026-05-10 00:10:34,903 [INFO] IPUIPlugin:80 - create IPUIPlugin
2026-05-10 00:10:34,903 [INFO] PluginManager:220 - loadIPPluginJar : add gpio
2026-05-10 00:10:34,905 [INFO] IPUIPlugin:80 - create IPUIPlugin
2026-05-10 00:10:34,905 [INFO] PluginManager:220 - loadIPPluginJar : add gtzc
2026-05-10 00:10:34,907 [INFO] IPUIPlugin:80 - create IPUIPlugin
2026-05-10 00:10:34,907 [INFO] PluginManager:220 - loadIPPluginJar : add hash
2026-05-10 00:10:34,908 [INFO] IPUIPlugin:80 - create IPUIPlugin
2026-05-10 00:10:34,908 [INFO] PluginManager:220 - loadIPPluginJar : add i2c
2026-05-10 00:10:34,910 [INFO] IPUIPlugin:80 - create IPUIPlugin
2026-05-10 00:10:34,910 [INFO] PluginManager:220 - loadIPPluginJar : add i2s
2026-05-10 00:10:34,911 [INFO] IPUIPlugin:80 - create IPUIPlugin
2026-05-10 00:10:34,911 [INFO] PluginManager:220 - loadIPPluginJar : add i3c
2026-05-10 00:10:34,913 [INFO] IPUIPlugin:80 - create IPUIPlugin
2026-05-10 00:10:34,913 [INFO] PluginManager:220 - loadIPPluginJar : add ipddr
2026-05-10 00:10:34,918 [INFO] IPUIPlugin:80 - create IPUIPlugin
2026-05-10 00:10:34,918 [INFO] PluginManager:220 - loadIPPluginJar : add linkedlist
2026-05-10 00:10:34,920 [INFO] IPUIPlugin:80 - create IPUIPlugin
2026-05-10 00:10:34,920 [INFO] PluginManager:220 - loadIPPluginJar : add lorawan
2026-05-10 00:10:34,921 [INFO] IPUIPlugin:80 - create IPUIPlugin
2026-05-10 00:10:34,921 [INFO] PluginManager:220 - loadIPPluginJar : add ltdc
2026-05-10 00:10:34,924 [INFO] IPUIPlugin:80 - create IPUIPlugin
2026-05-10 00:10:34,925 [INFO] PluginManager:220 - loadIPPluginJar : add mdma
2026-05-10 00:10:34,927 [INFO] IPUIPlugin:80 - create IPUIPlugin
2026-05-10 00:10:34,927 [INFO] PluginManager:220 - loadIPPluginJar : add nvic
2026-05-10 00:10:34,929 [INFO] IPUIPlugin:80 - create IPUIPlugin
2026-05-10 00:10:34,929 [INFO] PluginManager:220 - loadIPPluginJar : add opamp
2026-05-10 00:10:34,930 [INFO] IPUIPlugin:80 - create IPUIPlugin
2026-05-10 00:10:34,931 [INFO] PluginManager:220 - loadIPPluginJar : add openamp
2026-05-10 00:10:34,933 [INFO] IPUIPlugin:80 - create IPUIPlugin
2026-05-10 00:10:34,933 [INFO] PluginManager:220 - loadIPPluginJar : add pdm2pcm
2026-05-10 00:10:34,937 [INFO] IPUIPlugin:80 - create IPUIPlugin
2026-05-10 00:10:34,939 [INFO] PluginManager:220 - loadIPPluginJar : add plateformsettings
2026-05-10 00:10:34,940 [INFO] IPUIPlugin:80 - create IPUIPlugin
2026-05-10 00:10:34,940 [INFO] PluginManager:220 - loadIPPluginJar : add quadspi
2026-05-10 00:10:34,942 [INFO] IPUIPlugin:80 - create IPUIPlugin
2026-05-10 00:10:34,942 [INFO] PluginManager:220 - loadIPPluginJar : add resmgrutility
2026-05-10 00:10:34,944 [INFO] IPUIPlugin:80 - create IPUIPlugin
2026-05-10 00:10:34,944 [INFO] PluginManager:220 - loadIPPluginJar : add sai
2026-05-10 00:10:34,946 [INFO] IPUIPlugin:80 - create IPUIPlugin
2026-05-10 00:10:34,946 [INFO] PluginManager:220 - loadIPPluginJar : add spi
2026-05-10 00:10:34,949 [INFO] IPUIPlugin:80 - create IPUIPlugin
2026-05-10 00:10:34,949 [INFO] PluginManager:220 - loadIPPluginJar : add stm32_wpan
2026-05-10 00:10:34,950 [INFO] IPUIPlugin:80 - create IPUIPlugin
2026-05-10 00:10:34,950 [INFO] PluginManager:220 - loadIPPluginJar : add tim
2026-05-10 00:10:34,952 [INFO] IPUIPlugin:80 - create IPUIPlugin
2026-05-10 00:10:34,952 [INFO] PluginManager:220 - loadIPPluginJar : add touchsensing
2026-05-10 00:10:34,953 [INFO] IPUIPlugin:80 - create IPUIPlugin
2026-05-10 00:10:34,953 [INFO] PluginManager:220 - loadIPPluginJar : add tracer_emb
2026-05-10 00:10:34,954 [INFO] IPUIPlugin:80 - create IPUIPlugin
2026-05-10 00:10:34,954 [INFO] PluginManager:220 - loadIPPluginJar : add ts
2026-05-10 00:10:34,955 [INFO] IPUIPlugin:80 - create IPUIPlugin
2026-05-10 00:10:34,955 [INFO] PluginManager:220 - loadIPPluginJar : add tsc
2026-05-10 00:10:34,956 [INFO] IPUIPlugin:80 - create IPUIPlugin
2026-05-10 00:10:34,956 [INFO] PluginManager:220 - loadIPPluginJar : add ucpd
2026-05-10 00:10:34,958 [INFO] IPUIPlugin:80 - create IPUIPlugin
2026-05-10 00:10:34,959 [INFO] PluginManager:220 - loadIPPluginJar : add usart
2026-05-10 00:10:34,960 [INFO] IPUIPlugin:80 - create IPUIPlugin
2026-05-10 00:10:34,960 [INFO] PluginManager:220 - loadIPPluginJar : add usbx
2026-05-10 00:10:35,070 [INFO] CADModel:165 - CPN selected for project level
2026-05-10 00:10:35,070 [INFO] CADModel:114 - Register for checkConnection events
2026-05-10 00:10:35,071 [FATAL] Updater:308 - Updater called before beeing initialized
2026-05-10 00:10:35,071 [ERROR] CADModel:125 - Updater not yet initialized, retry later 
2026-05-10 00:10:35,180 [INFO] CADModel:165 - CPN selected for project level
2026-05-10 00:10:35,180 [INFO] CADModel:114 - Register for checkConnection events
2026-05-10 00:10:35,180 [FATAL] Updater:308 - Updater called before beeing initialized
2026-05-10 00:10:35,180 [ERROR] CADModel:125 - Updater not yet initialized, retry later 
2026-05-10 00:10:35,183 [FATAL] Updater:308 - Updater called before beeing initialized
2026-05-10 00:10:35,275 [FATAL] Updater:308 - Updater called before beeing initialized
2026-05-10 00:10:35,278 [INFO] DbMcusAds:53 - JSON generation date=Mon Apr 27 15:14:29 GMT+07:00 2026 (1777277669683)
2026-05-10 00:10:35,279 [FATAL] Updater:308 - Updater called before beeing initialized
2026-05-10 00:10:35,304 [WARN] DetailPanel:346 - Failed to get advertising image, set to default
2026-05-10 00:10:35,379 [FATAL] Updater:308 - Updater called before beeing initialized
2026-05-10 00:10:35,380 [FATAL] Updater:308 - Updater called before beeing initialized
2026-05-10 00:10:35,380 [FATAL] Updater:308 - Updater called before beeing initialized
2026-05-10 00:10:35,380 [WARN] DetailPanel:346 - Failed to get advertising image, set to default
2026-05-10 00:10:35,381 [FATAL] Updater:308 - Updater called before beeing initialized
2026-05-10 00:10:35,412 [ERROR] Updater:1120 - MainUpdater not yet initialized. External WinMGr cannot be set.
2026-05-10 00:10:35,413 [INFO] Updater:1056 - Updater Version found : 6.9.1
2026-05-10 00:10:35,424 [INFO] ApplicationProperties:184 - Using Application install path: C:\ST\STM32CubeIDE_1.13.1\STM32CubeIDE\plugins\com.st.stm32cube.common.mx_6.9.1.202307191849
2026-05-10 00:10:35,580 [INFO] MainUpdater:2868 - connection check result : 10
2026-05-10 00:10:35,581 [INFO] MainUpdater:285 - Updater Check For Update Now.
2026-05-10 00:10:35,581 [INFO] MicroXplorer:498 - Change Database Version : DB.6.0.91
2026-05-10 00:10:35,585 [INFO] McuFinderGlobals:63 - Set McuFinder mode to 2 (CubeIDE integrated)
2026-05-10 00:10:35,585 [INFO] UserAuth:179 - activating auth plugin
2026-05-10 00:10:35,587 [INFO] UserAuth:393 - Internet connection configuration mode: 1
2026-05-10 00:10:35,601 [INFO] JxBrowserEngine:151 - Initiate JxBrowser Engine with user profile folder
2026-05-10 00:10:35,741 [INFO] CheckServerUpdateThread:120 - End of CheckServer Thread
2026-05-10 00:10:36,010 [INFO] WebApp:157 - Instantiating new browser for Auth
2026-05-10 00:10:36,318 [INFO] WebApp:753 - Register for checkConnection events
2026-05-10 00:10:36,318 [INFO] WebApp:390 - Apply proxy settings
2026-05-10 00:10:36,319 [INFO] WebApp:475 - Chromium requires no authentication
2026-05-10 00:10:36,323 [INFO] WebApp:418 - Direct internet connection detected
2026-05-10 00:10:36,418 [INFO] WebApp:188 - Starting web application
2026-05-10 00:10:36,418 [INFO] WebApp:520 - Web application path used C:\ST\STM32CubeIDE_1.13.1\STM32CubeIDE\plugins\com.st.stm32cube.common.mx_6.9.1.202307191849\db\plugins\mcufinder\reactClient1\index.html
2026-05-10 00:10:37,608 [WARN] PackLoader:240 - Cannot read IP mode file for STMicroelectronics.X-CUBE-AZRTOS-F4.1.1.0
2026-05-10 00:10:37,623 [WARN] PackLoader:240 - Cannot read IP mode file for STMicroelectronics.X-CUBE-SMBUS.2.1.0
2026-05-10 00:10:37,645 [WARN] PackLoader:240 - Cannot read IP mode file for STMicroelectronics.X-CUBE-AZRTOS-F7.1.1.0
2026-05-10 00:10:37,657 [WARN] PackLoader:240 - Cannot read IP mode file for STMicroelectronics.X-CUBE-DISPLAY.3.0.0
2026-05-10 00:10:37,669 [INFO] LogOutputStream:77 - [STDOUT_REDIRECT] 1 : Invalid condition id : UX_CORESTACK_Condition cause : null
2026-05-10 00:10:37,670 [INFO] LogOutputStream:77 - [STDOUT_REDIRECT] 1 : Invalid condition id : UX_CORESTACK_Condition cause : null
2026-05-10 00:10:37,671 [INFO] LogOutputStream:77 - [STDOUT_REDIRECT] 1 : Invalid condition id : UX_CORESTACK_Condition cause : null
2026-05-10 00:10:37,672 [INFO] LogOutputStream:77 - [STDOUT_REDIRECT] 1 : Invalid condition id : UX_CORESTACK_Condition cause : null
2026-05-10 00:10:37,673 [INFO] LogOutputStream:77 - [STDOUT_REDIRECT] 1 : Invalid condition id : UX_CORESTACK_Condition cause : null
2026-05-10 00:10:37,675 [WARN] PackLoader:240 - Cannot read IP mode file for STMicroelectronics.X-CUBE-AZRTOS-WL.2.0.0
2026-05-10 00:10:37,694 [WARN] ConditionMgr:438 - getConditionDescription Invalid condition id : LAN8742 Phy interface Condition cause : null
2026-05-10 00:10:37,695 [WARN] PackLoader:240 - Cannot read IP mode file for STMicroelectronics.X-CUBE-AZRTOS-L4.2.0.0
2026-05-10 00:10:37,698 [WARN] ConditionMgr:1039 - genDependencies : Invalid condition id : LAN8742 Phy interface Condition cause : null
2026-05-10 00:10:37,698 [WARN] ConditionMgr:1039 - genDependencies : Invalid condition id : LAN8742 Phy interface Condition cause : null
2026-05-10 00:10:37,699 [WARN] ConditionMgr:1039 - genDependencies : Invalid condition id : LAN8742 Phy interface Condition cause : null
2026-05-10 00:10:37,710 [WARN] PackLoader:240 - Cannot read IP mode file for STMicroelectronics.X-CUBE-SFXS2LP1.4.0.0
2026-05-10 00:10:37,717 [WARN] PackLoader:240 - Cannot read IP mode file for STMicroelectronics.X-CUBE-BLE2.3.3.0
2026-05-10 00:10:37,730 [WARN] PackLoader:240 - Cannot read IP mode file for STMicroelectronics.X-CUBE-AZRTOS-G0.1.1.0
2026-05-10 00:10:37,741 [WARN] PackLoader:240 - Cannot read IP mode file for STMicroelectronics.X-CUBE-SUBG2.5.0.0
2026-05-10 00:10:37,749 [WARN] PackLoader:240 - Cannot read IP mode file for STMicroelectronics.X-CUBE-NFC4.3.0.0
2026-05-10 00:10:37,761 [WARN] PackLoader:240 - Cannot read IP mode file for STMicroelectronics.X-CUBE-AZRTOS-G4.2.0.0
2026-05-10 00:10:37,766 [WARN] PackLoader:240 - Cannot read IP mode file for STMicroelectronics.FP-ATR-SIGFOX1.3.2.0
2026-05-10 00:10:37,767 [INFO] ThirdParty:978 - Integrity check success = true
2026-05-10 00:10:37,768 [INFO] IntegrityCheckThread:100 - exiting critical section [integrity check]
2026-05-10 00:10:37,768 [INFO] IntegrityCheckThread:103 - End integrity checks thread
2026-05-10 00:10:56,942 [ERROR] LogOutputStream:75 - [STDERR_REDIRECT] SLF4J: Failed to load class "org.slf4j.impl.StaticLoggerBinder".
2026-05-10 00:10:56,942 [ERROR] LogOutputStream:75 - [STDERR_REDIRECT] SLF4J: Defaulting to no-operation (NOP) logger implementation
2026-05-10 00:10:56,942 [ERROR] LogOutputStream:75 - [STDERR_REDIRECT] SLF4J: See http://www.slf4j.org/codes.html#StaticLoggerBinder for further details.
2026-05-10 03:08:49,446 [ERROR] LogOutputStream:75 - [STDERR_REDIRECT] 
2026-05-10 03:14:45,392 [INFO] Activator:176 - 


2026-05-10 03:14:45,392 [INFO] Activator:177 - !SESSION log4j initialized
2026-05-10 03:14:49,205 [INFO] LogOutputStream:77 - [STDOUT_REDIRECT] 
2026-05-10 03:14:50,004 [INFO] ApplicationProperties:184 - Using Application install path: C:\ST\STM32CubeIDE_1.13.1\STM32CubeIDE\plugins\com.st.stm32cube.common.mx_6.9.1.202307191849
2026-05-10 03:14:50,019 [INFO] DbMcusXml:78 - Set database path to: C:\ST\STM32CubeIDE_1.13.1\STM32CubeIDE\plugins\com.st.stm32cube.common.mx_6.9.1.202307191849\\db\/mcu/
2026-05-10 03:14:50,019 [INFO] ApiDb:274 - Set plugin database path to: C:\ST\STM32CubeIDE_1.13.1\STM32CubeIDE\plugins\com.st.stm32cube.common.mx_6.9.1.202307191849\\db\/plugins/boardmanager/
2026-05-10 03:14:50,019 [WARN] ApiDb:259 - Overriding images path with different value:  => C:\ST\STM32CubeIDE_1.13.1\STM32CubeIDE\plugins\com.st.stm32cube.common.mx_6.9.1.202307191849\\db\/plugins/mcufinder/images/
2026-05-10 03:14:50,026 [INFO] ApiDb:250 - Set database path to: C:\Users\Admin\.stmcufinder\plugins\mcufinder//mcu/
2026-05-10 03:14:50,026 [INFO] DbMcusAds:125 - Set database path to: C:\Users\Admin\.stmcufinder\plugins\mcufinder//mcu/
2026-05-10 03:14:50,028 [INFO] CrossReferenceDbSqlite:203 - Set database path to: C:\Users\Admin\.stmcufinder\plugins\mcufinder//mcu/cs/
2026-05-10 03:14:50,103 [INFO] RulesReader:64 - Compatibility file has been processed (293 Rules)
2026-05-10 03:14:50,180 [INFO] DbMcusXml:78 - Set database path to: C:\ST\STM32CubeIDE_1.13.1\STM32CubeIDE\plugins\com.st.stm32cube.common.mx_6.9.1.202307191849\\db\/mcu/
2026-05-10 03:14:50,180 [INFO] ApiDb:274 - Set plugin database path to: C:\ST\STM32CubeIDE_1.13.1\STM32CubeIDE\plugins\com.st.stm32cube.common.mx_6.9.1.202307191849\\db\/plugins/boardmanager/
2026-05-10 03:14:50,181 [INFO] ApiDb:261 - Set plugin images path to: C:\ST\STM32CubeIDE_1.13.1\STM32CubeIDE\plugins\com.st.stm32cube.common.mx_6.9.1.202307191849\\db\/plugins/mcufinder/images/
2026-05-10 03:14:50,181 [WARN] DbFile:41 - Overriding database path with different value: C:\Users\Admin\.stmcufinder\plugins\mcufinder/ => C:\Users\Admin\.stmcufinder\plugins\mcufinder
2026-05-10 03:14:50,181 [INFO] ApiDb:250 - Set database path to: C:\Users\Admin\.stmcufinder\plugins\mcufinder//mcu/
2026-05-10 03:14:50,181 [WARN] DbFile:41 - Overriding database path with different value: C:\Users\Admin\.stmcufinder\plugins\mcufinder/ => C:\Users\Admin\.stmcufinder\plugins\mcufinder
2026-05-10 03:14:50,181 [INFO] DbMcusAds:125 - Set database path to: C:\Users\Admin\.stmcufinder\plugins\mcufinder//mcu/
2026-05-10 03:14:50,181 [WARN] DbFile:41 - Overriding database path with different value: C:\Users\Admin\.stmcufinder\plugins\mcufinder/ => C:\Users\Admin\.stmcufinder\plugins\mcufinder
2026-05-10 03:14:50,181 [WARN] DbFile:41 - Overriding database path with different value: C:\Users\Admin\.stmcufinder\plugins\mcufinder/ => C:\Users\Admin\.stmcufinder\plugins\mcufinder
2026-05-10 03:14:50,181 [INFO] CrossReferenceDbSqlite:203 - Set database path to: C:\Users\Admin\.stmcufinder\plugins\mcufinder//mcu/cs/
2026-05-10 03:14:50,231 [INFO] MainPanel:262 - HeapMemory: 268435456
2026-05-10 03:14:50,283 [INFO] DbMcusXml:78 - Set database path to: C:\ST\STM32CubeIDE_1.13.1\STM32CubeIDE\plugins\com.st.stm32cube.common.mx_6.9.1.202307191849\\db\/mcu/
2026-05-10 03:14:50,283 [INFO] ApiDb:274 - Set plugin database path to: C:\ST\STM32CubeIDE_1.13.1\STM32CubeIDE\plugins\com.st.stm32cube.common.mx_6.9.1.202307191849\\db\/plugins/boardmanager/
2026-05-10 03:14:50,283 [INFO] ApiDb:261 - Set plugin images path to: C:\ST\STM32CubeIDE_1.13.1\STM32CubeIDE\plugins\com.st.stm32cube.common.mx_6.9.1.202307191849\\db\/plugins/mcufinder/images/
2026-05-10 03:14:50,283 [WARN] DbFile:41 - Overriding database path with different value: C:\Users\Admin\.stmcufinder\plugins\mcufinder/ => C:\Users\Admin\.stmcufinder\plugins\mcufinder
2026-05-10 03:14:50,284 [INFO] ApiDb:250 - Set database path to: C:\Users\Admin\.stmcufinder\plugins\mcufinder//mcu/
2026-05-10 03:14:50,284 [WARN] DbFile:41 - Overriding database path with different value: C:\Users\Admin\.stmcufinder\plugins\mcufinder/ => C:\Users\Admin\.stmcufinder\plugins\mcufinder
2026-05-10 03:14:50,284 [INFO] DbMcusAds:125 - Set database path to: C:\Users\Admin\.stmcufinder\plugins\mcufinder//mcu/
2026-05-10 03:14:50,284 [WARN] DbFile:41 - Overriding database path with different value: C:\Users\Admin\.stmcufinder\plugins\mcufinder/ => C:\Users\Admin\.stmcufinder\plugins\mcufinder
2026-05-10 03:14:50,284 [WARN] DbFile:41 - Overriding database path with different value: C:\Users\Admin\.stmcufinder\plugins\mcufinder/ => C:\Users\Admin\.stmcufinder\plugins\mcufinder
2026-05-10 03:14:50,284 [INFO] CrossReferenceDbSqlite:203 - Set database path to: C:\Users\Admin\.stmcufinder\plugins\mcufinder//mcu/cs/
2026-05-10 03:14:50,297 [INFO] ApplicationProperties:184 - Using Application install path: C:\ST\STM32CubeIDE_1.13.1\STM32CubeIDE\plugins\com.st.stm32cube.common.mx_6.9.1.202307191849
2026-05-10 03:14:50,298 [INFO] PluginManage:196 - Search for loadable plugins [exclusion list=, ]
2026-05-10 03:14:50,299 [INFO] PluginManage:310 - Check plugin analytics
2026-05-10 03:14:50,400 [INFO] AnalyticsPlugin:253 - Accepted Software Licenses: 
2026-05-10 03:14:50,400 [INFO] AnalyticsPlugin:255 - Accepted CMSIS Pack Licenses: 
2026-05-10 03:14:50,400 [INFO] AnalyticsPlugin:257 - Accepted Firmware Licenses: 
2026-05-10 03:14:50,402 [INFO] PluginManage:359 - Loaded plugin analytics (category:tool,tabindex:-1)
2026-05-10 03:14:50,403 [INFO] PluginManage:310 - Check plugin cadmodel
2026-05-10 03:14:50,406 [INFO] CADModel:105 - Init CAD model plugin
2026-05-10 03:14:50,407 [INFO] PluginManage:359 - Loaded plugin cadmodel (category:power,tabindex:5)
2026-05-10 03:14:50,407 [INFO] PluginManage:310 - Check plugin clock
2026-05-10 03:14:50,415 [INFO] PluginManage:359 - Loaded plugin clock (category:base,tabindex:2)
2026-05-10 03:14:50,415 [INFO] PluginManage:310 - Check plugin ddr
2026-05-10 03:14:50,417 [INFO] PluginManage:359 - Loaded plugin ddr (category:tool,tabindex:6)
2026-05-10 03:14:50,417 [INFO] PluginManage:310 - Check plugin filemanager
2026-05-10 03:14:50,518 [INFO] PluginManage:359 - Loaded plugin filemanager (category:base,tabindex:10)
2026-05-10 03:14:50,518 [INFO] PluginManage:310 - Check plugin ipmanager
2026-05-10 03:14:50,523 [INFO] PluginManage:359 - Loaded plugin ipmanager (category:base,tabindex:5)
2026-05-10 03:14:50,523 [INFO] PluginManage:310 - Check plugin lpbam
2026-05-10 03:14:50,529 [INFO] PluginManage:359 - Loaded plugin lpbam (category:base,tabindex:0)
2026-05-10 03:14:50,529 [INFO] PluginManage:310 - Check plugin memorymap
2026-05-10 03:14:50,538 [INFO] PluginManage:359 - Loaded plugin memorymap (category:base,tabindex:4)
2026-05-10 03:14:50,538 [INFO] PluginManage:310 - Check plugin pinoutandconfiguration
2026-05-10 03:14:50,542 [INFO] PluginManage:359 - Loaded plugin pinoutandconfiguration (category:base,tabindex:1)
2026-05-10 03:14:50,543 [INFO] PluginManage:310 - Check plugin pinoutconfig
2026-05-10 03:14:50,603 [WARN] SupportedApi:132 - Cannot load RTOS API schema: s4s-elt-must-match.1: The content of 'definitions' must match (annotation?, (simpleType | complexType)?, (unique | key | keyref)*)). A problem was found starting at: attribute.
2026-05-10 03:14:50,689 [INFO] PluginManage:359 - Loaded plugin pinoutconfig (category:base,tabindex:0)
2026-05-10 03:14:50,689 [INFO] PluginManage:310 - Check plugin power
2026-05-10 03:14:50,696 [INFO] PluginManage:359 - Loaded plugin power (category:power,tabindex:4)
2026-05-10 03:14:50,696 [INFO] PluginManage:310 - Check plugin projectmanager
2026-05-10 03:14:50,708 [INFO] PluginManage:359 - Loaded plugin projectmanager (category:projectmanager,tabindex:3)
2026-05-10 03:14:50,708 [INFO] PluginManage:310 - Check plugin thirdparty
2026-05-10 03:14:50,797 [INFO] PluginManage:359 - Loaded plugin thirdparty (category:base,tabindex:-1)
2026-05-10 03:14:50,797 [WARN] IntegrityCheckThread:84 - waiting for thirdparty lock release [integrity check]
2026-05-10 03:14:50,797 [INFO] PluginManage:310 - Check plugin tools
2026-05-10 03:14:50,797 [INFO] IntegrityCheckThread:86 - entering critical section [integrity check]
2026-05-10 03:14:50,797 [INFO] ThirdPartyUpdaterWithRetryManager:70 - Updater plugin not ready yet. [1/15]
2026-05-10 03:14:50,799 [INFO] PluginManage:359 - Loaded plugin tools (category:base,tabindex:7)
2026-05-10 03:14:50,799 [INFO] PluginManage:310 - Check plugin tutovideos
2026-05-10 03:14:50,935 [INFO] PluginManage:359 - Loaded plugin tutovideos (category:base,tabindex:-1)
2026-05-10 03:14:50,935 [INFO] PluginManage:310 - Check plugin updater
2026-05-10 03:14:50,942 [INFO] PluginManage:359 - Loaded plugin updater (category:base,tabindex:12)
2026-05-10 03:14:50,942 [INFO] PluginManage:310 - Check plugin userauth
2026-05-10 03:14:50,946 [INFO] UserAuth:113 - Init User Auth plugin
2026-05-10 03:14:50,946 [INFO] PluginManage:359 - Loaded plugin userauth (category:base,tabindex:14)
2026-05-10 03:14:50,946 [INFO] PluginManage:283 - PluginManage : Loaded plugins [17]
2026-05-10 03:14:51,099 [INFO] PinOutPanel:1499 - setPackage(No Configuration,No Configuration)
2026-05-10 03:14:51,168 [INFO] CADModel:165 - CPN selected for project level
2026-05-10 03:14:51,169 [INFO] CADModel:114 - Register for checkConnection events
2026-05-10 03:14:51,181 [INFO] IPUIPlugin:80 - create IPUIPlugin
2026-05-10 03:14:51,181 [INFO] PluginManager:220 - loadIPPluginJar : add adc
2026-05-10 03:14:51,183 [INFO] IPUIPlugin:80 - create IPUIPlugin
2026-05-10 03:14:51,183 [INFO] PluginManager:220 - loadIPPluginJar : add aes
2026-05-10 03:14:51,184 [INFO] IPUIPlugin:80 - create IPUIPlugin
2026-05-10 03:14:51,184 [INFO] PluginManager:220 - loadIPPluginJar : add can
2026-05-10 03:14:51,185 [INFO] IPUIPlugin:80 - create IPUIPlugin
2026-05-10 03:14:51,185 [INFO] PluginManager:220 - loadIPPluginJar : add comp
2026-05-10 03:14:51,187 [INFO] IPUIPlugin:80 - create IPUIPlugin
2026-05-10 03:14:51,187 [INFO] PluginManager:220 - loadIPPluginJar : add cryp
2026-05-10 03:14:51,188 [INFO] IPUIPlugin:80 - create IPUIPlugin
2026-05-10 03:14:51,188 [INFO] PluginManager:220 - loadIPPluginJar : add dfsdm
2026-05-10 03:14:51,192 [INFO] IPUIPlugin:80 - create IPUIPlugin
2026-05-10 03:14:51,193 [INFO] PluginManager:220 - loadIPPluginJar : add dma
2026-05-10 03:14:51,194 [INFO] IPUIPlugin:80 - create IPUIPlugin
2026-05-10 03:14:51,194 [INFO] PluginManager:220 - loadIPPluginJar : add dma3
2026-05-10 03:14:51,195 [INFO] IPUIPlugin:80 - create IPUIPlugin
2026-05-10 03:14:51,195 [INFO] PluginManager:220 - loadIPPluginJar : add fatfs
2026-05-10 03:14:51,197 [INFO] IPUIPlugin:80 - create IPUIPlugin
2026-05-10 03:14:51,198 [INFO] PluginManager:220 - loadIPPluginJar : add fmc
2026-05-10 03:14:51,201 [INFO] IPUIPlugin:80 - create IPUIPlugin
2026-05-10 03:14:51,201 [INFO] PluginManager:220 - loadIPPluginJar : add freertos
2026-05-10 03:14:51,202 [INFO] IPUIPlugin:80 - create IPUIPlugin
2026-05-10 03:14:51,202 [INFO] PluginManager:220 - loadIPPluginJar : add genericplugin
2026-05-10 03:14:51,203 [INFO] IPUIPlugin:80 - create IPUIPlugin
2026-05-10 03:14:51,203 [INFO] PluginManager:220 - loadIPPluginJar : add gfxmmu
2026-05-10 03:14:51,206 [INFO] IPUIPlugin:80 - create IPUIPlugin
2026-05-10 03:14:51,206 [INFO] PluginManager:220 - loadIPPluginJar : add gic
2026-05-10 03:14:51,208 [INFO] IPUIPlugin:80 - create IPUIPlugin
2026-05-10 03:14:51,208 [INFO] PluginManager:220 - loadIPPluginJar : add gpio
2026-05-10 03:14:51,210 [INFO] IPUIPlugin:80 - create IPUIPlugin
2026-05-10 03:14:51,210 [INFO] PluginManager:220 - loadIPPluginJar : add gtzc
2026-05-10 03:14:51,211 [INFO] IPUIPlugin:80 - create IPUIPlugin
2026-05-10 03:14:51,211 [INFO] PluginManager:220 - loadIPPluginJar : add hash
2026-05-10 03:14:51,212 [INFO] IPUIPlugin:80 - create IPUIPlugin
2026-05-10 03:14:51,212 [INFO] PluginManager:220 - loadIPPluginJar : add i2c
2026-05-10 03:14:51,214 [INFO] IPUIPlugin:80 - create IPUIPlugin
2026-05-10 03:14:51,214 [INFO] PluginManager:220 - loadIPPluginJar : add i2s
2026-05-10 03:14:51,215 [INFO] IPUIPlugin:80 - create IPUIPlugin
2026-05-10 03:14:51,215 [INFO] PluginManager:220 - loadIPPluginJar : add i3c
2026-05-10 03:14:51,217 [INFO] IPUIPlugin:80 - create IPUIPlugin
2026-05-10 03:14:51,217 [INFO] PluginManager:220 - loadIPPluginJar : add ipddr
2026-05-10 03:14:51,221 [INFO] IPUIPlugin:80 - create IPUIPlugin
2026-05-10 03:14:51,221 [INFO] PluginManager:220 - loadIPPluginJar : add linkedlist
2026-05-10 03:14:51,223 [INFO] IPUIPlugin:80 - create IPUIPlugin
2026-05-10 03:14:51,223 [INFO] PluginManager:220 - loadIPPluginJar : add lorawan
2026-05-10 03:14:51,224 [INFO] IPUIPlugin:80 - create IPUIPlugin
2026-05-10 03:14:51,224 [INFO] PluginManager:220 - loadIPPluginJar : add ltdc
2026-05-10 03:14:51,227 [INFO] IPUIPlugin:80 - create IPUIPlugin
2026-05-10 03:14:51,227 [INFO] PluginManager:220 - loadIPPluginJar : add mdma
2026-05-10 03:14:51,229 [INFO] IPUIPlugin:80 - create IPUIPlugin
2026-05-10 03:14:51,229 [INFO] PluginManager:220 - loadIPPluginJar : add nvic
2026-05-10 03:14:51,230 [INFO] IPUIPlugin:80 - create IPUIPlugin
2026-05-10 03:14:51,231 [INFO] PluginManager:220 - loadIPPluginJar : add opamp
2026-05-10 03:14:51,232 [INFO] IPUIPlugin:80 - create IPUIPlugin
2026-05-10 03:14:51,232 [INFO] PluginManager:220 - loadIPPluginJar : add openamp
2026-05-10 03:14:51,234 [INFO] IPUIPlugin:80 - create IPUIPlugin
2026-05-10 03:14:51,234 [INFO] PluginManager:220 - loadIPPluginJar : add pdm2pcm
2026-05-10 03:14:51,237 [INFO] IPUIPlugin:80 - create IPUIPlugin
2026-05-10 03:14:51,239 [INFO] PluginManager:220 - loadIPPluginJar : add plateformsettings
2026-05-10 03:14:51,240 [INFO] IPUIPlugin:80 - create IPUIPlugin
2026-05-10 03:14:51,240 [INFO] PluginManager:220 - loadIPPluginJar : add quadspi
2026-05-10 03:14:51,242 [INFO] IPUIPlugin:80 - create IPUIPlugin
2026-05-10 03:14:51,242 [INFO] PluginManager:220 - loadIPPluginJar : add resmgrutility
2026-05-10 03:14:51,244 [INFO] IPUIPlugin:80 - create IPUIPlugin
2026-05-10 03:14:51,244 [INFO] PluginManager:220 - loadIPPluginJar : add sai
2026-05-10 03:14:51,245 [INFO] IPUIPlugin:80 - create IPUIPlugin
2026-05-10 03:14:51,245 [INFO] PluginManager:220 - loadIPPluginJar : add spi
2026-05-10 03:14:51,248 [INFO] IPUIPlugin:80 - create IPUIPlugin
2026-05-10 03:14:51,248 [INFO] PluginManager:220 - loadIPPluginJar : add stm32_wpan
2026-05-10 03:14:51,249 [INFO] IPUIPlugin:80 - create IPUIPlugin
2026-05-10 03:14:51,249 [INFO] PluginManager:220 - loadIPPluginJar : add tim
2026-05-10 03:14:51,251 [INFO] IPUIPlugin:80 - create IPUIPlugin
2026-05-10 03:14:51,251 [INFO] PluginManager:220 - loadIPPluginJar : add touchsensing
2026-05-10 03:14:51,252 [INFO] IPUIPlugin:80 - create IPUIPlugin
2026-05-10 03:14:51,252 [INFO] PluginManager:220 - loadIPPluginJar : add tracer_emb
2026-05-10 03:14:51,253 [INFO] IPUIPlugin:80 - create IPUIPlugin
2026-05-10 03:14:51,253 [INFO] PluginManager:220 - loadIPPluginJar : add ts
2026-05-10 03:14:51,253 [INFO] IPUIPlugin:80 - create IPUIPlugin
2026-05-10 03:14:51,254 [INFO] PluginManager:220 - loadIPPluginJar : add tsc
2026-05-10 03:14:51,254 [INFO] IPUIPlugin:80 - create IPUIPlugin
2026-05-10 03:14:51,254 [INFO] PluginManager:220 - loadIPPluginJar : add ucpd
2026-05-10 03:14:51,256 [INFO] IPUIPlugin:80 - create IPUIPlugin
2026-05-10 03:14:51,256 [INFO] PluginManager:220 - loadIPPluginJar : add usart
2026-05-10 03:14:51,258 [INFO] IPUIPlugin:80 - create IPUIPlugin
2026-05-10 03:14:51,258 [INFO] PluginManager:220 - loadIPPluginJar : add usbx
2026-05-10 03:14:51,368 [INFO] CADModel:165 - CPN selected for project level
2026-05-10 03:14:51,368 [INFO] CADModel:114 - Register for checkConnection events
2026-05-10 03:14:51,369 [FATAL] Updater:308 - Updater called before beeing initialized
2026-05-10 03:14:51,369 [ERROR] CADModel:125 - Updater not yet initialized, retry later 
2026-05-10 03:14:51,467 [INFO] CADModel:165 - CPN selected for project level
2026-05-10 03:14:51,467 [INFO] CADModel:114 - Register for checkConnection events
2026-05-10 03:14:51,467 [FATAL] Updater:308 - Updater called before beeing initialized
2026-05-10 03:14:51,467 [ERROR] CADModel:125 - Updater not yet initialized, retry later 
2026-05-10 03:14:51,469 [FATAL] Updater:308 - Updater called before beeing initialized
2026-05-10 03:14:51,545 [FATAL] Updater:308 - Updater called before beeing initialized
2026-05-10 03:14:51,550 [INFO] DbMcusAds:53 - JSON generation date=Mon Apr 27 15:14:29 GMT+07:00 2026 (1777277669683)
2026-05-10 03:14:51,550 [FATAL] Updater:308 - Updater called before beeing initialized
2026-05-10 03:14:51,577 [WARN] DetailPanel:346 - Failed to get advertising image, set to default
2026-05-10 03:14:51,669 [FATAL] Updater:308 - Updater called before beeing initialized
2026-05-10 03:14:51,671 [FATAL] Updater:308 - Updater called before beeing initialized
2026-05-10 03:14:51,671 [FATAL] Updater:308 - Updater called before beeing initialized
2026-05-10 03:14:51,671 [WARN] DetailPanel:346 - Failed to get advertising image, set to default
2026-05-10 03:14:51,671 [FATAL] Updater:308 - Updater called before beeing initialized
2026-05-10 03:14:51,703 [ERROR] Updater:1120 - MainUpdater not yet initialized. External WinMGr cannot be set.
2026-05-10 03:14:51,705 [INFO] Updater:1056 - Updater Version found : 6.9.1
2026-05-10 03:14:51,721 [INFO] ApplicationProperties:184 - Using Application install path: C:\ST\STM32CubeIDE_1.13.1\STM32CubeIDE\plugins\com.st.stm32cube.common.mx_6.9.1.202307191849
2026-05-10 03:14:51,827 [INFO] MainUpdater:2868 - connection check result : 10
2026-05-10 03:14:51,828 [INFO] MainUpdater:285 - Updater Check For Update Now.
2026-05-10 03:14:51,829 [INFO] MicroXplorer:498 - Change Database Version : DB.6.0.91
2026-05-10 03:14:51,842 [INFO] McuFinderGlobals:63 - Set McuFinder mode to 2 (CubeIDE integrated)
2026-05-10 03:14:51,842 [INFO] UserAuth:179 - activating auth plugin
2026-05-10 03:14:51,845 [INFO] UserAuth:393 - Internet connection configuration mode: 1
2026-05-10 03:14:51,867 [INFO] JxBrowserEngine:151 - Initiate JxBrowser Engine with user profile folder
2026-05-10 03:14:52,006 [INFO] CheckServerUpdateThread:120 - End of CheckServer Thread
2026-05-10 03:14:52,369 [INFO] WebApp:157 - Instantiating new browser for Auth
2026-05-10 03:14:52,739 [INFO] WebApp:753 - Register for checkConnection events
2026-05-10 03:14:52,739 [INFO] WebApp:390 - Apply proxy settings
2026-05-10 03:14:52,739 [INFO] WebApp:475 - Chromium requires no authentication
2026-05-10 03:14:52,745 [INFO] WebApp:418 - Direct internet connection detected
2026-05-10 03:14:52,926 [INFO] WebApp:188 - Starting web application
2026-05-10 03:14:52,926 [INFO] WebApp:520 - Web application path used C:\ST\STM32CubeIDE_1.13.1\STM32CubeIDE\plugins\com.st.stm32cube.common.mx_6.9.1.202307191849\db\plugins\mcufinder\reactClient1\index.html
2026-05-10 03:14:53,905 [WARN] PackLoader:240 - Cannot read IP mode file for STMicroelectronics.X-CUBE-AZRTOS-F4.1.1.0
2026-05-10 03:14:53,925 [WARN] PackLoader:240 - Cannot read IP mode file for STMicroelectronics.X-CUBE-SMBUS.2.1.0
2026-05-10 03:14:53,951 [WARN] PackLoader:240 - Cannot read IP mode file for STMicroelectronics.X-CUBE-AZRTOS-F7.1.1.0
2026-05-10 03:14:53,972 [WARN] PackLoader:240 - Cannot read IP mode file for STMicroelectronics.X-CUBE-DISPLAY.3.0.0
2026-05-10 03:14:53,998 [INFO] LogOutputStream:77 - [STDOUT_REDIRECT] 1 : Invalid condition id : UX_CORESTACK_Condition cause : null
2026-05-10 03:14:53,999 [INFO] LogOutputStream:77 - [STDOUT_REDIRECT] 1 : Invalid condition id : UX_CORESTACK_Condition cause : null
2026-05-10 03:14:54,000 [INFO] LogOutputStream:77 - [STDOUT_REDIRECT] 1 : Invalid condition id : UX_CORESTACK_Condition cause : null
2026-05-10 03:14:54,001 [INFO] LogOutputStream:77 - [STDOUT_REDIRECT] 1 : Invalid condition id : UX_CORESTACK_Condition cause : null
2026-05-10 03:14:54,002 [INFO] LogOutputStream:77 - [STDOUT_REDIRECT] 1 : Invalid condition id : UX_CORESTACK_Condition cause : null
2026-05-10 03:14:54,006 [WARN] PackLoader:240 - Cannot read IP mode file for STMicroelectronics.X-CUBE-AZRTOS-WL.2.0.0
2026-05-10 03:14:54,025 [WARN] ConditionMgr:438 - getConditionDescription Invalid condition id : LAN8742 Phy interface Condition cause : null
2026-05-10 03:14:54,026 [WARN] PackLoader:240 - Cannot read IP mode file for STMicroelectronics.X-CUBE-AZRTOS-L4.2.0.0
2026-05-10 03:14:54,028 [WARN] ConditionMgr:1039 - genDependencies : Invalid condition id : LAN8742 Phy interface Condition cause : null
2026-05-10 03:14:54,028 [WARN] ConditionMgr:1039 - genDependencies : Invalid condition id : LAN8742 Phy interface Condition cause : null
2026-05-10 03:14:54,030 [WARN] ConditionMgr:1039 - genDependencies : Invalid condition id : LAN8742 Phy interface Condition cause : null
2026-05-10 03:14:54,046 [WARN] PackLoader:240 - Cannot read IP mode file for STMicroelectronics.X-CUBE-SFXS2LP1.4.0.0
2026-05-10 03:14:54,052 [WARN] PackLoader:240 - Cannot read IP mode file for STMicroelectronics.X-CUBE-BLE2.3.3.0
2026-05-10 03:14:54,065 [WARN] PackLoader:240 - Cannot read IP mode file for STMicroelectronics.X-CUBE-AZRTOS-G0.1.1.0
2026-05-10 03:14:54,077 [WARN] PackLoader:240 - Cannot read IP mode file for STMicroelectronics.X-CUBE-SUBG2.5.0.0
2026-05-10 03:14:54,086 [WARN] PackLoader:240 - Cannot read IP mode file for STMicroelectronics.X-CUBE-NFC4.3.0.0
2026-05-10 03:14:54,098 [WARN] PackLoader:240 - Cannot read IP mode file for STMicroelectronics.X-CUBE-AZRTOS-G4.2.0.0
2026-05-10 03:14:54,104 [WARN] PackLoader:240 - Cannot read IP mode file for STMicroelectronics.FP-ATR-SIGFOX1.3.2.0
2026-05-10 03:14:54,106 [INFO] ThirdParty:978 - Integrity check success = true
2026-05-10 03:14:54,106 [INFO] IntegrityCheckThread:100 - exiting critical section [integrity check]
2026-05-10 03:14:54,106 [INFO] IntegrityCheckThread:103 - End integrity checks thread
2026-05-10 03:14:58,024 [INFO] McuFinderGlobals:63 - Set McuFinder mode to 2 (CubeIDE integrated)
2026-05-10 03:14:58,028 [INFO] MainUpdater:2868 - connection check result : 10
2026-05-10 03:14:58,029 [INFO] MainUpdater:2868 - connection check result : 10
2026-05-10 03:14:58,052 [INFO] MicroXplorer:468 - Change Database Path : 
2026-05-10 03:14:58,052 [INFO] MicroXplorer:498 - Change Database Version : DB.6.0.91
2026-05-10 03:14:58,055 [WARN] ThirdParty:871 - waiting for thirdparty lock release [close project]
2026-05-10 03:14:58,055 [INFO] ThirdParty:873 - entering critical section [close project]
2026-05-10 03:14:58,055 [INFO] ThirdParty:883 - exiting critical section [close project]
2026-05-10 03:14:58,056 [INFO] PinOutPanel:1499 - setPackage(No Configuration,No Configuration)
2026-05-10 03:14:58,061 [INFO] UtilMem:75 - Begin LoadConfig() Used Memory: 188674824 Bytes (268435456)
2026-05-10 03:14:58,062 [INFO] MicroXplorer:468 - Change Database Path : 
2026-05-10 03:14:58,062 [INFO] MicroXplorer:498 - Change Database Version : DB.6.0.91
2026-05-10 03:14:58,062 [INFO] OpenFileManager:308 - Change cursor
2026-05-10 03:14:58,077 [INFO] Mcu:1946 - Initializing MCU STM32F103C(8-B)Tx STM32F103C8Tx STM32F103C8T6
2026-05-10 03:14:58,686 [INFO] Context:659 - Trying to add GPIOservice into a context  which must be forbidden
2026-05-10 03:14:58,910 [WARN] ModelIntegratedComponent:63 - No mode defined for component null
2026-05-10 03:14:58,911 [WARN] ModelIntegratedComponent:63 - No mode defined for component null
2026-05-10 03:14:58,911 [WARN] ModelIntegratedComponent:63 - No mode defined for component null
2026-05-10 03:14:58,911 [WARN] ModelIntegratedComponent:63 - No mode defined for component null
2026-05-10 03:14:58,911 [WARN] ModelIntegratedComponent:63 - No mode defined for component null
2026-05-10 03:14:58,911 [WARN] ModelIntegratedComponent:63 - No mode defined for component null
2026-05-10 03:14:58,911 [WARN] ModelIntegratedComponent:63 - No mode defined for component null
2026-05-10 03:14:58,911 [WARN] ModelIntegratedComponent:63 - No mode defined for component null
2026-05-10 03:14:58,911 [WARN] ModelIntegratedComponent:63 - No mode defined for component null
2026-05-10 03:14:58,911 [WARN] ModelIntegratedComponent:63 - No mode defined for component null
2026-05-10 03:14:58,912 [WARN] ModelIntegratedComponent:63 - No mode defined for component null
2026-05-10 03:14:58,912 [WARN] ModelIntegratedComponent:63 - No mode defined for component null
2026-05-10 03:14:58,912 [WARN] ModelIntegratedComponent:63 - No mode defined for component null
2026-05-10 03:14:58,912 [WARN] ModelIntegratedComponent:63 - No mode defined for component null
2026-05-10 03:14:58,912 [WARN] ModelIntegratedComponent:63 - No mode defined for component null
2026-05-10 03:14:58,912 [WARN] ModelIntegratedComponent:63 - No mode defined for component null
2026-05-10 03:14:58,912 [WARN] ModelIntegratedComponent:63 - No mode defined for component null
2026-05-10 03:14:58,912 [WARN] ModelIntegratedComponent:63 - No mode defined for component null
2026-05-10 03:14:58,912 [WARN] ModelIntegratedComponent:63 - No mode defined for component null
2026-05-10 03:14:58,912 [WARN] ModelIntegratedComponent:63 - No mode defined for component null
2026-05-10 03:14:58,912 [WARN] ModelIntegratedComponent:63 - No mode defined for component null
2026-05-10 03:14:58,912 [WARN] ModelIntegratedComponent:63 - No mode defined for component null
2026-05-10 03:14:58,912 [WARN] ModelIntegratedComponent:63 - No mode defined for component null
2026-05-10 03:14:58,912 [WARN] ModelIntegratedComponent:63 - No mode defined for component null
2026-05-10 03:14:58,912 [WARN] ModelIntegratedComponent:63 - No mode defined for component null
2026-05-10 03:14:58,913 [WARN] ModelIntegratedComponent:63 - No mode defined for component null
2026-05-10 03:14:58,913 [WARN] ModelIntegratedComponent:63 - No mode defined for component null
2026-05-10 03:14:58,913 [WARN] ModelIntegratedComponent:63 - No mode defined for component null
2026-05-10 03:14:58,913 [WARN] ModelIntegratedComponent:63 - No mode defined for component null
2026-05-10 03:14:58,913 [WARN] ModelIntegratedComponent:63 - No mode defined for component null
2026-05-10 03:14:58,913 [WARN] ModelIntegratedComponent:63 - No mode defined for component null
2026-05-10 03:14:58,913 [WARN] ModelIntegratedComponent:63 - No mode defined for component null
2026-05-10 03:14:58,913 [WARN] ModelIntegratedComponent:63 - No mode defined for component null
2026-05-10 03:14:58,921 [INFO] RtosManager:555 - Registered RTOS mode: class=CMSIS, group=RTOS, mode=CMSIS_V1, owner=FREERTOS
2026-05-10 03:14:58,921 [INFO] RtosManager:555 - Registered RTOS mode: class=CMSIS, group=RTOS2, mode=CMSIS_V2, owner=FREERTOS
2026-05-10 03:14:58,921 [INFO] RtosManager:555 - Registered RTOS mode: class=RTOS, group=Core, mode=CMSIS_V1, owner=FREERTOS
2026-05-10 03:14:58,921 [INFO] RtosManager:555 - Registered RTOS mode: class=RTOS, group=Core, mode=CMSIS_V2, owner=FREERTOS
2026-05-10 03:14:58,921 [WARN] ModelIntegratedComponent:184 - Missing modes for component STMicroelectronics:FreeRTOS:0.0.1:STMicroelectronics:RTOS:FreeRTOS:Core:::10.2.0:
2026-05-10 03:14:58,934 [INFO] ThirdPartyModel:298 - Start build external matchings
2026-05-10 03:14:58,963 [INFO] ThirdPartyModel:316 - End build external matchings
2026-05-10 03:14:59,126 [INFO] UtilMem:75 - End LoadConfig() Used Memory: 246490400 Bytes (325058560)
2026-05-10 03:14:59,183 [INFO] ApiDb:581 - Connected to CubeFinder SQLite database (C:\Users\Admin\.stmcufinder\plugins\mcufinder\mcu\cube-finder-db.db)
2026-05-10 03:14:59,265 [INFO] ApiDb:668 - CubeFinder database Data Model version=2.1
2026-05-10 03:14:59,265 [INFO] ApiDb:669 - CubeFinder database Configuration version=3.0.42
2026-05-10 03:14:59,266 [INFO] ApiDb:670 - CubeFinder database generation date=2026-05-06 (1778060171)
2026-05-10 03:14:59,266 [INFO] ApiDb:671 - CubeFinder database FW Pack versions=[FP-ATR-ASTRA1_V2.0.0, FP-SNS-FLIGHT1_V5.1.0, FP-SNS-MOTENV1_V5.1.0, FP-SNS-MOTENVWB1_V1.5.0, FP-SNS-SMARTAG2_V1.2.0, FP-SNS-STBOX1_V2.1.0, STM32Cube_FW_C0_V1.4.0, STM32Cube_FW_F4_V1.28.3, STM32Cube_FW_F7_V1.17.4, STM32Cube_FW_G0_V1.6.3, STM32Cube_FW_G4_V1.6.2, STM32Cube_FW_H5_V1.6.0, STM32Cube_FW_H7RS_V1.3.0, STM32Cube_FW_H7_V1.13.0, STM32Cube_FW_L0_V1.12.2, STM32Cube_FW_L4_V1.18.2, STM32Cube_FW_L5_V1.6.0, STM32Cube_FW_N6_V1.3.0, STM32Cube_FW_U0_V1.3.0, STM32Cube_FW_U3_V1.3.0, STM32Cube_FW_U5_V1.8.0, STM32Cube_FW_WB0_V1.4.0, STM32Cube_FW_WBA_V1.9.0, STM32Cube_FW_WB_V1.24.0, STM32Cube_FW_WL3_V1.4.0, STM32Cube_FW_WL_V1.5.0, X-CUBE-ALGOBUILD_V1.4.0, X-CUBE-ALS_V1.0.2, X-CUBE-AZRTOS-F4_V1.1.0, X-CUBE-AZRTOS-F7_V1.1.0, X-CUBE-AZRTOS-G0_V1.1.0, X-CUBE-AZRTOS-G4_V2.0.0, X-CUBE-AZRTOS-H7RS_V1.1.0, X-CUBE-AZRTOS-H7_V3.5.0, X-CUBE-AZRTOS-L4_V2.0.0, X-CUBE-AZRTOS-L5_V2.0.0, X-CUBE-AZRTOS-WB_V2.0.0, X-CUBE-AZRTOS-WL_V2.0.0, X-CUBE-BLE1_V7.1.0, X-CUBE-BLE2_V3.3.0, X-CUBE-BLEMGR_V4.1.0, X-CUBE-EEPRMA1_V5.2.0, X-CUBE-FREERTOS_V1.5.0, X-CUBE-GNSS1_V6.0.0, X-CUBE-MEMS1_V12.0.0, X-CUBE-NFC4_V3.0.0, X-CUBE-NFC7_V2.0.0, X-CUBE-SFXS2LP1_V4.0.0, X-CUBE-ST67W61_V1.2.0, X-CUBE-SUBG2_V5.0.0, X-CUBE-TOF1_V3.4.3]
2026-05-10 03:15:01,736 [INFO] ApiDb:240 - Found 323 in-development CPN: [B-G473E-ZEST1S, B-WB1M-WPAN1, B-WL5M-SUBG1, NUCLEO-C031C6, NUCLEO-H503RB, NUCLEO-H563ZI, NUCLEO-U545RE-Q, NUCLEO-U5A5ZJ-Q, NUCLEO-WBA52CG, STEVAL-PROTEUS1, STEVAL-SMARTAG2, STEVAL-STWINBX1, STM320518-EVAL, STM32C0116-DK, STM32C011D6Y3TR, STM32C011D6Y6TR, STM32C011F4P3, STM32C011F4P6, STM32C011F4U3, STM32C011F4U6TR, STM32C011F6P3, STM32C011F6P6, STM32C011F6U3, STM32C011F6U6TR, STM32C011J4M3, STM32C011J4M6, STM32C011J6M3, STM32C011J6M6, STM32C0316-DK, STM32C031C4T3, STM32C031C4T6, STM32C031C4U3, STM32C031C4U6, STM32C031C6T3, STM32C031C6T6, STM32C031C6U3, STM32C031C6U6, STM32C031F4P3, STM32C031F4P6, STM32C031F6P3, STM32C031F6P6, STM32C031G4U3, STM32C031G4U6, STM32C031G6U3, STM32C031G6U6, STM32C031K4T3, STM32C031K4T6, STM32C031K4U3, STM32C031K4U6, STM32C031K6T3, STM32C031K6T6, STM32C031K6U3, STM32C031K6U6, STM32G071K8TXN, STM32G071K8UXN, STM32G081GBU6N, STM32G081KBT6N, STM32G081KBUXN, STM32G0B1CCT6N, STM32G0B1KCT6, STM32G0B1NEY6TR, STM32G0B1RCT6N, STM32G0C1CCT6, STM32G0C1CCT6N, STM32G0C1CCU6N, STM32G0C1CET6N, STM32G0C1CEU6N, STM32G0C1KCT6, STM32G0C1NEY6TR, STM32G0C1RCI6N, STM32G0C1RCT6N, STM32G0C1REI6N, STM32G0C1RET6N, STM32G0C1VCI6, STM32G0C1VEI6, STM32G471CCT6, STM32G471CCU6, STM32G471CET3, STM32G471CET6, STM32G471CEU3, STM32G471CEU6, STM32G471MCT6, STM32G471MET3, STM32G471MET6, STM32G471MEY6TR, STM32G471QCT6, STM32G471QET3, STM32G471RCT6, STM32G471RET3, STM32G471RET6, STM32G471VCH6, STM32G471VCI6, STM32G471VCT6, STM32G471VEH3, STM32G471VEH6, STM32G471VEI3, STM32G471VEI6, STM32G471VET3, STM32G471VET6, STM32G474CCT6, STM32H503CBT6, STM32H503CBU6, STM32H503EBY6TR, STM32H503KBU6, STM32H503RBT6, STM32H562AGI6, STM32H562AII6, STM32H562IGK6, STM32H562IGT6, STM32H562IIK6, STM32H562IIT6, STM32H562RGT6, STM32H562RGV6, STM32H562RIT6, STM32H562RIV6, STM32H562VGT6, STM32H562VIT6, STM32H562ZGT6, STM32H562ZIT6, STM32H563AGI6, STM32H563AII3Q, STM32H563AII6, STM32H563IGK6, STM32H563IGT6, STM32H563IIK3Q, STM32H563IIK6, STM32H563IIT3Q, STM32H563IIT6, STM32H563MIY3QTR, STM32H563RGT6, STM32H563RGV6, STM32H563RIT6, STM32H563RIV6, STM32H563VGT6, STM32H563VIT3Q, STM32H563VIT6, STM32H563ZGT6, STM32H563ZIT3Q, STM32H563ZIT6, STM32H573AII3Q, STM32H573AII6, STM32H573I-DK, STM32H573IIK3Q, STM32H573IIK6, STM32H573IIT3Q, STM32H573IIT6, STM32H573MIY3QTR, STM32H573RIT6, STM32H573RIV6, STM32H573VIT3Q, STM32H573VIT6, STM32H573ZIT3Q, STM32H573ZIT6, STM32L4R5QGI6STR, STM32MP131AAE3, STM32MP131AAF3, STM32MP131AAG3, STM32MP131CAE3, STM32MP131CAF3, STM32MP131CAG3, STM32MP131DAE7, STM32MP131DAF7, STM32MP131DAG7, STM32MP131FAE7, STM32MP131FAF7, STM32MP131FAG7, STM32MP133AAE3, STM32MP133AAF3, STM32MP133AAG3, STM32MP133CAE3, STM32MP133CAF3, STM32MP133CAG3, STM32MP133DAE7, STM32MP133DAF7, STM32MP133DAG7, STM32MP133FAE7, STM32MP133FAF7, STM32MP133FAG7, STM32MP135AAE3, STM32MP135AAF3, STM32MP135AAG3, STM32MP135CAE3, STM32MP135CAF3, STM32MP135CAG3, STM32MP135DAE7, STM32MP135DAF7, STM32MP135DAG7, STM32MP135F-DK, STM32MP135FAE7, STM32MP135FAF7, STM32MP135FAF7T, STM32MP135FAF7U, STM32MP135FAG7, STM32U535CBT6, STM32U535CBT6Q, STM32U535CBU6, STM32U535CBU6Q, STM32U535CCT6, STM32U535CCT6Q, STM32U535CCU6, STM32U535CCU6Q, STM32U535CET6, STM32U535CET6Q, STM32U535CEU6, STM32U535CEU6Q, STM32U535JEY6QTR, STM32U535NCY6QTR, STM32U535NEY6QTR, STM32U535RBI6, STM32U535RBI6Q, STM32U535RBT6, STM32U535RBT6Q, STM32U535RCI6, STM32U535RCI6Q, STM32U535RCT6, STM32U535RCT6Q, STM32U535REI6, STM32U535REI6Q, STM32U535RET6, STM32U535RET6Q, STM32U535VCI6, STM32U535VCI6Q, STM32U535VCT6, STM32U535VCT6Q, STM32U535VEI6, STM32U535VEI6Q, STM32U535VET6, STM32U535VET6Q, STM32U545CET6, STM32U545CET6Q, STM32U545CEU6, STM32U545CEU6Q, STM32U545JEY6QTR, STM32U545NEY6QTR, STM32U545REI6, STM32U545REI6Q, STM32U545RET6, STM32U545RET6Q, STM32U545VEI6, STM32U545VEI6Q, STM32U545VET6, STM32U545VET6Q, STM32U595AIH6, STM32U595AIH6Q, STM32U595AJH6, STM32U595AJH6Q, STM32U595QII6, STM32U595QII6Q, STM32U595QJI6, STM32U595QJI6Q, STM32U595RIT6, STM32U595RIT6Q, STM32U595RJT6, STM32U595RJT6Q, STM32U595VIT6, STM32U595VIT6Q, STM32U595VJT6, STM32U595VJT6Q, STM32U595ZIT6, STM32U595ZIT6Q, STM32U595ZIY6QTR, STM32U595ZJT6, STM32U595ZJT6Q, STM32U595ZJY6QTR, STM32U599BJY6QTR, STM32U599NIH6Q, STM32U599NJH6Q, STM32U599VIT6Q, STM32U599VJT6, STM32U599VJT6Q, STM32U599ZIT6Q, STM32U599ZIY6QTR, STM32U599ZJT6Q, STM32U599ZJY6QTR, STM32U5A5AJH6, STM32U5A5AJH6Q, STM32U5A5QJI6, STM32U5A5QJI6Q, STM32U5A5RJT6, STM32U5A5RJT6Q, STM32U5A5VJT6, STM32U5A5VJT6Q, STM32U5A5ZJT6, STM32U5A5ZJT6Q, STM32U5A5ZJY6QTR, STM32U5A9BJY6QTR, STM32U5A9J-DK, STM32U5A9NJH6Q, STM32U5A9VJT6Q, STM32U5A9ZJT6Q, STM32U5A9ZJY6QTR, STM32U5F7VIT6, STM32U5F7VIT6Q, STM32U5F7VJT6, STM32U5F7VJT6Q, STM32U5F9BJY6QTR, STM32U5F9NJH6Q, STM32U5F9VIT6Q, STM32U5F9VJT6Q, STM32U5F9ZIJ6QTR, STM32U5F9ZIT6Q, STM32U5F9ZJJ6QTR, STM32U5F9ZJT6Q, STM32U5G7VJT6, STM32U5G7VJT6Q, STM32U5G9BJY6QTR, STM32U5G9J-DK1, STM32U5G9J-DK2, STM32U5G9NJH6Q, STM32U5G9VJT6Q, STM32U5G9ZJJ6QTR, STM32U5G9ZJT6Q, STM32WB1MMCH6, STM32WBA52CEU6, STM32WBA52CEU6T, STM32WBA52CGU6, STM32WBA52CGU6T, STM32WBA52KEU6, STM32WBA52KEU6T, STM32WBA52KGU6, STM32WBA52KGU6T, STM32WL5MOCH6, STM32WL5MOCH6TR]
2026-05-10 03:15:01,742 [INFO] DbMcus:217 - Found 5061 MCUs, 4943 are supported
2026-05-10 03:15:01,742 [INFO] ApiDb:423 - Load user favorites file C:\Users\Admin/.stm32cubeide/favorites.mcus.txt: 1 item(s)
2026-05-10 03:15:01,742 [INFO] ApiDb:427 - User favorites MCUs=[STM32F103C8T6]
2026-05-10 03:15:01,743 [INFO] DbMcus:223 - Set 1 / 1 favorites MCUs
2026-05-10 03:15:02,192 [WARN] ThirdParty:833 - waiting for thirdparty lock release [change project]
2026-05-10 03:15:02,192 [INFO] ThirdParty:835 - entering critical section [change project]
2026-05-10 03:15:02,193 [INFO] ThirdParty:1030 - CMSIS Pack Vendor :STMicroelectronics USBPD 4.1
2026-05-10 03:15:02,193 [INFO] ThirdParty:1030 - CMSIS Pack Vendor :STMicroelectronics X-CUBE-DISPLAY 3.0.0
2026-05-10 03:15:02,193 [INFO] ThirdParty:1030 - CMSIS Pack Vendor :STMicroelectronics USB_HOST 2.0.0
2026-05-10 03:15:02,193 [INFO] ThirdParty:1030 - CMSIS Pack Vendor :STMicroelectronics X-CUBE-AZRTOS-F4 1.1.0
2026-05-10 03:15:02,193 [INFO] ThirdParty:1030 - CMSIS Pack Vendor :STMicroelectronics LIBJPEG 8.0.0
2026-05-10 03:15:02,193 [INFO] ThirdParty:1030 - CMSIS Pack Vendor :STMicroelectronics FP-ATR-SIGFOX1 3.2.0
2026-05-10 03:15:02,193 [INFO] ThirdParty:1030 - CMSIS Pack Vendor :STMicroelectronics X-CUBE-SMBUS 2.1.0
2026-05-10 03:15:02,193 [INFO] ThirdParty:1030 - CMSIS Pack Vendor :STMicroelectronics USB_DEVICE 3.0.0
2026-05-10 03:15:02,193 [INFO] ThirdParty:1030 - CMSIS Pack Vendor :STMicroelectronics HAL Drivers 0.0.0
2026-05-10 03:15:02,193 [INFO] ThirdParty:1030 - CMSIS Pack Vendor :STMicroelectronics MBEDTLS 2.16.2
2026-05-10 03:15:02,193 [INFO] ThirdParty:1030 - CMSIS Pack Vendor :STMicroelectronics MBEDTLS 2.14.1
2026-05-10 03:15:02,193 [INFO] ThirdParty:1030 - CMSIS Pack Vendor :STMicroelectronics X-CUBE-AZRTOS-F7 1.1.0
2026-05-10 03:15:02,193 [INFO] ThirdParty:1030 - CMSIS Pack Vendor :STMicroelectronics USB_DEVICE 2.0.0
2026-05-10 03:15:02,193 [INFO] ThirdParty:1030 - CMSIS Pack Vendor :STMicroelectronics ThreadX 1.0.0
2026-05-10 03:15:02,193 [INFO] ThirdParty:1030 - CMSIS Pack Vendor :STMicroelectronics X-CUBE-AZRTOS-WL 2.0.0
2026-05-10 03:15:02,193 [INFO] ThirdParty:1030 - CMSIS Pack Vendor :STMicroelectronics FreeRTOS 0.0.1
2026-05-10 03:15:02,193 [INFO] ThirdParty:1030 - CMSIS Pack Vendor :STMicroelectronics X-CUBE-AZRTOS-G0 1.1.0
2026-05-10 03:15:02,193 [INFO] ThirdParty:1030 - CMSIS Pack Vendor :STMicroelectronics USB_DEVICE 1.0.0
2026-05-10 03:15:02,193 [INFO] ThirdParty:1030 - CMSIS Pack Vendor :STMicroelectronics X-CUBE-SUBG2 5.0.0
2026-05-10 03:15:02,193 [INFO] ThirdParty:1030 - CMSIS Pack Vendor :STMicroelectronics X-CUBE-NFC4 3.0.0
2026-05-10 03:15:02,193 [INFO] ThirdParty:1030 - CMSIS Pack Vendor :STMicroelectronics STM32_WPAN 1.0.0
2026-05-10 03:15:02,193 [INFO] ThirdParty:1030 - CMSIS Pack Vendor :STMicroelectronics X-CUBE-AZRTOS-L4 2.0.0
2026-05-10 03:15:02,193 [INFO] ThirdParty:1030 - CMSIS Pack Vendor :STMicroelectronics ThreadX 0.0.2
2026-05-10 03:15:02,193 [INFO] ThirdParty:1030 - CMSIS Pack Vendor :STMicroelectronics lwIP 2.0.3
2026-05-10 03:15:02,193 [INFO] ThirdParty:1030 - CMSIS Pack Vendor :STMicroelectronics lwIP 2.1.2
2026-05-10 03:15:02,193 [INFO] ThirdParty:1030 - CMSIS Pack Vendor :STMicroelectronics X-CUBE-SFXS2LP1 4.0.0
2026-05-10 03:15:02,193 [INFO] ThirdParty:1030 - CMSIS Pack Vendor :STMicroelectronics X-CUBE-BLE2 3.3.0
2026-05-10 03:15:02,193 [INFO] ThirdParty:1030 - CMSIS Pack Vendor :STMicroelectronics USB_HOST 1.0.0
2026-05-10 03:15:02,194 [INFO] ThirdParty:1030 - CMSIS Pack Vendor :STMicroelectronics X-CUBE-AZRTOS-G4 2.0.0
2026-05-10 03:15:02,194 [INFO] ThirdParty:1030 - CMSIS Pack Vendor :STMicroelectronics PDM2PCM 3.1.0
2026-05-10 03:15:02,194 [INFO] ThirdParty:1030 - CMSIS Pack Vendor :STMicroelectronics PDM2PCM 3.2.0
2026-05-10 03:15:02,194 [INFO] ThirdParty:1030 - CMSIS Pack Vendor :STMicroelectronics PDM2PCM 3.3.0
2026-05-10 03:15:02,194 [INFO] ThirdParty:841 - exiting critical section [change project]
2026-05-10 03:15:02,406 [INFO] PinOutPanel:1499 - setPackage(No Configuration,No Configuration)
2026-05-10 03:15:02,407 [INFO] PinOutPanel:1499 - setPackage(STM32F103C8Tx,LQFP48)
2026-05-10 03:15:02,760 [INFO] UtilMem:75 - Before build in PCC Used Memory: 375539440 Bytes (624951296)
2026-05-10 03:15:03,659 [INFO] UtilMem:75 - After build in PCC Used Memory: 444851128 Bytes (624951296)
2026-05-10 03:15:03,686 [INFO] IPUIPlugin:80 - create IPUIPlugin
2026-05-10 03:15:03,686 [INFO] IPUIPlugin:80 - create IPUIPlugin
2026-05-10 03:15:03,686 [INFO] IPUIPlugin:80 - create IPUIPlugin
2026-05-10 03:15:03,687 [INFO] IPUIPlugin:80 - create IPUIPlugin
2026-05-10 03:15:03,687 [INFO] IPUIPlugin:80 - create IPUIPlugin
2026-05-10 03:15:03,687 [INFO] IPUIPlugin:80 - create IPUIPlugin
2026-05-10 03:15:03,687 [INFO] IPUIPlugin:80 - create IPUIPlugin
2026-05-10 03:15:03,687 [INFO] IPUIPlugin:80 - create IPUIPlugin
2026-05-10 03:15:03,687 [INFO] IPUIPlugin:80 - create IPUIPlugin
2026-05-10 03:15:03,687 [INFO] IPUIPlugin:80 - create IPUIPlugin
2026-05-10 03:15:03,688 [INFO] IPUIPlugin:80 - create IPUIPlugin
2026-05-10 03:15:03,688 [INFO] IPUIPlugin:80 - create IPUIPlugin
2026-05-10 03:15:03,688 [INFO] IPUIPlugin:80 - create IPUIPlugin
2026-05-10 03:15:03,688 [INFO] IPUIPlugin:80 - create IPUIPlugin
2026-05-10 03:15:03,688 [INFO] IPUIPlugin:80 - create IPUIPlugin
2026-05-10 03:15:03,688 [INFO] IPUIPlugin:80 - create IPUIPlugin
2026-05-10 03:15:03,689 [INFO] IPUIPlugin:80 - create IPUIPlugin
2026-05-10 03:15:03,689 [INFO] IPUIPlugin:80 - create IPUIPlugin
2026-05-10 03:15:03,689 [INFO] IPUIPlugin:80 - create IPUIPlugin
2026-05-10 03:15:03,689 [INFO] IPUIPlugin:80 - create IPUIPlugin
2026-05-10 03:15:03,689 [INFO] IPUIPlugin:80 - create IPUIPlugin
2026-05-10 03:15:03,689 [INFO] IPUIPlugin:80 - create IPUIPlugin
2026-05-10 03:15:03,689 [INFO] IPUIPlugin:80 - create IPUIPlugin
2026-05-10 03:15:03,690 [INFO] IPUIPlugin:80 - create IPUIPlugin
2026-05-10 03:15:03,690 [INFO] IPUIPlugin:80 - create IPUIPlugin
2026-05-10 03:15:03,690 [INFO] IPUIPlugin:80 - create IPUIPlugin
2026-05-10 03:15:03,690 [INFO] IPUIPlugin:80 - create IPUIPlugin
2026-05-10 03:15:03,701 [WARN] IP:2114 - I2C_Coeff_DF not found: check if there is a RefParameter without a condition.
2026-05-10 03:15:03,701 [WARN] IP:2114 - Analog_Filter not found: check if there is a RefParameter without a condition.
2026-05-10 03:15:03,955 [INFO] CADModel:165 - CPN selected for project levelSTM32F103C8T6
2026-05-10 03:15:03,955 [INFO] CADModel:114 - Register for checkConnection events
2026-05-10 03:15:03,996 [INFO] OpenFileManager:328 - Restore cursor
2026-05-10 03:15:04,150 [WARN] IP:2114 - I2C_Coeff_DF not found: check if there is a RefParameter without a condition.
2026-05-10 03:15:04,150 [WARN] IP:2114 - Analog_Filter not found: check if there is a RefParameter without a condition.
2026-05-10 03:15:04,151 [WARN] IP:2114 - I2C_Coeff_DF not found: check if there is a RefParameter without a condition.
2026-05-10 03:15:04,151 [WARN] IP:2114 - Analog_Filter not found: check if there is a RefParameter without a condition.
2026-05-10 03:15:13,413 [ERROR] LogOutputStream:75 - [STDERR_REDIRECT] SLF4J: Failed to load class "org.slf4j.impl.StaticLoggerBinder".
2026-05-10 03:15:13,414 [ERROR] LogOutputStream:75 - [STDERR_REDIRECT] SLF4J: Defaulting to no-operation (NOP) logger implementation
2026-05-10 03:15:13,415 [ERROR] LogOutputStream:75 - [STDERR_REDIRECT] SLF4J: See http://www.slf4j.org/codes.html#StaticLoggerBinder for further details.
2026-05-10 08:00:42,880 [INFO] WebApp:330 - JxBrowser engine has been closed 
2026-05-10 08:00:46,051 [ERROR] LogOutputStream:75 - [STDERR_REDIRECT] 
2026-05-10 08:56:29,193 [INFO] Activator:176 - 


2026-05-10 08:56:29,195 [INFO] Activator:177 - !SESSION log4j initialized
2026-05-10 08:56:33,345 [INFO] LogOutputStream:77 - [STDOUT_REDIRECT] 
2026-05-10 08:56:34,116 [INFO] ApplicationProperties:184 - Using Application install path: C:\ST\STM32CubeIDE_1.13.1\STM32CubeIDE\plugins\com.st.stm32cube.common.mx_6.9.1.202307191849
2026-05-10 08:56:34,132 [INFO] DbMcusXml:78 - Set database path to: C:\ST\STM32CubeIDE_1.13.1\STM32CubeIDE\plugins\com.st.stm32cube.common.mx_6.9.1.202307191849\\db\/mcu/
2026-05-10 08:56:34,132 [INFO] ApiDb:274 - Set plugin database path to: C:\ST\STM32CubeIDE_1.13.1\STM32CubeIDE\plugins\com.st.stm32cube.common.mx_6.9.1.202307191849\\db\/plugins/boardmanager/
2026-05-10 08:56:34,132 [WARN] ApiDb:259 - Overriding images path with different value:  => C:\ST\STM32CubeIDE_1.13.1\STM32CubeIDE\plugins\com.st.stm32cube.common.mx_6.9.1.202307191849\\db\/plugins/mcufinder/images/
2026-05-10 08:56:34,143 [INFO] ApiDb:250 - Set database path to: C:\Users\Admin\.stmcufinder\plugins\mcufinder//mcu/
2026-05-10 08:56:34,144 [INFO] DbMcusAds:125 - Set database path to: C:\Users\Admin\.stmcufinder\plugins\mcufinder//mcu/
2026-05-10 08:56:34,146 [INFO] CrossReferenceDbSqlite:203 - Set database path to: C:\Users\Admin\.stmcufinder\plugins\mcufinder//mcu/cs/
2026-05-10 08:56:34,228 [INFO] RulesReader:64 - Compatibility file has been processed (293 Rules)
2026-05-10 08:56:34,293 [INFO] DbMcusXml:78 - Set database path to: C:\ST\STM32CubeIDE_1.13.1\STM32CubeIDE\plugins\com.st.stm32cube.common.mx_6.9.1.202307191849\\db\/mcu/
2026-05-10 08:56:34,293 [INFO] ApiDb:274 - Set plugin database path to: C:\ST\STM32CubeIDE_1.13.1\STM32CubeIDE\plugins\com.st.stm32cube.common.mx_6.9.1.202307191849\\db\/plugins/boardmanager/
2026-05-10 08:56:34,293 [INFO] ApiDb:261 - Set plugin images path to: C:\ST\STM32CubeIDE_1.13.1\STM32CubeIDE\plugins\com.st.stm32cube.common.mx_6.9.1.202307191849\\db\/plugins/mcufinder/images/
2026-05-10 08:56:34,293 [WARN] DbFile:41 - Overriding database path with different value: C:\Users\Admin\.stmcufinder\plugins\mcufinder/ => C:\Users\Admin\.stmcufinder\plugins\mcufinder
2026-05-10 08:56:34,294 [INFO] ApiDb:250 - Set database path to: C:\Users\Admin\.stmcufinder\plugins\mcufinder//mcu/
2026-05-10 08:56:34,294 [WARN] DbFile:41 - Overriding database path with different value: C:\Users\Admin\.stmcufinder\plugins\mcufinder/ => C:\Users\Admin\.stmcufinder\plugins\mcufinder
2026-05-10 08:56:34,294 [INFO] DbMcusAds:125 - Set database path to: C:\Users\Admin\.stmcufinder\plugins\mcufinder//mcu/
2026-05-10 08:56:34,294 [WARN] DbFile:41 - Overriding database path with different value: C:\Users\Admin\.stmcufinder\plugins\mcufinder/ => C:\Users\Admin\.stmcufinder\plugins\mcufinder
2026-05-10 08:56:34,294 [WARN] DbFile:41 - Overriding database path with different value: C:\Users\Admin\.stmcufinder\plugins\mcufinder/ => C:\Users\Admin\.stmcufinder\plugins\mcufinder
2026-05-10 08:56:34,294 [INFO] CrossReferenceDbSqlite:203 - Set database path to: C:\Users\Admin\.stmcufinder\plugins\mcufinder//mcu/cs/
2026-05-10 08:56:34,357 [INFO] MainPanel:262 - HeapMemory: 268435456
2026-05-10 08:56:34,435 [INFO] DbMcusXml:78 - Set database path to: C:\ST\STM32CubeIDE_1.13.1\STM32CubeIDE\plugins\com.st.stm32cube.common.mx_6.9.1.202307191849\\db\/mcu/
2026-05-10 08:56:34,435 [INFO] ApiDb:274 - Set plugin database path to: C:\ST\STM32CubeIDE_1.13.1\STM32CubeIDE\plugins\com.st.stm32cube.common.mx_6.9.1.202307191849\\db\/plugins/boardmanager/
2026-05-10 08:56:34,435 [INFO] ApiDb:261 - Set plugin images path to: C:\ST\STM32CubeIDE_1.13.1\STM32CubeIDE\plugins\com.st.stm32cube.common.mx_6.9.1.202307191849\\db\/plugins/mcufinder/images/
2026-05-10 08:56:34,436 [WARN] DbFile:41 - Overriding database path with different value: C:\Users\Admin\.stmcufinder\plugins\mcufinder/ => C:\Users\Admin\.stmcufinder\plugins\mcufinder
2026-05-10 08:56:34,436 [INFO] ApiDb:250 - Set database path to: C:\Users\Admin\.stmcufinder\plugins\mcufinder//mcu/
2026-05-10 08:56:34,436 [WARN] DbFile:41 - Overriding database path with different value: C:\Users\Admin\.stmcufinder\plugins\mcufinder/ => C:\Users\Admin\.stmcufinder\plugins\mcufinder
2026-05-10 08:56:34,436 [INFO] DbMcusAds:125 - Set database path to: C:\Users\Admin\.stmcufinder\plugins\mcufinder//mcu/
2026-05-10 08:56:34,436 [WARN] DbFile:41 - Overriding database path with different value: C:\Users\Admin\.stmcufinder\plugins\mcufinder/ => C:\Users\Admin\.stmcufinder\plugins\mcufinder
2026-05-10 08:56:34,436 [WARN] DbFile:41 - Overriding database path with different value: C:\Users\Admin\.stmcufinder\plugins\mcufinder/ => C:\Users\Admin\.stmcufinder\plugins\mcufinder
2026-05-10 08:56:34,436 [INFO] CrossReferenceDbSqlite:203 - Set database path to: C:\Users\Admin\.stmcufinder\plugins\mcufinder//mcu/cs/
2026-05-10 08:56:34,451 [INFO] ApplicationProperties:184 - Using Application install path: C:\ST\STM32CubeIDE_1.13.1\STM32CubeIDE\plugins\com.st.stm32cube.common.mx_6.9.1.202307191849
2026-05-10 08:56:34,452 [INFO] PluginManage:196 - Search for loadable plugins [exclusion list=, ]
2026-05-10 08:56:34,453 [INFO] PluginManage:310 - Check plugin analytics
2026-05-10 08:56:34,562 [INFO] AnalyticsPlugin:253 - Accepted Software Licenses: 
2026-05-10 08:56:34,562 [INFO] AnalyticsPlugin:255 - Accepted CMSIS Pack Licenses: 
2026-05-10 08:56:34,562 [INFO] AnalyticsPlugin:257 - Accepted Firmware Licenses: 
2026-05-10 08:56:34,564 [INFO] PluginManage:359 - Loaded plugin analytics (category:tool,tabindex:-1)
2026-05-10 08:56:34,564 [INFO] PluginManage:310 - Check plugin cadmodel
2026-05-10 08:56:34,569 [INFO] CADModel:105 - Init CAD model plugin
2026-05-10 08:56:34,569 [INFO] PluginManage:359 - Loaded plugin cadmodel (category:power,tabindex:5)
2026-05-10 08:56:34,569 [INFO] PluginManage:310 - Check plugin clock
2026-05-10 08:56:34,578 [INFO] PluginManage:359 - Loaded plugin clock (category:base,tabindex:2)
2026-05-10 08:56:34,578 [INFO] PluginManage:310 - Check plugin ddr
2026-05-10 08:56:34,580 [INFO] PluginManage:359 - Loaded plugin ddr (category:tool,tabindex:6)
2026-05-10 08:56:34,580 [INFO] PluginManage:310 - Check plugin filemanager
2026-05-10 08:56:34,682 [INFO] PluginManage:359 - Loaded plugin filemanager (category:base,tabindex:10)
2026-05-10 08:56:34,682 [INFO] PluginManage:310 - Check plugin ipmanager
2026-05-10 08:56:34,687 [INFO] PluginManage:359 - Loaded plugin ipmanager (category:base,tabindex:5)
2026-05-10 08:56:34,688 [INFO] PluginManage:310 - Check plugin lpbam
2026-05-10 08:56:34,694 [INFO] PluginManage:359 - Loaded plugin lpbam (category:base,tabindex:0)
2026-05-10 08:56:34,694 [INFO] PluginManage:310 - Check plugin memorymap
2026-05-10 08:56:34,705 [INFO] PluginManage:359 - Loaded plugin memorymap (category:base,tabindex:4)
2026-05-10 08:56:34,705 [INFO] PluginManage:310 - Check plugin pinoutandconfiguration
2026-05-10 08:56:34,712 [INFO] PluginManage:359 - Loaded plugin pinoutandconfiguration (category:base,tabindex:1)
2026-05-10 08:56:34,712 [INFO] PluginManage:310 - Check plugin pinoutconfig
2026-05-10 08:56:34,774 [WARN] SupportedApi:132 - Cannot load RTOS API schema: s4s-elt-must-match.1: The content of 'definitions' must match (annotation?, (simpleType | complexType)?, (unique | key | keyref)*)). A problem was found starting at: attribute.
2026-05-10 08:56:34,882 [INFO] PluginManage:359 - Loaded plugin pinoutconfig (category:base,tabindex:0)
2026-05-10 08:56:34,883 [INFO] PluginManage:310 - Check plugin power
2026-05-10 08:56:34,891 [INFO] PluginManage:359 - Loaded plugin power (category:power,tabindex:4)
2026-05-10 08:56:34,891 [INFO] PluginManage:310 - Check plugin projectmanager
2026-05-10 08:56:34,903 [INFO] PluginManage:359 - Loaded plugin projectmanager (category:projectmanager,tabindex:3)
2026-05-10 08:56:34,903 [INFO] PluginManage:310 - Check plugin thirdparty
2026-05-10 08:56:35,004 [WARN] IntegrityCheckThread:84 - waiting for thirdparty lock release [integrity check]
2026-05-10 08:56:35,004 [INFO] PluginManage:359 - Loaded plugin thirdparty (category:base,tabindex:-1)
2026-05-10 08:56:35,004 [INFO] IntegrityCheckThread:86 - entering critical section [integrity check]
2026-05-10 08:56:35,005 [INFO] PluginManage:310 - Check plugin tools
2026-05-10 08:56:35,005 [INFO] ThirdPartyUpdaterWithRetryManager:70 - Updater plugin not ready yet. [1/15]
2026-05-10 08:56:35,007 [INFO] PluginManage:359 - Loaded plugin tools (category:base,tabindex:7)
2026-05-10 08:56:35,007 [INFO] PluginManage:310 - Check plugin tutovideos
2026-05-10 08:56:35,148 [INFO] PluginManage:359 - Loaded plugin tutovideos (category:base,tabindex:-1)
2026-05-10 08:56:35,148 [INFO] PluginManage:310 - Check plugin updater
2026-05-10 08:56:35,158 [INFO] PluginManage:359 - Loaded plugin updater (category:base,tabindex:12)
2026-05-10 08:56:35,158 [INFO] PluginManage:310 - Check plugin userauth
2026-05-10 08:56:35,163 [INFO] UserAuth:113 - Init User Auth plugin
2026-05-10 08:56:35,163 [INFO] PluginManage:359 - Loaded plugin userauth (category:base,tabindex:14)
2026-05-10 08:56:35,163 [INFO] PluginManage:283 - PluginManage : Loaded plugins [17]
2026-05-10 08:56:35,325 [INFO] PinOutPanel:1499 - setPackage(No Configuration,No Configuration)
2026-05-10 08:56:35,406 [INFO] CADModel:165 - CPN selected for project level
2026-05-10 08:56:35,406 [INFO] CADModel:114 - Register for checkConnection events
2026-05-10 08:56:35,422 [INFO] IPUIPlugin:80 - create IPUIPlugin
2026-05-10 08:56:35,422 [INFO] PluginManager:220 - loadIPPluginJar : add adc
2026-05-10 08:56:35,424 [INFO] IPUIPlugin:80 - create IPUIPlugin
2026-05-10 08:56:35,424 [INFO] PluginManager:220 - loadIPPluginJar : add aes
2026-05-10 08:56:35,426 [INFO] IPUIPlugin:80 - create IPUIPlugin
2026-05-10 08:56:35,426 [INFO] PluginManager:220 - loadIPPluginJar : add can
2026-05-10 08:56:35,427 [INFO] IPUIPlugin:80 - create IPUIPlugin
2026-05-10 08:56:35,427 [INFO] PluginManager:220 - loadIPPluginJar : add comp
2026-05-10 08:56:35,429 [INFO] IPUIPlugin:80 - create IPUIPlugin
2026-05-10 08:56:35,429 [INFO] PluginManager:220 - loadIPPluginJar : add cryp
2026-05-10 08:56:35,431 [INFO] IPUIPlugin:80 - create IPUIPlugin
2026-05-10 08:56:35,431 [INFO] PluginManager:220 - loadIPPluginJar : add dfsdm
2026-05-10 08:56:35,435 [INFO] IPUIPlugin:80 - create IPUIPlugin
2026-05-10 08:56:35,436 [INFO] PluginManager:220 - loadIPPluginJar : add dma
2026-05-10 08:56:35,437 [INFO] IPUIPlugin:80 - create IPUIPlugin
2026-05-10 08:56:35,437 [INFO] PluginManager:220 - loadIPPluginJar : add dma3
2026-05-10 08:56:35,438 [INFO] IPUIPlugin:80 - create IPUIPlugin
2026-05-10 08:56:35,438 [INFO] PluginManager:220 - loadIPPluginJar : add fatfs
2026-05-10 08:56:35,441 [INFO] IPUIPlugin:80 - create IPUIPlugin
2026-05-10 08:56:35,441 [INFO] PluginManager:220 - loadIPPluginJar : add fmc
2026-05-10 08:56:35,445 [INFO] IPUIPlugin:80 - create IPUIPlugin
2026-05-10 08:56:35,445 [INFO] PluginManager:220 - loadIPPluginJar : add freertos
2026-05-10 08:56:35,446 [INFO] IPUIPlugin:80 - create IPUIPlugin
2026-05-10 08:56:35,446 [INFO] PluginManager:220 - loadIPPluginJar : add genericplugin
2026-05-10 08:56:35,448 [INFO] IPUIPlugin:80 - create IPUIPlugin
2026-05-10 08:56:35,448 [INFO] PluginManager:220 - loadIPPluginJar : add gfxmmu
2026-05-10 08:56:35,451 [INFO] IPUIPlugin:80 - create IPUIPlugin
2026-05-10 08:56:35,451 [INFO] PluginManager:220 - loadIPPluginJar : add gic
2026-05-10 08:56:35,454 [INFO] IPUIPlugin:80 - create IPUIPlugin
2026-05-10 08:56:35,454 [INFO] PluginManager:220 - loadIPPluginJar : add gpio
2026-05-10 08:56:35,456 [INFO] IPUIPlugin:80 - create IPUIPlugin
2026-05-10 08:56:35,456 [INFO] PluginManager:220 - loadIPPluginJar : add gtzc
2026-05-10 08:56:35,458 [INFO] IPUIPlugin:80 - create IPUIPlugin
2026-05-10 08:56:35,458 [INFO] PluginManager:220 - loadIPPluginJar : add hash
2026-05-10 08:56:35,459 [INFO] IPUIPlugin:80 - create IPUIPlugin
2026-05-10 08:56:35,459 [INFO] PluginManager:220 - loadIPPluginJar : add i2c
2026-05-10 08:56:35,461 [INFO] IPUIPlugin:80 - create IPUIPlugin
2026-05-10 08:56:35,461 [INFO] PluginManager:220 - loadIPPluginJar : add i2s
2026-05-10 08:56:35,463 [INFO] IPUIPlugin:80 - create IPUIPlugin
2026-05-10 08:56:35,463 [INFO] PluginManager:220 - loadIPPluginJar : add i3c
2026-05-10 08:56:35,465 [INFO] IPUIPlugin:80 - create IPUIPlugin
2026-05-10 08:56:35,465 [INFO] PluginManager:220 - loadIPPluginJar : add ipddr
2026-05-10 08:56:35,471 [INFO] IPUIPlugin:80 - create IPUIPlugin
2026-05-10 08:56:35,471 [INFO] PluginManager:220 - loadIPPluginJar : add linkedlist
2026-05-10 08:56:35,473 [INFO] IPUIPlugin:80 - create IPUIPlugin
2026-05-10 08:56:35,473 [INFO] PluginManager:220 - loadIPPluginJar : add lorawan
2026-05-10 08:56:35,474 [INFO] IPUIPlugin:80 - create IPUIPlugin
2026-05-10 08:56:35,474 [INFO] PluginManager:220 - loadIPPluginJar : add ltdc
2026-05-10 08:56:35,479 [INFO] IPUIPlugin:80 - create IPUIPlugin
2026-05-10 08:56:35,479 [INFO] PluginManager:220 - loadIPPluginJar : add mdma
2026-05-10 08:56:35,482 [INFO] IPUIPlugin:80 - create IPUIPlugin
2026-05-10 08:56:35,482 [INFO] PluginManager:220 - loadIPPluginJar : add nvic
2026-05-10 08:56:35,484 [INFO] IPUIPlugin:80 - create IPUIPlugin
2026-05-10 08:56:35,484 [INFO] PluginManager:220 - loadIPPluginJar : add opamp
2026-05-10 08:56:35,486 [INFO] IPUIPlugin:80 - create IPUIPlugin
2026-05-10 08:56:35,486 [INFO] PluginManager:220 - loadIPPluginJar : add openamp
2026-05-10 08:56:35,488 [INFO] IPUIPlugin:80 - create IPUIPlugin
2026-05-10 08:56:35,489 [INFO] PluginManager:220 - loadIPPluginJar : add pdm2pcm
2026-05-10 08:56:35,494 [INFO] IPUIPlugin:80 - create IPUIPlugin
2026-05-10 08:56:35,495 [INFO] PluginManager:220 - loadIPPluginJar : add plateformsettings
2026-05-10 08:56:35,497 [INFO] IPUIPlugin:80 - create IPUIPlugin
2026-05-10 08:56:35,497 [INFO] PluginManager:220 - loadIPPluginJar : add quadspi
2026-05-10 08:56:35,500 [INFO] IPUIPlugin:80 - create IPUIPlugin
2026-05-10 08:56:35,500 [INFO] PluginManager:220 - loadIPPluginJar : add resmgrutility
2026-05-10 08:56:35,503 [INFO] IPUIPlugin:80 - create IPUIPlugin
2026-05-10 08:56:35,503 [INFO] PluginManager:220 - loadIPPluginJar : add sai
2026-05-10 08:56:35,504 [INFO] IPUIPlugin:80 - create IPUIPlugin
2026-05-10 08:56:35,504 [INFO] PluginManager:220 - loadIPPluginJar : add spi
2026-05-10 08:56:35,508 [INFO] IPUIPlugin:80 - create IPUIPlugin
2026-05-10 08:56:35,508 [INFO] PluginManager:220 - loadIPPluginJar : add stm32_wpan
2026-05-10 08:56:35,509 [INFO] IPUIPlugin:80 - create IPUIPlugin
2026-05-10 08:56:35,510 [INFO] PluginManager:220 - loadIPPluginJar : add tim
2026-05-10 08:56:35,512 [INFO] IPUIPlugin:80 - create IPUIPlugin
2026-05-10 08:56:35,512 [INFO] PluginManager:220 - loadIPPluginJar : add touchsensing
2026-05-10 08:56:35,514 [INFO] IPUIPlugin:80 - create IPUIPlugin
2026-05-10 08:56:35,514 [INFO] PluginManager:220 - loadIPPluginJar : add tracer_emb
2026-05-10 08:56:35,515 [INFO] IPUIPlugin:80 - create IPUIPlugin
2026-05-10 08:56:35,515 [INFO] PluginManager:220 - loadIPPluginJar : add ts
2026-05-10 08:56:35,516 [INFO] IPUIPlugin:80 - create IPUIPlugin
2026-05-10 08:56:35,516 [INFO] PluginManager:220 - loadIPPluginJar : add tsc
2026-05-10 08:56:35,517 [INFO] IPUIPlugin:80 - create IPUIPlugin
2026-05-10 08:56:35,517 [INFO] PluginManager:220 - loadIPPluginJar : add ucpd
2026-05-10 08:56:35,519 [INFO] IPUIPlugin:80 - create IPUIPlugin
2026-05-10 08:56:35,519 [INFO] PluginManager:220 - loadIPPluginJar : add usart
2026-05-10 08:56:35,521 [INFO] IPUIPlugin:80 - create IPUIPlugin
2026-05-10 08:56:35,521 [INFO] PluginManager:220 - loadIPPluginJar : add usbx
2026-05-10 08:56:35,634 [INFO] CADModel:165 - CPN selected for project level
2026-05-10 08:56:35,634 [INFO] CADModel:114 - Register for checkConnection events
2026-05-10 08:56:35,634 [FATAL] Updater:308 - Updater called before beeing initialized
2026-05-10 08:56:35,634 [ERROR] CADModel:125 - Updater not yet initialized, retry later 
2026-05-10 08:56:35,767 [INFO] CADModel:165 - CPN selected for project level
2026-05-10 08:56:35,767 [INFO] CADModel:114 - Register for checkConnection events
2026-05-10 08:56:35,767 [FATAL] Updater:308 - Updater called before beeing initialized
2026-05-10 08:56:35,767 [ERROR] CADModel:125 - Updater not yet initialized, retry later 
2026-05-10 08:56:35,770 [FATAL] Updater:308 - Updater called before beeing initialized
2026-05-10 08:56:35,847 [FATAL] Updater:308 - Updater called before beeing initialized
2026-05-10 08:56:35,852 [INFO] DbMcusAds:53 - JSON generation date=Mon Apr 27 15:14:29 GMT+07:00 2026 (1777277669683)
2026-05-10 08:56:35,852 [FATAL] Updater:308 - Updater called before beeing initialized
2026-05-10 08:56:35,883 [WARN] DetailPanel:346 - Failed to get advertising image, set to default
2026-05-10 08:56:35,958 [FATAL] Updater:308 - Updater called before beeing initialized
2026-05-10 08:56:35,960 [FATAL] Updater:308 - Updater called before beeing initialized
2026-05-10 08:56:35,960 [FATAL] Updater:308 - Updater called before beeing initialized
2026-05-10 08:56:35,961 [WARN] DetailPanel:346 - Failed to get advertising image, set to default
2026-05-10 08:56:35,961 [FATAL] Updater:308 - Updater called before beeing initialized
2026-05-10 08:56:35,994 [ERROR] Updater:1120 - MainUpdater not yet initialized. External WinMGr cannot be set.
2026-05-10 08:56:35,996 [INFO] Updater:1056 - Updater Version found : 6.9.1
2026-05-10 08:56:36,011 [INFO] ApplicationProperties:184 - Using Application install path: C:\ST\STM32CubeIDE_1.13.1\STM32CubeIDE\plugins\com.st.stm32cube.common.mx_6.9.1.202307191849
2026-05-10 08:56:36,143 [INFO] MainUpdater:2868 - connection check result : 10
2026-05-10 08:56:36,144 [INFO] MainUpdater:285 - Updater Check For Update Now.
2026-05-10 08:56:36,144 [INFO] MicroXplorer:498 - Change Database Version : DB.6.0.91
2026-05-10 08:56:36,158 [INFO] McuFinderGlobals:63 - Set McuFinder mode to 2 (CubeIDE integrated)
2026-05-10 08:56:36,158 [INFO] UserAuth:179 - activating auth plugin
2026-05-10 08:56:36,162 [INFO] UserAuth:393 - Internet connection configuration mode: 1
2026-05-10 08:56:36,189 [INFO] JxBrowserEngine:151 - Initiate JxBrowser Engine with user profile folder
2026-05-10 08:56:36,318 [INFO] CheckServerUpdateThread:120 - End of CheckServer Thread
2026-05-10 08:56:36,801 [INFO] WebApp:157 - Instantiating new browser for Auth
2026-05-10 08:56:37,218 [INFO] WebApp:753 - Register for checkConnection events
2026-05-10 08:56:37,218 [INFO] WebApp:390 - Apply proxy settings
2026-05-10 08:56:37,219 [INFO] WebApp:475 - Chromium requires no authentication
2026-05-10 08:56:37,228 [INFO] WebApp:418 - Direct internet connection detected
2026-05-10 08:56:37,355 [INFO] WebApp:188 - Starting web application
2026-05-10 08:56:37,356 [INFO] WebApp:520 - Web application path used C:\ST\STM32CubeIDE_1.13.1\STM32CubeIDE\plugins\com.st.stm32cube.common.mx_6.9.1.202307191849\db\plugins\mcufinder\reactClient1\index.html
2026-05-10 08:56:38,152 [WARN] PackLoader:240 - Cannot read IP mode file for STMicroelectronics.X-CUBE-AZRTOS-F4.1.1.0
2026-05-10 08:56:38,179 [WARN] PackLoader:240 - Cannot read IP mode file for STMicroelectronics.X-CUBE-SMBUS.2.1.0
2026-05-10 08:56:38,217 [WARN] PackLoader:240 - Cannot read IP mode file for STMicroelectronics.X-CUBE-AZRTOS-F7.1.1.0
2026-05-10 08:56:38,226 [WARN] PackLoader:240 - Cannot read IP mode file for STMicroelectronics.X-CUBE-DISPLAY.3.0.0
2026-05-10 08:56:38,236 [INFO] LogOutputStream:77 - [STDOUT_REDIRECT] 1 : Invalid condition id : UX_CORESTACK_Condition cause : null
2026-05-10 08:56:38,237 [INFO] LogOutputStream:77 - [STDOUT_REDIRECT] 1 : Invalid condition id : UX_CORESTACK_Condition cause : null
2026-05-10 08:56:38,237 [INFO] LogOutputStream:77 - [STDOUT_REDIRECT] 1 : Invalid condition id : UX_CORESTACK_Condition cause : null
2026-05-10 08:56:38,238 [INFO] LogOutputStream:77 - [STDOUT_REDIRECT] 1 : Invalid condition id : UX_CORESTACK_Condition cause : null
2026-05-10 08:56:38,239 [INFO] LogOutputStream:77 - [STDOUT_REDIRECT] 1 : Invalid condition id : UX_CORESTACK_Condition cause : null
2026-05-10 08:56:38,241 [WARN] PackLoader:240 - Cannot read IP mode file for STMicroelectronics.X-CUBE-AZRTOS-WL.2.0.0
2026-05-10 08:56:38,256 [WARN] ConditionMgr:438 - getConditionDescription Invalid condition id : LAN8742 Phy interface Condition cause : null
2026-05-10 08:56:38,257 [WARN] PackLoader:240 - Cannot read IP mode file for STMicroelectronics.X-CUBE-AZRTOS-L4.2.0.0
2026-05-10 08:56:38,259 [WARN] ConditionMgr:1039 - genDependencies : Invalid condition id : LAN8742 Phy interface Condition cause : null
2026-05-10 08:56:38,259 [WARN] ConditionMgr:1039 - genDependencies : Invalid condition id : LAN8742 Phy interface Condition cause : null
2026-05-10 08:56:38,260 [WARN] ConditionMgr:1039 - genDependencies : Invalid condition id : LAN8742 Phy interface Condition cause : null
2026-05-10 08:56:38,274 [WARN] PackLoader:240 - Cannot read IP mode file for STMicroelectronics.X-CUBE-SFXS2LP1.4.0.0
2026-05-10 08:56:38,280 [WARN] PackLoader:240 - Cannot read IP mode file for STMicroelectronics.X-CUBE-BLE2.3.3.0
2026-05-10 08:56:38,291 [WARN] PackLoader:240 - Cannot read IP mode file for STMicroelectronics.X-CUBE-AZRTOS-G0.1.1.0
2026-05-10 08:56:38,300 [WARN] PackLoader:240 - Cannot read IP mode file for STMicroelectronics.X-CUBE-SUBG2.5.0.0
2026-05-10 08:56:38,309 [WARN] PackLoader:240 - Cannot read IP mode file for STMicroelectronics.X-CUBE-NFC4.3.0.0
2026-05-10 08:56:38,321 [WARN] PackLoader:240 - Cannot read IP mode file for STMicroelectronics.X-CUBE-AZRTOS-G4.2.0.0
2026-05-10 08:56:38,328 [WARN] PackLoader:240 - Cannot read IP mode file for STMicroelectronics.FP-ATR-SIGFOX1.3.2.0
2026-05-10 08:56:38,330 [INFO] ThirdParty:978 - Integrity check success = true
2026-05-10 08:56:38,330 [INFO] IntegrityCheckThread:100 - exiting critical section [integrity check]
2026-05-10 08:56:38,330 [INFO] IntegrityCheckThread:103 - End integrity checks thread
2026-05-10 08:56:57,905 [ERROR] LogOutputStream:75 - [STDERR_REDIRECT] SLF4J: Failed to load class "org.slf4j.impl.StaticLoggerBinder".
2026-05-10 08:56:57,905 [ERROR] LogOutputStream:75 - [STDERR_REDIRECT] SLF4J: Defaulting to no-operation (NOP) logger implementation
2026-05-10 08:56:57,906 [ERROR] LogOutputStream:75 - [STDERR_REDIRECT] SLF4J: See http://www.slf4j.org/codes.html#StaticLoggerBinder for further details.
2026-05-10 08:57:22,746 [INFO] McuFinderGlobals:63 - Set McuFinder mode to 2 (CubeIDE integrated)
2026-05-10 08:57:22,749 [INFO] MainUpdater:2868 - connection check result : 10
2026-05-10 08:57:22,750 [INFO] MainUpdater:2868 - connection check result : 10
2026-05-10 08:57:22,784 [INFO] MicroXplorer:468 - Change Database Path : 
2026-05-10 08:57:22,784 [INFO] MicroXplorer:498 - Change Database Version : DB.6.0.91
2026-05-10 08:57:22,788 [WARN] ThirdParty:871 - waiting for thirdparty lock release [close project]
2026-05-10 08:57:22,788 [INFO] ThirdParty:873 - entering critical section [close project]
2026-05-10 08:57:22,789 [INFO] ThirdParty:883 - exiting critical section [close project]
2026-05-10 08:57:22,791 [INFO] PinOutPanel:1499 - setPackage(No Configuration,No Configuration)
2026-05-10 08:57:22,796 [INFO] UtilMem:75 - Begin LoadConfig() Used Memory: 269554848 Bytes (435159040)
2026-05-10 08:57:22,798 [INFO] MicroXplorer:468 - Change Database Path : 
2026-05-10 08:57:22,798 [INFO] MicroXplorer:498 - Change Database Version : DB.6.0.91
2026-05-10 08:57:22,798 [INFO] OpenFileManager:308 - Change cursor
2026-05-10 08:57:22,820 [INFO] Mcu:1946 - Initializing MCU STM32F103C(8-B)Tx STM32F103C8Tx STM32F103C8T6
2026-05-10 08:57:23,563 [INFO] Context:659 - Trying to add GPIOservice into a context  which must be forbidden
2026-05-10 08:57:23,857 [WARN] ModelIntegratedComponent:63 - No mode defined for component null
2026-05-10 08:57:23,857 [WARN] ModelIntegratedComponent:63 - No mode defined for component null
2026-05-10 08:57:23,857 [WARN] ModelIntegratedComponent:63 - No mode defined for component null
2026-05-10 08:57:23,857 [WARN] ModelIntegratedComponent:63 - No mode defined for component null
2026-05-10 08:57:23,858 [WARN] ModelIntegratedComponent:63 - No mode defined for component null
2026-05-10 08:57:23,858 [WARN] ModelIntegratedComponent:63 - No mode defined for component null
2026-05-10 08:57:23,858 [WARN] ModelIntegratedComponent:63 - No mode defined for component null
2026-05-10 08:57:23,858 [WARN] ModelIntegratedComponent:63 - No mode defined for component null
2026-05-10 08:57:23,858 [WARN] ModelIntegratedComponent:63 - No mode defined for component null
2026-05-10 08:57:23,858 [WARN] ModelIntegratedComponent:63 - No mode defined for component null
2026-05-10 08:57:23,858 [WARN] ModelIntegratedComponent:63 - No mode defined for component null
2026-05-10 08:57:23,858 [WARN] ModelIntegratedComponent:63 - No mode defined for component null
2026-05-10 08:57:23,858 [WARN] ModelIntegratedComponent:63 - No mode defined for component null
2026-05-10 08:57:23,858 [WARN] ModelIntegratedComponent:63 - No mode defined for component null
2026-05-10 08:57:23,858 [WARN] ModelIntegratedComponent:63 - No mode defined for component null
2026-05-10 08:57:23,858 [WARN] ModelIntegratedComponent:63 - No mode defined for component null
2026-05-10 08:57:23,859 [WARN] ModelIntegratedComponent:63 - No mode defined for component null
2026-05-10 08:57:23,859 [WARN] ModelIntegratedComponent:63 - No mode defined for component null
2026-05-10 08:57:23,859 [WARN] ModelIntegratedComponent:63 - No mode defined for component null
2026-05-10 08:57:23,859 [WARN] ModelIntegratedComponent:63 - No mode defined for component null
2026-05-10 08:57:23,859 [WARN] ModelIntegratedComponent:63 - No mode defined for component null
2026-05-10 08:57:23,859 [WARN] ModelIntegratedComponent:63 - No mode defined for component null
2026-05-10 08:57:23,859 [WARN] ModelIntegratedComponent:63 - No mode defined for component null
2026-05-10 08:57:23,859 [WARN] ModelIntegratedComponent:63 - No mode defined for component null
2026-05-10 08:57:23,859 [WARN] ModelIntegratedComponent:63 - No mode defined for component null
2026-05-10 08:57:23,859 [WARN] ModelIntegratedComponent:63 - No mode defined for component null
2026-05-10 08:57:23,859 [WARN] ModelIntegratedComponent:63 - No mode defined for component null
2026-05-10 08:57:23,859 [WARN] ModelIntegratedComponent:63 - No mode defined for component null
2026-05-10 08:57:23,859 [WARN] ModelIntegratedComponent:63 - No mode defined for component null
2026-05-10 08:57:23,860 [WARN] ModelIntegratedComponent:63 - No mode defined for component null
2026-05-10 08:57:23,860 [WARN] ModelIntegratedComponent:63 - No mode defined for component null
2026-05-10 08:57:23,860 [WARN] ModelIntegratedComponent:63 - No mode defined for component null
2026-05-10 08:57:23,860 [WARN] ModelIntegratedComponent:63 - No mode defined for component null
2026-05-10 08:57:23,869 [INFO] RtosManager:555 - Registered RTOS mode: class=CMSIS, group=RTOS, mode=CMSIS_V1, owner=FREERTOS
2026-05-10 08:57:23,869 [INFO] RtosManager:555 - Registered RTOS mode: class=CMSIS, group=RTOS2, mode=CMSIS_V2, owner=FREERTOS
2026-05-10 08:57:23,869 [INFO] RtosManager:555 - Registered RTOS mode: class=RTOS, group=Core, mode=CMSIS_V1, owner=FREERTOS
2026-05-10 08:57:23,869 [INFO] RtosManager:555 - Registered RTOS mode: class=RTOS, group=Core, mode=CMSIS_V2, owner=FREERTOS
2026-05-10 08:57:23,870 [WARN] ModelIntegratedComponent:184 - Missing modes for component STMicroelectronics:FreeRTOS:0.0.1:STMicroelectronics:RTOS:FreeRTOS:Core:::10.2.0:
2026-05-10 08:57:23,887 [INFO] ThirdPartyModel:298 - Start build external matchings
2026-05-10 08:57:23,910 [INFO] ThirdPartyModel:316 - End build external matchings
2026-05-10 08:57:24,111 [INFO] UtilMem:75 - End LoadConfig() Used Memory: 329353880 Bytes (646971392)
2026-05-10 08:57:24,194 [INFO] ApiDb:581 - Connected to CubeFinder SQLite database (C:\Users\Admin\.stmcufinder\plugins\mcufinder\mcu\cube-finder-db.db)
2026-05-10 08:57:24,281 [INFO] ApiDb:668 - CubeFinder database Data Model version=2.1
2026-05-10 08:57:24,282 [INFO] ApiDb:669 - CubeFinder database Configuration version=3.0.42
2026-05-10 08:57:24,282 [INFO] ApiDb:670 - CubeFinder database generation date=2026-05-06 (1778060171)
2026-05-10 08:57:24,282 [INFO] ApiDb:671 - CubeFinder database FW Pack versions=[FP-ATR-ASTRA1_V2.0.0, FP-SNS-FLIGHT1_V5.1.0, FP-SNS-MOTENV1_V5.1.0, FP-SNS-MOTENVWB1_V1.5.0, FP-SNS-SMARTAG2_V1.2.0, FP-SNS-STBOX1_V2.1.0, STM32Cube_FW_C0_V1.4.0, STM32Cube_FW_F4_V1.28.3, STM32Cube_FW_F7_V1.17.4, STM32Cube_FW_G0_V1.6.3, STM32Cube_FW_G4_V1.6.2, STM32Cube_FW_H5_V1.6.0, STM32Cube_FW_H7RS_V1.3.0, STM32Cube_FW_H7_V1.13.0, STM32Cube_FW_L0_V1.12.2, STM32Cube_FW_L4_V1.18.2, STM32Cube_FW_L5_V1.6.0, STM32Cube_FW_N6_V1.3.0, STM32Cube_FW_U0_V1.3.0, STM32Cube_FW_U3_V1.3.0, STM32Cube_FW_U5_V1.8.0, STM32Cube_FW_WB0_V1.4.0, STM32Cube_FW_WBA_V1.9.0, STM32Cube_FW_WB_V1.24.0, STM32Cube_FW_WL3_V1.4.0, STM32Cube_FW_WL_V1.5.0, X-CUBE-ALGOBUILD_V1.4.0, X-CUBE-ALS_V1.0.2, X-CUBE-AZRTOS-F4_V1.1.0, X-CUBE-AZRTOS-F7_V1.1.0, X-CUBE-AZRTOS-G0_V1.1.0, X-CUBE-AZRTOS-G4_V2.0.0, X-CUBE-AZRTOS-H7RS_V1.1.0, X-CUBE-AZRTOS-H7_V3.5.0, X-CUBE-AZRTOS-L4_V2.0.0, X-CUBE-AZRTOS-L5_V2.0.0, X-CUBE-AZRTOS-WB_V2.0.0, X-CUBE-AZRTOS-WL_V2.0.0, X-CUBE-BLE1_V7.1.0, X-CUBE-BLE2_V3.3.0, X-CUBE-BLEMGR_V4.1.0, X-CUBE-EEPRMA1_V5.2.0, X-CUBE-FREERTOS_V1.5.0, X-CUBE-GNSS1_V6.0.0, X-CUBE-MEMS1_V12.0.0, X-CUBE-NFC4_V3.0.0, X-CUBE-NFC7_V2.0.0, X-CUBE-SFXS2LP1_V4.0.0, X-CUBE-ST67W61_V1.2.0, X-CUBE-SUBG2_V5.0.0, X-CUBE-TOF1_V3.4.3]
2026-05-10 08:57:26,951 [INFO] ApiDb:240 - Found 323 in-development CPN: [B-G473E-ZEST1S, B-WB1M-WPAN1, B-WL5M-SUBG1, NUCLEO-C031C6, NUCLEO-H503RB, NUCLEO-H563ZI, NUCLEO-U545RE-Q, NUCLEO-U5A5ZJ-Q, NUCLEO-WBA52CG, STEVAL-PROTEUS1, STEVAL-SMARTAG2, STEVAL-STWINBX1, STM320518-EVAL, STM32C0116-DK, STM32C011D6Y3TR, STM32C011D6Y6TR, STM32C011F4P3, STM32C011F4P6, STM32C011F4U3, STM32C011F4U6TR, STM32C011F6P3, STM32C011F6P6, STM32C011F6U3, STM32C011F6U6TR, STM32C011J4M3, STM32C011J4M6, STM32C011J6M3, STM32C011J6M6, STM32C0316-DK, STM32C031C4T3, STM32C031C4T6, STM32C031C4U3, STM32C031C4U6, STM32C031C6T3, STM32C031C6T6, STM32C031C6U3, STM32C031C6U6, STM32C031F4P3, STM32C031F4P6, STM32C031F6P3, STM32C031F6P6, STM32C031G4U3, STM32C031G4U6, STM32C031G6U3, STM32C031G6U6, STM32C031K4T3, STM32C031K4T6, STM32C031K4U3, STM32C031K4U6, STM32C031K6T3, STM32C031K6T6, STM32C031K6U3, STM32C031K6U6, STM32G071K8TXN, STM32G071K8UXN, STM32G081GBU6N, STM32G081KBT6N, STM32G081KBUXN, STM32G0B1CCT6N, STM32G0B1KCT6, STM32G0B1NEY6TR, STM32G0B1RCT6N, STM32G0C1CCT6, STM32G0C1CCT6N, STM32G0C1CCU6N, STM32G0C1CET6N, STM32G0C1CEU6N, STM32G0C1KCT6, STM32G0C1NEY6TR, STM32G0C1RCI6N, STM32G0C1RCT6N, STM32G0C1REI6N, STM32G0C1RET6N, STM32G0C1VCI6, STM32G0C1VEI6, STM32G471CCT6, STM32G471CCU6, STM32G471CET3, STM32G471CET6, STM32G471CEU3, STM32G471CEU6, STM32G471MCT6, STM32G471MET3, STM32G471MET6, STM32G471MEY6TR, STM32G471QCT6, STM32G471QET3, STM32G471RCT6, STM32G471RET3, STM32G471RET6, STM32G471VCH6, STM32G471VCI6, STM32G471VCT6, STM32G471VEH3, STM32G471VEH6, STM32G471VEI3, STM32G471VEI6, STM32G471VET3, STM32G471VET6, STM32G474CCT6, STM32H503CBT6, STM32H503CBU6, STM32H503EBY6TR, STM32H503KBU6, STM32H503RBT6, STM32H562AGI6, STM32H562AII6, STM32H562IGK6, STM32H562IGT6, STM32H562IIK6, STM32H562IIT6, STM32H562RGT6, STM32H562RGV6, STM32H562RIT6, STM32H562RIV6, STM32H562VGT6, STM32H562VIT6, STM32H562ZGT6, STM32H562ZIT6, STM32H563AGI6, STM32H563AII3Q, STM32H563AII6, STM32H563IGK6, STM32H563IGT6, STM32H563IIK3Q, STM32H563IIK6, STM32H563IIT3Q, STM32H563IIT6, STM32H563MIY3QTR, STM32H563RGT6, STM32H563RGV6, STM32H563RIT6, STM32H563RIV6, STM32H563VGT6, STM32H563VIT3Q, STM32H563VIT6, STM32H563ZGT6, STM32H563ZIT3Q, STM32H563ZIT6, STM32H573AII3Q, STM32H573AII6, STM32H573I-DK, STM32H573IIK3Q, STM32H573IIK6, STM32H573IIT3Q, STM32H573IIT6, STM32H573MIY3QTR, STM32H573RIT6, STM32H573RIV6, STM32H573VIT3Q, STM32H573VIT6, STM32H573ZIT3Q, STM32H573ZIT6, STM32L4R5QGI6STR, STM32MP131AAE3, STM32MP131AAF3, STM32MP131AAG3, STM32MP131CAE3, STM32MP131CAF3, STM32MP131CAG3, STM32MP131DAE7, STM32MP131DAF7, STM32MP131DAG7, STM32MP131FAE7, STM32MP131FAF7, STM32MP131FAG7, STM32MP133AAE3, STM32MP133AAF3, STM32MP133AAG3, STM32MP133CAE3, STM32MP133CAF3, STM32MP133CAG3, STM32MP133DAE7, STM32MP133DAF7, STM32MP133DAG7, STM32MP133FAE7, STM32MP133FAF7, STM32MP133FAG7, STM32MP135AAE3, STM32MP135AAF3, STM32MP135AAG3, STM32MP135CAE3, STM32MP135CAF3, STM32MP135CAG3, STM32MP135DAE7, STM32MP135DAF7, STM32MP135DAG7, STM32MP135F-DK, STM32MP135FAE7, STM32MP135FAF7, STM32MP135FAF7T, STM32MP135FAF7U, STM32MP135FAG7, STM32U535CBT6, STM32U535CBT6Q, STM32U535CBU6, STM32U535CBU6Q, STM32U535CCT6, STM32U535CCT6Q, STM32U535CCU6, STM32U535CCU6Q, STM32U535CET6, STM32U535CET6Q, STM32U535CEU6, STM32U535CEU6Q, STM32U535JEY6QTR, STM32U535NCY6QTR, STM32U535NEY6QTR, STM32U535RBI6, STM32U535RBI6Q, STM32U535RBT6, STM32U535RBT6Q, STM32U535RCI6, STM32U535RCI6Q, STM32U535RCT6, STM32U535RCT6Q, STM32U535REI6, STM32U535REI6Q, STM32U535RET6, STM32U535RET6Q, STM32U535VCI6, STM32U535VCI6Q, STM32U535VCT6, STM32U535VCT6Q, STM32U535VEI6, STM32U535VEI6Q, STM32U535VET6, STM32U535VET6Q, STM32U545CET6, STM32U545CET6Q, STM32U545CEU6, STM32U545CEU6Q, STM32U545JEY6QTR, STM32U545NEY6QTR, STM32U545REI6, STM32U545REI6Q, STM32U545RET6, STM32U545RET6Q, STM32U545VEI6, STM32U545VEI6Q, STM32U545VET6, STM32U545VET6Q, STM32U595AIH6, STM32U595AIH6Q, STM32U595AJH6, STM32U595AJH6Q, STM32U595QII6, STM32U595QII6Q, STM32U595QJI6, STM32U595QJI6Q, STM32U595RIT6, STM32U595RIT6Q, STM32U595RJT6, STM32U595RJT6Q, STM32U595VIT6, STM32U595VIT6Q, STM32U595VJT6, STM32U595VJT6Q, STM32U595ZIT6, STM32U595ZIT6Q, STM32U595ZIY6QTR, STM32U595ZJT6, STM32U595ZJT6Q, STM32U595ZJY6QTR, STM32U599BJY6QTR, STM32U599NIH6Q, STM32U599NJH6Q, STM32U599VIT6Q, STM32U599VJT6, STM32U599VJT6Q, STM32U599ZIT6Q, STM32U599ZIY6QTR, STM32U599ZJT6Q, STM32U599ZJY6QTR, STM32U5A5AJH6, STM32U5A5AJH6Q, STM32U5A5QJI6, STM32U5A5QJI6Q, STM32U5A5RJT6, STM32U5A5RJT6Q, STM32U5A5VJT6, STM32U5A5VJT6Q, STM32U5A5ZJT6, STM32U5A5ZJT6Q, STM32U5A5ZJY6QTR, STM32U5A9BJY6QTR, STM32U5A9J-DK, STM32U5A9NJH6Q, STM32U5A9VJT6Q, STM32U5A9ZJT6Q, STM32U5A9ZJY6QTR, STM32U5F7VIT6, STM32U5F7VIT6Q, STM32U5F7VJT6, STM32U5F7VJT6Q, STM32U5F9BJY6QTR, STM32U5F9NJH6Q, STM32U5F9VIT6Q, STM32U5F9VJT6Q, STM32U5F9ZIJ6QTR, STM32U5F9ZIT6Q, STM32U5F9ZJJ6QTR, STM32U5F9ZJT6Q, STM32U5G7VJT6, STM32U5G7VJT6Q, STM32U5G9BJY6QTR, STM32U5G9J-DK1, STM32U5G9J-DK2, STM32U5G9NJH6Q, STM32U5G9VJT6Q, STM32U5G9ZJJ6QTR, STM32U5G9ZJT6Q, STM32WB1MMCH6, STM32WBA52CEU6, STM32WBA52CEU6T, STM32WBA52CGU6, STM32WBA52CGU6T, STM32WBA52KEU6, STM32WBA52KEU6T, STM32WBA52KGU6, STM32WBA52KGU6T, STM32WL5MOCH6, STM32WL5MOCH6TR]
2026-05-10 08:57:26,956 [INFO] DbMcus:217 - Found 5061 MCUs, 4943 are supported
2026-05-10 08:57:26,956 [INFO] ApiDb:423 - Load user favorites file C:\Users\Admin/.stm32cubeide/favorites.mcus.txt: 1 item(s)
2026-05-10 08:57:26,957 [INFO] ApiDb:427 - User favorites MCUs=[STM32F103C8T6]
2026-05-10 08:57:26,957 [INFO] DbMcus:223 - Set 1 / 1 favorites MCUs
2026-05-10 08:57:27,404 [WARN] ThirdParty:833 - waiting for thirdparty lock release [change project]
2026-05-10 08:57:27,404 [INFO] ThirdParty:835 - entering critical section [change project]
2026-05-10 08:57:27,404 [INFO] ThirdParty:1030 - CMSIS Pack Vendor :STMicroelectronics USBPD 4.1
2026-05-10 08:57:27,404 [INFO] ThirdParty:1030 - CMSIS Pack Vendor :STMicroelectronics X-CUBE-DISPLAY 3.0.0
2026-05-10 08:57:27,404 [INFO] ThirdParty:1030 - CMSIS Pack Vendor :STMicroelectronics USB_HOST 2.0.0
2026-05-10 08:57:27,404 [INFO] ThirdParty:1030 - CMSIS Pack Vendor :STMicroelectronics X-CUBE-AZRTOS-F4 1.1.0
2026-05-10 08:57:27,405 [INFO] ThirdParty:1030 - CMSIS Pack Vendor :STMicroelectronics LIBJPEG 8.0.0
2026-05-10 08:57:27,405 [INFO] ThirdParty:1030 - CMSIS Pack Vendor :STMicroelectronics FP-ATR-SIGFOX1 3.2.0
2026-05-10 08:57:27,405 [INFO] ThirdParty:1030 - CMSIS Pack Vendor :STMicroelectronics X-CUBE-SMBUS 2.1.0
2026-05-10 08:57:27,405 [INFO] ThirdParty:1030 - CMSIS Pack Vendor :STMicroelectronics USB_DEVICE 3.0.0
2026-05-10 08:57:27,405 [INFO] ThirdParty:1030 - CMSIS Pack Vendor :STMicroelectronics HAL Drivers 0.0.0
2026-05-10 08:57:27,405 [INFO] ThirdParty:1030 - CMSIS Pack Vendor :STMicroelectronics MBEDTLS 2.16.2
2026-05-10 08:57:27,405 [INFO] ThirdParty:1030 - CMSIS Pack Vendor :STMicroelectronics MBEDTLS 2.14.1
2026-05-10 08:57:27,405 [INFO] ThirdParty:1030 - CMSIS Pack Vendor :STMicroelectronics X-CUBE-AZRTOS-F7 1.1.0
2026-05-10 08:57:27,405 [INFO] ThirdParty:1030 - CMSIS Pack Vendor :STMicroelectronics USB_DEVICE 2.0.0
2026-05-10 08:57:27,405 [INFO] ThirdParty:1030 - CMSIS Pack Vendor :STMicroelectronics ThreadX 1.0.0
2026-05-10 08:57:27,405 [INFO] ThirdParty:1030 - CMSIS Pack Vendor :STMicroelectronics X-CUBE-AZRTOS-WL 2.0.0
2026-05-10 08:57:27,405 [INFO] ThirdParty:1030 - CMSIS Pack Vendor :STMicroelectronics FreeRTOS 0.0.1
2026-05-10 08:57:27,405 [INFO] ThirdParty:1030 - CMSIS Pack Vendor :STMicroelectronics X-CUBE-AZRTOS-G0 1.1.0
2026-05-10 08:57:27,405 [INFO] ThirdParty:1030 - CMSIS Pack Vendor :STMicroelectronics USB_DEVICE 1.0.0
2026-05-10 08:57:27,405 [INFO] ThirdParty:1030 - CMSIS Pack Vendor :STMicroelectronics X-CUBE-SUBG2 5.0.0
2026-05-10 08:57:27,405 [INFO] ThirdParty:1030 - CMSIS Pack Vendor :STMicroelectronics X-CUBE-NFC4 3.0.0
2026-05-10 08:57:27,405 [INFO] ThirdParty:1030 - CMSIS Pack Vendor :STMicroelectronics STM32_WPAN 1.0.0
2026-05-10 08:57:27,405 [INFO] ThirdParty:1030 - CMSIS Pack Vendor :STMicroelectronics X-CUBE-AZRTOS-L4 2.0.0
2026-05-10 08:57:27,405 [INFO] ThirdParty:1030 - CMSIS Pack Vendor :STMicroelectronics ThreadX 0.0.2
2026-05-10 08:57:27,405 [INFO] ThirdParty:1030 - CMSIS Pack Vendor :STMicroelectronics lwIP 2.0.3
2026-05-10 08:57:27,405 [INFO] ThirdParty:1030 - CMSIS Pack Vendor :STMicroelectronics lwIP 2.1.2
2026-05-10 08:57:27,405 [INFO] ThirdParty:1030 - CMSIS Pack Vendor :STMicroelectronics X-CUBE-SFXS2LP1 4.0.0
2026-05-10 08:57:27,405 [INFO] ThirdParty:1030 - CMSIS Pack Vendor :STMicroelectronics X-CUBE-BLE2 3.3.0
2026-05-10 08:57:27,405 [INFO] ThirdParty:1030 - CMSIS Pack Vendor :STMicroelectronics USB_HOST 1.0.0
2026-05-10 08:57:27,405 [INFO] ThirdParty:1030 - CMSIS Pack Vendor :STMicroelectronics X-CUBE-AZRTOS-G4 2.0.0
2026-05-10 08:57:27,405 [INFO] ThirdParty:1030 - CMSIS Pack Vendor :STMicroelectronics PDM2PCM 3.1.0
2026-05-10 08:57:27,405 [INFO] ThirdParty:1030 - CMSIS Pack Vendor :STMicroelectronics PDM2PCM 3.2.0
2026-05-10 08:57:27,405 [INFO] ThirdParty:1030 - CMSIS Pack Vendor :STMicroelectronics PDM2PCM 3.3.0
2026-05-10 08:57:27,405 [INFO] ThirdParty:841 - exiting critical section [change project]
2026-05-10 08:57:27,620 [INFO] PinOutPanel:1499 - setPackage(No Configuration,No Configuration)
2026-05-10 08:57:27,622 [INFO] PinOutPanel:1499 - setPackage(STM32F103C8Tx,LQFP48)
2026-05-10 08:57:27,966 [INFO] UtilMem:75 - Before build in PCC Used Memory: 354704800 Bytes (646971392)
2026-05-10 08:57:28,928 [INFO] UtilMem:75 - After build in PCC Used Memory: 407044016 Bytes (655360000)
2026-05-10 08:57:28,959 [INFO] IPUIPlugin:80 - create IPUIPlugin
2026-05-10 08:57:28,959 [INFO] IPUIPlugin:80 - create IPUIPlugin
2026-05-10 08:57:28,959 [INFO] IPUIPlugin:80 - create IPUIPlugin
2026-05-10 08:57:28,960 [INFO] IPUIPlugin:80 - create IPUIPlugin
2026-05-10 08:57:28,960 [INFO] IPUIPlugin:80 - create IPUIPlugin
2026-05-10 08:57:28,960 [INFO] IPUIPlugin:80 - create IPUIPlugin
2026-05-10 08:57:28,960 [INFO] IPUIPlugin:80 - create IPUIPlugin
2026-05-10 08:57:28,960 [INFO] IPUIPlugin:80 - create IPUIPlugin
2026-05-10 08:57:28,960 [INFO] IPUIPlugin:80 - create IPUIPlugin
2026-05-10 08:57:28,960 [INFO] IPUIPlugin:80 - create IPUIPlugin
2026-05-10 08:57:28,961 [INFO] IPUIPlugin:80 - create IPUIPlugin
2026-05-10 08:57:28,961 [INFO] IPUIPlugin:80 - create IPUIPlugin
2026-05-10 08:57:28,961 [INFO] IPUIPlugin:80 - create IPUIPlugin
2026-05-10 08:57:28,961 [INFO] IPUIPlugin:80 - create IPUIPlugin
2026-05-10 08:57:28,961 [INFO] IPUIPlugin:80 - create IPUIPlugin
2026-05-10 08:57:28,961 [INFO] IPUIPlugin:80 - create IPUIPlugin
2026-05-10 08:57:28,961 [INFO] IPUIPlugin:80 - create IPUIPlugin
2026-05-10 08:57:28,962 [INFO] IPUIPlugin:80 - create IPUIPlugin
2026-05-10 08:57:28,962 [INFO] IPUIPlugin:80 - create IPUIPlugin
2026-05-10 08:57:28,962 [INFO] IPUIPlugin:80 - create IPUIPlugin
2026-05-10 08:57:28,962 [INFO] IPUIPlugin:80 - create IPUIPlugin
2026-05-10 08:57:28,962 [INFO] IPUIPlugin:80 - create IPUIPlugin
2026-05-10 08:57:28,963 [INFO] IPUIPlugin:80 - create IPUIPlugin
2026-05-10 08:57:28,963 [INFO] IPUIPlugin:80 - create IPUIPlugin
2026-05-10 08:57:28,963 [INFO] IPUIPlugin:80 - create IPUIPlugin
2026-05-10 08:57:28,963 [INFO] IPUIPlugin:80 - create IPUIPlugin
2026-05-10 08:57:28,964 [INFO] IPUIPlugin:80 - create IPUIPlugin
2026-05-10 08:57:28,975 [WARN] IP:2114 - I2C_Coeff_DF not found: check if there is a RefParameter without a condition.
2026-05-10 08:57:28,975 [WARN] IP:2114 - Analog_Filter not found: check if there is a RefParameter without a condition.
2026-05-10 08:57:29,207 [INFO] CADModel:165 - CPN selected for project levelSTM32F103C8T6
2026-05-10 08:57:29,207 [INFO] CADModel:114 - Register for checkConnection events
2026-05-10 08:57:29,259 [INFO] OpenFileManager:328 - Restore cursor
2026-05-10 08:57:29,386 [WARN] IP:2114 - I2C_Coeff_DF not found: check if there is a RefParameter without a condition.
2026-05-10 08:57:29,386 [WARN] IP:2114 - Analog_Filter not found: check if there is a RefParameter without a condition.
2026-05-10 08:57:29,386 [WARN] IP:2114 - I2C_Coeff_DF not found: check if there is a RefParameter without a condition.
2026-05-10 08:57:29,386 [WARN] IP:2114 - Analog_Filter not found: check if there is a RefParameter without a condition.
2026-05-10 09:02:06,511 [INFO] MainUpdater:2868 - connection check result : 10
2026-05-10 09:02:06,511 [INFO] MainUpdater:2868 - connection check result : 10
2026-05-10 09:02:06,618 [INFO] MicroXplorer:468 - Change Database Path : 
2026-05-10 09:02:06,618 [INFO] MicroXplorer:498 - Change Database Version : DB.6.0.91
2026-05-10 09:02:06,639 [WARN] ThirdParty:871 - waiting for thirdparty lock release [close project]
2026-05-10 09:02:06,639 [INFO] ThirdParty:873 - entering critical section [close project]
2026-05-10 09:02:06,639 [INFO] ThirdParty:883 - exiting critical section [close project]
2026-05-10 09:02:06,640 [INFO] PinOutPanel:1499 - setPackage(No Configuration,No Configuration)
2026-05-10 09:02:06,648 [INFO] UtilMem:75 - Begin LoadConfig() Used Memory: 853866256 Bytes (1073741824)
2026-05-10 09:02:06,649 [INFO] MicroXplorer:468 - Change Database Path : 
2026-05-10 09:02:06,649 [INFO] MicroXplorer:498 - Change Database Version : DB.6.0.91
2026-05-10 09:02:06,649 [INFO] OpenFileManager:308 - Change cursor
2026-05-10 09:02:06,655 [INFO] Mcu:1946 - Initializing MCU STM32F103C(8-B)Tx STM32F103C8Tx STM32F103C8T6
2026-05-10 09:02:07,032 [INFO] Context:659 - Trying to add GPIOservice into a context  which must be forbidden
2026-05-10 09:02:07,160 [WARN] ModelIntegratedComponent:63 - No mode defined for component null
2026-05-10 09:02:07,160 [WARN] ModelIntegratedComponent:63 - No mode defined for component null
2026-05-10 09:02:07,160 [WARN] ModelIntegratedComponent:63 - No mode defined for component null
2026-05-10 09:02:07,160 [WARN] ModelIntegratedComponent:63 - No mode defined for component null
2026-05-10 09:02:07,160 [WARN] ModelIntegratedComponent:63 - No mode defined for component null
2026-05-10 09:02:07,160 [WARN] ModelIntegratedComponent:63 - No mode defined for component null
2026-05-10 09:02:07,160 [WARN] ModelIntegratedComponent:63 - No mode defined for component null
2026-05-10 09:02:07,160 [WARN] ModelIntegratedComponent:63 - No mode defined for component null
2026-05-10 09:02:07,160 [WARN] ModelIntegratedComponent:63 - No mode defined for component null
2026-05-10 09:02:07,161 [WARN] ModelIntegratedComponent:63 - No mode defined for component null
2026-05-10 09:02:07,161 [WARN] ModelIntegratedComponent:63 - No mode defined for component null
2026-05-10 09:02:07,161 [WARN] ModelIntegratedComponent:63 - No mode defined for component null
2026-05-10 09:02:07,161 [WARN] ModelIntegratedComponent:63 - No mode defined for component null
2026-05-10 09:02:07,161 [WARN] ModelIntegratedComponent:63 - No mode defined for component null
2026-05-10 09:02:07,161 [WARN] ModelIntegratedComponent:63 - No mode defined for component null
2026-05-10 09:02:07,162 [WARN] ModelIntegratedComponent:63 - No mode defined for component null
2026-05-10 09:02:07,162 [WARN] ModelIntegratedComponent:63 - No mode defined for component null
2026-05-10 09:02:07,162 [WARN] ModelIntegratedComponent:63 - No mode defined for component null
2026-05-10 09:02:07,162 [WARN] ModelIntegratedComponent:63 - No mode defined for component null
2026-05-10 09:02:07,162 [WARN] ModelIntegratedComponent:63 - No mode defined for component null
2026-05-10 09:02:07,162 [WARN] ModelIntegratedComponent:63 - No mode defined for component null
2026-05-10 09:02:07,162 [WARN] ModelIntegratedComponent:63 - No mode defined for component null
2026-05-10 09:02:07,162 [WARN] ModelIntegratedComponent:63 - No mode defined for component null
2026-05-10 09:02:07,162 [WARN] ModelIntegratedComponent:63 - No mode defined for component null
2026-05-10 09:02:07,162 [WARN] ModelIntegratedComponent:63 - No mode defined for component null
2026-05-10 09:02:07,163 [WARN] ModelIntegratedComponent:63 - No mode defined for component null
2026-05-10 09:02:07,163 [WARN] ModelIntegratedComponent:63 - No mode defined for component null
2026-05-10 09:02:07,163 [WARN] ModelIntegratedComponent:63 - No mode defined for component null
2026-05-10 09:02:07,163 [WARN] ModelIntegratedComponent:63 - No mode defined for component null
2026-05-10 09:02:07,163 [WARN] ModelIntegratedComponent:63 - No mode defined for component null
2026-05-10 09:02:07,163 [WARN] ModelIntegratedComponent:63 - No mode defined for component null
2026-05-10 09:02:07,163 [WARN] ModelIntegratedComponent:63 - No mode defined for component null
2026-05-10 09:02:07,163 [WARN] ModelIntegratedComponent:63 - No mode defined for component null
2026-05-10 09:02:07,165 [INFO] RtosManager:555 - Registered RTOS mode: class=CMSIS, group=RTOS, mode=CMSIS_V1, owner=FREERTOS
2026-05-10 09:02:07,166 [INFO] RtosManager:555 - Registered RTOS mode: class=CMSIS, group=RTOS2, mode=CMSIS_V2, owner=FREERTOS
2026-05-10 09:02:07,166 [INFO] RtosManager:555 - Registered RTOS mode: class=RTOS, group=Core, mode=CMSIS_V1, owner=FREERTOS
2026-05-10 09:02:07,166 [INFO] RtosManager:555 - Registered RTOS mode: class=RTOS, group=Core, mode=CMSIS_V2, owner=FREERTOS
2026-05-10 09:02:07,166 [WARN] ModelIntegratedComponent:184 - Missing modes for component STMicroelectronics:FreeRTOS:0.0.1:STMicroelectronics:RTOS:FreeRTOS:Core:::10.2.0:
2026-05-10 09:02:07,174 [INFO] ThirdPartyModel:298 - Start build external matchings
2026-05-10 09:02:07,197 [INFO] ThirdPartyModel:316 - End build external matchings
2026-05-10 09:02:07,365 [INFO] UtilMem:75 - End LoadConfig() Used Memory: 876752496 Bytes (1073741824)
2026-05-10 09:02:07,397 [WARN] ThirdParty:833 - waiting for thirdparty lock release [change project]
2026-05-10 09:02:07,397 [INFO] ThirdParty:835 - entering critical section [change project]
2026-05-10 09:02:07,398 [INFO] ThirdParty:1030 - CMSIS Pack Vendor :STMicroelectronics USBPD 4.1
2026-05-10 09:02:07,398 [INFO] ThirdParty:1030 - CMSIS Pack Vendor :STMicroelectronics X-CUBE-DISPLAY 3.0.0
2026-05-10 09:02:07,398 [INFO] ThirdParty:1030 - CMSIS Pack Vendor :STMicroelectronics USB_HOST 2.0.0
2026-05-10 09:02:07,398 [INFO] ThirdParty:1030 - CMSIS Pack Vendor :STMicroelectronics X-CUBE-AZRTOS-F4 1.1.0
2026-05-10 09:02:07,398 [INFO] ThirdParty:1030 - CMSIS Pack Vendor :STMicroelectronics LIBJPEG 8.0.0
2026-05-10 09:02:07,398 [INFO] ThirdParty:1030 - CMSIS Pack Vendor :STMicroelectronics FP-ATR-SIGFOX1 3.2.0
2026-05-10 09:02:07,398 [INFO] ThirdParty:1030 - CMSIS Pack Vendor :STMicroelectronics X-CUBE-SMBUS 2.1.0
2026-05-10 09:02:07,398 [INFO] ThirdParty:1030 - CMSIS Pack Vendor :STMicroelectronics USB_DEVICE 3.0.0
2026-05-10 09:02:07,398 [INFO] ThirdParty:1030 - CMSIS Pack Vendor :STMicroelectronics HAL Drivers 0.0.0
2026-05-10 09:02:07,398 [INFO] ThirdParty:1030 - CMSIS Pack Vendor :STMicroelectronics MBEDTLS 2.16.2
2026-05-10 09:02:07,398 [INFO] ThirdParty:1030 - CMSIS Pack Vendor :STMicroelectronics MBEDTLS 2.14.1
2026-05-10 09:02:07,398 [INFO] ThirdParty:1030 - CMSIS Pack Vendor :STMicroelectronics X-CUBE-AZRTOS-F7 1.1.0
2026-05-10 09:02:07,398 [INFO] ThirdParty:1030 - CMSIS Pack Vendor :STMicroelectronics USB_DEVICE 2.0.0
2026-05-10 09:02:07,398 [INFO] ThirdParty:1030 - CMSIS Pack Vendor :STMicroelectronics ThreadX 1.0.0
2026-05-10 09:02:07,398 [INFO] ThirdParty:1030 - CMSIS Pack Vendor :STMicroelectronics X-CUBE-AZRTOS-WL 2.0.0
2026-05-10 09:02:07,398 [INFO] ThirdParty:1030 - CMSIS Pack Vendor :STMicroelectronics FreeRTOS 0.0.1
2026-05-10 09:02:07,398 [INFO] ThirdParty:1030 - CMSIS Pack Vendor :STMicroelectronics X-CUBE-AZRTOS-G0 1.1.0
2026-05-10 09:02:07,398 [INFO] ThirdParty:1030 - CMSIS Pack Vendor :STMicroelectronics USB_DEVICE 1.0.0
2026-05-10 09:02:07,398 [INFO] ThirdParty:1030 - CMSIS Pack Vendor :STMicroelectronics X-CUBE-SUBG2 5.0.0
2026-05-10 09:02:07,398 [INFO] ThirdParty:1030 - CMSIS Pack Vendor :STMicroelectronics X-CUBE-NFC4 3.0.0
2026-05-10 09:02:07,399 [INFO] ThirdParty:1030 - CMSIS Pack Vendor :STMicroelectronics STM32_WPAN 1.0.0
2026-05-10 09:02:07,399 [INFO] ThirdParty:1030 - CMSIS Pack Vendor :STMicroelectronics X-CUBE-AZRTOS-L4 2.0.0
2026-05-10 09:02:07,399 [INFO] ThirdParty:1030 - CMSIS Pack Vendor :STMicroelectronics ThreadX 0.0.2
2026-05-10 09:02:07,399 [INFO] ThirdParty:1030 - CMSIS Pack Vendor :STMicroelectronics lwIP 2.0.3
2026-05-10 09:02:07,399 [INFO] ThirdParty:1030 - CMSIS Pack Vendor :STMicroelectronics lwIP 2.1.2
2026-05-10 09:02:07,399 [INFO] ThirdParty:1030 - CMSIS Pack Vendor :STMicroelectronics X-CUBE-SFXS2LP1 4.0.0
2026-05-10 09:02:07,399 [INFO] ThirdParty:1030 - CMSIS Pack Vendor :STMicroelectronics X-CUBE-BLE2 3.3.0
2026-05-10 09:02:07,399 [INFO] ThirdParty:1030 - CMSIS Pack Vendor :STMicroelectronics USB_HOST 1.0.0
2026-05-10 09:02:07,399 [INFO] ThirdParty:1030 - CMSIS Pack Vendor :STMicroelectronics X-CUBE-AZRTOS-G4 2.0.0
2026-05-10 09:02:07,399 [INFO] ThirdParty:1030 - CMSIS Pack Vendor :STMicroelectronics PDM2PCM 3.1.0
2026-05-10 09:02:07,399 [INFO] ThirdParty:1030 - CMSIS Pack Vendor :STMicroelectronics PDM2PCM 3.2.0
2026-05-10 09:02:07,399 [INFO] ThirdParty:1030 - CMSIS Pack Vendor :STMicroelectronics PDM2PCM 3.3.0
2026-05-10 09:02:07,399 [INFO] ThirdParty:841 - exiting critical section [change project]
2026-05-10 09:02:07,502 [INFO] PinOutPanel:1499 - setPackage(No Configuration,No Configuration)
2026-05-10 09:02:07,503 [INFO] PinOutPanel:1499 - setPackage(STM32F103C8Tx,LQFP48)
2026-05-10 09:02:07,624 [INFO] UtilMem:75 - Before build in PCC Used Memory: 711786352 Bytes (1073741824)
2026-05-10 09:02:07,789 [INFO] UtilMem:75 - After build in PCC Used Memory: 753207152 Bytes (1073741824)
2026-05-10 09:02:07,802 [INFO] IPUIPlugin:80 - create IPUIPlugin
2026-05-10 09:02:07,802 [INFO] IPUIPlugin:80 - create IPUIPlugin
2026-05-10 09:02:07,802 [INFO] IPUIPlugin:80 - create IPUIPlugin
2026-05-10 09:02:07,802 [INFO] IPUIPlugin:80 - create IPUIPlugin
2026-05-10 09:02:07,802 [INFO] IPUIPlugin:80 - create IPUIPlugin
2026-05-10 09:02:07,802 [INFO] IPUIPlugin:80 - create IPUIPlugin
2026-05-10 09:02:07,802 [INFO] IPUIPlugin:80 - create IPUIPlugin
2026-05-10 09:02:07,803 [INFO] IPUIPlugin:80 - create IPUIPlugin
2026-05-10 09:02:07,803 [INFO] IPUIPlugin:80 - create IPUIPlugin
2026-05-10 09:02:07,803 [INFO] IPUIPlugin:80 - create IPUIPlugin
2026-05-10 09:02:07,803 [INFO] IPUIPlugin:80 - create IPUIPlugin
2026-05-10 09:02:07,803 [INFO] IPUIPlugin:80 - create IPUIPlugin
2026-05-10 09:02:07,803 [INFO] IPUIPlugin:80 - create IPUIPlugin
2026-05-10 09:02:07,803 [INFO] IPUIPlugin:80 - create IPUIPlugin
2026-05-10 09:02:07,803 [INFO] IPUIPlugin:80 - create IPUIPlugin
2026-05-10 09:02:07,803 [INFO] IPUIPlugin:80 - create IPUIPlugin
2026-05-10 09:02:07,803 [INFO] IPUIPlugin:80 - create IPUIPlugin
2026-05-10 09:02:07,804 [INFO] IPUIPlugin:80 - create IPUIPlugin
2026-05-10 09:02:07,804 [INFO] IPUIPlugin:80 - create IPUIPlugin
2026-05-10 09:02:07,804 [INFO] IPUIPlugin:80 - create IPUIPlugin
2026-05-10 09:02:07,804 [INFO] IPUIPlugin:80 - create IPUIPlugin
2026-05-10 09:02:07,804 [INFO] IPUIPlugin:80 - create IPUIPlugin
2026-05-10 09:02:07,804 [INFO] IPUIPlugin:80 - create IPUIPlugin
2026-05-10 09:02:07,804 [INFO] IPUIPlugin:80 - create IPUIPlugin
2026-05-10 09:02:07,804 [INFO] IPUIPlugin:80 - create IPUIPlugin
2026-05-10 09:02:07,805 [INFO] IPUIPlugin:80 - create IPUIPlugin
2026-05-10 09:02:07,805 [INFO] IPUIPlugin:80 - create IPUIPlugin
2026-05-10 09:02:07,806 [WARN] IP:2114 - I2C_Coeff_DF not found: check if there is a RefParameter without a condition.
2026-05-10 09:02:07,806 [WARN] IP:2114 - Analog_Filter not found: check if there is a RefParameter without a condition.
2026-05-10 09:02:07,843 [INFO] CADModel:165 - CPN selected for project levelSTM32F103C8T6
2026-05-10 09:02:07,844 [INFO] CADModel:114 - Register for checkConnection events
2026-05-10 09:02:07,891 [INFO] OpenFileManager:328 - Restore cursor
2026-05-10 09:02:08,004 [WARN] IP:2114 - I2C_Coeff_DF not found: check if there is a RefParameter without a condition.
2026-05-10 09:02:08,004 [WARN] IP:2114 - Analog_Filter not found: check if there is a RefParameter without a condition.
2026-05-10 09:02:08,004 [WARN] IP:2114 - I2C_Coeff_DF not found: check if there is a RefParameter without a condition.
2026-05-10 09:02:08,004 [WARN] IP:2114 - Analog_Filter not found: check if there is a RefParameter without a condition.
2026-05-10 10:14:04,264 [INFO] MainUpdater:2868 - connection check result : 10
2026-05-10 10:14:04,264 [INFO] MainUpdater:2868 - connection check result : 10
2026-05-10 10:14:04,287 [INFO] MicroXplorer:468 - Change Database Path : 
2026-05-10 10:14:04,287 [INFO] MicroXplorer:498 - Change Database Version : DB.6.0.91
2026-05-10 10:14:04,303 [WARN] ThirdParty:871 - waiting for thirdparty lock release [close project]
2026-05-10 10:14:04,303 [INFO] ThirdParty:873 - entering critical section [close project]
2026-05-10 10:14:04,303 [INFO] ThirdParty:883 - exiting critical section [close project]
2026-05-10 10:14:04,304 [INFO] PinOutPanel:1499 - setPackage(No Configuration,No Configuration)
2026-05-10 10:14:04,307 [INFO] UtilMem:75 - Begin LoadConfig() Used Memory: 886079488 Bytes (1073741824)
2026-05-10 10:14:04,308 [INFO] MicroXplorer:468 - Change Database Path : 
2026-05-10 10:14:04,308 [INFO] MicroXplorer:498 - Change Database Version : DB.6.0.91
2026-05-10 10:14:04,308 [INFO] OpenFileManager:308 - Change cursor
2026-05-10 10:14:04,315 [INFO] Mcu:1946 - Initializing MCU STM32F103C(8-B)Tx STM32F103C8Tx STM32F103C8T6
2026-05-10 10:14:04,634 [INFO] Context:659 - Trying to add GPIOservice into a context  which must be forbidden
2026-05-10 10:14:04,716 [WARN] ModelIntegratedComponent:63 - No mode defined for component null
2026-05-10 10:14:04,716 [WARN] ModelIntegratedComponent:63 - No mode defined for component null
2026-05-10 10:14:04,716 [WARN] ModelIntegratedComponent:63 - No mode defined for component null
2026-05-10 10:14:04,716 [WARN] ModelIntegratedComponent:63 - No mode defined for component null
2026-05-10 10:14:04,716 [WARN] ModelIntegratedComponent:63 - No mode defined for component null
2026-05-10 10:14:04,716 [WARN] ModelIntegratedComponent:63 - No mode defined for component null
2026-05-10 10:14:04,716 [WARN] ModelIntegratedComponent:63 - No mode defined for component null
2026-05-10 10:14:04,717 [WARN] ModelIntegratedComponent:63 - No mode defined for component null
2026-05-10 10:14:04,717 [WARN] ModelIntegratedComponent:63 - No mode defined for component null
2026-05-10 10:14:04,717 [WARN] ModelIntegratedComponent:63 - No mode defined for component null
2026-05-10 10:14:04,717 [WARN] ModelIntegratedComponent:63 - No mode defined for component null
2026-05-10 10:14:04,717 [WARN] ModelIntegratedComponent:63 - No mode defined for component null
2026-05-10 10:14:04,717 [WARN] ModelIntegratedComponent:63 - No mode defined for component null
2026-05-10 10:14:04,717 [WARN] ModelIntegratedComponent:63 - No mode defined for component null
2026-05-10 10:14:04,717 [WARN] ModelIntegratedComponent:63 - No mode defined for component null
2026-05-10 10:14:04,717 [WARN] ModelIntegratedComponent:63 - No mode defined for component null
2026-05-10 10:14:04,717 [WARN] ModelIntegratedComponent:63 - No mode defined for component null
2026-05-10 10:14:04,717 [WARN] ModelIntegratedComponent:63 - No mode defined for component null
2026-05-10 10:14:04,717 [WARN] ModelIntegratedComponent:63 - No mode defined for component null
2026-05-10 10:14:04,717 [WARN] ModelIntegratedComponent:63 - No mode defined for component null
2026-05-10 10:14:04,717 [WARN] ModelIntegratedComponent:63 - No mode defined for component null
2026-05-10 10:14:04,717 [WARN] ModelIntegratedComponent:63 - No mode defined for component null
2026-05-10 10:14:04,717 [WARN] ModelIntegratedComponent:63 - No mode defined for component null
2026-05-10 10:14:04,717 [WARN] ModelIntegratedComponent:63 - No mode defined for component null
2026-05-10 10:14:04,717 [WARN] ModelIntegratedComponent:63 - No mode defined for component null
2026-05-10 10:14:04,717 [WARN] ModelIntegratedComponent:63 - No mode defined for component null
2026-05-10 10:14:04,717 [WARN] ModelIntegratedComponent:63 - No mode defined for component null
2026-05-10 10:14:04,717 [WARN] ModelIntegratedComponent:63 - No mode defined for component null
2026-05-10 10:14:04,717 [WARN] ModelIntegratedComponent:63 - No mode defined for component null
2026-05-10 10:14:04,717 [WARN] ModelIntegratedComponent:63 - No mode defined for component null
2026-05-10 10:14:04,717 [WARN] ModelIntegratedComponent:63 - No mode defined for component null
2026-05-10 10:14:04,717 [WARN] ModelIntegratedComponent:63 - No mode defined for component null
2026-05-10 10:14:04,717 [WARN] ModelIntegratedComponent:63 - No mode defined for component null
2026-05-10 10:14:04,719 [INFO] RtosManager:555 - Registered RTOS mode: class=CMSIS, group=RTOS, mode=CMSIS_V1, owner=FREERTOS
2026-05-10 10:14:04,720 [INFO] RtosManager:555 - Registered RTOS mode: class=CMSIS, group=RTOS2, mode=CMSIS_V2, owner=FREERTOS
2026-05-10 10:14:04,720 [INFO] RtosManager:555 - Registered RTOS mode: class=RTOS, group=Core, mode=CMSIS_V1, owner=FREERTOS
2026-05-10 10:14:04,720 [INFO] RtosManager:555 - Registered RTOS mode: class=RTOS, group=Core, mode=CMSIS_V2, owner=FREERTOS
2026-05-10 10:14:04,720 [WARN] ModelIntegratedComponent:184 - Missing modes for component STMicroelectronics:FreeRTOS:0.0.1:STMicroelectronics:RTOS:FreeRTOS:Core:::10.2.0:
2026-05-10 10:14:04,725 [INFO] ThirdPartyModel:298 - Start build external matchings
2026-05-10 10:14:04,736 [INFO] ThirdPartyModel:316 - End build external matchings
2026-05-10 10:14:04,890 [INFO] UtilMem:75 - End LoadConfig() Used Memory: 719389832 Bytes (1073741824)
2026-05-10 10:14:04,921 [WARN] ThirdParty:833 - waiting for thirdparty lock release [change project]
2026-05-10 10:14:04,922 [INFO] ThirdParty:835 - entering critical section [change project]
2026-05-10 10:14:04,922 [INFO] ThirdParty:1030 - CMSIS Pack Vendor :STMicroelectronics USBPD 4.1
2026-05-10 10:14:04,922 [INFO] ThirdParty:1030 - CMSIS Pack Vendor :STMicroelectronics X-CUBE-DISPLAY 3.0.0
2026-05-10 10:14:04,922 [INFO] ThirdParty:1030 - CMSIS Pack Vendor :STMicroelectronics USB_HOST 2.0.0
2026-05-10 10:14:04,922 [INFO] ThirdParty:1030 - CMSIS Pack Vendor :STMicroelectronics X-CUBE-AZRTOS-F4 1.1.0
2026-05-10 10:14:04,922 [INFO] ThirdParty:1030 - CMSIS Pack Vendor :STMicroelectronics LIBJPEG 8.0.0
2026-05-10 10:14:04,922 [INFO] ThirdParty:1030 - CMSIS Pack Vendor :STMicroelectronics FP-ATR-SIGFOX1 3.2.0
2026-05-10 10:14:04,922 [INFO] ThirdParty:1030 - CMSIS Pack Vendor :STMicroelectronics X-CUBE-SMBUS 2.1.0
2026-05-10 10:14:04,922 [INFO] ThirdParty:1030 - CMSIS Pack Vendor :STMicroelectronics USB_DEVICE 3.0.0
2026-05-10 10:14:04,922 [INFO] ThirdParty:1030 - CMSIS Pack Vendor :STMicroelectronics HAL Drivers 0.0.0
2026-05-10 10:14:04,922 [INFO] ThirdParty:1030 - CMSIS Pack Vendor :STMicroelectronics MBEDTLS 2.16.2
2026-05-10 10:14:04,922 [INFO] ThirdParty:1030 - CMSIS Pack Vendor :STMicroelectronics MBEDTLS 2.14.1
2026-05-10 10:14:04,922 [INFO] ThirdParty:1030 - CMSIS Pack Vendor :STMicroelectronics X-CUBE-AZRTOS-F7 1.1.0
2026-05-10 10:14:04,922 [INFO] ThirdParty:1030 - CMSIS Pack Vendor :STMicroelectronics USB_DEVICE 2.0.0
2026-05-10 10:14:04,922 [INFO] ThirdParty:1030 - CMSIS Pack Vendor :STMicroelectronics ThreadX 1.0.0
2026-05-10 10:14:04,922 [INFO] ThirdParty:1030 - CMSIS Pack Vendor :STMicroelectronics X-CUBE-AZRTOS-WL 2.0.0
2026-05-10 10:14:04,922 [INFO] ThirdParty:1030 - CMSIS Pack Vendor :STMicroelectronics FreeRTOS 0.0.1
2026-05-10 10:14:04,922 [INFO] ThirdParty:1030 - CMSIS Pack Vendor :STMicroelectronics X-CUBE-AZRTOS-G0 1.1.0
2026-05-10 10:14:04,922 [INFO] ThirdParty:1030 - CMSIS Pack Vendor :STMicroelectronics USB_DEVICE 1.0.0
2026-05-10 10:14:04,922 [INFO] ThirdParty:1030 - CMSIS Pack Vendor :STMicroelectronics X-CUBE-SUBG2 5.0.0
2026-05-10 10:14:04,922 [INFO] ThirdParty:1030 - CMSIS Pack Vendor :STMicroelectronics X-CUBE-NFC4 3.0.0
2026-05-10 10:14:04,922 [INFO] ThirdParty:1030 - CMSIS Pack Vendor :STMicroelectronics STM32_WPAN 1.0.0
2026-05-10 10:14:04,922 [INFO] ThirdParty:1030 - CMSIS Pack Vendor :STMicroelectronics X-CUBE-AZRTOS-L4 2.0.0
2026-05-10 10:14:04,922 [INFO] ThirdParty:1030 - CMSIS Pack Vendor :STMicroelectronics ThreadX 0.0.2
2026-05-10 10:14:04,922 [INFO] ThirdParty:1030 - CMSIS Pack Vendor :STMicroelectronics lwIP 2.0.3
2026-05-10 10:14:04,922 [INFO] ThirdParty:1030 - CMSIS Pack Vendor :STMicroelectronics lwIP 2.1.2
2026-05-10 10:14:04,922 [INFO] ThirdParty:1030 - CMSIS Pack Vendor :STMicroelectronics X-CUBE-SFXS2LP1 4.0.0
2026-05-10 10:14:04,923 [INFO] ThirdParty:1030 - CMSIS Pack Vendor :STMicroelectronics X-CUBE-BLE2 3.3.0
2026-05-10 10:14:04,923 [INFO] ThirdParty:1030 - CMSIS Pack Vendor :STMicroelectronics USB_HOST 1.0.0
2026-05-10 10:14:04,923 [INFO] ThirdParty:1030 - CMSIS Pack Vendor :STMicroelectronics X-CUBE-AZRTOS-G4 2.0.0
2026-05-10 10:14:04,923 [INFO] ThirdParty:1030 - CMSIS Pack Vendor :STMicroelectronics PDM2PCM 3.1.0
2026-05-10 10:14:04,923 [INFO] ThirdParty:1030 - CMSIS Pack Vendor :STMicroelectronics PDM2PCM 3.2.0
2026-05-10 10:14:04,923 [INFO] ThirdParty:1030 - CMSIS Pack Vendor :STMicroelectronics PDM2PCM 3.3.0
2026-05-10 10:14:04,923 [INFO] ThirdParty:841 - exiting critical section [change project]
2026-05-10 10:14:05,029 [INFO] PinOutPanel:1499 - setPackage(No Configuration,No Configuration)
2026-05-10 10:14:05,029 [INFO] PinOutPanel:1499 - setPackage(STM32F103C8Tx,LQFP48)
2026-05-10 10:14:05,181 [INFO] UtilMem:75 - Before build in PCC Used Memory: 799537776 Bytes (1073741824)
2026-05-10 10:14:05,358 [INFO] UtilMem:75 - After build in PCC Used Memory: 835189384 Bytes (1073741824)
2026-05-10 10:14:05,370 [INFO] IPUIPlugin:80 - create IPUIPlugin
2026-05-10 10:14:05,371 [INFO] IPUIPlugin:80 - create IPUIPlugin
2026-05-10 10:14:05,371 [INFO] IPUIPlugin:80 - create IPUIPlugin
2026-05-10 10:14:05,371 [INFO] IPUIPlugin:80 - create IPUIPlugin
2026-05-10 10:14:05,371 [INFO] IPUIPlugin:80 - create IPUIPlugin
2026-05-10 10:14:05,371 [INFO] IPUIPlugin:80 - create IPUIPlugin
2026-05-10 10:14:05,371 [INFO] IPUIPlugin:80 - create IPUIPlugin
2026-05-10 10:14:05,371 [INFO] IPUIPlugin:80 - create IPUIPlugin
2026-05-10 10:14:05,372 [INFO] IPUIPlugin:80 - create IPUIPlugin
2026-05-10 10:14:05,372 [INFO] IPUIPlugin:80 - create IPUIPlugin
2026-05-10 10:14:05,372 [INFO] IPUIPlugin:80 - create IPUIPlugin
2026-05-10 10:14:05,372 [INFO] IPUIPlugin:80 - create IPUIPlugin
2026-05-10 10:14:05,372 [INFO] IPUIPlugin:80 - create IPUIPlugin
2026-05-10 10:14:05,372 [INFO] IPUIPlugin:80 - create IPUIPlugin
2026-05-10 10:14:05,372 [INFO] IPUIPlugin:80 - create IPUIPlugin
2026-05-10 10:14:05,372 [INFO] IPUIPlugin:80 - create IPUIPlugin
2026-05-10 10:14:05,372 [INFO] IPUIPlugin:80 - create IPUIPlugin
2026-05-10 10:14:05,372 [INFO] IPUIPlugin:80 - create IPUIPlugin
2026-05-10 10:14:05,372 [INFO] IPUIPlugin:80 - create IPUIPlugin
2026-05-10 10:14:05,373 [INFO] IPUIPlugin:80 - create IPUIPlugin
2026-05-10 10:14:05,373 [INFO] IPUIPlugin:80 - create IPUIPlugin
2026-05-10 10:14:05,373 [INFO] IPUIPlugin:80 - create IPUIPlugin
2026-05-10 10:14:05,373 [INFO] IPUIPlugin:80 - create IPUIPlugin
2026-05-10 10:14:05,373 [INFO] IPUIPlugin:80 - create IPUIPlugin
2026-05-10 10:14:05,373 [INFO] IPUIPlugin:80 - create IPUIPlugin
2026-05-10 10:14:05,373 [INFO] IPUIPlugin:80 - create IPUIPlugin
2026-05-10 10:14:05,373 [INFO] IPUIPlugin:80 - create IPUIPlugin
2026-05-10 10:14:05,374 [WARN] IP:2114 - I2C_Coeff_DF not found: check if there is a RefParameter without a condition.
2026-05-10 10:14:05,374 [WARN] IP:2114 - Analog_Filter not found: check if there is a RefParameter without a condition.
2026-05-10 10:14:05,404 [INFO] CADModel:165 - CPN selected for project levelSTM32F103C8T6
2026-05-10 10:14:05,404 [INFO] CADModel:114 - Register for checkConnection events
2026-05-10 10:14:05,453 [INFO] OpenFileManager:328 - Restore cursor
2026-05-10 10:14:05,554 [WARN] IP:2114 - I2C_Coeff_DF not found: check if there is a RefParameter without a condition.
2026-05-10 10:14:05,554 [WARN] IP:2114 - Analog_Filter not found: check if there is a RefParameter without a condition.
2026-05-10 10:14:05,554 [WARN] IP:2114 - I2C_Coeff_DF not found: check if there is a RefParameter without a condition.
2026-05-10 10:14:05,554 [WARN] IP:2114 - Analog_Filter not found: check if there is a RefParameter without a condition.
2026-05-10 12:21:28,674 [WARN] IP:2114 - I2C_Coeff_DF not found: check if there is a RefParameter without a condition.
2026-05-10 12:21:28,674 [WARN] IP:2114 - Analog_Filter not found: check if there is a RefParameter without a condition.
2026-05-10 12:21:28,674 [WARN] IP:2114 - I2C_Coeff_DF not found: check if there is a RefParameter without a condition.
2026-05-10 12:21:28,674 [WARN] IP:2114 - Analog_Filter not found: check if there is a RefParameter without a condition.
2026-05-10 12:21:28,683 [WARN] IP:2114 - I2C_Coeff_DF not found: check if there is a RefParameter without a condition.
2026-05-10 12:21:28,683 [WARN] IP:2114 - Analog_Filter not found: check if there is a RefParameter without a condition.
2026-05-10 12:21:28,692 [WARN] IP:2114 - I2C_Coeff_DF not found: check if there is a RefParameter without a condition.
2026-05-10 12:21:28,692 [WARN] IP:2114 - Analog_Filter not found: check if there is a RefParameter without a condition.
2026-05-10 12:21:53,832 [INFO] Gpio:273 - dependency for GPIO [I2C1, SYS]
2026-05-10 12:22:18,667 [INFO] UtilMem:75 - End SaveConfig() Used Memory: 682493320 Bytes (1073741824)
2026-05-10 12:22:18,704 [INFO] UtilMem:75 - End SaveConfig() Used Memory: 695750920 Bytes (1073741824)
2026-05-10 12:22:38,843 [INFO] UtilMem:75 - End SaveConfig() Used Memory: 764643032 Bytes (1073741824)
2026-05-10 12:22:39,138 [INFO] BlockDiagram:2759 - set Specific Code input for plugin: NVIC
2026-05-10 12:22:39,138 [INFO] BlockDiagram:2759 - set Specific Code input for plugin: SYS
2026-05-10 12:22:39,139 [INFO] BlockDiagram:2759 - set Specific Code input for plugin: GPIO
2026-05-10 12:22:39,139 [INFO] BlockDiagram:2759 - set Specific Code input for plugin: RCC
2026-05-10 12:22:39,139 [INFO] BlockDiagram:2759 - set Specific Code input for plugin: I2C
2026-05-10 12:22:39,139 [INFO] CodeGenerator:799 - code generatio: config db path: C:\ST\STM32CubeIDE_1.13.1\STM32CubeIDE\plugins\com.st.stm32cube.common.mx_6.9.1.202307191849\\db\
2026-05-10 12:22:39,144 [WARN] IP:2114 - I2C_Coeff_DF not found: check if there is a RefParameter without a condition.
2026-05-10 12:22:39,144 [WARN] IP:2114 - Analog_Filter not found: check if there is a RefParameter without a condition.
2026-05-10 12:22:39,266 [INFO] CodeEngine:255 - oldGeneratedFile, D:\smart_garden\I2C_SHT30_DS3231\MXTmpFiles\license.tmp_save
2026-05-10 12:22:39,534 [INFO] CodeEngine:279 - Generated code: D:\smart_garden\I2C_SHT30_DS3231\MXTmpFiles\license.tmp
2026-05-10 12:22:39,612 [INFO] CodeEngine:255 - oldGeneratedFile, D:\smart_garden\I2C_SHT30_DS3231\MXTmpFiles\gpio.tmp_save
2026-05-10 12:22:39,744 [INFO] CodeEngine:279 - Generated code: D:\smart_garden\I2C_SHT30_DS3231\MXTmpFiles\gpio.tmp
2026-05-10 12:22:39,824 [INFO] CodeEngine:255 - oldGeneratedFile, D:\smart_garden\I2C_SHT30_DS3231\Core\Src\stm32f1xx_it.c_save
2026-05-10 12:22:39,928 [INFO] CodeEngine:279 - Generated code: D:\smart_garden\I2C_SHT30_DS3231\Core\Src\stm32f1xx_it.c
2026-05-10 12:22:39,933 [INFO] CodeEngine:255 - oldGeneratedFile, D:\smart_garden\I2C_SHT30_DS3231\Core\Inc\stm32f1xx_it.h_save
2026-05-10 12:22:39,995 [INFO] CodeEngine:279 - Generated code: D:\smart_garden\I2C_SHT30_DS3231\Core\Inc\stm32f1xx_it.h
2026-05-10 12:22:40,004 [INFO] CodeEngine:255 - oldGeneratedFile, D:\smart_garden\I2C_SHT30_DS3231\Core\Src\stm32f1xx_hal_msp.c_save
2026-05-10 12:22:40,149 [INFO] CodeEngine:279 - Generated code: D:\smart_garden\I2C_SHT30_DS3231\Core\Src\stm32f1xx_hal_msp.c
2026-05-10 12:22:40,152 [INFO] CodeEngine:255 - oldGeneratedFile, D:\smart_garden\I2C_SHT30_DS3231\MXTmpFiles\system.tmp_save
2026-05-10 12:22:40,202 [INFO] CodeEngine:279 - Generated code: D:\smart_garden\I2C_SHT30_DS3231\MXTmpFiles\system.tmp
2026-05-10 12:22:40,207 [INFO] CodeEngine:311 - oldGeneratedFile, D:\smart_garden\I2C_SHT30_DS3231\Core\Inc\stm32f1xx_hal_conf.h_save
2026-05-10 12:22:40,320 [INFO] CodeEngine:335 - Generated code: D:\smart_garden\I2C_SHT30_DS3231\Core\Inc\stm32f1xx_hal_conf.h
2026-05-10 12:22:40,342 [INFO] CodeEngine:255 - oldGeneratedFile, D:\smart_garden\I2C_SHT30_DS3231\Core\Inc\main.h_save
2026-05-10 12:22:40,423 [INFO] CodeEngine:279 - Generated code: D:\smart_garden\I2C_SHT30_DS3231\Core\Inc\main.h
2026-05-10 12:22:40,427 [INFO] CodeEngine:255 - oldGeneratedFile, D:\smart_garden\I2C_SHT30_DS3231\Core\Src\main.c_save
2026-05-10 12:22:40,545 [INFO] CodeEngine:279 - Generated code: D:\smart_garden\I2C_SHT30_DS3231\Core\Src\main.c
2026-05-10 12:22:40,914 [INFO] ProjectBuilder:3064 - Time for Copy HAL[1] : 99mS.
2026-05-10 12:22:40,919 [INFO] ProjectBuilder:4404 - Project Generator version: 4.1.0
2026-05-10 12:22:41,102 [INFO] ConfigFileManager:1457 - The Die is : DIE410
2026-05-10 12:22:41,110 [INFO] ApiDbMcu:507 - Load IP Config File for FATFS
2026-05-10 12:22:41,117 [INFO] ApiDbMcu:507 - Load IP Config File for FREERTOS
2026-05-10 12:22:41,123 [INFO] ApiDbMcu:507 - Load IP Config File for USB_DEVICE
2026-05-10 12:22:41,941 [INFO] LogOutputStream:77 - [STDOUT_REDIRECT] 
2026-05-10 12:22:42,543 [INFO] ProjectBuilder:4626 - Time for Generating toolchain IDE Files: 1622mS.
2026-05-10 12:22:42,543 [INFO] ProjectBuilder:2935 - Time for Copy CMSIS : 0mS.
2026-05-10 12:22:42,544 [INFO] ProjectBuilder:2935 - Time for Copy CMSIS : 0mS.
2026-05-10 12:52:39,846 [INFO] UtilMem:75 - End SaveConfig() Used Memory: 920212984 Bytes (1073741824)
2026-05-10 12:52:39,881 [INFO] UtilMem:75 - End SaveConfig() Used Memory: 933347240 Bytes (1073741824)
2026-05-10 12:52:40,195 [INFO] UtilMem:75 - End SaveConfig() Used Memory: 695781336 Bytes (1073741824)
2026-05-10 12:52:40,340 [INFO] BlockDiagram:2759 - set Specific Code input for plugin: NVIC
2026-05-10 12:52:40,340 [INFO] BlockDiagram:2759 - set Specific Code input for plugin: SYS
2026-05-10 12:52:40,340 [INFO] BlockDiagram:2759 - set Specific Code input for plugin: GPIO
2026-05-10 12:52:40,340 [INFO] BlockDiagram:2759 - set Specific Code input for plugin: RCC
2026-05-10 12:52:40,340 [INFO] BlockDiagram:2759 - set Specific Code input for plugin: I2C
2026-05-10 12:52:40,341 [INFO] CodeGenerator:799 - code generatio: config db path: C:\ST\STM32CubeIDE_1.13.1\STM32CubeIDE\plugins\com.st.stm32cube.common.mx_6.9.1.202307191849\\db\
2026-05-10 12:52:40,341 [WARN] IP:2114 - I2C_Coeff_DF not found: check if there is a RefParameter without a condition.
2026-05-10 12:52:40,341 [WARN] IP:2114 - Analog_Filter not found: check if there is a RefParameter without a condition.
2026-05-10 12:52:40,420 [INFO] CodeEngine:255 - oldGeneratedFile, D:\smart_garden\I2C_SHT30_DS3231\MXTmpFiles\license.tmp_save
2026-05-10 12:52:40,515 [INFO] CodeEngine:279 - Generated code: D:\smart_garden\I2C_SHT30_DS3231\MXTmpFiles\license.tmp
2026-05-10 12:52:40,531 [INFO] CodeEngine:255 - oldGeneratedFile, D:\smart_garden\I2C_SHT30_DS3231\MXTmpFiles\gpio.tmp_save
2026-05-10 12:52:40,619 [INFO] CodeEngine:279 - Generated code: D:\smart_garden\I2C_SHT30_DS3231\MXTmpFiles\gpio.tmp
2026-05-10 12:52:40,668 [INFO] CodeEngine:255 - oldGeneratedFile, D:\smart_garden\I2C_SHT30_DS3231\Core\Src\stm32f1xx_it.c_save
2026-05-10 12:52:40,867 [INFO] CodeEngine:279 - Generated code: D:\smart_garden\I2C_SHT30_DS3231\Core\Src\stm32f1xx_it.c
2026-05-10 12:52:40,870 [INFO] CodeEngine:255 - oldGeneratedFile, D:\smart_garden\I2C_SHT30_DS3231\Core\Inc\stm32f1xx_it.h_save
2026-05-10 12:52:40,916 [INFO] CodeEngine:279 - Generated code: D:\smart_garden\I2C_SHT30_DS3231\Core\Inc\stm32f1xx_it.h
2026-05-10 12:52:40,922 [INFO] CodeEngine:255 - oldGeneratedFile, D:\smart_garden\I2C_SHT30_DS3231\Core\Src\stm32f1xx_hal_msp.c_save
2026-05-10 12:52:41,000 [INFO] CodeEngine:279 - Generated code: D:\smart_garden\I2C_SHT30_DS3231\Core\Src\stm32f1xx_hal_msp.c
2026-05-10 12:52:41,002 [INFO] CodeEngine:255 - oldGeneratedFile, D:\smart_garden\I2C_SHT30_DS3231\MXTmpFiles\system.tmp_save
2026-05-10 12:52:41,045 [INFO] CodeEngine:279 - Generated code: D:\smart_garden\I2C_SHT30_DS3231\MXTmpFiles\system.tmp
2026-05-10 12:52:41,049 [INFO] CodeEngine:311 - oldGeneratedFile, D:\smart_garden\I2C_SHT30_DS3231\Core\Inc\stm32f1xx_hal_conf.h_save
2026-05-10 12:52:41,096 [INFO] CodeEngine:335 - Generated code: D:\smart_garden\I2C_SHT30_DS3231\Core\Inc\stm32f1xx_hal_conf.h
2026-05-10 12:52:41,108 [INFO] CodeEngine:255 - oldGeneratedFile, D:\smart_garden\I2C_SHT30_DS3231\Core\Inc\main.h_save
2026-05-10 12:52:41,162 [INFO] CodeEngine:279 - Generated code: D:\smart_garden\I2C_SHT30_DS3231\Core\Inc\main.h
2026-05-10 12:52:41,164 [INFO] CodeEngine:255 - oldGeneratedFile, D:\smart_garden\I2C_SHT30_DS3231\Core\Src\main.c_save
2026-05-10 12:52:41,233 [INFO] CodeEngine:279 - Generated code: D:\smart_garden\I2C_SHT30_DS3231\Core\Src\main.c
2026-05-10 12:52:41,572 [INFO] ProjectBuilder:3064 - Time for Copy HAL[1] : 63mS.
2026-05-10 12:52:41,574 [INFO] ProjectBuilder:4404 - Project Generator version: 4.1.0
2026-05-10 12:52:41,757 [INFO] ConfigFileManager:1457 - The Die is : DIE410
2026-05-10 12:52:42,743 [INFO] ProjectBuilder:4626 - Time for Generating toolchain IDE Files: 1169mS.
2026-05-10 12:52:42,743 [INFO] ProjectBuilder:2935 - Time for Copy CMSIS : 0mS.
2026-05-10 12:52:42,744 [INFO] ProjectBuilder:2935 - Time for Copy CMSIS : 0mS.
2026-05-10 13:06:59,473 [INFO] Gpio:273 - dependency for GPIO [I2C1, SYS]
2026-05-10 13:07:07,613 [INFO] UtilMem:75 - End SaveConfig() Used Memory: 780579248 Bytes (1073741824)
2026-05-10 13:07:07,647 [INFO] UtilMem:75 - End SaveConfig() Used Memory: 793162408 Bytes (1073741824)
2026-05-10 13:07:07,955 [INFO] UtilMem:75 - End SaveConfig() Used Memory: 845590960 Bytes (1073741824)
2026-05-10 13:07:08,065 [INFO] BlockDiagram:2759 - set Specific Code input for plugin: NVIC
2026-05-10 13:07:08,066 [INFO] BlockDiagram:2759 - set Specific Code input for plugin: SYS
2026-05-10 13:07:08,066 [INFO] BlockDiagram:2759 - set Specific Code input for plugin: GPIO
2026-05-10 13:07:08,066 [INFO] BlockDiagram:2759 - set Specific Code input for plugin: RCC
2026-05-10 13:07:08,066 [INFO] BlockDiagram:2759 - set Specific Code input for plugin: I2C
2026-05-10 13:07:08,066 [INFO] CodeGenerator:799 - code generatio: config db path: C:\ST\STM32CubeIDE_1.13.1\STM32CubeIDE\plugins\com.st.stm32cube.common.mx_6.9.1.202307191849\\db\
2026-05-10 13:07:08,067 [WARN] IP:2114 - I2C_Coeff_DF not found: check if there is a RefParameter without a condition.
2026-05-10 13:07:08,067 [WARN] IP:2114 - Analog_Filter not found: check if there is a RefParameter without a condition.
2026-05-10 13:07:08,183 [INFO] CodeEngine:255 - oldGeneratedFile, D:\smart_garden\I2C_SHT30_DS3231\MXTmpFiles\license.tmp_save
2026-05-10 13:07:08,243 [INFO] CodeEngine:279 - Generated code: D:\smart_garden\I2C_SHT30_DS3231\MXTmpFiles\license.tmp
2026-05-10 13:07:08,254 [INFO] CodeEngine:255 - oldGeneratedFile, D:\smart_garden\I2C_SHT30_DS3231\MXTmpFiles\gpio.tmp_save
2026-05-10 13:07:08,309 [INFO] CodeEngine:279 - Generated code: D:\smart_garden\I2C_SHT30_DS3231\MXTmpFiles\gpio.tmp
2026-05-10 13:07:08,334 [INFO] CodeEngine:255 - oldGeneratedFile, D:\smart_garden\I2C_SHT30_DS3231\Core\Src\stm32f1xx_it.c_save
2026-05-10 13:07:08,474 [INFO] CodeEngine:279 - Generated code: D:\smart_garden\I2C_SHT30_DS3231\Core\Src\stm32f1xx_it.c
2026-05-10 13:07:08,478 [INFO] CodeEngine:255 - oldGeneratedFile, D:\smart_garden\I2C_SHT30_DS3231\Core\Inc\stm32f1xx_it.h_save
2026-05-10 13:07:08,534 [INFO] CodeEngine:279 - Generated code: D:\smart_garden\I2C_SHT30_DS3231\Core\Inc\stm32f1xx_it.h
2026-05-10 13:07:08,539 [INFO] CodeEngine:255 - oldGeneratedFile, D:\smart_garden\I2C_SHT30_DS3231\Core\Src\stm32f1xx_hal_msp.c_save
2026-05-10 13:07:08,611 [INFO] CodeEngine:279 - Generated code: D:\smart_garden\I2C_SHT30_DS3231\Core\Src\stm32f1xx_hal_msp.c
2026-05-10 13:07:08,612 [INFO] CodeEngine:255 - oldGeneratedFile, D:\smart_garden\I2C_SHT30_DS3231\MXTmpFiles\system.tmp_save
2026-05-10 13:07:08,653 [INFO] CodeEngine:279 - Generated code: D:\smart_garden\I2C_SHT30_DS3231\MXTmpFiles\system.tmp
2026-05-10 13:07:08,657 [INFO] CodeEngine:311 - oldGeneratedFile, D:\smart_garden\I2C_SHT30_DS3231\Core\Inc\stm32f1xx_hal_conf.h_save
2026-05-10 13:07:08,702 [INFO] CodeEngine:335 - Generated code: D:\smart_garden\I2C_SHT30_DS3231\Core\Inc\stm32f1xx_hal_conf.h
2026-05-10 13:07:08,714 [INFO] CodeEngine:255 - oldGeneratedFile, D:\smart_garden\I2C_SHT30_DS3231\Core\Inc\main.h_save
2026-05-10 13:07:08,767 [INFO] CodeEngine:279 - Generated code: D:\smart_garden\I2C_SHT30_DS3231\Core\Inc\main.h
2026-05-10 13:07:08,769 [INFO] CodeEngine:255 - oldGeneratedFile, D:\smart_garden\I2C_SHT30_DS3231\Core\Src\main.c_save
2026-05-10 13:07:08,835 [INFO] CodeEngine:279 - Generated code: D:\smart_garden\I2C_SHT30_DS3231\Core\Src\main.c
2026-05-10 13:07:09,171 [INFO] ProjectBuilder:3064 - Time for Copy HAL[1] : 65mS.
2026-05-10 13:07:09,173 [INFO] ProjectBuilder:4404 - Project Generator version: 4.1.0
2026-05-10 13:07:09,367 [INFO] ConfigFileManager:1457 - The Die is : DIE410
2026-05-10 13:07:10,300 [INFO] ProjectBuilder:4626 - Time for Generating toolchain IDE Files: 1126mS.
2026-05-10 13:07:10,300 [INFO] ProjectBuilder:2935 - Time for Copy CMSIS : 0mS.
2026-05-10 13:07:10,301 [INFO] ProjectBuilder:2935 - Time for Copy CMSIS : 0mS.
2026-05-10 13:14:46,797 [ERROR] LogOutputStream:75 - [STDERR_REDIRECT] 
2026-05-10 13:16:52,474 [INFO] Activator:176 - 


2026-05-10 13:16:52,475 [INFO] Activator:177 - !SESSION log4j initialized
2026-05-10 13:16:55,884 [INFO] LogOutputStream:77 - [STDOUT_REDIRECT] 
2026-05-10 13:16:56,472 [INFO] ApplicationProperties:184 - Using Application install path: C:\ST\STM32CubeIDE_1.13.1\STM32CubeIDE\plugins\com.st.stm32cube.common.mx_6.9.1.202307191849
2026-05-10 13:16:56,486 [INFO] DbMcusXml:78 - Set database path to: C:\ST\STM32CubeIDE_1.13.1\STM32CubeIDE\plugins\com.st.stm32cube.common.mx_6.9.1.202307191849\\db\/mcu/
2026-05-10 13:16:56,487 [INFO] ApiDb:274 - Set plugin database path to: C:\ST\STM32CubeIDE_1.13.1\STM32CubeIDE\plugins\com.st.stm32cube.common.mx_6.9.1.202307191849\\db\/plugins/boardmanager/
2026-05-10 13:16:56,487 [WARN] ApiDb:259 - Overriding images path with different value:  => C:\ST\STM32CubeIDE_1.13.1\STM32CubeIDE\plugins\com.st.stm32cube.common.mx_6.9.1.202307191849\\db\/plugins/mcufinder/images/
2026-05-10 13:16:56,493 [INFO] ApiDb:250 - Set database path to: C:\Users\Admin\.stmcufinder\plugins\mcufinder//mcu/
2026-05-10 13:16:56,494 [INFO] DbMcusAds:125 - Set database path to: C:\Users\Admin\.stmcufinder\plugins\mcufinder//mcu/
2026-05-10 13:16:56,496 [INFO] CrossReferenceDbSqlite:203 - Set database path to: C:\Users\Admin\.stmcufinder\plugins\mcufinder//mcu/cs/
2026-05-10 13:16:56,569 [INFO] RulesReader:64 - Compatibility file has been processed (293 Rules)
2026-05-10 13:16:56,637 [INFO] DbMcusXml:78 - Set database path to: C:\ST\STM32CubeIDE_1.13.1\STM32CubeIDE\plugins\com.st.stm32cube.common.mx_6.9.1.202307191849\\db\/mcu/
2026-05-10 13:16:56,637 [INFO] ApiDb:274 - Set plugin database path to: C:\ST\STM32CubeIDE_1.13.1\STM32CubeIDE\plugins\com.st.stm32cube.common.mx_6.9.1.202307191849\\db\/plugins/boardmanager/
2026-05-10 13:16:56,637 [INFO] ApiDb:261 - Set plugin images path to: C:\ST\STM32CubeIDE_1.13.1\STM32CubeIDE\plugins\com.st.stm32cube.common.mx_6.9.1.202307191849\\db\/plugins/mcufinder/images/
2026-05-10 13:16:56,637 [WARN] DbFile:41 - Overriding database path with different value: C:\Users\Admin\.stmcufinder\plugins\mcufinder/ => C:\Users\Admin\.stmcufinder\plugins\mcufinder
2026-05-10 13:16:56,637 [INFO] ApiDb:250 - Set database path to: C:\Users\Admin\.stmcufinder\plugins\mcufinder//mcu/
2026-05-10 13:16:56,637 [WARN] DbFile:41 - Overriding database path with different value: C:\Users\Admin\.stmcufinder\plugins\mcufinder/ => C:\Users\Admin\.stmcufinder\plugins\mcufinder
2026-05-10 13:16:56,637 [INFO] DbMcusAds:125 - Set database path to: C:\Users\Admin\.stmcufinder\plugins\mcufinder//mcu/
2026-05-10 13:16:56,638 [WARN] DbFile:41 - Overriding database path with different value: C:\Users\Admin\.stmcufinder\plugins\mcufinder/ => C:\Users\Admin\.stmcufinder\plugins\mcufinder
2026-05-10 13:16:56,638 [WARN] DbFile:41 - Overriding database path with different value: C:\Users\Admin\.stmcufinder\plugins\mcufinder/ => C:\Users\Admin\.stmcufinder\plugins\mcufinder
2026-05-10 13:16:56,638 [INFO] CrossReferenceDbSqlite:203 - Set database path to: C:\Users\Admin\.stmcufinder\plugins\mcufinder//mcu/cs/
2026-05-10 13:16:56,688 [INFO] MainPanel:262 - HeapMemory: 268435456
2026-05-10 13:16:56,742 [INFO] DbMcusXml:78 - Set database path to: C:\ST\STM32CubeIDE_1.13.1\STM32CubeIDE\plugins\com.st.stm32cube.common.mx_6.9.1.202307191849\\db\/mcu/
2026-05-10 13:16:56,742 [INFO] ApiDb:274 - Set plugin database path to: C:\ST\STM32CubeIDE_1.13.1\STM32CubeIDE\plugins\com.st.stm32cube.common.mx_6.9.1.202307191849\\db\/plugins/boardmanager/
2026-05-10 13:16:56,743 [INFO] ApiDb:261 - Set plugin images path to: C:\ST\STM32CubeIDE_1.13.1\STM32CubeIDE\plugins\com.st.stm32cube.common.mx_6.9.1.202307191849\\db\/plugins/mcufinder/images/
2026-05-10 13:16:56,743 [WARN] DbFile:41 - Overriding database path with different value: C:\Users\Admin\.stmcufinder\plugins\mcufinder/ => C:\Users\Admin\.stmcufinder\plugins\mcufinder
2026-05-10 13:16:56,743 [INFO] ApiDb:250 - Set database path to: C:\Users\Admin\.stmcufinder\plugins\mcufinder//mcu/
2026-05-10 13:16:56,743 [WARN] DbFile:41 - Overriding database path with different value: C:\Users\Admin\.stmcufinder\plugins\mcufinder/ => C:\Users\Admin\.stmcufinder\plugins\mcufinder
2026-05-10 13:16:56,743 [INFO] DbMcusAds:125 - Set database path to: C:\Users\Admin\.stmcufinder\plugins\mcufinder//mcu/
2026-05-10 13:16:56,743 [WARN] DbFile:41 - Overriding database path with different value: C:\Users\Admin\.stmcufinder\plugins\mcufinder/ => C:\Users\Admin\.stmcufinder\plugins\mcufinder
2026-05-10 13:16:56,743 [WARN] DbFile:41 - Overriding database path with different value: C:\Users\Admin\.stmcufinder\plugins\mcufinder/ => C:\Users\Admin\.stmcufinder\plugins\mcufinder
2026-05-10 13:16:56,743 [INFO] CrossReferenceDbSqlite:203 - Set database path to: C:\Users\Admin\.stmcufinder\plugins\mcufinder//mcu/cs/
2026-05-10 13:16:56,755 [INFO] ApplicationProperties:184 - Using Application install path: C:\ST\STM32CubeIDE_1.13.1\STM32CubeIDE\plugins\com.st.stm32cube.common.mx_6.9.1.202307191849
2026-05-10 13:16:56,756 [INFO] PluginManage:196 - Search for loadable plugins [exclusion list=, ]
2026-05-10 13:16:56,757 [INFO] PluginManage:310 - Check plugin analytics
2026-05-10 13:16:56,864 [INFO] AnalyticsPlugin:253 - Accepted Software Licenses: 
2026-05-10 13:16:56,864 [INFO] AnalyticsPlugin:255 - Accepted CMSIS Pack Licenses: 
2026-05-10 13:16:56,865 [INFO] AnalyticsPlugin:257 - Accepted Firmware Licenses: 
2026-05-10 13:16:56,867 [INFO] PluginManage:359 - Loaded plugin analytics (category:tool,tabindex:-1)
2026-05-10 13:16:56,867 [INFO] PluginManage:310 - Check plugin cadmodel
2026-05-10 13:16:56,871 [INFO] CADModel:105 - Init CAD model plugin
2026-05-10 13:16:56,871 [INFO] PluginManage:359 - Loaded plugin cadmodel (category:power,tabindex:5)
2026-05-10 13:16:56,871 [INFO] PluginManage:310 - Check plugin clock
2026-05-10 13:16:56,879 [INFO] PluginManage:359 - Loaded plugin clock (category:base,tabindex:2)
2026-05-10 13:16:56,879 [INFO] PluginManage:310 - Check plugin ddr
2026-05-10 13:16:56,880 [INFO] PluginManage:359 - Loaded plugin ddr (category:tool,tabindex:6)
2026-05-10 13:16:56,880 [INFO] PluginManage:310 - Check plugin filemanager
2026-05-10 13:16:56,975 [INFO] PluginManage:359 - Loaded plugin filemanager (category:base,tabindex:10)
2026-05-10 13:16:56,975 [INFO] PluginManage:310 - Check plugin ipmanager
2026-05-10 13:16:56,980 [INFO] PluginManage:359 - Loaded plugin ipmanager (category:base,tabindex:5)
2026-05-10 13:16:56,980 [INFO] PluginManage:310 - Check plugin lpbam
2026-05-10 13:16:56,985 [INFO] PluginManage:359 - Loaded plugin lpbam (category:base,tabindex:0)
2026-05-10 13:16:56,986 [INFO] PluginManage:310 - Check plugin memorymap
2026-05-10 13:16:56,993 [INFO] PluginManage:359 - Loaded plugin memorymap (category:base,tabindex:4)
2026-05-10 13:16:56,993 [INFO] PluginManage:310 - Check plugin pinoutandconfiguration
2026-05-10 13:16:56,998 [INFO] PluginManage:359 - Loaded plugin pinoutandconfiguration (category:base,tabindex:1)
2026-05-10 13:16:56,998 [INFO] PluginManage:310 - Check plugin pinoutconfig
2026-05-10 13:16:57,061 [WARN] SupportedApi:132 - Cannot load RTOS API schema: s4s-elt-must-match.1: The content of 'definitions' must match (annotation?, (simpleType | complexType)?, (unique | key | keyref)*)). A problem was found starting at: attribute.
2026-05-10 13:16:57,152 [INFO] PluginManage:359 - Loaded plugin pinoutconfig (category:base,tabindex:0)
2026-05-10 13:16:57,152 [INFO] PluginManage:310 - Check plugin power
2026-05-10 13:16:57,160 [INFO] PluginManage:359 - Loaded plugin power (category:power,tabindex:4)
2026-05-10 13:16:57,161 [INFO] PluginManage:310 - Check plugin projectmanager
2026-05-10 13:16:57,172 [INFO] PluginManage:359 - Loaded plugin projectmanager (category:projectmanager,tabindex:3)
2026-05-10 13:16:57,173 [INFO] PluginManage:310 - Check plugin thirdparty
2026-05-10 13:16:57,261 [INFO] PluginManage:359 - Loaded plugin thirdparty (category:base,tabindex:-1)
2026-05-10 13:16:57,261 [INFO] PluginManage:310 - Check plugin tools
2026-05-10 13:16:57,261 [WARN] IntegrityCheckThread:84 - waiting for thirdparty lock release [integrity check]
2026-05-10 13:16:57,261 [INFO] IntegrityCheckThread:86 - entering critical section [integrity check]
2026-05-10 13:16:57,261 [INFO] ThirdPartyUpdaterWithRetryManager:70 - Updater plugin not ready yet. [1/15]
2026-05-10 13:16:57,263 [INFO] PluginManage:359 - Loaded plugin tools (category:base,tabindex:7)
2026-05-10 13:16:57,264 [INFO] PluginManage:310 - Check plugin tutovideos
2026-05-10 13:16:57,415 [INFO] PluginManage:359 - Loaded plugin tutovideos (category:base,tabindex:-1)
2026-05-10 13:16:57,415 [INFO] PluginManage:310 - Check plugin updater
2026-05-10 13:16:57,422 [INFO] PluginManage:359 - Loaded plugin updater (category:base,tabindex:12)
2026-05-10 13:16:57,423 [INFO] PluginManage:310 - Check plugin userauth
2026-05-10 13:16:57,426 [INFO] UserAuth:113 - Init User Auth plugin
2026-05-10 13:16:57,426 [INFO] PluginManage:359 - Loaded plugin userauth (category:base,tabindex:14)
2026-05-10 13:16:57,427 [INFO] PluginManage:283 - PluginManage : Loaded plugins [17]
2026-05-10 13:16:57,579 [INFO] PinOutPanel:1499 - setPackage(No Configuration,No Configuration)
2026-05-10 13:16:57,649 [INFO] CADModel:165 - CPN selected for project level
2026-05-10 13:16:57,649 [INFO] CADModel:114 - Register for checkConnection events
2026-05-10 13:16:57,662 [INFO] IPUIPlugin:80 - create IPUIPlugin
2026-05-10 13:16:57,663 [INFO] PluginManager:220 - loadIPPluginJar : add adc
2026-05-10 13:16:57,664 [INFO] IPUIPlugin:80 - create IPUIPlugin
2026-05-10 13:16:57,664 [INFO] PluginManager:220 - loadIPPluginJar : add aes
2026-05-10 13:16:57,666 [INFO] IPUIPlugin:80 - create IPUIPlugin
2026-05-10 13:16:57,666 [INFO] PluginManager:220 - loadIPPluginJar : add can
2026-05-10 13:16:57,667 [INFO] IPUIPlugin:80 - create IPUIPlugin
2026-05-10 13:16:57,667 [INFO] PluginManager:220 - loadIPPluginJar : add comp
2026-05-10 13:16:57,669 [INFO] IPUIPlugin:80 - create IPUIPlugin
2026-05-10 13:16:57,669 [INFO] PluginManager:220 - loadIPPluginJar : add cryp
2026-05-10 13:16:57,670 [INFO] IPUIPlugin:80 - create IPUIPlugin
2026-05-10 13:16:57,670 [INFO] PluginManager:220 - loadIPPluginJar : add dfsdm
2026-05-10 13:16:57,674 [INFO] IPUIPlugin:80 - create IPUIPlugin
2026-05-10 13:16:57,675 [INFO] PluginManager:220 - loadIPPluginJar : add dma
2026-05-10 13:16:57,676 [INFO] IPUIPlugin:80 - create IPUIPlugin
2026-05-10 13:16:57,676 [INFO] PluginManager:220 - loadIPPluginJar : add dma3
2026-05-10 13:16:57,677 [INFO] IPUIPlugin:80 - create IPUIPlugin
2026-05-10 13:16:57,677 [INFO] PluginManager:220 - loadIPPluginJar : add fatfs
2026-05-10 13:16:57,680 [INFO] IPUIPlugin:80 - create IPUIPlugin
2026-05-10 13:16:57,680 [INFO] PluginManager:220 - loadIPPluginJar : add fmc
2026-05-10 13:16:57,683 [INFO] IPUIPlugin:80 - create IPUIPlugin
2026-05-10 13:16:57,684 [INFO] PluginManager:220 - loadIPPluginJar : add freertos
2026-05-10 13:16:57,684 [INFO] IPUIPlugin:80 - create IPUIPlugin
2026-05-10 13:16:57,684 [INFO] PluginManager:220 - loadIPPluginJar : add genericplugin
2026-05-10 13:16:57,685 [INFO] IPUIPlugin:80 - create IPUIPlugin
2026-05-10 13:16:57,686 [INFO] PluginManager:220 - loadIPPluginJar : add gfxmmu
2026-05-10 13:16:57,689 [INFO] IPUIPlugin:80 - create IPUIPlugin
2026-05-10 13:16:57,689 [INFO] PluginManager:220 - loadIPPluginJar : add gic
2026-05-10 13:16:57,691 [INFO] IPUIPlugin:80 - create IPUIPlugin
2026-05-10 13:16:57,691 [INFO] PluginManager:220 - loadIPPluginJar : add gpio
2026-05-10 13:16:57,693 [INFO] IPUIPlugin:80 - create IPUIPlugin
2026-05-10 13:16:57,693 [INFO] PluginManager:220 - loadIPPluginJar : add gtzc
2026-05-10 13:16:57,694 [INFO] IPUIPlugin:80 - create IPUIPlugin
2026-05-10 13:16:57,694 [INFO] PluginManager:220 - loadIPPluginJar : add hash
2026-05-10 13:16:57,695 [INFO] IPUIPlugin:80 - create IPUIPlugin
2026-05-10 13:16:57,695 [INFO] PluginManager:220 - loadIPPluginJar : add i2c
2026-05-10 13:16:57,697 [INFO] IPUIPlugin:80 - create IPUIPlugin
2026-05-10 13:16:57,697 [INFO] PluginManager:220 - loadIPPluginJar : add i2s
2026-05-10 13:16:57,698 [INFO] IPUIPlugin:80 - create IPUIPlugin
2026-05-10 13:16:57,698 [INFO] PluginManager:220 - loadIPPluginJar : add i3c
2026-05-10 13:16:57,700 [INFO] IPUIPlugin:80 - create IPUIPlugin
2026-05-10 13:16:57,700 [INFO] PluginManager:220 - loadIPPluginJar : add ipddr
2026-05-10 13:16:57,705 [INFO] IPUIPlugin:80 - create IPUIPlugin
2026-05-10 13:16:57,705 [INFO] PluginManager:220 - loadIPPluginJar : add linkedlist
2026-05-10 13:16:57,706 [INFO] IPUIPlugin:80 - create IPUIPlugin
2026-05-10 13:16:57,706 [INFO] PluginManager:220 - loadIPPluginJar : add lorawan
2026-05-10 13:16:57,707 [INFO] IPUIPlugin:80 - create IPUIPlugin
2026-05-10 13:16:57,707 [INFO] PluginManager:220 - loadIPPluginJar : add ltdc
2026-05-10 13:16:57,711 [INFO] IPUIPlugin:80 - create IPUIPlugin
2026-05-10 13:16:57,711 [INFO] PluginManager:220 - loadIPPluginJar : add mdma
2026-05-10 13:16:57,713 [INFO] IPUIPlugin:80 - create IPUIPlugin
2026-05-10 13:16:57,713 [INFO] PluginManager:220 - loadIPPluginJar : add nvic
2026-05-10 13:16:57,714 [INFO] IPUIPlugin:80 - create IPUIPlugin
2026-05-10 13:16:57,714 [INFO] PluginManager:220 - loadIPPluginJar : add opamp
2026-05-10 13:16:57,716 [INFO] IPUIPlugin:80 - create IPUIPlugin
2026-05-10 13:16:57,716 [INFO] PluginManager:220 - loadIPPluginJar : add openamp
2026-05-10 13:16:57,718 [INFO] IPUIPlugin:80 - create IPUIPlugin
2026-05-10 13:16:57,718 [INFO] PluginManager:220 - loadIPPluginJar : add pdm2pcm
2026-05-10 13:16:57,722 [INFO] IPUIPlugin:80 - create IPUIPlugin
2026-05-10 13:16:57,724 [INFO] PluginManager:220 - loadIPPluginJar : add plateformsettings
2026-05-10 13:16:57,724 [INFO] IPUIPlugin:80 - create IPUIPlugin
2026-05-10 13:16:57,725 [INFO] PluginManager:220 - loadIPPluginJar : add quadspi
2026-05-10 13:16:57,726 [INFO] IPUIPlugin:80 - create IPUIPlugin
2026-05-10 13:16:57,726 [INFO] PluginManager:220 - loadIPPluginJar : add resmgrutility
2026-05-10 13:16:57,728 [INFO] IPUIPlugin:80 - create IPUIPlugin
2026-05-10 13:16:57,728 [INFO] PluginManager:220 - loadIPPluginJar : add sai
2026-05-10 13:16:57,730 [INFO] IPUIPlugin:80 - create IPUIPlugin
2026-05-10 13:16:57,730 [INFO] PluginManager:220 - loadIPPluginJar : add spi
2026-05-10 13:16:57,732 [INFO] IPUIPlugin:80 - create IPUIPlugin
2026-05-10 13:16:57,733 [INFO] PluginManager:220 - loadIPPluginJar : add stm32_wpan
2026-05-10 13:16:57,734 [INFO] IPUIPlugin:80 - create IPUIPlugin
2026-05-10 13:16:57,734 [INFO] PluginManager:220 - loadIPPluginJar : add tim
2026-05-10 13:16:57,735 [INFO] IPUIPlugin:80 - create IPUIPlugin
2026-05-10 13:16:57,735 [INFO] PluginManager:220 - loadIPPluginJar : add touchsensing
2026-05-10 13:16:57,736 [INFO] IPUIPlugin:80 - create IPUIPlugin
2026-05-10 13:16:57,736 [INFO] PluginManager:220 - loadIPPluginJar : add tracer_emb
2026-05-10 13:16:57,738 [INFO] IPUIPlugin:80 - create IPUIPlugin
2026-05-10 13:16:57,738 [INFO] PluginManager:220 - loadIPPluginJar : add ts
2026-05-10 13:16:57,739 [INFO] IPUIPlugin:80 - create IPUIPlugin
2026-05-10 13:16:57,739 [INFO] PluginManager:220 - loadIPPluginJar : add tsc
2026-05-10 13:16:57,740 [INFO] IPUIPlugin:80 - create IPUIPlugin
2026-05-10 13:16:57,740 [INFO] PluginManager:220 - loadIPPluginJar : add ucpd
2026-05-10 13:16:57,741 [INFO] IPUIPlugin:80 - create IPUIPlugin
2026-05-10 13:16:57,741 [INFO] PluginManager:220 - loadIPPluginJar : add usart
2026-05-10 13:16:57,743 [INFO] IPUIPlugin:80 - create IPUIPlugin
2026-05-10 13:16:57,743 [INFO] PluginManager:220 - loadIPPluginJar : add usbx
2026-05-10 13:16:57,851 [INFO] CADModel:165 - CPN selected for project level
2026-05-10 13:16:57,851 [INFO] CADModel:114 - Register for checkConnection events
2026-05-10 13:16:57,851 [FATAL] Updater:308 - Updater called before beeing initialized
2026-05-10 13:16:57,852 [ERROR] CADModel:125 - Updater not yet initialized, retry later 
2026-05-10 13:16:57,952 [INFO] CADModel:165 - CPN selected for project level
2026-05-10 13:16:57,952 [INFO] CADModel:114 - Register for checkConnection events
2026-05-10 13:16:57,952 [FATAL] Updater:308 - Updater called before beeing initialized
2026-05-10 13:16:57,952 [ERROR] CADModel:125 - Updater not yet initialized, retry later 
2026-05-10 13:16:57,954 [FATAL] Updater:308 - Updater called before beeing initialized
2026-05-10 13:16:58,032 [FATAL] Updater:308 - Updater called before beeing initialized
2026-05-10 13:16:58,038 [INFO] DbMcusAds:53 - JSON generation date=Mon Apr 27 15:14:29 GMT+07:00 2026 (1777277669683)
2026-05-10 13:16:58,039 [FATAL] Updater:308 - Updater called before beeing initialized
2026-05-10 13:16:58,067 [WARN] DetailPanel:346 - Failed to get advertising image, set to default
2026-05-10 13:16:58,153 [FATAL] Updater:308 - Updater called before beeing initialized
2026-05-10 13:16:58,155 [FATAL] Updater:308 - Updater called before beeing initialized
2026-05-10 13:16:58,155 [FATAL] Updater:308 - Updater called before beeing initialized
2026-05-10 13:16:58,155 [WARN] DetailPanel:346 - Failed to get advertising image, set to default
2026-05-10 13:16:58,156 [FATAL] Updater:308 - Updater called before beeing initialized
2026-05-10 13:16:58,206 [ERROR] Updater:1120 - MainUpdater not yet initialized. External WinMGr cannot be set.
2026-05-10 13:16:58,208 [INFO] Updater:1056 - Updater Version found : 6.9.1
2026-05-10 13:16:58,223 [INFO] ApplicationProperties:184 - Using Application install path: C:\ST\STM32CubeIDE_1.13.1\STM32CubeIDE\plugins\com.st.stm32cube.common.mx_6.9.1.202307191849
2026-05-10 13:16:58,350 [INFO] MainUpdater:2868 - connection check result : 10
2026-05-10 13:16:58,351 [INFO] MainUpdater:285 - Updater Check For Update Now.
2026-05-10 13:16:58,351 [INFO] MicroXplorer:498 - Change Database Version : DB.6.0.91
2026-05-10 13:16:58,357 [INFO] McuFinderGlobals:63 - Set McuFinder mode to 2 (CubeIDE integrated)
2026-05-10 13:16:58,358 [INFO] UserAuth:179 - activating auth plugin
2026-05-10 13:16:58,361 [INFO] UserAuth:393 - Internet connection configuration mode: 1
2026-05-10 13:16:58,381 [INFO] JxBrowserEngine:151 - Initiate JxBrowser Engine with user profile folder
2026-05-10 13:16:58,520 [INFO] CheckServerUpdateThread:120 - End of CheckServer Thread
2026-05-10 13:16:58,792 [INFO] WebApp:157 - Instantiating new browser for Auth
2026-05-10 13:16:59,120 [INFO] WebApp:753 - Register for checkConnection events
2026-05-10 13:16:59,120 [INFO] WebApp:390 - Apply proxy settings
2026-05-10 13:16:59,120 [INFO] WebApp:475 - Chromium requires no authentication
2026-05-10 13:16:59,125 [INFO] WebApp:418 - Direct internet connection detected
2026-05-10 13:16:59,234 [INFO] WebApp:188 - Starting web application
2026-05-10 13:16:59,234 [INFO] WebApp:520 - Web application path used C:\ST\STM32CubeIDE_1.13.1\STM32CubeIDE\plugins\com.st.stm32cube.common.mx_6.9.1.202307191849\db\plugins\mcufinder\reactClient1\index.html
2026-05-10 13:17:00,373 [WARN] PackLoader:240 - Cannot read IP mode file for STMicroelectronics.X-CUBE-AZRTOS-F4.1.1.0
2026-05-10 13:17:00,402 [WARN] PackLoader:240 - Cannot read IP mode file for STMicroelectronics.X-CUBE-SMBUS.2.1.0
2026-05-10 13:17:00,448 [WARN] PackLoader:240 - Cannot read IP mode file for STMicroelectronics.X-CUBE-AZRTOS-F7.1.1.0
2026-05-10 13:17:00,461 [WARN] PackLoader:240 - Cannot read IP mode file for STMicroelectronics.X-CUBE-DISPLAY.3.0.0
2026-05-10 13:17:00,488 [INFO] LogOutputStream:77 - [STDOUT_REDIRECT] 1 : Invalid condition id : UX_CORESTACK_Condition cause : null
2026-05-10 13:17:00,489 [INFO] LogOutputStream:77 - [STDOUT_REDIRECT] 1 : Invalid condition id : UX_CORESTACK_Condition cause : null
2026-05-10 13:17:00,489 [INFO] LogOutputStream:77 - [STDOUT_REDIRECT] 1 : Invalid condition id : UX_CORESTACK_Condition cause : null
2026-05-10 13:17:00,490 [INFO] LogOutputStream:77 - [STDOUT_REDIRECT] 1 : Invalid condition id : UX_CORESTACK_Condition cause : null
2026-05-10 13:17:00,491 [INFO] LogOutputStream:77 - [STDOUT_REDIRECT] 1 : Invalid condition id : UX_CORESTACK_Condition cause : null
2026-05-10 13:17:00,493 [WARN] PackLoader:240 - Cannot read IP mode file for STMicroelectronics.X-CUBE-AZRTOS-WL.2.0.0
2026-05-10 13:17:00,514 [WARN] ConditionMgr:438 - getConditionDescription Invalid condition id : LAN8742 Phy interface Condition cause : null
2026-05-10 13:17:00,515 [WARN] PackLoader:240 - Cannot read IP mode file for STMicroelectronics.X-CUBE-AZRTOS-L4.2.0.0
2026-05-10 13:17:00,517 [WARN] ConditionMgr:1039 - genDependencies : Invalid condition id : LAN8742 Phy interface Condition cause : null
2026-05-10 13:17:00,517 [WARN] ConditionMgr:1039 - genDependencies : Invalid condition id : LAN8742 Phy interface Condition cause : null
2026-05-10 13:17:00,518 [WARN] ConditionMgr:1039 - genDependencies : Invalid condition id : LAN8742 Phy interface Condition cause : null
2026-05-10 13:17:00,532 [WARN] PackLoader:240 - Cannot read IP mode file for STMicroelectronics.X-CUBE-SFXS2LP1.4.0.0
2026-05-10 13:17:00,538 [WARN] PackLoader:240 - Cannot read IP mode file for STMicroelectronics.X-CUBE-BLE2.3.3.0
2026-05-10 13:17:00,555 [WARN] PackLoader:240 - Cannot read IP mode file for STMicroelectronics.X-CUBE-AZRTOS-G0.1.1.0
2026-05-10 13:17:00,569 [WARN] PackLoader:240 - Cannot read IP mode file for STMicroelectronics.X-CUBE-SUBG2.5.0.0
2026-05-10 13:17:00,583 [WARN] PackLoader:240 - Cannot read IP mode file for STMicroelectronics.X-CUBE-NFC4.3.0.0
2026-05-10 13:17:00,598 [WARN] PackLoader:240 - Cannot read IP mode file for STMicroelectronics.X-CUBE-AZRTOS-G4.2.0.0
2026-05-10 13:17:00,606 [WARN] PackLoader:240 - Cannot read IP mode file for STMicroelectronics.FP-ATR-SIGFOX1.3.2.0
2026-05-10 13:17:00,607 [INFO] ThirdParty:978 - Integrity check success = true
2026-05-10 13:17:00,607 [INFO] IntegrityCheckThread:100 - exiting critical section [integrity check]
2026-05-10 13:17:00,607 [INFO] IntegrityCheckThread:103 - End integrity checks thread
2026-05-10 13:17:19,736 [ERROR] LogOutputStream:75 - [STDERR_REDIRECT] SLF4J: Failed to load class "org.slf4j.impl.StaticLoggerBinder".
2026-05-10 13:17:19,736 [ERROR] LogOutputStream:75 - [STDERR_REDIRECT] SLF4J: Defaulting to no-operation (NOP) logger implementation
2026-05-10 13:17:19,737 [ERROR] LogOutputStream:75 - [STDERR_REDIRECT] SLF4J: See http://www.slf4j.org/codes.html#StaticLoggerBinder for further details.
2026-05-10 13:18:46,357 [INFO] WebApp:330 - JxBrowser engine has been closed 
2026-05-10 13:18:49,730 [ERROR] LogOutputStream:75 - [STDERR_REDIRECT] 
