2026-05-15 14:42:19,424 [INFO] Activator:176 - 


2026-05-15 14:42:19,424 [INFO] Activator:177 - !SESSION log4j initialized
2026-05-15 14:42:23,135 [INFO] LogOutputStream:77 - [STDOUT_REDIRECT] 
2026-05-15 14:42:23,876 [INFO] ApplicationProperties:184 - Using Application install path: C:\ST\STM32CubeIDE_1.13.1\STM32CubeIDE\plugins\com.st.stm32cube.common.mx_6.9.1.202307191849
2026-05-15 14:42:23,893 [INFO] DbMcusXml:78 - Set database path to: C:\ST\STM32CubeIDE_1.13.1\STM32CubeIDE\plugins\com.st.stm32cube.common.mx_6.9.1.202307191849\\db\/mcu/
2026-05-15 14:42:23,893 [INFO] ApiDb:274 - Set plugin database path to: C:\ST\STM32CubeIDE_1.13.1\STM32CubeIDE\plugins\com.st.stm32cube.common.mx_6.9.1.202307191849\\db\/plugins/boardmanager/
2026-05-15 14:42:23,894 [WARN] ApiDb:259 - Overriding images path with different value:  => C:\ST\STM32CubeIDE_1.13.1\STM32CubeIDE\plugins\com.st.stm32cube.common.mx_6.9.1.202307191849\\db\/plugins/mcufinder/images/
2026-05-15 14:42:23,903 [INFO] ApiDb:250 - Set database path to: C:\Users\Admin\.stmcufinder\plugins\mcufinder//mcu/
2026-05-15 14:42:23,904 [INFO] DbMcusAds:125 - Set database path to: C:\Users\Admin\.stmcufinder\plugins\mcufinder//mcu/
2026-05-15 14:42:23,905 [INFO] CrossReferenceDbSqlite:203 - Set database path to: C:\Users\Admin\.stmcufinder\plugins\mcufinder//mcu/cs/
2026-05-15 14:42:23,985 [INFO] RulesReader:64 - Compatibility file has been processed (293 Rules)
2026-05-15 14:42:24,054 [INFO] DbMcusXml:78 - Set database path to: C:\ST\STM32CubeIDE_1.13.1\STM32CubeIDE\plugins\com.st.stm32cube.common.mx_6.9.1.202307191849\\db\/mcu/
2026-05-15 14:42:24,054 [INFO] ApiDb:274 - Set plugin database path to: C:\ST\STM32CubeIDE_1.13.1\STM32CubeIDE\plugins\com.st.stm32cube.common.mx_6.9.1.202307191849\\db\/plugins/boardmanager/
2026-05-15 14:42:24,054 [INFO] ApiDb:261 - Set plugin images path to: C:\ST\STM32CubeIDE_1.13.1\STM32CubeIDE\plugins\com.st.stm32cube.common.mx_6.9.1.202307191849\\db\/plugins/mcufinder/images/
2026-05-15 14:42:24,054 [WARN] DbFile:41 - Overriding database path with different value: C:\Users\Admin\.stmcufinder\plugins\mcufinder/ => C:\Users\Admin\.stmcufinder\plugins\mcufinder
2026-05-15 14:42:24,054 [INFO] ApiDb:250 - Set database path to: C:\Users\Admin\.stmcufinder\plugins\mcufinder//mcu/
2026-05-15 14:42:24,054 [WARN] DbFile:41 - Overriding database path with different value: C:\Users\Admin\.stmcufinder\plugins\mcufinder/ => C:\Users\Admin\.stmcufinder\plugins\mcufinder
2026-05-15 14:42:24,055 [INFO] DbMcusAds:125 - Set database path to: C:\Users\Admin\.stmcufinder\plugins\mcufinder//mcu/
2026-05-15 14:42:24,055 [WARN] DbFile:41 - Overriding database path with different value: C:\Users\Admin\.stmcufinder\plugins\mcufinder/ => C:\Users\Admin\.stmcufinder\plugins\mcufinder
2026-05-15 14:42:24,055 [WARN] DbFile:41 - Overriding database path with different value: C:\Users\Admin\.stmcufinder\plugins\mcufinder/ => C:\Users\Admin\.stmcufinder\plugins\mcufinder
2026-05-15 14:42:24,055 [INFO] CrossReferenceDbSqlite:203 - Set database path to: C:\Users\Admin\.stmcufinder\plugins\mcufinder//mcu/cs/
2026-05-15 14:42:24,117 [INFO] MainPanel:262 - HeapMemory: 268435456
2026-05-15 14:42:24,191 [INFO] DbMcusXml:78 - Set database path to: C:\ST\STM32CubeIDE_1.13.1\STM32CubeIDE\plugins\com.st.stm32cube.common.mx_6.9.1.202307191849\\db\/mcu/
2026-05-15 14:42:24,191 [INFO] ApiDb:274 - Set plugin database path to: C:\ST\STM32CubeIDE_1.13.1\STM32CubeIDE\plugins\com.st.stm32cube.common.mx_6.9.1.202307191849\\db\/plugins/boardmanager/
2026-05-15 14:42:24,191 [INFO] ApiDb:261 - Set plugin images path to: C:\ST\STM32CubeIDE_1.13.1\STM32CubeIDE\plugins\com.st.stm32cube.common.mx_6.9.1.202307191849\\db\/plugins/mcufinder/images/
2026-05-15 14:42:24,191 [WARN] DbFile:41 - Overriding database path with different value: C:\Users\Admin\.stmcufinder\plugins\mcufinder/ => C:\Users\Admin\.stmcufinder\plugins\mcufinder
2026-05-15 14:42:24,191 [INFO] ApiDb:250 - Set database path to: C:\Users\Admin\.stmcufinder\plugins\mcufinder//mcu/
2026-05-15 14:42:24,192 [WARN] DbFile:41 - Overriding database path with different value: C:\Users\Admin\.stmcufinder\plugins\mcufinder/ => C:\Users\Admin\.stmcufinder\plugins\mcufinder
2026-05-15 14:42:24,192 [INFO] DbMcusAds:125 - Set database path to: C:\Users\Admin\.stmcufinder\plugins\mcufinder//mcu/
2026-05-15 14:42:24,192 [WARN] DbFile:41 - Overriding database path with different value: C:\Users\Admin\.stmcufinder\plugins\mcufinder/ => C:\Users\Admin\.stmcufinder\plugins\mcufinder
2026-05-15 14:42:24,192 [WARN] DbFile:41 - Overriding database path with different value: C:\Users\Admin\.stmcufinder\plugins\mcufinder/ => C:\Users\Admin\.stmcufinder\plugins\mcufinder
2026-05-15 14:42:24,192 [INFO] CrossReferenceDbSqlite:203 - Set database path to: C:\Users\Admin\.stmcufinder\plugins\mcufinder//mcu/cs/
2026-05-15 14:42:24,207 [INFO] ApplicationProperties:184 - Using Application install path: C:\ST\STM32CubeIDE_1.13.1\STM32CubeIDE\plugins\com.st.stm32cube.common.mx_6.9.1.202307191849
2026-05-15 14:42:24,208 [INFO] PluginManage:196 - Search for loadable plugins [exclusion list=, ]
2026-05-15 14:42:24,209 [INFO] PluginManage:310 - Check plugin analytics
2026-05-15 14:42:24,319 [INFO] AnalyticsPlugin:253 - Accepted Software Licenses: 
2026-05-15 14:42:24,319 [INFO] AnalyticsPlugin:255 - Accepted CMSIS Pack Licenses: 
2026-05-15 14:42:24,319 [INFO] AnalyticsPlugin:257 - Accepted Firmware Licenses: FW.F4.1.27.0
2026-05-15 14:42:24,321 [INFO] PluginManage:359 - Loaded plugin analytics (category:tool,tabindex:-1)
2026-05-15 14:42:24,322 [INFO] PluginManage:310 - Check plugin cadmodel
2026-05-15 14:42:24,327 [INFO] CADModel:105 - Init CAD model plugin
2026-05-15 14:42:24,327 [INFO] PluginManage:359 - Loaded plugin cadmodel (category:power,tabindex:5)
2026-05-15 14:42:24,327 [INFO] PluginManage:310 - Check plugin clock
2026-05-15 14:42:24,336 [INFO] PluginManage:359 - Loaded plugin clock (category:base,tabindex:2)
2026-05-15 14:42:24,336 [INFO] PluginManage:310 - Check plugin ddr
2026-05-15 14:42:24,338 [INFO] PluginManage:359 - Loaded plugin ddr (category:tool,tabindex:6)
2026-05-15 14:42:24,338 [INFO] PluginManage:310 - Check plugin filemanager
2026-05-15 14:42:24,449 [INFO] PluginManage:359 - Loaded plugin filemanager (category:base,tabindex:10)
2026-05-15 14:42:24,449 [INFO] PluginManage:310 - Check plugin ipmanager
2026-05-15 14:42:24,454 [INFO] PluginManage:359 - Loaded plugin ipmanager (category:base,tabindex:5)
2026-05-15 14:42:24,455 [INFO] PluginManage:310 - Check plugin lpbam
2026-05-15 14:42:24,462 [INFO] PluginManage:359 - Loaded plugin lpbam (category:base,tabindex:0)
2026-05-15 14:42:24,462 [INFO] PluginManage:310 - Check plugin memorymap
2026-05-15 14:42:24,474 [INFO] PluginManage:359 - Loaded plugin memorymap (category:base,tabindex:4)
2026-05-15 14:42:24,474 [INFO] PluginManage:310 - Check plugin pinoutandconfiguration
2026-05-15 14:42:24,481 [INFO] PluginManage:359 - Loaded plugin pinoutandconfiguration (category:base,tabindex:1)
2026-05-15 14:42:24,481 [INFO] PluginManage:310 - Check plugin pinoutconfig
2026-05-15 14:42:24,558 [WARN] SupportedApi:132 - Cannot load RTOS API schema: s4s-elt-must-match.1: The content of 'definitions' must match (annotation?, (simpleType | complexType)?, (unique | key | keyref)*)). A problem was found starting at: attribute.
2026-05-15 14:42:24,662 [INFO] PluginManage:359 - Loaded plugin pinoutconfig (category:base,tabindex:0)
2026-05-15 14:42:24,662 [INFO] PluginManage:310 - Check plugin power
2026-05-15 14:42:24,672 [INFO] PluginManage:359 - Loaded plugin power (category:power,tabindex:4)
2026-05-15 14:42:24,672 [INFO] PluginManage:310 - Check plugin projectmanager
2026-05-15 14:42:24,683 [INFO] PluginManage:359 - Loaded plugin projectmanager (category:projectmanager,tabindex:3)
2026-05-15 14:42:24,683 [INFO] PluginManage:310 - Check plugin thirdparty
2026-05-15 14:42:24,782 [INFO] PluginManage:359 - Loaded plugin thirdparty (category:base,tabindex:-1)
2026-05-15 14:42:24,782 [WARN] IntegrityCheckThread:84 - waiting for thirdparty lock release [integrity check]
2026-05-15 14:42:24,783 [INFO] PluginManage:310 - Check plugin tools
2026-05-15 14:42:24,783 [INFO] IntegrityCheckThread:86 - entering critical section [integrity check]
2026-05-15 14:42:24,783 [INFO] ThirdPartyUpdaterWithRetryManager:70 - Updater plugin not ready yet. [1/15]
2026-05-15 14:42:24,785 [INFO] PluginManage:359 - Loaded plugin tools (category:base,tabindex:7)
2026-05-15 14:42:24,785 [INFO] PluginManage:310 - Check plugin tutovideos
2026-05-15 14:42:24,918 [INFO] PluginManage:359 - Loaded plugin tutovideos (category:base,tabindex:-1)
2026-05-15 14:42:24,918 [INFO] PluginManage:310 - Check plugin updater
2026-05-15 14:42:24,927 [INFO] PluginManage:359 - Loaded plugin updater (category:base,tabindex:12)
2026-05-15 14:42:24,928 [INFO] PluginManage:310 - Check plugin userauth
2026-05-15 14:42:24,932 [INFO] UserAuth:113 - Init User Auth plugin
2026-05-15 14:42:24,932 [INFO] PluginManage:359 - Loaded plugin userauth (category:base,tabindex:14)
2026-05-15 14:42:24,932 [INFO] PluginManage:283 - PluginManage : Loaded plugins [17]
2026-05-15 14:42:25,093 [INFO] PinOutPanel:1499 - setPackage(No Configuration,No Configuration)
2026-05-15 14:42:25,165 [INFO] CADModel:165 - CPN selected for project level
2026-05-15 14:42:25,165 [INFO] CADModel:114 - Register for checkConnection events
2026-05-15 14:42:25,179 [INFO] IPUIPlugin:80 - create IPUIPlugin
2026-05-15 14:42:25,179 [INFO] PluginManager:220 - loadIPPluginJar : add adc
2026-05-15 14:42:25,181 [INFO] IPUIPlugin:80 - create IPUIPlugin
2026-05-15 14:42:25,181 [INFO] PluginManager:220 - loadIPPluginJar : add aes
2026-05-15 14:42:25,183 [INFO] IPUIPlugin:80 - create IPUIPlugin
2026-05-15 14:42:25,183 [INFO] PluginManager:220 - loadIPPluginJar : add can
2026-05-15 14:42:25,184 [INFO] IPUIPlugin:80 - create IPUIPlugin
2026-05-15 14:42:25,184 [INFO] PluginManager:220 - loadIPPluginJar : add comp
2026-05-15 14:42:25,186 [INFO] IPUIPlugin:80 - create IPUIPlugin
2026-05-15 14:42:25,186 [INFO] PluginManager:220 - loadIPPluginJar : add cryp
2026-05-15 14:42:25,188 [INFO] IPUIPlugin:80 - create IPUIPlugin
2026-05-15 14:42:25,188 [INFO] PluginManager:220 - loadIPPluginJar : add dfsdm
2026-05-15 14:42:25,192 [INFO] IPUIPlugin:80 - create IPUIPlugin
2026-05-15 14:42:25,192 [INFO] PluginManager:220 - loadIPPluginJar : add dma
2026-05-15 14:42:25,194 [INFO] IPUIPlugin:80 - create IPUIPlugin
2026-05-15 14:42:25,194 [INFO] PluginManager:220 - loadIPPluginJar : add dma3
2026-05-15 14:42:25,195 [INFO] IPUIPlugin:80 - create IPUIPlugin
2026-05-15 14:42:25,195 [INFO] PluginManager:220 - loadIPPluginJar : add fatfs
2026-05-15 14:42:25,198 [INFO] IPUIPlugin:80 - create IPUIPlugin
2026-05-15 14:42:25,198 [INFO] PluginManager:220 - loadIPPluginJar : add fmc
2026-05-15 14:42:25,203 [INFO] IPUIPlugin:80 - create IPUIPlugin
2026-05-15 14:42:25,203 [INFO] PluginManager:220 - loadIPPluginJar : add freertos
2026-05-15 14:42:25,204 [INFO] IPUIPlugin:80 - create IPUIPlugin
2026-05-15 14:42:25,204 [INFO] PluginManager:220 - loadIPPluginJar : add genericplugin
2026-05-15 14:42:25,206 [INFO] IPUIPlugin:80 - create IPUIPlugin
2026-05-15 14:42:25,207 [INFO] PluginManager:220 - loadIPPluginJar : add gfxmmu
2026-05-15 14:42:25,209 [INFO] IPUIPlugin:80 - create IPUIPlugin
2026-05-15 14:42:25,209 [INFO] PluginManager:220 - loadIPPluginJar : add gic
2026-05-15 14:42:25,212 [INFO] IPUIPlugin:80 - create IPUIPlugin
2026-05-15 14:42:25,212 [INFO] PluginManager:220 - loadIPPluginJar : add gpio
2026-05-15 14:42:25,214 [INFO] IPUIPlugin:80 - create IPUIPlugin
2026-05-15 14:42:25,214 [INFO] PluginManager:220 - loadIPPluginJar : add gtzc
2026-05-15 14:42:25,215 [INFO] IPUIPlugin:80 - create IPUIPlugin
2026-05-15 14:42:25,215 [INFO] PluginManager:220 - loadIPPluginJar : add hash
2026-05-15 14:42:25,217 [INFO] IPUIPlugin:80 - create IPUIPlugin
2026-05-15 14:42:25,217 [INFO] PluginManager:220 - loadIPPluginJar : add i2c
2026-05-15 14:42:25,219 [INFO] IPUIPlugin:80 - create IPUIPlugin
2026-05-15 14:42:25,219 [INFO] PluginManager:220 - loadIPPluginJar : add i2s
2026-05-15 14:42:25,221 [INFO] IPUIPlugin:80 - create IPUIPlugin
2026-05-15 14:42:25,221 [INFO] PluginManager:220 - loadIPPluginJar : add i3c
2026-05-15 14:42:25,222 [INFO] IPUIPlugin:80 - create IPUIPlugin
2026-05-15 14:42:25,222 [INFO] PluginManager:220 - loadIPPluginJar : add ipddr
2026-05-15 14:42:25,228 [INFO] IPUIPlugin:80 - create IPUIPlugin
2026-05-15 14:42:25,229 [INFO] PluginManager:220 - loadIPPluginJar : add linkedlist
2026-05-15 14:42:25,230 [INFO] IPUIPlugin:80 - create IPUIPlugin
2026-05-15 14:42:25,230 [INFO] PluginManager:220 - loadIPPluginJar : add lorawan
2026-05-15 14:42:25,232 [INFO] IPUIPlugin:80 - create IPUIPlugin
2026-05-15 14:42:25,232 [INFO] PluginManager:220 - loadIPPluginJar : add ltdc
2026-05-15 14:42:25,236 [INFO] IPUIPlugin:80 - create IPUIPlugin
2026-05-15 14:42:25,236 [INFO] PluginManager:220 - loadIPPluginJar : add mdma
2026-05-15 14:42:25,238 [INFO] IPUIPlugin:80 - create IPUIPlugin
2026-05-15 14:42:25,238 [INFO] PluginManager:220 - loadIPPluginJar : add nvic
2026-05-15 14:42:25,240 [INFO] IPUIPlugin:80 - create IPUIPlugin
2026-05-15 14:42:25,240 [INFO] PluginManager:220 - loadIPPluginJar : add opamp
2026-05-15 14:42:25,242 [INFO] IPUIPlugin:80 - create IPUIPlugin
2026-05-15 14:42:25,242 [INFO] PluginManager:220 - loadIPPluginJar : add openamp
2026-05-15 14:42:25,244 [INFO] IPUIPlugin:80 - create IPUIPlugin
2026-05-15 14:42:25,244 [INFO] PluginManager:220 - loadIPPluginJar : add pdm2pcm
2026-05-15 14:42:25,248 [INFO] IPUIPlugin:80 - create IPUIPlugin
2026-05-15 14:42:25,250 [INFO] PluginManager:220 - loadIPPluginJar : add plateformsettings
2026-05-15 14:42:25,251 [INFO] IPUIPlugin:80 - create IPUIPlugin
2026-05-15 14:42:25,251 [INFO] PluginManager:220 - loadIPPluginJar : add quadspi
2026-05-15 14:42:25,254 [INFO] IPUIPlugin:80 - create IPUIPlugin
2026-05-15 14:42:25,254 [INFO] PluginManager:220 - loadIPPluginJar : add resmgrutility
2026-05-15 14:42:25,256 [INFO] IPUIPlugin:80 - create IPUIPlugin
2026-05-15 14:42:25,256 [INFO] PluginManager:220 - loadIPPluginJar : add sai
2026-05-15 14:42:25,258 [INFO] IPUIPlugin:80 - create IPUIPlugin
2026-05-15 14:42:25,258 [INFO] PluginManager:220 - loadIPPluginJar : add spi
2026-05-15 14:42:25,269 [INFO] IPUIPlugin:80 - create IPUIPlugin
2026-05-15 14:42:25,269 [INFO] PluginManager:220 - loadIPPluginJar : add stm32_wpan
2026-05-15 14:42:25,272 [INFO] IPUIPlugin:80 - create IPUIPlugin
2026-05-15 14:42:25,272 [INFO] PluginManager:220 - loadIPPluginJar : add tim
2026-05-15 14:42:25,273 [INFO] IPUIPlugin:80 - create IPUIPlugin
2026-05-15 14:42:25,273 [INFO] PluginManager:220 - loadIPPluginJar : add touchsensing
2026-05-15 14:42:25,274 [INFO] IPUIPlugin:80 - create IPUIPlugin
2026-05-15 14:42:25,274 [INFO] PluginManager:220 - loadIPPluginJar : add tracer_emb
2026-05-15 14:42:25,275 [INFO] IPUIPlugin:80 - create IPUIPlugin
2026-05-15 14:42:25,275 [INFO] PluginManager:220 - loadIPPluginJar : add ts
2026-05-15 14:42:25,277 [INFO] IPUIPlugin:80 - create IPUIPlugin
2026-05-15 14:42:25,277 [INFO] PluginManager:220 - loadIPPluginJar : add tsc
2026-05-15 14:42:25,278 [INFO] IPUIPlugin:80 - create IPUIPlugin
2026-05-15 14:42:25,278 [INFO] PluginManager:220 - loadIPPluginJar : add ucpd
2026-05-15 14:42:25,280 [INFO] IPUIPlugin:80 - create IPUIPlugin
2026-05-15 14:42:25,280 [INFO] PluginManager:220 - loadIPPluginJar : add usart
2026-05-15 14:42:25,281 [INFO] IPUIPlugin:80 - create IPUIPlugin
2026-05-15 14:42:25,282 [INFO] PluginManager:220 - loadIPPluginJar : add usbx
2026-05-15 14:42:25,392 [INFO] CADModel:165 - CPN selected for project level
2026-05-15 14:42:25,392 [INFO] CADModel:114 - Register for checkConnection events
2026-05-15 14:42:25,392 [FATAL] Updater:308 - Updater called before beeing initialized
2026-05-15 14:42:25,392 [ERROR] CADModel:125 - Updater not yet initialized, retry later 
2026-05-15 14:42:25,511 [INFO] CADModel:165 - CPN selected for project level
2026-05-15 14:42:25,511 [INFO] CADModel:114 - Register for checkConnection events
2026-05-15 14:42:25,511 [FATAL] Updater:308 - Updater called before beeing initialized
2026-05-15 14:42:25,511 [ERROR] CADModel:125 - Updater not yet initialized, retry later 
2026-05-15 14:42:25,514 [FATAL] Updater:308 - Updater called before beeing initialized
2026-05-15 14:42:25,597 [FATAL] Updater:308 - Updater called before beeing initialized
2026-05-15 14:42:25,601 [INFO] DbMcusAds:53 - JSON generation date=Mon Apr 27 15:14:29 GMT+07:00 2026 (1777277669683)
2026-05-15 14:42:25,601 [FATAL] Updater:308 - Updater called before beeing initialized
2026-05-15 14:42:25,637 [WARN] DetailPanel:346 - Failed to get advertising image, set to default
2026-05-15 14:42:25,731 [FATAL] Updater:308 - Updater called before beeing initialized
2026-05-15 14:42:25,733 [FATAL] Updater:308 - Updater called before beeing initialized
2026-05-15 14:42:25,733 [FATAL] Updater:308 - Updater called before beeing initialized
2026-05-15 14:42:25,733 [WARN] DetailPanel:346 - Failed to get advertising image, set to default
2026-05-15 14:42:25,733 [FATAL] Updater:308 - Updater called before beeing initialized
2026-05-15 14:42:25,771 [ERROR] Updater:1120 - MainUpdater not yet initialized. External WinMGr cannot be set.
2026-05-15 14:42:25,773 [INFO] Updater:1056 - Updater Version found : 6.9.1
2026-05-15 14:42:25,792 [INFO] ApplicationProperties:184 - Using Application install path: C:\ST\STM32CubeIDE_1.13.1\STM32CubeIDE\plugins\com.st.stm32cube.common.mx_6.9.1.202307191849
2026-05-15 14:42:25,921 [INFO] MainUpdater:2868 - connection check result : 10
2026-05-15 14:42:25,922 [INFO] MainUpdater:285 - Updater Check For Update Now.
2026-05-15 14:42:25,923 [INFO] MicroXplorer:498 - Change Database Version : DB.6.0.91
2026-05-15 14:42:25,933 [INFO] McuFinderGlobals:63 - Set McuFinder mode to 2 (CubeIDE integrated)
2026-05-15 14:42:25,934 [INFO] UserAuth:179 - activating auth plugin
2026-05-15 14:42:25,938 [INFO] UserAuth:393 - Internet connection configuration mode: 1
2026-05-15 14:42:25,965 [INFO] JxBrowserEngine:151 - Initiate JxBrowser Engine with user profile folder
2026-05-15 14:42:26,111 [INFO] CheckServerUpdateThread:120 - End of CheckServer Thread
2026-05-15 14:42:26,604 [INFO] WebApp:157 - Instantiating new browser for Auth
2026-05-15 14:42:27,007 [INFO] WebApp:753 - Register for checkConnection events
2026-05-15 14:42:27,007 [INFO] WebApp:390 - Apply proxy settings
2026-05-15 14:42:27,007 [INFO] WebApp:475 - Chromium requires no authentication
2026-05-15 14:42:27,014 [INFO] WebApp:418 - Direct internet connection detected
2026-05-15 14:42:27,148 [INFO] WebApp:188 - Starting web application
2026-05-15 14:42:27,148 [INFO] WebApp:520 - Web application path used C:\ST\STM32CubeIDE_1.13.1\STM32CubeIDE\plugins\com.st.stm32cube.common.mx_6.9.1.202307191849\db\plugins\mcufinder\reactClient1\index.html
2026-05-15 14:42:27,936 [WARN] PackLoader:240 - Cannot read IP mode file for STMicroelectronics.X-CUBE-AZRTOS-F4.1.1.0
2026-05-15 14:42:27,967 [WARN] PackLoader:240 - Cannot read IP mode file for STMicroelectronics.X-CUBE-SMBUS.2.1.0
2026-05-15 14:42:27,986 [WARN] PackLoader:240 - Cannot read IP mode file for STMicroelectronics.X-CUBE-AZRTOS-F7.1.1.0
2026-05-15 14:42:27,998 [WARN] PackLoader:240 - Cannot read IP mode file for STMicroelectronics.X-CUBE-DISPLAY.3.0.0
2026-05-15 14:42:28,013 [INFO] LogOutputStream:77 - [STDOUT_REDIRECT] 1 : Invalid condition id : UX_CORESTACK_Condition cause : null
2026-05-15 14:42:28,014 [INFO] LogOutputStream:77 - [STDOUT_REDIRECT] 1 : Invalid condition id : UX_CORESTACK_Condition cause : null
2026-05-15 14:42:28,015 [INFO] LogOutputStream:77 - [STDOUT_REDIRECT] 1 : Invalid condition id : UX_CORESTACK_Condition cause : null
2026-05-15 14:42:28,016 [INFO] LogOutputStream:77 - [STDOUT_REDIRECT] 1 : Invalid condition id : UX_CORESTACK_Condition cause : null
2026-05-15 14:42:28,016 [INFO] LogOutputStream:77 - [STDOUT_REDIRECT] 1 : Invalid condition id : UX_CORESTACK_Condition cause : null
2026-05-15 14:42:28,019 [WARN] PackLoader:240 - Cannot read IP mode file for STMicroelectronics.X-CUBE-AZRTOS-WL.2.0.0
2026-05-15 14:42:28,037 [WARN] ConditionMgr:438 - getConditionDescription Invalid condition id : LAN8742 Phy interface Condition cause : null
2026-05-15 14:42:28,038 [WARN] PackLoader:240 - Cannot read IP mode file for STMicroelectronics.X-CUBE-AZRTOS-L4.2.0.0
2026-05-15 14:42:28,040 [WARN] ConditionMgr:1039 - genDependencies : Invalid condition id : LAN8742 Phy interface Condition cause : null
2026-05-15 14:42:28,040 [WARN] ConditionMgr:1039 - genDependencies : Invalid condition id : LAN8742 Phy interface Condition cause : null
2026-05-15 14:42:28,042 [WARN] ConditionMgr:1039 - genDependencies : Invalid condition id : LAN8742 Phy interface Condition cause : null
2026-05-15 14:42:28,053 [WARN] PackLoader:240 - Cannot read IP mode file for STMicroelectronics.X-CUBE-SFXS2LP1.4.0.0
2026-05-15 14:42:28,061 [WARN] PackLoader:240 - Cannot read IP mode file for STMicroelectronics.X-CUBE-BLE2.3.3.0
2026-05-15 14:42:28,074 [WARN] PackLoader:240 - Cannot read IP mode file for STMicroelectronics.X-CUBE-AZRTOS-G0.1.1.0
2026-05-15 14:42:28,084 [WARN] PackLoader:240 - Cannot read IP mode file for STMicroelectronics.X-CUBE-SUBG2.5.0.0
2026-05-15 14:42:28,093 [WARN] PackLoader:240 - Cannot read IP mode file for STMicroelectronics.X-CUBE-NFC4.3.0.0
2026-05-15 14:42:28,106 [WARN] PackLoader:240 - Cannot read IP mode file for STMicroelectronics.X-CUBE-AZRTOS-G4.2.0.0
2026-05-15 14:42:28,111 [WARN] PackLoader:240 - Cannot read IP mode file for STMicroelectronics.FP-ATR-SIGFOX1.3.2.0
2026-05-15 14:42:28,113 [INFO] ThirdParty:978 - Integrity check success = true
2026-05-15 14:42:28,113 [INFO] IntegrityCheckThread:100 - exiting critical section [integrity check]
2026-05-15 14:42:28,114 [INFO] IntegrityCheckThread:103 - End integrity checks thread
2026-05-15 14:42:47,703 [ERROR] LogOutputStream:75 - [STDERR_REDIRECT] SLF4J: Failed to load class "org.slf4j.impl.StaticLoggerBinder".
2026-05-15 14:42:47,703 [ERROR] LogOutputStream:75 - [STDERR_REDIRECT] SLF4J: Defaulting to no-operation (NOP) logger implementation
2026-05-15 14:42:47,704 [ERROR] LogOutputStream:75 - [STDERR_REDIRECT] SLF4J: See http://www.slf4j.org/codes.html#StaticLoggerBinder for further details.
2026-05-15 14:59:37,490 [INFO] McuFinderGlobals:63 - Set McuFinder mode to 2 (CubeIDE integrated)
2026-05-15 14:59:37,494 [INFO] MainUpdater:2868 - connection check result : 10
2026-05-15 14:59:37,495 [INFO] MainUpdater:2868 - connection check result : 10
2026-05-15 14:59:37,521 [INFO] MicroXplorer:468 - Change Database Path : 
2026-05-15 14:59:37,521 [INFO] MicroXplorer:498 - Change Database Version : DB.6.0.91
2026-05-15 14:59:37,525 [WARN] ThirdParty:871 - waiting for thirdparty lock release [close project]
2026-05-15 14:59:37,525 [INFO] ThirdParty:873 - entering critical section [close project]
2026-05-15 14:59:37,526 [INFO] ThirdParty:883 - exiting critical section [close project]
2026-05-15 14:59:37,527 [INFO] PinOutPanel:1499 - setPackage(No Configuration,No Configuration)
2026-05-15 14:59:37,534 [INFO] UtilMem:75 - Begin LoadConfig() Used Memory: 774211680 Bytes (1073741824)
2026-05-15 14:59:37,535 [INFO] MicroXplorer:468 - Change Database Path : 
2026-05-15 14:59:37,535 [INFO] MicroXplorer:498 - Change Database Version : DB.6.0.91
2026-05-15 14:59:37,535 [INFO] OpenFileManager:308 - Change cursor
2026-05-15 14:59:37,560 [INFO] Mcu:1946 - Initializing MCU STM32F103C(8-B)Tx STM32F103C8Tx STM32F103C8T6
2026-05-15 14:59:38,194 [INFO] Context:659 - Trying to add GPIOservice into a context  which must be forbidden
2026-05-15 14:59:38,405 [WARN] ModelIntegratedComponent:63 - No mode defined for component null
2026-05-15 14:59:38,405 [WARN] ModelIntegratedComponent:63 - No mode defined for component null
2026-05-15 14:59:38,405 [WARN] ModelIntegratedComponent:63 - No mode defined for component null
2026-05-15 14:59:38,405 [WARN] ModelIntegratedComponent:63 - No mode defined for component null
2026-05-15 14:59:38,405 [WARN] ModelIntegratedComponent:63 - No mode defined for component null
2026-05-15 14:59:38,405 [WARN] ModelIntegratedComponent:63 - No mode defined for component null
2026-05-15 14:59:38,405 [WARN] ModelIntegratedComponent:63 - No mode defined for component null
2026-05-15 14:59:38,405 [WARN] ModelIntegratedComponent:63 - No mode defined for component null
2026-05-15 14:59:38,405 [WARN] ModelIntegratedComponent:63 - No mode defined for component null
2026-05-15 14:59:38,406 [WARN] ModelIntegratedComponent:63 - No mode defined for component null
2026-05-15 14:59:38,406 [WARN] ModelIntegratedComponent:63 - No mode defined for component null
2026-05-15 14:59:38,406 [WARN] ModelIntegratedComponent:63 - No mode defined for component null
2026-05-15 14:59:38,406 [WARN] ModelIntegratedComponent:63 - No mode defined for component null
2026-05-15 14:59:38,406 [WARN] ModelIntegratedComponent:63 - No mode defined for component null
2026-05-15 14:59:38,406 [WARN] ModelIntegratedComponent:63 - No mode defined for component null
2026-05-15 14:59:38,406 [WARN] ModelIntegratedComponent:63 - No mode defined for component null
2026-05-15 14:59:38,406 [WARN] ModelIntegratedComponent:63 - No mode defined for component null
2026-05-15 14:59:38,406 [WARN] ModelIntegratedComponent:63 - No mode defined for component null
2026-05-15 14:59:38,406 [WARN] ModelIntegratedComponent:63 - No mode defined for component null
2026-05-15 14:59:38,406 [WARN] ModelIntegratedComponent:63 - No mode defined for component null
2026-05-15 14:59:38,406 [WARN] ModelIntegratedComponent:63 - No mode defined for component null
2026-05-15 14:59:38,406 [WARN] ModelIntegratedComponent:63 - No mode defined for component null
2026-05-15 14:59:38,406 [WARN] ModelIntegratedComponent:63 - No mode defined for component null
2026-05-15 14:59:38,406 [WARN] ModelIntegratedComponent:63 - No mode defined for component null
2026-05-15 14:59:38,406 [WARN] ModelIntegratedComponent:63 - No mode defined for component null
2026-05-15 14:59:38,406 [WARN] ModelIntegratedComponent:63 - No mode defined for component null
2026-05-15 14:59:38,406 [WARN] ModelIntegratedComponent:63 - No mode defined for component null
2026-05-15 14:59:38,407 [WARN] ModelIntegratedComponent:63 - No mode defined for component null
2026-05-15 14:59:38,407 [WARN] ModelIntegratedComponent:63 - No mode defined for component null
2026-05-15 14:59:38,407 [WARN] ModelIntegratedComponent:63 - No mode defined for component null
2026-05-15 14:59:38,407 [WARN] ModelIntegratedComponent:63 - No mode defined for component null
2026-05-15 14:59:38,407 [WARN] ModelIntegratedComponent:63 - No mode defined for component null
2026-05-15 14:59:38,407 [WARN] ModelIntegratedComponent:63 - No mode defined for component null
2026-05-15 14:59:38,415 [INFO] RtosManager:555 - Registered RTOS mode: class=CMSIS, group=RTOS, mode=CMSIS_V1, owner=FREERTOS
2026-05-15 14:59:38,415 [INFO] RtosManager:555 - Registered RTOS mode: class=CMSIS, group=RTOS2, mode=CMSIS_V2, owner=FREERTOS
2026-05-15 14:59:38,415 [INFO] RtosManager:555 - Registered RTOS mode: class=RTOS, group=Core, mode=CMSIS_V1, owner=FREERTOS
2026-05-15 14:59:38,415 [INFO] RtosManager:555 - Registered RTOS mode: class=RTOS, group=Core, mode=CMSIS_V2, owner=FREERTOS
2026-05-15 14:59:38,415 [WARN] ModelIntegratedComponent:184 - Missing modes for component STMicroelectronics:FreeRTOS:0.0.1:STMicroelectronics:RTOS:FreeRTOS:Core:::10.2.0:
2026-05-15 14:59:38,429 [INFO] ThirdPartyModel:298 - Start build external matchings
2026-05-15 14:59:38,456 [INFO] ThirdPartyModel:316 - End build external matchings
2026-05-15 14:59:38,658 [INFO] UtilMem:75 - End LoadConfig() Used Memory: 694551616 Bytes (1073741824)
2026-05-15 14:59:38,730 [INFO] ApiDb:581 - Connected to CubeFinder SQLite database (C:\Users\Admin\.stmcufinder\plugins\mcufinder\mcu\cube-finder-db.db)
2026-05-15 14:59:38,817 [INFO] ApiDb:668 - CubeFinder database Data Model version=2.1
2026-05-15 14:59:38,817 [INFO] ApiDb:669 - CubeFinder database Configuration version=3.0.42
2026-05-15 14:59:38,819 [INFO] ApiDb:670 - CubeFinder database generation date=2026-05-06 (1778060171)
2026-05-15 14:59:38,819 [INFO] ApiDb:671 - CubeFinder database FW Pack versions=[FP-ATR-ASTRA1_V2.0.0, FP-SNS-FLIGHT1_V5.1.0, FP-SNS-MOTENV1_V5.1.0, FP-SNS-MOTENVWB1_V1.5.0, FP-SNS-SMARTAG2_V1.2.0, FP-SNS-STBOX1_V2.1.0, STM32Cube_FW_C0_V1.4.0, STM32Cube_FW_F4_V1.28.3, STM32Cube_FW_F7_V1.17.4, STM32Cube_FW_G0_V1.6.3, STM32Cube_FW_G4_V1.6.2, STM32Cube_FW_H5_V1.6.0, STM32Cube_FW_H7RS_V1.3.0, STM32Cube_FW_H7_V1.13.0, STM32Cube_FW_L0_V1.12.2, STM32Cube_FW_L4_V1.18.2, STM32Cube_FW_L5_V1.6.0, STM32Cube_FW_N6_V1.3.0, STM32Cube_FW_U0_V1.3.0, STM32Cube_FW_U3_V1.3.0, STM32Cube_FW_U5_V1.8.0, STM32Cube_FW_WB0_V1.4.0, STM32Cube_FW_WBA_V1.9.0, STM32Cube_FW_WB_V1.24.0, STM32Cube_FW_WL3_V1.4.0, STM32Cube_FW_WL_V1.5.0, X-CUBE-ALGOBUILD_V1.4.0, X-CUBE-ALS_V1.0.2, X-CUBE-AZRTOS-F4_V1.1.0, X-CUBE-AZRTOS-F7_V1.1.0, X-CUBE-AZRTOS-G0_V1.1.0, X-CUBE-AZRTOS-G4_V2.0.0, X-CUBE-AZRTOS-H7RS_V1.1.0, X-CUBE-AZRTOS-H7_V3.5.0, X-CUBE-AZRTOS-L4_V2.0.0, X-CUBE-AZRTOS-L5_V2.0.0, X-CUBE-AZRTOS-WB_V2.0.0, X-CUBE-AZRTOS-WL_V2.0.0, X-CUBE-BLE1_V7.1.0, X-CUBE-BLE2_V3.3.0, X-CUBE-BLEMGR_V4.1.0, X-CUBE-EEPRMA1_V5.2.0, X-CUBE-FREERTOS_V1.5.0, X-CUBE-GNSS1_V6.0.0, X-CUBE-MEMS1_V12.0.0, X-CUBE-NFC4_V3.0.0, X-CUBE-NFC7_V2.0.0, X-CUBE-SFXS2LP1_V4.0.0, X-CUBE-ST67W61_V1.2.0, X-CUBE-SUBG2_V5.0.0, X-CUBE-TOF1_V3.4.3]
2026-05-15 14:59:41,149 [INFO] ApiDb:240 - Found 323 in-development CPN: [B-G473E-ZEST1S, B-WB1M-WPAN1, B-WL5M-SUBG1, NUCLEO-C031C6, NUCLEO-H503RB, NUCLEO-H563ZI, NUCLEO-U545RE-Q, NUCLEO-U5A5ZJ-Q, NUCLEO-WBA52CG, STEVAL-PROTEUS1, STEVAL-SMARTAG2, STEVAL-STWINBX1, STM320518-EVAL, STM32C0116-DK, STM32C011D6Y3TR, STM32C011D6Y6TR, STM32C011F4P3, STM32C011F4P6, STM32C011F4U3, STM32C011F4U6TR, STM32C011F6P3, STM32C011F6P6, STM32C011F6U3, STM32C011F6U6TR, STM32C011J4M3, STM32C011J4M6, STM32C011J6M3, STM32C011J6M6, STM32C0316-DK, STM32C031C4T3, STM32C031C4T6, STM32C031C4U3, STM32C031C4U6, STM32C031C6T3, STM32C031C6T6, STM32C031C6U3, STM32C031C6U6, STM32C031F4P3, STM32C031F4P6, STM32C031F6P3, STM32C031F6P6, STM32C031G4U3, STM32C031G4U6, STM32C031G6U3, STM32C031G6U6, STM32C031K4T3, STM32C031K4T6, STM32C031K4U3, STM32C031K4U6, STM32C031K6T3, STM32C031K6T6, STM32C031K6U3, STM32C031K6U6, STM32G071K8TXN, STM32G071K8UXN, STM32G081GBU6N, STM32G081KBT6N, STM32G081KBUXN, STM32G0B1CCT6N, STM32G0B1KCT6, STM32G0B1NEY6TR, STM32G0B1RCT6N, STM32G0C1CCT6, STM32G0C1CCT6N, STM32G0C1CCU6N, STM32G0C1CET6N, STM32G0C1CEU6N, STM32G0C1KCT6, STM32G0C1NEY6TR, STM32G0C1RCI6N, STM32G0C1RCT6N, STM32G0C1REI6N, STM32G0C1RET6N, STM32G0C1VCI6, STM32G0C1VEI6, STM32G471CCT6, STM32G471CCU6, STM32G471CET3, STM32G471CET6, STM32G471CEU3, STM32G471CEU6, STM32G471MCT6, STM32G471MET3, STM32G471MET6, STM32G471MEY6TR, STM32G471QCT6, STM32G471QET3, STM32G471RCT6, STM32G471RET3, STM32G471RET6, STM32G471VCH6, STM32G471VCI6, STM32G471VCT6, STM32G471VEH3, STM32G471VEH6, STM32G471VEI3, STM32G471VEI6, STM32G471VET3, STM32G471VET6, STM32G474CCT6, STM32H503CBT6, STM32H503CBU6, STM32H503EBY6TR, STM32H503KBU6, STM32H503RBT6, STM32H562AGI6, STM32H562AII6, STM32H562IGK6, STM32H562IGT6, STM32H562IIK6, STM32H562IIT6, STM32H562RGT6, STM32H562RGV6, STM32H562RIT6, STM32H562RIV6, STM32H562VGT6, STM32H562VIT6, STM32H562ZGT6, STM32H562ZIT6, STM32H563AGI6, STM32H563AII3Q, STM32H563AII6, STM32H563IGK6, STM32H563IGT6, STM32H563IIK3Q, STM32H563IIK6, STM32H563IIT3Q, STM32H563IIT6, STM32H563MIY3QTR, STM32H563RGT6, STM32H563RGV6, STM32H563RIT6, STM32H563RIV6, STM32H563VGT6, STM32H563VIT3Q, STM32H563VIT6, STM32H563ZGT6, STM32H563ZIT3Q, STM32H563ZIT6, STM32H573AII3Q, STM32H573AII6, STM32H573I-DK, STM32H573IIK3Q, STM32H573IIK6, STM32H573IIT3Q, STM32H573IIT6, STM32H573MIY3QTR, STM32H573RIT6, STM32H573RIV6, STM32H573VIT3Q, STM32H573VIT6, STM32H573ZIT3Q, STM32H573ZIT6, STM32L4R5QGI6STR, STM32MP131AAE3, STM32MP131AAF3, STM32MP131AAG3, STM32MP131CAE3, STM32MP131CAF3, STM32MP131CAG3, STM32MP131DAE7, STM32MP131DAF7, STM32MP131DAG7, STM32MP131FAE7, STM32MP131FAF7, STM32MP131FAG7, STM32MP133AAE3, STM32MP133AAF3, STM32MP133AAG3, STM32MP133CAE3, STM32MP133CAF3, STM32MP133CAG3, STM32MP133DAE7, STM32MP133DAF7, STM32MP133DAG7, STM32MP133FAE7, STM32MP133FAF7, STM32MP133FAG7, STM32MP135AAE3, STM32MP135AAF3, STM32MP135AAG3, STM32MP135CAE3, STM32MP135CAF3, STM32MP135CAG3, STM32MP135DAE7, STM32MP135DAF7, STM32MP135DAG7, STM32MP135F-DK, STM32MP135FAE7, STM32MP135FAF7, STM32MP135FAF7T, STM32MP135FAF7U, STM32MP135FAG7, STM32U535CBT6, STM32U535CBT6Q, STM32U535CBU6, STM32U535CBU6Q, STM32U535CCT6, STM32U535CCT6Q, STM32U535CCU6, STM32U535CCU6Q, STM32U535CET6, STM32U535CET6Q, STM32U535CEU6, STM32U535CEU6Q, STM32U535JEY6QTR, STM32U535NCY6QTR, STM32U535NEY6QTR, STM32U535RBI6, STM32U535RBI6Q, STM32U535RBT6, STM32U535RBT6Q, STM32U535RCI6, STM32U535RCI6Q, STM32U535RCT6, STM32U535RCT6Q, STM32U535REI6, STM32U535REI6Q, STM32U535RET6, STM32U535RET6Q, STM32U535VCI6, STM32U535VCI6Q, STM32U535VCT6, STM32U535VCT6Q, STM32U535VEI6, STM32U535VEI6Q, STM32U535VET6, STM32U535VET6Q, STM32U545CET6, STM32U545CET6Q, STM32U545CEU6, STM32U545CEU6Q, STM32U545JEY6QTR, STM32U545NEY6QTR, STM32U545REI6, STM32U545REI6Q, STM32U545RET6, STM32U545RET6Q, STM32U545VEI6, STM32U545VEI6Q, STM32U545VET6, STM32U545VET6Q, STM32U595AIH6, STM32U595AIH6Q, STM32U595AJH6, STM32U595AJH6Q, STM32U595QII6, STM32U595QII6Q, STM32U595QJI6, STM32U595QJI6Q, STM32U595RIT6, STM32U595RIT6Q, STM32U595RJT6, STM32U595RJT6Q, STM32U595VIT6, STM32U595VIT6Q, STM32U595VJT6, STM32U595VJT6Q, STM32U595ZIT6, STM32U595ZIT6Q, STM32U595ZIY6QTR, STM32U595ZJT6, STM32U595ZJT6Q, STM32U595ZJY6QTR, STM32U599BJY6QTR, STM32U599NIH6Q, STM32U599NJH6Q, STM32U599VIT6Q, STM32U599VJT6, STM32U599VJT6Q, STM32U599ZIT6Q, STM32U599ZIY6QTR, STM32U599ZJT6Q, STM32U599ZJY6QTR, STM32U5A5AJH6, STM32U5A5AJH6Q, STM32U5A5QJI6, STM32U5A5QJI6Q, STM32U5A5RJT6, STM32U5A5RJT6Q, STM32U5A5VJT6, STM32U5A5VJT6Q, STM32U5A5ZJT6, STM32U5A5ZJT6Q, STM32U5A5ZJY6QTR, STM32U5A9BJY6QTR, STM32U5A9J-DK, STM32U5A9NJH6Q, STM32U5A9VJT6Q, STM32U5A9ZJT6Q, STM32U5A9ZJY6QTR, STM32U5F7VIT6, STM32U5F7VIT6Q, STM32U5F7VJT6, STM32U5F7VJT6Q, STM32U5F9BJY6QTR, STM32U5F9NJH6Q, STM32U5F9VIT6Q, STM32U5F9VJT6Q, STM32U5F9ZIJ6QTR, STM32U5F9ZIT6Q, STM32U5F9ZJJ6QTR, STM32U5F9ZJT6Q, STM32U5G7VJT6, STM32U5G7VJT6Q, STM32U5G9BJY6QTR, STM32U5G9J-DK1, STM32U5G9J-DK2, STM32U5G9NJH6Q, STM32U5G9VJT6Q, STM32U5G9ZJJ6QTR, STM32U5G9ZJT6Q, STM32WB1MMCH6, STM32WBA52CEU6, STM32WBA52CEU6T, STM32WBA52CGU6, STM32WBA52CGU6T, STM32WBA52KEU6, STM32WBA52KEU6T, STM32WBA52KGU6, STM32WBA52KGU6T, STM32WL5MOCH6, STM32WL5MOCH6TR]
2026-05-15 14:59:41,153 [INFO] DbMcus:217 - Found 5061 MCUs, 4943 are supported
2026-05-15 14:59:41,154 [INFO] ApiDb:423 - Load user favorites file C:\Users\Admin/.stm32cubeide/favorites.mcus.txt: 2 item(s)
2026-05-15 14:59:41,154 [INFO] ApiDb:427 - User favorites MCUs=[STM32F103C8T6, STM32F405RGT6]
2026-05-15 14:59:41,154 [INFO] DbMcus:223 - Set 2 / 2 favorites MCUs
2026-05-15 14:59:41,565 [WARN] ThirdParty:833 - waiting for thirdparty lock release [change project]
2026-05-15 14:59:41,565 [INFO] ThirdParty:835 - entering critical section [change project]
2026-05-15 14:59:41,565 [INFO] ThirdParty:1030 - CMSIS Pack Vendor :STMicroelectronics USBPD 4.1
2026-05-15 14:59:41,565 [INFO] ThirdParty:1030 - CMSIS Pack Vendor :STMicroelectronics X-CUBE-DISPLAY 3.0.0
2026-05-15 14:59:41,565 [INFO] ThirdParty:1030 - CMSIS Pack Vendor :STMicroelectronics USB_HOST 2.0.0
2026-05-15 14:59:41,565 [INFO] ThirdParty:1030 - CMSIS Pack Vendor :STMicroelectronics X-CUBE-AZRTOS-F4 1.1.0
2026-05-15 14:59:41,565 [INFO] ThirdParty:1030 - CMSIS Pack Vendor :STMicroelectronics LIBJPEG 8.0.0
2026-05-15 14:59:41,565 [INFO] ThirdParty:1030 - CMSIS Pack Vendor :STMicroelectronics FP-ATR-SIGFOX1 3.2.0
2026-05-15 14:59:41,565 [INFO] ThirdParty:1030 - CMSIS Pack Vendor :STMicroelectronics X-CUBE-SMBUS 2.1.0
2026-05-15 14:59:41,565 [INFO] ThirdParty:1030 - CMSIS Pack Vendor :STMicroelectronics USB_DEVICE 3.0.0
2026-05-15 14:59:41,565 [INFO] ThirdParty:1030 - CMSIS Pack Vendor :STMicroelectronics HAL Drivers 0.0.0
2026-05-15 14:59:41,566 [INFO] ThirdParty:1030 - CMSIS Pack Vendor :STMicroelectronics MBEDTLS 2.16.2
2026-05-15 14:59:41,566 [INFO] ThirdParty:1030 - CMSIS Pack Vendor :STMicroelectronics MBEDTLS 2.14.1
2026-05-15 14:59:41,566 [INFO] ThirdParty:1030 - CMSIS Pack Vendor :STMicroelectronics X-CUBE-AZRTOS-F7 1.1.0
2026-05-15 14:59:41,566 [INFO] ThirdParty:1030 - CMSIS Pack Vendor :STMicroelectronics USB_DEVICE 2.0.0
2026-05-15 14:59:41,566 [INFO] ThirdParty:1030 - CMSIS Pack Vendor :STMicroelectronics ThreadX 1.0.0
2026-05-15 14:59:41,566 [INFO] ThirdParty:1030 - CMSIS Pack Vendor :STMicroelectronics X-CUBE-AZRTOS-WL 2.0.0
2026-05-15 14:59:41,566 [INFO] ThirdParty:1030 - CMSIS Pack Vendor :STMicroelectronics FreeRTOS 0.0.1
2026-05-15 14:59:41,566 [INFO] ThirdParty:1030 - CMSIS Pack Vendor :STMicroelectronics X-CUBE-AZRTOS-G0 1.1.0
2026-05-15 14:59:41,566 [INFO] ThirdParty:1030 - CMSIS Pack Vendor :STMicroelectronics USB_DEVICE 1.0.0
2026-05-15 14:59:41,566 [INFO] ThirdParty:1030 - CMSIS Pack Vendor :STMicroelectronics X-CUBE-SUBG2 5.0.0
2026-05-15 14:59:41,566 [INFO] ThirdParty:1030 - CMSIS Pack Vendor :STMicroelectronics X-CUBE-NFC4 3.0.0
2026-05-15 14:59:41,566 [INFO] ThirdParty:1030 - CMSIS Pack Vendor :STMicroelectronics STM32_WPAN 1.0.0
2026-05-15 14:59:41,566 [INFO] ThirdParty:1030 - CMSIS Pack Vendor :STMicroelectronics X-CUBE-AZRTOS-L4 2.0.0
2026-05-15 14:59:41,566 [INFO] ThirdParty:1030 - CMSIS Pack Vendor :STMicroelectronics ThreadX 0.0.2
2026-05-15 14:59:41,566 [INFO] ThirdParty:1030 - CMSIS Pack Vendor :STMicroelectronics lwIP 2.0.3
2026-05-15 14:59:41,566 [INFO] ThirdParty:1030 - CMSIS Pack Vendor :STMicroelectronics lwIP 2.1.2
2026-05-15 14:59:41,566 [INFO] ThirdParty:1030 - CMSIS Pack Vendor :STMicroelectronics X-CUBE-SFXS2LP1 4.0.0
2026-05-15 14:59:41,566 [INFO] ThirdParty:1030 - CMSIS Pack Vendor :STMicroelectronics X-CUBE-BLE2 3.3.0
2026-05-15 14:59:41,566 [INFO] ThirdParty:1030 - CMSIS Pack Vendor :STMicroelectronics USB_HOST 1.0.0
2026-05-15 14:59:41,566 [INFO] ThirdParty:1030 - CMSIS Pack Vendor :STMicroelectronics X-CUBE-AZRTOS-G4 2.0.0
2026-05-15 14:59:41,566 [INFO] ThirdParty:1030 - CMSIS Pack Vendor :STMicroelectronics PDM2PCM 3.1.0
2026-05-15 14:59:41,566 [INFO] ThirdParty:1030 - CMSIS Pack Vendor :STMicroelectronics PDM2PCM 3.2.0
2026-05-15 14:59:41,566 [INFO] ThirdParty:1030 - CMSIS Pack Vendor :STMicroelectronics PDM2PCM 3.3.0
2026-05-15 14:59:41,566 [INFO] ThirdParty:841 - exiting critical section [change project]
2026-05-15 14:59:41,747 [INFO] PinOutPanel:1499 - setPackage(No Configuration,No Configuration)
2026-05-15 14:59:41,749 [INFO] PinOutPanel:1499 - setPackage(STM32F103C8Tx,LQFP48)
2026-05-15 14:59:42,075 [INFO] UtilMem:75 - Before build in PCC Used Memory: 693961944 Bytes (1073741824)
2026-05-15 14:59:42,908 [INFO] UtilMem:75 - After build in PCC Used Memory: 726041944 Bytes (1073741824)
2026-05-15 14:59:42,932 [INFO] IPUIPlugin:80 - create IPUIPlugin
2026-05-15 14:59:42,932 [INFO] IPUIPlugin:80 - create IPUIPlugin
2026-05-15 14:59:42,933 [INFO] IPUIPlugin:80 - create IPUIPlugin
2026-05-15 14:59:42,933 [INFO] IPUIPlugin:80 - create IPUIPlugin
2026-05-15 14:59:42,933 [INFO] IPUIPlugin:80 - create IPUIPlugin
2026-05-15 14:59:42,933 [INFO] IPUIPlugin:80 - create IPUIPlugin
2026-05-15 14:59:42,933 [INFO] IPUIPlugin:80 - create IPUIPlugin
2026-05-15 14:59:42,933 [INFO] IPUIPlugin:80 - create IPUIPlugin
2026-05-15 14:59:42,933 [INFO] IPUIPlugin:80 - create IPUIPlugin
2026-05-15 14:59:42,933 [INFO] IPUIPlugin:80 - create IPUIPlugin
2026-05-15 14:59:42,933 [INFO] IPUIPlugin:80 - create IPUIPlugin
2026-05-15 14:59:42,934 [INFO] IPUIPlugin:80 - create IPUIPlugin
2026-05-15 14:59:42,934 [INFO] IPUIPlugin:80 - create IPUIPlugin
2026-05-15 14:59:42,934 [INFO] IPUIPlugin:80 - create IPUIPlugin
2026-05-15 14:59:42,934 [INFO] IPUIPlugin:80 - create IPUIPlugin
2026-05-15 14:59:42,934 [INFO] IPUIPlugin:80 - create IPUIPlugin
2026-05-15 14:59:42,934 [INFO] IPUIPlugin:80 - create IPUIPlugin
2026-05-15 14:59:42,935 [INFO] IPUIPlugin:80 - create IPUIPlugin
2026-05-15 14:59:42,935 [INFO] IPUIPlugin:80 - create IPUIPlugin
2026-05-15 14:59:42,935 [INFO] IPUIPlugin:80 - create IPUIPlugin
2026-05-15 14:59:42,935 [INFO] IPUIPlugin:80 - create IPUIPlugin
2026-05-15 14:59:42,935 [INFO] IPUIPlugin:80 - create IPUIPlugin
2026-05-15 14:59:42,936 [INFO] IPUIPlugin:80 - create IPUIPlugin
2026-05-15 14:59:42,936 [INFO] IPUIPlugin:80 - create IPUIPlugin
2026-05-15 14:59:42,936 [INFO] IPUIPlugin:80 - create IPUIPlugin
2026-05-15 14:59:42,936 [INFO] IPUIPlugin:80 - create IPUIPlugin
2026-05-15 14:59:42,936 [INFO] IPUIPlugin:80 - create IPUIPlugin
2026-05-15 14:59:42,947 [WARN] IP:2114 - I2C_Coeff_DF not found: check if there is a RefParameter without a condition.
2026-05-15 14:59:42,947 [WARN] IP:2114 - Analog_Filter not found: check if there is a RefParameter without a condition.
2026-05-15 14:59:43,160 [INFO] CADModel:165 - CPN selected for project levelSTM32F103C8T6
2026-05-15 14:59:43,160 [INFO] CADModel:114 - Register for checkConnection events
2026-05-15 14:59:43,214 [INFO] OpenFileManager:328 - Restore cursor
2026-05-15 14:59:43,346 [WARN] IP:2114 - I2C_Coeff_DF not found: check if there is a RefParameter without a condition.
2026-05-15 14:59:43,346 [WARN] IP:2114 - Analog_Filter not found: check if there is a RefParameter without a condition.
2026-05-15 14:59:43,346 [WARN] IP:2114 - I2C_Coeff_DF not found: check if there is a RefParameter without a condition.
2026-05-15 14:59:43,346 [WARN] IP:2114 - Analog_Filter not found: check if there is a RefParameter without a condition.
2026-05-15 15:42:49,786 [INFO] MainUpdater:2868 - connection check result : 10
2026-05-15 15:42:49,786 [INFO] MainUpdater:2868 - connection check result : 10
2026-05-15 15:42:49,885 [INFO] MicroXplorer:468 - Change Database Path : 
2026-05-15 15:42:49,886 [INFO] MicroXplorer:498 - Change Database Version : DB.6.0.91
2026-05-15 15:42:49,909 [WARN] ThirdParty:871 - waiting for thirdparty lock release [close project]
2026-05-15 15:42:49,909 [INFO] ThirdParty:873 - entering critical section [close project]
2026-05-15 15:42:49,910 [INFO] ThirdParty:883 - exiting critical section [close project]
2026-05-15 15:42:49,911 [INFO] PinOutPanel:1499 - setPackage(No Configuration,No Configuration)
2026-05-15 15:42:49,918 [INFO] UtilMem:75 - Begin LoadConfig() Used Memory: 785077688 Bytes (1073741824)
2026-05-15 15:42:49,918 [INFO] MicroXplorer:468 - Change Database Path : 
2026-05-15 15:42:49,919 [INFO] MicroXplorer:498 - Change Database Version : DB.6.0.91
2026-05-15 15:42:49,919 [INFO] OpenFileManager:308 - Change cursor
2026-05-15 15:42:49,926 [INFO] Mcu:1946 - Initializing MCU STM32F103C(8-B)Tx STM32F103C8Tx STM32F103C8T6
2026-05-15 15:42:50,287 [INFO] Context:659 - Trying to add GPIOservice into a context  which must be forbidden
2026-05-15 15:42:50,410 [WARN] ModelIntegratedComponent:63 - No mode defined for component null
2026-05-15 15:42:50,410 [WARN] ModelIntegratedComponent:63 - No mode defined for component null
2026-05-15 15:42:50,410 [WARN] ModelIntegratedComponent:63 - No mode defined for component null
2026-05-15 15:42:50,410 [WARN] ModelIntegratedComponent:63 - No mode defined for component null
2026-05-15 15:42:50,410 [WARN] ModelIntegratedComponent:63 - No mode defined for component null
2026-05-15 15:42:50,410 [WARN] ModelIntegratedComponent:63 - No mode defined for component null
2026-05-15 15:42:50,411 [WARN] ModelIntegratedComponent:63 - No mode defined for component null
2026-05-15 15:42:50,411 [WARN] ModelIntegratedComponent:63 - No mode defined for component null
2026-05-15 15:42:50,411 [WARN] ModelIntegratedComponent:63 - No mode defined for component null
2026-05-15 15:42:50,411 [WARN] ModelIntegratedComponent:63 - No mode defined for component null
2026-05-15 15:42:50,411 [WARN] ModelIntegratedComponent:63 - No mode defined for component null
2026-05-15 15:42:50,411 [WARN] ModelIntegratedComponent:63 - No mode defined for component null
2026-05-15 15:42:50,411 [WARN] ModelIntegratedComponent:63 - No mode defined for component null
2026-05-15 15:42:50,411 [WARN] ModelIntegratedComponent:63 - No mode defined for component null
2026-05-15 15:42:50,411 [WARN] ModelIntegratedComponent:63 - No mode defined for component null
2026-05-15 15:42:50,411 [WARN] ModelIntegratedComponent:63 - No mode defined for component null
2026-05-15 15:42:50,411 [WARN] ModelIntegratedComponent:63 - No mode defined for component null
2026-05-15 15:42:50,411 [WARN] ModelIntegratedComponent:63 - No mode defined for component null
2026-05-15 15:42:50,411 [WARN] ModelIntegratedComponent:63 - No mode defined for component null
2026-05-15 15:42:50,411 [WARN] ModelIntegratedComponent:63 - No mode defined for component null
2026-05-15 15:42:50,411 [WARN] ModelIntegratedComponent:63 - No mode defined for component null
2026-05-15 15:42:50,411 [WARN] ModelIntegratedComponent:63 - No mode defined for component null
2026-05-15 15:42:50,411 [WARN] ModelIntegratedComponent:63 - No mode defined for component null
2026-05-15 15:42:50,411 [WARN] ModelIntegratedComponent:63 - No mode defined for component null
2026-05-15 15:42:50,411 [WARN] ModelIntegratedComponent:63 - No mode defined for component null
2026-05-15 15:42:50,411 [WARN] ModelIntegratedComponent:63 - No mode defined for component null
2026-05-15 15:42:50,412 [WARN] ModelIntegratedComponent:63 - No mode defined for component null
2026-05-15 15:42:50,412 [WARN] ModelIntegratedComponent:63 - No mode defined for component null
2026-05-15 15:42:50,412 [WARN] ModelIntegratedComponent:63 - No mode defined for component null
2026-05-15 15:42:50,412 [WARN] ModelIntegratedComponent:63 - No mode defined for component null
2026-05-15 15:42:50,412 [WARN] ModelIntegratedComponent:63 - No mode defined for component null
2026-05-15 15:42:50,412 [WARN] ModelIntegratedComponent:63 - No mode defined for component null
2026-05-15 15:42:50,412 [WARN] ModelIntegratedComponent:63 - No mode defined for component null
2026-05-15 15:42:50,414 [INFO] RtosManager:555 - Registered RTOS mode: class=CMSIS, group=RTOS, mode=CMSIS_V1, owner=FREERTOS
2026-05-15 15:42:50,414 [INFO] RtosManager:555 - Registered RTOS mode: class=CMSIS, group=RTOS2, mode=CMSIS_V2, owner=FREERTOS
2026-05-15 15:42:50,414 [INFO] RtosManager:555 - Registered RTOS mode: class=RTOS, group=Core, mode=CMSIS_V1, owner=FREERTOS
2026-05-15 15:42:50,414 [INFO] RtosManager:555 - Registered RTOS mode: class=RTOS, group=Core, mode=CMSIS_V2, owner=FREERTOS
2026-05-15 15:42:50,414 [WARN] ModelIntegratedComponent:184 - Missing modes for component STMicroelectronics:FreeRTOS:0.0.1:STMicroelectronics:RTOS:FreeRTOS:Core:::10.2.0:
2026-05-15 15:42:50,425 [INFO] ThirdPartyModel:298 - Start build external matchings
2026-05-15 15:42:50,474 [INFO] ThirdPartyModel:316 - End build external matchings
2026-05-15 15:42:50,632 [INFO] UtilMem:75 - End LoadConfig() Used Memory: 847157688 Bytes (1073741824)
2026-05-15 15:42:50,654 [WARN] ThirdParty:833 - waiting for thirdparty lock release [change project]
2026-05-15 15:42:50,654 [INFO] ThirdParty:835 - entering critical section [change project]
2026-05-15 15:42:50,655 [INFO] ThirdParty:1030 - CMSIS Pack Vendor :STMicroelectronics USBPD 4.1
2026-05-15 15:42:50,655 [INFO] ThirdParty:1030 - CMSIS Pack Vendor :STMicroelectronics X-CUBE-DISPLAY 3.0.0
2026-05-15 15:42:50,655 [INFO] ThirdParty:1030 - CMSIS Pack Vendor :STMicroelectronics USB_HOST 2.0.0
2026-05-15 15:42:50,655 [INFO] ThirdParty:1030 - CMSIS Pack Vendor :STMicroelectronics X-CUBE-AZRTOS-F4 1.1.0
2026-05-15 15:42:50,655 [INFO] ThirdParty:1030 - CMSIS Pack Vendor :STMicroelectronics LIBJPEG 8.0.0
2026-05-15 15:42:50,655 [INFO] ThirdParty:1030 - CMSIS Pack Vendor :STMicroelectronics FP-ATR-SIGFOX1 3.2.0
2026-05-15 15:42:50,655 [INFO] ThirdParty:1030 - CMSIS Pack Vendor :STMicroelectronics X-CUBE-SMBUS 2.1.0
2026-05-15 15:42:50,655 [INFO] ThirdParty:1030 - CMSIS Pack Vendor :STMicroelectronics USB_DEVICE 3.0.0
2026-05-15 15:42:50,655 [INFO] ThirdParty:1030 - CMSIS Pack Vendor :STMicroelectronics HAL Drivers 0.0.0
2026-05-15 15:42:50,655 [INFO] ThirdParty:1030 - CMSIS Pack Vendor :STMicroelectronics MBEDTLS 2.16.2
2026-05-15 15:42:50,655 [INFO] ThirdParty:1030 - CMSIS Pack Vendor :STMicroelectronics MBEDTLS 2.14.1
2026-05-15 15:42:50,655 [INFO] ThirdParty:1030 - CMSIS Pack Vendor :STMicroelectronics X-CUBE-AZRTOS-F7 1.1.0
2026-05-15 15:42:50,655 [INFO] ThirdParty:1030 - CMSIS Pack Vendor :STMicroelectronics USB_DEVICE 2.0.0
2026-05-15 15:42:50,655 [INFO] ThirdParty:1030 - CMSIS Pack Vendor :STMicroelectronics ThreadX 1.0.0
2026-05-15 15:42:50,655 [INFO] ThirdParty:1030 - CMSIS Pack Vendor :STMicroelectronics X-CUBE-AZRTOS-WL 2.0.0
2026-05-15 15:42:50,655 [INFO] ThirdParty:1030 - CMSIS Pack Vendor :STMicroelectronics FreeRTOS 0.0.1
2026-05-15 15:42:50,655 [INFO] ThirdParty:1030 - CMSIS Pack Vendor :STMicroelectronics X-CUBE-AZRTOS-G0 1.1.0
2026-05-15 15:42:50,655 [INFO] ThirdParty:1030 - CMSIS Pack Vendor :STMicroelectronics USB_DEVICE 1.0.0
2026-05-15 15:42:50,655 [INFO] ThirdParty:1030 - CMSIS Pack Vendor :STMicroelectronics X-CUBE-SUBG2 5.0.0
2026-05-15 15:42:50,655 [INFO] ThirdParty:1030 - CMSIS Pack Vendor :STMicroelectronics X-CUBE-NFC4 3.0.0
2026-05-15 15:42:50,655 [INFO] ThirdParty:1030 - CMSIS Pack Vendor :STMicroelectronics STM32_WPAN 1.0.0
2026-05-15 15:42:50,655 [INFO] ThirdParty:1030 - CMSIS Pack Vendor :STMicroelectronics X-CUBE-AZRTOS-L4 2.0.0
2026-05-15 15:42:50,655 [INFO] ThirdParty:1030 - CMSIS Pack Vendor :STMicroelectronics ThreadX 0.0.2
2026-05-15 15:42:50,655 [INFO] ThirdParty:1030 - CMSIS Pack Vendor :STMicroelectronics lwIP 2.0.3
2026-05-15 15:42:50,655 [INFO] ThirdParty:1030 - CMSIS Pack Vendor :STMicroelectronics lwIP 2.1.2
2026-05-15 15:42:50,655 [INFO] ThirdParty:1030 - CMSIS Pack Vendor :STMicroelectronics X-CUBE-SFXS2LP1 4.0.0
2026-05-15 15:42:50,655 [INFO] ThirdParty:1030 - CMSIS Pack Vendor :STMicroelectronics X-CUBE-BLE2 3.3.0
2026-05-15 15:42:50,655 [INFO] ThirdParty:1030 - CMSIS Pack Vendor :STMicroelectronics USB_HOST 1.0.0
2026-05-15 15:42:50,655 [INFO] ThirdParty:1030 - CMSIS Pack Vendor :STMicroelectronics X-CUBE-AZRTOS-G4 2.0.0
2026-05-15 15:42:50,655 [INFO] ThirdParty:1030 - CMSIS Pack Vendor :STMicroelectronics PDM2PCM 3.1.0
2026-05-15 15:42:50,655 [INFO] ThirdParty:1030 - CMSIS Pack Vendor :STMicroelectronics PDM2PCM 3.2.0
2026-05-15 15:42:50,655 [INFO] ThirdParty:1030 - CMSIS Pack Vendor :STMicroelectronics PDM2PCM 3.3.0
2026-05-15 15:42:50,656 [INFO] ThirdParty:841 - exiting critical section [change project]
2026-05-15 15:42:50,756 [INFO] PinOutPanel:1499 - setPackage(No Configuration,No Configuration)
2026-05-15 15:42:50,756 [INFO] PinOutPanel:1499 - setPackage(STM32F103C8Tx,LQFP48)
2026-05-15 15:42:50,904 [INFO] UtilMem:75 - Before build in PCC Used Memory: 698484120 Bytes (1073741824)
2026-05-15 15:42:51,146 [INFO] UtilMem:75 - After build in PCC Used Memory: 739904920 Bytes (1073741824)
2026-05-15 15:42:51,166 [INFO] IPUIPlugin:80 - create IPUIPlugin
2026-05-15 15:42:51,166 [INFO] IPUIPlugin:80 - create IPUIPlugin
2026-05-15 15:42:51,166 [INFO] IPUIPlugin:80 - create IPUIPlugin
2026-05-15 15:42:51,167 [INFO] IPUIPlugin:80 - create IPUIPlugin
2026-05-15 15:42:51,167 [INFO] IPUIPlugin:80 - create IPUIPlugin
2026-05-15 15:42:51,167 [INFO] IPUIPlugin:80 - create IPUIPlugin
2026-05-15 15:42:51,167 [INFO] IPUIPlugin:80 - create IPUIPlugin
2026-05-15 15:42:51,167 [INFO] IPUIPlugin:80 - create IPUIPlugin
2026-05-15 15:42:51,167 [INFO] IPUIPlugin:80 - create IPUIPlugin
2026-05-15 15:42:51,167 [INFO] IPUIPlugin:80 - create IPUIPlugin
2026-05-15 15:42:51,168 [INFO] IPUIPlugin:80 - create IPUIPlugin
2026-05-15 15:42:51,168 [INFO] IPUIPlugin:80 - create IPUIPlugin
2026-05-15 15:42:51,168 [INFO] IPUIPlugin:80 - create IPUIPlugin
2026-05-15 15:42:51,168 [INFO] IPUIPlugin:80 - create IPUIPlugin
2026-05-15 15:42:51,169 [INFO] IPUIPlugin:80 - create IPUIPlugin
2026-05-15 15:42:51,169 [INFO] IPUIPlugin:80 - create IPUIPlugin
2026-05-15 15:42:51,169 [INFO] IPUIPlugin:80 - create IPUIPlugin
2026-05-15 15:42:51,169 [INFO] IPUIPlugin:80 - create IPUIPlugin
2026-05-15 15:42:51,169 [INFO] IPUIPlugin:80 - create IPUIPlugin
2026-05-15 15:42:51,169 [INFO] IPUIPlugin:80 - create IPUIPlugin
2026-05-15 15:42:51,170 [INFO] IPUIPlugin:80 - create IPUIPlugin
2026-05-15 15:42:51,170 [INFO] IPUIPlugin:80 - create IPUIPlugin
2026-05-15 15:42:51,170 [INFO] IPUIPlugin:80 - create IPUIPlugin
2026-05-15 15:42:51,170 [INFO] IPUIPlugin:80 - create IPUIPlugin
2026-05-15 15:42:51,171 [INFO] IPUIPlugin:80 - create IPUIPlugin
2026-05-15 15:42:51,171 [INFO] IPUIPlugin:80 - create IPUIPlugin
2026-05-15 15:42:51,171 [INFO] IPUIPlugin:80 - create IPUIPlugin
2026-05-15 15:42:51,173 [WARN] IP:2114 - I2C_Coeff_DF not found: check if there is a RefParameter without a condition.
2026-05-15 15:42:51,173 [WARN] IP:2114 - Analog_Filter not found: check if there is a RefParameter without a condition.
2026-05-15 15:42:51,228 [INFO] CADModel:165 - CPN selected for project levelSTM32F103C8T6
2026-05-15 15:42:51,229 [INFO] CADModel:114 - Register for checkConnection events
2026-05-15 15:42:51,281 [INFO] OpenFileManager:328 - Restore cursor
2026-05-15 15:42:51,428 [WARN] IP:2114 - I2C_Coeff_DF not found: check if there is a RefParameter without a condition.
2026-05-15 15:42:51,428 [WARN] IP:2114 - Analog_Filter not found: check if there is a RefParameter without a condition.
2026-05-15 15:42:51,429 [WARN] IP:2114 - I2C_Coeff_DF not found: check if there is a RefParameter without a condition.
2026-05-15 15:42:51,429 [WARN] IP:2114 - Analog_Filter not found: check if there is a RefParameter without a condition.
2026-05-15 15:42:58,195 [WARN] IP:2114 - I2C_Coeff_DF not found: check if there is a RefParameter without a condition.
2026-05-15 15:42:58,195 [WARN] IP:2114 - Analog_Filter not found: check if there is a RefParameter without a condition.
2026-05-15 15:42:58,195 [WARN] IP:2114 - I2C_Coeff_DF not found: check if there is a RefParameter without a condition.
2026-05-15 15:42:58,195 [WARN] IP:2114 - Analog_Filter not found: check if there is a RefParameter without a condition.
2026-05-15 15:43:00,619 [WARN] IP:2114 - I2C_Coeff_DF not found: check if there is a RefParameter without a condition.
2026-05-15 15:43:00,619 [WARN] IP:2114 - Analog_Filter not found: check if there is a RefParameter without a condition.
2026-05-15 15:43:00,619 [WARN] IP:2114 - I2C_Coeff_DF not found: check if there is a RefParameter without a condition.
2026-05-15 15:43:00,620 [WARN] IP:2114 - Analog_Filter not found: check if there is a RefParameter without a condition.
2026-05-15 17:14:21,831 [INFO] MainUpdater:2868 - connection check result : 10
2026-05-15 17:14:21,832 [INFO] McuFinderGlobals:76 - Set McuFinderConnectedMode to true
2026-05-15 17:14:22,116 [INFO] ServerAccessManage:473 - Download File mcusAds.json._tmp_
2026-05-15 17:14:22,246 [INFO] LoadUrlFilesThread:156 - End of LoadUrlFiles Thread
2026-05-15 17:14:22,515 [INFO] ServerAccessManage:473 - Download File cube-finder-db.zip
2026-05-15 17:14:27,726 [INFO] FileExtend:240 - Unzip File : cube-finder-db.zip
2026-05-15 17:14:27,727 [INFO] FileExtend:255 - Standard Zip Deflate
2026-05-15 17:14:28,415 [INFO] LoadUrlFilesThread:156 - End of LoadUrlFiles Thread
2026-05-15 17:14:29,641 [INFO] ServerAccessManage:473 - Download File crdb.zip
2026-05-15 17:14:33,059 [INFO] FileExtend:240 - Unzip File : crdb.zip
2026-05-15 17:14:33,059 [INFO] FileExtend:255 - Standard Zip Deflate
2026-05-15 17:14:33,178 [INFO] LoadUrlFilesThread:156 - End of LoadUrlFiles Thread
2026-05-15 17:14:33,315 [INFO] ServerAccessManage:473 - Download File tutoVideoDB.zip
2026-05-15 17:14:33,345 [INFO] FileExtend:240 - Unzip File : tutoVideoDB.zip
2026-05-15 17:14:33,345 [INFO] FileExtend:255 - Standard Zip Deflate
2026-05-15 17:14:33,463 [INFO] LoadUrlFilesThread:156 - End of LoadUrlFiles Thread
2026-05-15 17:14:33,463 [WARN] DbFile:41 - Overriding database path with different value: C:\Users\Admin\.stmcufinder\plugins\mcufinder/ => C:\Users\Admin\.stmcufinder\plugins\mcufinder
2026-05-15 17:14:34,268 [ERROR] ServerAccessManage:1089 - Problem, file not found on Server
2026-05-15 17:14:34,270 [ERROR] ServerAccessManage:651 - Problem, file not found on Server : api_config.json.
2026-05-15 17:14:35,918 [INFO] LoadUrlFilesThread:156 - End of LoadUrlFiles Thread
2026-05-15 17:14:37,030 [INFO] DbMcusAds:53 - JSON generation date=Mon Apr 27 15:14:29 GMT+07:00 2026 (1777277669683)
2026-05-15 17:14:37,033 [INFO] ApiDb:448 - Save user favorites file C:\Users\Admin/.stm32cubeide/favorites.mcus.txt: 2 item(s)
2026-05-15 17:14:37,033 [INFO] ApiDb:452 - User favorites MCUs=[STM32F103C8T6, STM32F405RGT6]
2026-05-15 17:14:37,035 [INFO] ApiDb:581 - Connected to CubeFinder SQLite database (C:\Users\Admin\.stmcufinder\plugins\mcufinder\mcu\cube-finder-db.db)
2026-05-15 17:14:37,093 [INFO] ApiDb:668 - CubeFinder database Data Model version=2.1
2026-05-15 17:14:37,093 [INFO] ApiDb:669 - CubeFinder database Configuration version=3.0.42
2026-05-15 17:14:37,093 [INFO] ApiDb:670 - CubeFinder database generation date=2026-05-06 (1778060171)
2026-05-15 17:14:37,093 [INFO] ApiDb:671 - CubeFinder database FW Pack versions=[FP-ATR-ASTRA1_V2.0.0, FP-SNS-FLIGHT1_V5.1.0, FP-SNS-MOTENV1_V5.1.0, FP-SNS-MOTENVWB1_V1.5.0, FP-SNS-SMARTAG2_V1.2.0, FP-SNS-STBOX1_V2.1.0, STM32Cube_FW_C0_V1.4.0, STM32Cube_FW_F4_V1.28.3, STM32Cube_FW_F7_V1.17.4, STM32Cube_FW_G0_V1.6.3, STM32Cube_FW_G4_V1.6.2, STM32Cube_FW_H5_V1.6.0, STM32Cube_FW_H7RS_V1.3.0, STM32Cube_FW_H7_V1.13.0, STM32Cube_FW_L0_V1.12.2, STM32Cube_FW_L4_V1.18.2, STM32Cube_FW_L5_V1.6.0, STM32Cube_FW_N6_V1.3.0, STM32Cube_FW_U0_V1.3.0, STM32Cube_FW_U3_V1.3.0, STM32Cube_FW_U5_V1.8.0, STM32Cube_FW_WB0_V1.4.0, STM32Cube_FW_WBA_V1.9.0, STM32Cube_FW_WB_V1.24.0, STM32Cube_FW_WL3_V1.4.0, STM32Cube_FW_WL_V1.5.0, X-CUBE-ALGOBUILD_V1.4.0, X-CUBE-ALS_V1.0.2, X-CUBE-AZRTOS-F4_V1.1.0, X-CUBE-AZRTOS-F7_V1.1.0, X-CUBE-AZRTOS-G0_V1.1.0, X-CUBE-AZRTOS-G4_V2.0.0, X-CUBE-AZRTOS-H7RS_V1.1.0, X-CUBE-AZRTOS-H7_V3.5.0, X-CUBE-AZRTOS-L4_V2.0.0, X-CUBE-AZRTOS-L5_V2.0.0, X-CUBE-AZRTOS-WB_V2.0.0, X-CUBE-AZRTOS-WL_V2.0.0, X-CUBE-BLE1_V7.1.0, X-CUBE-BLE2_V3.3.0, X-CUBE-BLEMGR_V4.1.0, X-CUBE-EEPRMA1_V5.2.0, X-CUBE-FREERTOS_V1.5.0, X-CUBE-GNSS1_V6.0.0, X-CUBE-MEMS1_V12.0.0, X-CUBE-NFC4_V3.0.0, X-CUBE-NFC7_V2.0.0, X-CUBE-SFXS2LP1_V4.0.0, X-CUBE-ST67W61_V1.2.0, X-CUBE-SUBG2_V5.0.0, X-CUBE-TOF1_V3.4.3]
2026-05-15 17:14:38,894 [INFO] ApiDb:240 - Found 323 in-development CPN: [B-G473E-ZEST1S, B-WB1M-WPAN1, B-WL5M-SUBG1, NUCLEO-C031C6, NUCLEO-H503RB, NUCLEO-H563ZI, NUCLEO-U545RE-Q, NUCLEO-U5A5ZJ-Q, NUCLEO-WBA52CG, STEVAL-PROTEUS1, STEVAL-SMARTAG2, STEVAL-STWINBX1, STM320518-EVAL, STM32C0116-DK, STM32C011D6Y3TR, STM32C011D6Y6TR, STM32C011F4P3, STM32C011F4P6, STM32C011F4U3, STM32C011F4U6TR, STM32C011F6P3, STM32C011F6P6, STM32C011F6U3, STM32C011F6U6TR, STM32C011J4M3, STM32C011J4M6, STM32C011J6M3, STM32C011J6M6, STM32C0316-DK, STM32C031C4T3, STM32C031C4T6, STM32C031C4U3, STM32C031C4U6, STM32C031C6T3, STM32C031C6T6, STM32C031C6U3, STM32C031C6U6, STM32C031F4P3, STM32C031F4P6, STM32C031F6P3, STM32C031F6P6, STM32C031G4U3, STM32C031G4U6, STM32C031G6U3, STM32C031G6U6, STM32C031K4T3, STM32C031K4T6, STM32C031K4U3, STM32C031K4U6, STM32C031K6T3, STM32C031K6T6, STM32C031K6U3, STM32C031K6U6, STM32G071K8TXN, STM32G071K8UXN, STM32G081GBU6N, STM32G081KBT6N, STM32G081KBUXN, STM32G0B1CCT6N, STM32G0B1KCT6, STM32G0B1NEY6TR, STM32G0B1RCT6N, STM32G0C1CCT6, STM32G0C1CCT6N, STM32G0C1CCU6N, STM32G0C1CET6N, STM32G0C1CEU6N, STM32G0C1KCT6, STM32G0C1NEY6TR, STM32G0C1RCI6N, STM32G0C1RCT6N, STM32G0C1REI6N, STM32G0C1RET6N, STM32G0C1VCI6, STM32G0C1VEI6, STM32G471CCT6, STM32G471CCU6, STM32G471CET3, STM32G471CET6, STM32G471CEU3, STM32G471CEU6, STM32G471MCT6, STM32G471MET3, STM32G471MET6, STM32G471MEY6TR, STM32G471QCT6, STM32G471QET3, STM32G471RCT6, STM32G471RET3, STM32G471RET6, STM32G471VCH6, STM32G471VCI6, STM32G471VCT6, STM32G471VEH3, STM32G471VEH6, STM32G471VEI3, STM32G471VEI6, STM32G471VET3, STM32G471VET6, STM32G474CCT6, STM32H503CBT6, STM32H503CBU6, STM32H503EBY6TR, STM32H503KBU6, STM32H503RBT6, STM32H562AGI6, STM32H562AII6, STM32H562IGK6, STM32H562IGT6, STM32H562IIK6, STM32H562IIT6, STM32H562RGT6, STM32H562RGV6, STM32H562RIT6, STM32H562RIV6, STM32H562VGT6, STM32H562VIT6, STM32H562ZGT6, STM32H562ZIT6, STM32H563AGI6, STM32H563AII3Q, STM32H563AII6, STM32H563IGK6, STM32H563IGT6, STM32H563IIK3Q, STM32H563IIK6, STM32H563IIT3Q, STM32H563IIT6, STM32H563MIY3QTR, STM32H563RGT6, STM32H563RGV6, STM32H563RIT6, STM32H563RIV6, STM32H563VGT6, STM32H563VIT3Q, STM32H563VIT6, STM32H563ZGT6, STM32H563ZIT3Q, STM32H563ZIT6, STM32H573AII3Q, STM32H573AII6, STM32H573I-DK, STM32H573IIK3Q, STM32H573IIK6, STM32H573IIT3Q, STM32H573IIT6, STM32H573MIY3QTR, STM32H573RIT6, STM32H573RIV6, STM32H573VIT3Q, STM32H573VIT6, STM32H573ZIT3Q, STM32H573ZIT6, STM32L4R5QGI6STR, STM32MP131AAE3, STM32MP131AAF3, STM32MP131AAG3, STM32MP131CAE3, STM32MP131CAF3, STM32MP131CAG3, STM32MP131DAE7, STM32MP131DAF7, STM32MP131DAG7, STM32MP131FAE7, STM32MP131FAF7, STM32MP131FAG7, STM32MP133AAE3, STM32MP133AAF3, STM32MP133AAG3, STM32MP133CAE3, STM32MP133CAF3, STM32MP133CAG3, STM32MP133DAE7, STM32MP133DAF7, STM32MP133DAG7, STM32MP133FAE7, STM32MP133FAF7, STM32MP133FAG7, STM32MP135AAE3, STM32MP135AAF3, STM32MP135AAG3, STM32MP135CAE3, STM32MP135CAF3, STM32MP135CAG3, STM32MP135DAE7, STM32MP135DAF7, STM32MP135DAG7, STM32MP135F-DK, STM32MP135FAE7, STM32MP135FAF7, STM32MP135FAF7T, STM32MP135FAF7U, STM32MP135FAG7, STM32U535CBT6, STM32U535CBT6Q, STM32U535CBU6, STM32U535CBU6Q, STM32U535CCT6, STM32U535CCT6Q, STM32U535CCU6, STM32U535CCU6Q, STM32U535CET6, STM32U535CET6Q, STM32U535CEU6, STM32U535CEU6Q, STM32U535JEY6QTR, STM32U535NCY6QTR, STM32U535NEY6QTR, STM32U535RBI6, STM32U535RBI6Q, STM32U535RBT6, STM32U535RBT6Q, STM32U535RCI6, STM32U535RCI6Q, STM32U535RCT6, STM32U535RCT6Q, STM32U535REI6, STM32U535REI6Q, STM32U535RET6, STM32U535RET6Q, STM32U535VCI6, STM32U535VCI6Q, STM32U535VCT6, STM32U535VCT6Q, STM32U535VEI6, STM32U535VEI6Q, STM32U535VET6, STM32U535VET6Q, STM32U545CET6, STM32U545CET6Q, STM32U545CEU6, STM32U545CEU6Q, STM32U545JEY6QTR, STM32U545NEY6QTR, STM32U545REI6, STM32U545REI6Q, STM32U545RET6, STM32U545RET6Q, STM32U545VEI6, STM32U545VEI6Q, STM32U545VET6, STM32U545VET6Q, STM32U595AIH6, STM32U595AIH6Q, STM32U595AJH6, STM32U595AJH6Q, STM32U595QII6, STM32U595QII6Q, STM32U595QJI6, STM32U595QJI6Q, STM32U595RIT6, STM32U595RIT6Q, STM32U595RJT6, STM32U595RJT6Q, STM32U595VIT6, STM32U595VIT6Q, STM32U595VJT6, STM32U595VJT6Q, STM32U595ZIT6, STM32U595ZIT6Q, STM32U595ZIY6QTR, STM32U595ZJT6, STM32U595ZJT6Q, STM32U595ZJY6QTR, STM32U599BJY6QTR, STM32U599NIH6Q, STM32U599NJH6Q, STM32U599VIT6Q, STM32U599VJT6, STM32U599VJT6Q, STM32U599ZIT6Q, STM32U599ZIY6QTR, STM32U599ZJT6Q, STM32U599ZJY6QTR, STM32U5A5AJH6, STM32U5A5AJH6Q, STM32U5A5QJI6, STM32U5A5QJI6Q, STM32U5A5RJT6, STM32U5A5RJT6Q, STM32U5A5VJT6, STM32U5A5VJT6Q, STM32U5A5ZJT6, STM32U5A5ZJT6Q, STM32U5A5ZJY6QTR, STM32U5A9BJY6QTR, STM32U5A9J-DK, STM32U5A9NJH6Q, STM32U5A9VJT6Q, STM32U5A9ZJT6Q, STM32U5A9ZJY6QTR, STM32U5F7VIT6, STM32U5F7VIT6Q, STM32U5F7VJT6, STM32U5F7VJT6Q, STM32U5F9BJY6QTR, STM32U5F9NJH6Q, STM32U5F9VIT6Q, STM32U5F9VJT6Q, STM32U5F9ZIJ6QTR, STM32U5F9ZIT6Q, STM32U5F9ZJJ6QTR, STM32U5F9ZJT6Q, STM32U5G7VJT6, STM32U5G7VJT6Q, STM32U5G9BJY6QTR, STM32U5G9J-DK1, STM32U5G9J-DK2, STM32U5G9NJH6Q, STM32U5G9VJT6Q, STM32U5G9ZJJ6QTR, STM32U5G9ZJT6Q, STM32WB1MMCH6, STM32WBA52CEU6, STM32WBA52CEU6T, STM32WBA52CGU6, STM32WBA52CGU6T, STM32WBA52KEU6, STM32WBA52KEU6T, STM32WBA52KGU6, STM32WBA52KGU6T, STM32WL5MOCH6, STM32WL5MOCH6TR]
2026-05-15 17:14:38,898 [INFO] DbMcus:217 - Found 5061 MCUs, 4943 are supported
2026-05-15 17:14:38,898 [INFO] ApiDb:423 - Load user favorites file C:\Users\Admin/.stm32cubeide/favorites.mcus.txt: 2 item(s)
2026-05-15 17:14:38,898 [INFO] ApiDb:427 - User favorites MCUs=[STM32F103C8T6, STM32F405RGT6]
2026-05-15 17:14:38,898 [INFO] DbMcus:223 - Set 2 / 2 favorites MCUs
2026-05-15 17:14:39,222 [ERROR] TargetSelectorAdapter:267 - Unable to refresh data
2026-05-15 17:14:39,304 [INFO] ApiDb:668 - CubeFinder database Data Model version=2.1
2026-05-15 17:14:39,304 [INFO] ApiDb:669 - CubeFinder database Configuration version=3.0.42
2026-05-15 17:14:39,304 [INFO] ApiDb:670 - CubeFinder database generation date=2026-05-06 (1778060171)
2026-05-15 17:14:39,304 [INFO] ApiDb:671 - CubeFinder database FW Pack versions=[FP-ATR-ASTRA1_V2.0.0, FP-SNS-FLIGHT1_V5.1.0, FP-SNS-MOTENV1_V5.1.0, FP-SNS-MOTENVWB1_V1.5.0, FP-SNS-SMARTAG2_V1.2.0, FP-SNS-STBOX1_V2.1.0, STM32Cube_FW_C0_V1.4.0, STM32Cube_FW_F4_V1.28.3, STM32Cube_FW_F7_V1.17.4, STM32Cube_FW_G0_V1.6.3, STM32Cube_FW_G4_V1.6.2, STM32Cube_FW_H5_V1.6.0, STM32Cube_FW_H7RS_V1.3.0, STM32Cube_FW_H7_V1.13.0, STM32Cube_FW_L0_V1.12.2, STM32Cube_FW_L4_V1.18.2, STM32Cube_FW_L5_V1.6.0, STM32Cube_FW_N6_V1.3.0, STM32Cube_FW_U0_V1.3.0, STM32Cube_FW_U3_V1.3.0, STM32Cube_FW_U5_V1.8.0, STM32Cube_FW_WB0_V1.4.0, STM32Cube_FW_WBA_V1.9.0, STM32Cube_FW_WB_V1.24.0, STM32Cube_FW_WL3_V1.4.0, STM32Cube_FW_WL_V1.5.0, X-CUBE-ALGOBUILD_V1.4.0, X-CUBE-ALS_V1.0.2, X-CUBE-AZRTOS-F4_V1.1.0, X-CUBE-AZRTOS-F7_V1.1.0, X-CUBE-AZRTOS-G0_V1.1.0, X-CUBE-AZRTOS-G4_V2.0.0, X-CUBE-AZRTOS-H7RS_V1.1.0, X-CUBE-AZRTOS-H7_V3.5.0, X-CUBE-AZRTOS-L4_V2.0.0, X-CUBE-AZRTOS-L5_V2.0.0, X-CUBE-AZRTOS-WB_V2.0.0, X-CUBE-AZRTOS-WL_V2.0.0, X-CUBE-BLE1_V7.1.0, X-CUBE-BLE2_V3.3.0, X-CUBE-BLEMGR_V4.1.0, X-CUBE-EEPRMA1_V5.2.0, X-CUBE-FREERTOS_V1.5.0, X-CUBE-GNSS1_V6.0.0, X-CUBE-MEMS1_V12.0.0, X-CUBE-NFC4_V3.0.0, X-CUBE-NFC7_V2.0.0, X-CUBE-SFXS2LP1_V4.0.0, X-CUBE-ST67W61_V1.2.0, X-CUBE-SUBG2_V5.0.0, X-CUBE-TOF1_V3.4.3]
2026-05-15 17:14:39,334 [INFO] DbBoardsSqlite:226 - include board P-NUCLEO-WB55-NUCLEO as a kit item of type 'Nucleo-64'
2026-05-15 17:14:39,334 [INFO] DbBoardsSqlite:226 - include board P-NUCLEO-WB55-USBDONGLE as a kit item of type 'Nucleo USB Dongle'
2026-05-15 17:14:39,334 [INFO] DbBoardsSqlite:226 - include board STEVAL-IDP005V1 as a kit item of type 'Evaluation Board'
2026-05-15 17:14:39,334 [INFO] DbBoardsSqlite:226 - include board STEVAL-IDP005V2 as a kit item of type 'Evaluation Board'
2026-05-15 17:14:39,394 [INFO] ApiDb:240 - Found 323 in-development CPN: [B-G473E-ZEST1S, B-WB1M-WPAN1, B-WL5M-SUBG1, NUCLEO-C031C6, NUCLEO-H503RB, NUCLEO-H563ZI, NUCLEO-U545RE-Q, NUCLEO-U5A5ZJ-Q, NUCLEO-WBA52CG, STEVAL-PROTEUS1, STEVAL-SMARTAG2, STEVAL-STWINBX1, STM320518-EVAL, STM32C0116-DK, STM32C011D6Y3TR, STM32C011D6Y6TR, STM32C011F4P3, STM32C011F4P6, STM32C011F4U3, STM32C011F4U6TR, STM32C011F6P3, STM32C011F6P6, STM32C011F6U3, STM32C011F6U6TR, STM32C011J4M3, STM32C011J4M6, STM32C011J6M3, STM32C011J6M6, STM32C0316-DK, STM32C031C4T3, STM32C031C4T6, STM32C031C4U3, STM32C031C4U6, STM32C031C6T3, STM32C031C6T6, STM32C031C6U3, STM32C031C6U6, STM32C031F4P3, STM32C031F4P6, STM32C031F6P3, STM32C031F6P6, STM32C031G4U3, STM32C031G4U6, STM32C031G6U3, STM32C031G6U6, STM32C031K4T3, STM32C031K4T6, STM32C031K4U3, STM32C031K4U6, STM32C031K6T3, STM32C031K6T6, STM32C031K6U3, STM32C031K6U6, STM32G071K8TXN, STM32G071K8UXN, STM32G081GBU6N, STM32G081KBT6N, STM32G081KBUXN, STM32G0B1CCT6N, STM32G0B1KCT6, STM32G0B1NEY6TR, STM32G0B1RCT6N, STM32G0C1CCT6, STM32G0C1CCT6N, STM32G0C1CCU6N, STM32G0C1CET6N, STM32G0C1CEU6N, STM32G0C1KCT6, STM32G0C1NEY6TR, STM32G0C1RCI6N, STM32G0C1RCT6N, STM32G0C1REI6N, STM32G0C1RET6N, STM32G0C1VCI6, STM32G0C1VEI6, STM32G471CCT6, STM32G471CCU6, STM32G471CET3, STM32G471CET6, STM32G471CEU3, STM32G471CEU6, STM32G471MCT6, STM32G471MET3, STM32G471MET6, STM32G471MEY6TR, STM32G471QCT6, STM32G471QET3, STM32G471RCT6, STM32G471RET3, STM32G471RET6, STM32G471VCH6, STM32G471VCI6, STM32G471VCT6, STM32G471VEH3, STM32G471VEH6, STM32G471VEI3, STM32G471VEI6, STM32G471VET3, STM32G471VET6, STM32G474CCT6, STM32H503CBT6, STM32H503CBU6, STM32H503EBY6TR, STM32H503KBU6, STM32H503RBT6, STM32H562AGI6, STM32H562AII6, STM32H562IGK6, STM32H562IGT6, STM32H562IIK6, STM32H562IIT6, STM32H562RGT6, STM32H562RGV6, STM32H562RIT6, STM32H562RIV6, STM32H562VGT6, STM32H562VIT6, STM32H562ZGT6, STM32H562ZIT6, STM32H563AGI6, STM32H563AII3Q, STM32H563AII6, STM32H563IGK6, STM32H563IGT6, STM32H563IIK3Q, STM32H563IIK6, STM32H563IIT3Q, STM32H563IIT6, STM32H563MIY3QTR, STM32H563RGT6, STM32H563RGV6, STM32H563RIT6, STM32H563RIV6, STM32H563VGT6, STM32H563VIT3Q, STM32H563VIT6, STM32H563ZGT6, STM32H563ZIT3Q, STM32H563ZIT6, STM32H573AII3Q, STM32H573AII6, STM32H573I-DK, STM32H573IIK3Q, STM32H573IIK6, STM32H573IIT3Q, STM32H573IIT6, STM32H573MIY3QTR, STM32H573RIT6, STM32H573RIV6, STM32H573VIT3Q, STM32H573VIT6, STM32H573ZIT3Q, STM32H573ZIT6, STM32L4R5QGI6STR, STM32MP131AAE3, STM32MP131AAF3, STM32MP131AAG3, STM32MP131CAE3, STM32MP131CAF3, STM32MP131CAG3, STM32MP131DAE7, STM32MP131DAF7, STM32MP131DAG7, STM32MP131FAE7, STM32MP131FAF7, STM32MP131FAG7, STM32MP133AAE3, STM32MP133AAF3, STM32MP133AAG3, STM32MP133CAE3, STM32MP133CAF3, STM32MP133CAG3, STM32MP133DAE7, STM32MP133DAF7, STM32MP133DAG7, STM32MP133FAE7, STM32MP133FAF7, STM32MP133FAG7, STM32MP135AAE3, STM32MP135AAF3, STM32MP135AAG3, STM32MP135CAE3, STM32MP135CAF3, STM32MP135CAG3, STM32MP135DAE7, STM32MP135DAF7, STM32MP135DAG7, STM32MP135F-DK, STM32MP135FAE7, STM32MP135FAF7, STM32MP135FAF7T, STM32MP135FAF7U, STM32MP135FAG7, STM32U535CBT6, STM32U535CBT6Q, STM32U535CBU6, STM32U535CBU6Q, STM32U535CCT6, STM32U535CCT6Q, STM32U535CCU6, STM32U535CCU6Q, STM32U535CET6, STM32U535CET6Q, STM32U535CEU6, STM32U535CEU6Q, STM32U535JEY6QTR, STM32U535NCY6QTR, STM32U535NEY6QTR, STM32U535RBI6, STM32U535RBI6Q, STM32U535RBT6, STM32U535RBT6Q, STM32U535RCI6, STM32U535RCI6Q, STM32U535RCT6, STM32U535RCT6Q, STM32U535REI6, STM32U535REI6Q, STM32U535RET6, STM32U535RET6Q, STM32U535VCI6, STM32U535VCI6Q, STM32U535VCT6, STM32U535VCT6Q, STM32U535VEI6, STM32U535VEI6Q, STM32U535VET6, STM32U535VET6Q, STM32U545CET6, STM32U545CET6Q, STM32U545CEU6, STM32U545CEU6Q, STM32U545JEY6QTR, STM32U545NEY6QTR, STM32U545REI6, STM32U545REI6Q, STM32U545RET6, STM32U545RET6Q, STM32U545VEI6, STM32U545VEI6Q, STM32U545VET6, STM32U545VET6Q, STM32U595AIH6, STM32U595AIH6Q, STM32U595AJH6, STM32U595AJH6Q, STM32U595QII6, STM32U595QII6Q, STM32U595QJI6, STM32U595QJI6Q, STM32U595RIT6, STM32U595RIT6Q, STM32U595RJT6, STM32U595RJT6Q, STM32U595VIT6, STM32U595VIT6Q, STM32U595VJT6, STM32U595VJT6Q, STM32U595ZIT6, STM32U595ZIT6Q, STM32U595ZIY6QTR, STM32U595ZJT6, STM32U595ZJT6Q, STM32U595ZJY6QTR, STM32U599BJY6QTR, STM32U599NIH6Q, STM32U599NJH6Q, STM32U599VIT6Q, STM32U599VJT6, STM32U599VJT6Q, STM32U599ZIT6Q, STM32U599ZIY6QTR, STM32U599ZJT6Q, STM32U599ZJY6QTR, STM32U5A5AJH6, STM32U5A5AJH6Q, STM32U5A5QJI6, STM32U5A5QJI6Q, STM32U5A5RJT6, STM32U5A5RJT6Q, STM32U5A5VJT6, STM32U5A5VJT6Q, STM32U5A5ZJT6, STM32U5A5ZJT6Q, STM32U5A5ZJY6QTR, STM32U5A9BJY6QTR, STM32U5A9J-DK, STM32U5A9NJH6Q, STM32U5A9VJT6Q, STM32U5A9ZJT6Q, STM32U5A9ZJY6QTR, STM32U5F7VIT6, STM32U5F7VIT6Q, STM32U5F7VJT6, STM32U5F7VJT6Q, STM32U5F9BJY6QTR, STM32U5F9NJH6Q, STM32U5F9VIT6Q, STM32U5F9VJT6Q, STM32U5F9ZIJ6QTR, STM32U5F9ZIT6Q, STM32U5F9ZJJ6QTR, STM32U5F9ZJT6Q, STM32U5G7VJT6, STM32U5G7VJT6Q, STM32U5G9BJY6QTR, STM32U5G9J-DK1, STM32U5G9J-DK2, STM32U5G9NJH6Q, STM32U5G9VJT6Q, STM32U5G9ZJJ6QTR, STM32U5G9ZJT6Q, STM32WB1MMCH6, STM32WBA52CEU6, STM32WBA52CEU6T, STM32WBA52CGU6, STM32WBA52CGU6T, STM32WBA52KEU6, STM32WBA52KEU6T, STM32WBA52KGU6, STM32WBA52KGU6T, STM32WL5MOCH6, STM32WL5MOCH6TR]
2026-05-15 17:14:39,413 [INFO] BoardInfo:880 - No configuration file found for board B-WBA5M-WPAN
2026-05-15 17:14:39,413 [INFO] DbBoards:157 - Board is not supported: B-WBA5M-WPAN
2026-05-15 17:14:39,413 [INFO] BoardInfo:880 - No configuration file found for board NUCLEO-C051C8
2026-05-15 17:14:39,413 [INFO] DbBoards:157 - Board is not supported: NUCLEO-C051C8
2026-05-15 17:14:39,413 [INFO] BoardInfo:880 - No configuration file found for board NUCLEO-C071RB
2026-05-15 17:14:39,413 [INFO] DbBoards:157 - Board is not supported: NUCLEO-C071RB
2026-05-15 17:14:39,413 [INFO] BoardInfo:880 - No configuration file found for board NUCLEO-C092RC
2026-05-15 17:14:39,413 [INFO] DbBoards:157 - Board is not supported: NUCLEO-C092RC
2026-05-15 17:14:39,444 [INFO] BoardInfo:880 - No configuration file found for board NUCLEO-H533RE
2026-05-15 17:14:39,444 [INFO] DbBoards:157 - Board is not supported: NUCLEO-H533RE
2026-05-15 17:14:39,444 [INFO] BoardInfo:880 - No configuration file found for board NUCLEO-H5E5ZJ
2026-05-15 17:14:39,444 [INFO] DbBoards:157 - Board is not supported: NUCLEO-H5E5ZJ
2026-05-15 17:14:39,444 [INFO] BoardInfo:880 - No configuration file found for board NUCLEO-H7S3L8
2026-05-15 17:14:39,444 [INFO] DbBoards:157 - Board is not supported: NUCLEO-H7S3L8
2026-05-15 17:14:39,460 [INFO] BoardInfo:880 - No configuration file found for board NUCLEO-N657X0-Q
2026-05-15 17:14:39,460 [INFO] DbBoards:157 - Board is not supported: NUCLEO-N657X0-Q
2026-05-15 17:14:39,460 [INFO] BoardInfo:880 - No configuration file found for board NUCLEO-U031R8
2026-05-15 17:14:39,460 [INFO] DbBoards:157 - Board is not supported: NUCLEO-U031R8
2026-05-15 17:14:39,460 [INFO] BoardInfo:880 - No configuration file found for board NUCLEO-U083RC
2026-05-15 17:14:39,460 [INFO] DbBoards:157 - Board is not supported: NUCLEO-U083RC
2026-05-15 17:14:39,460 [INFO] BoardInfo:880 - No configuration file found for board NUCLEO-U385RG-Q
2026-05-15 17:14:39,460 [INFO] DbBoards:157 - Board is not supported: NUCLEO-U385RG-Q
2026-05-15 17:14:39,460 [INFO] BoardInfo:880 - No configuration file found for board NUCLEO-U3C5ZI-Q
2026-05-15 17:14:39,460 [INFO] DbBoards:157 - Board is not supported: NUCLEO-U3C5ZI-Q
2026-05-15 17:14:39,476 [INFO] BoardInfo:880 - No configuration file found for board NUCLEO-WB05KZ
2026-05-15 17:14:39,476 [INFO] DbBoards:157 - Board is not supported: NUCLEO-WB05KZ
2026-05-15 17:14:39,476 [INFO] BoardInfo:880 - No configuration file found for board NUCLEO-WB07CC
2026-05-15 17:14:39,476 [INFO] DbBoards:157 - Board is not supported: NUCLEO-WB07CC
2026-05-15 17:14:39,476 [INFO] BoardInfo:880 - No configuration file found for board NUCLEO-WB09KE
2026-05-15 17:14:39,476 [INFO] DbBoards:157 - Board is not supported: NUCLEO-WB09KE
2026-05-15 17:14:39,476 [INFO] BoardInfo:880 - No configuration file found for board NUCLEO-WBA25CE1
2026-05-15 17:14:39,476 [INFO] DbBoards:157 - Board is not supported: NUCLEO-WBA25CE1
2026-05-15 17:14:39,476 [INFO] BoardInfo:880 - No configuration file found for board NUCLEO-WBA55CG
2026-05-15 17:14:39,476 [INFO] DbBoards:157 - Board is not supported: NUCLEO-WBA55CG
2026-05-15 17:14:39,476 [INFO] BoardInfo:880 - No configuration file found for board NUCLEO-WBA65RI
2026-05-15 17:14:39,476 [INFO] DbBoards:157 - Board is not supported: NUCLEO-WBA65RI
2026-05-15 17:14:39,476 [INFO] BoardInfo:880 - No configuration file found for board NUCLEO-WL33CC1
2026-05-15 17:14:39,476 [INFO] DbBoards:157 - Board is not supported: NUCLEO-WL33CC1
2026-05-15 17:14:39,476 [INFO] BoardInfo:880 - No configuration file found for board NUCLEO-WL33CC2
2026-05-15 17:14:39,476 [INFO] DbBoards:157 - Board is not supported: NUCLEO-WL33CC2
2026-05-15 17:14:39,476 [INFO] BoardInfo:880 - No configuration file found for board NUCLEO-WL3RKB1
2026-05-15 17:14:39,476 [INFO] DbBoards:157 - Board is not supported: NUCLEO-WL3RKB1
2026-05-15 17:14:39,476 [INFO] BoardInfo:880 - No configuration file found for board NUCLEO-WL3RKB2
2026-05-15 17:14:39,476 [INFO] DbBoards:157 - Board is not supported: NUCLEO-WL3RKB2
2026-05-15 17:14:39,476 [INFO] BoardInfo:880 - No configuration file found for board P-NUCLEO-WB55
2026-05-15 17:14:39,476 [INFO] DbBoards:157 - Kit is not supported: P-NUCLEO-WB55
2026-05-15 17:14:39,476 [INFO] BoardInfo:880 - No configuration file found for board STEVAL-BFA001V1B
2026-05-15 17:14:39,491 [INFO] DbBoards:157 - Kit is not supported: STEVAL-BFA001V1B
2026-05-15 17:14:39,491 [INFO] BoardInfo:880 - No configuration file found for board STEVAL-BFA001V2B
2026-05-15 17:14:39,491 [INFO] DbBoards:157 - Kit is not supported: STEVAL-BFA001V2B
2026-05-15 17:14:39,491 [INFO] BoardInfo:880 - No configuration file found for board STEVAL-MKBOXPRO
2026-05-15 17:14:39,491 [INFO] DbBoards:157 - Board is not supported: STEVAL-MKBOXPRO
2026-05-15 17:14:39,522 [INFO] BoardInfo:880 - No configuration file found for board STM32H5F5J-DK
2026-05-15 17:14:39,522 [INFO] DbBoards:157 - Board is not supported: STM32H5F5J-DK
2026-05-15 17:14:39,538 [INFO] BoardInfo:880 - No configuration file found for board STM32H7S78-DK
2026-05-15 17:14:39,538 [INFO] DbBoards:157 - Board is not supported: STM32H7S78-DK
2026-05-15 17:14:39,553 [INFO] BoardInfo:880 - No configuration file found for board STM32MP215F-DK
2026-05-15 17:14:39,553 [INFO] DbBoards:157 - Board is not supported: STM32MP215F-DK
2026-05-15 17:14:39,553 [INFO] BoardInfo:880 - No configuration file found for board STM32MP257F-DK
2026-05-15 17:14:39,553 [INFO] DbBoards:157 - Board is not supported: STM32MP257F-DK
2026-05-15 17:14:39,553 [INFO] BoardInfo:880 - No configuration file found for board STM32MP257F-EV1
2026-05-15 17:14:39,553 [INFO] DbBoards:157 - Board is not supported: STM32MP257F-EV1
2026-05-15 17:14:39,553 [INFO] BoardInfo:880 - No configuration file found for board STM32N6570-DK
2026-05-15 17:14:39,553 [INFO] DbBoards:157 - Board is not supported: STM32N6570-DK
2026-05-15 17:14:39,553 [INFO] BoardInfo:880 - No configuration file found for board STM32U083C-DK
2026-05-15 17:14:39,553 [INFO] DbBoards:157 - Board is not supported: STM32U083C-DK
2026-05-15 17:14:39,569 [INFO] BoardInfo:880 - No configuration file found for board STM32WBA55G-DK1
2026-05-15 17:14:39,569 [INFO] DbBoards:157 - Board is not supported: STM32WBA55G-DK1
2026-05-15 17:14:39,569 [INFO] BoardInfo:880 - No configuration file found for board STM32WBA65I-DK1
2026-05-15 17:14:39,569 [INFO] DbBoards:157 - Board is not supported: STM32WBA65I-DK1
2026-05-15 17:14:39,569 [INFO] DbBoards:161 - Found 218 boards, 183 are supported
2026-05-15 17:14:39,569 [INFO] ApiDb:423 - Load user favorites file C:\Users\Admin/.stm32cubeide/favorites.boards.txt: 0 item(s)
2026-05-15 17:14:39,569 [INFO] ApiDb:427 - User favorites Boards=[]
2026-05-15 17:14:39,569 [INFO] DbBoards:190 - Set 0 / 0 favorites Boards
2026-05-15 17:14:39,569 [INFO] McuFinderGlobals:76 - Set McuFinderConnectedMode to true
2026-05-15 17:14:39,569 [INFO] MultiScanPanel:200 - Auto-refresh data requested => check proxy status ongoing
2026-05-15 17:14:39,569 [INFO] FinderPluginLoader:95 - Searching for filters in installed packs
2026-05-15 17:14:40,687 [INFO] LoadUrlFilesThread:185 - End of LoadServerUrlFiles without Thread
2026-05-15 17:14:40,696 [INFO] DetailPanel:341 - Set advertising image to C:/Users/Admin/STM32Cube/Repository/\en.prom-stm32wba2-stm32-nucleo-board-0426.png
2026-05-15 17:15:07,046 [INFO] MainUpdater:2868 - connection check result : 10
2026-05-15 17:15:07,046 [INFO] MainUpdater:2868 - connection check result : 10
2026-05-15 17:15:07,089 [INFO] MicroXplorer:468 - Change Database Path : 
2026-05-15 17:15:07,089 [INFO] MicroXplorer:498 - Change Database Version : DB.6.0.91
2026-05-15 17:15:07,106 [WARN] ThirdParty:871 - waiting for thirdparty lock release [close project]
2026-05-15 17:15:07,106 [INFO] ThirdParty:873 - entering critical section [close project]
2026-05-15 17:15:07,106 [INFO] ThirdParty:883 - exiting critical section [close project]
2026-05-15 17:15:07,107 [INFO] PinOutPanel:1499 - setPackage(No Configuration,No Configuration)
2026-05-15 17:15:07,109 [INFO] UtilMem:75 - Begin LoadConfig() Used Memory: 756916056 Bytes (1073741824)
2026-05-15 17:15:07,109 [INFO] MicroXplorer:468 - Change Database Path : 
2026-05-15 17:15:07,109 [INFO] MicroXplorer:498 - Change Database Version : DB.6.0.91
2026-05-15 17:15:07,109 [INFO] OpenFileManager:308 - Change cursor
2026-05-15 17:15:07,168 [INFO] Mcu:1946 - Initializing MCU STM32F103C8Tx STM32F103C8Tx STM32F103C8T6
2026-05-15 17:15:07,449 [INFO] Context:659 - Trying to add GPIOservice into a context  which must be forbidden
2026-05-15 17:15:07,529 [INFO] ImportTextPane:194 - (OptionalMessage_ERROR) Unable to find key (Mcu.ThirdPartyNb) in loaded IOC file
2026-05-15 17:15:07,529 [INFO] ImportTextPane:194 - (OptionalMessage_ERROR) Unable to find key (Mcu.PinsNb) in loaded IOC file
2026-05-15 17:15:07,529 [INFO] ImportTextPane:194 - (OptionalMessage_ERROR) Unable to find key (Mcu.IPNb) in loaded IOC file
2026-05-15 17:15:07,536 [WARN] ModelIntegratedComponent:63 - No mode defined for component null
2026-05-15 17:15:07,536 [WARN] ModelIntegratedComponent:63 - No mode defined for component null
2026-05-15 17:15:07,536 [WARN] ModelIntegratedComponent:63 - No mode defined for component null
2026-05-15 17:15:07,536 [WARN] ModelIntegratedComponent:63 - No mode defined for component null
2026-05-15 17:15:07,536 [WARN] ModelIntegratedComponent:63 - No mode defined for component null
2026-05-15 17:15:07,536 [WARN] ModelIntegratedComponent:63 - No mode defined for component null
2026-05-15 17:15:07,536 [WARN] ModelIntegratedComponent:63 - No mode defined for component null
2026-05-15 17:15:07,537 [WARN] ModelIntegratedComponent:63 - No mode defined for component null
2026-05-15 17:15:07,537 [WARN] ModelIntegratedComponent:63 - No mode defined for component null
2026-05-15 17:15:07,537 [WARN] ModelIntegratedComponent:63 - No mode defined for component null
2026-05-15 17:15:07,537 [WARN] ModelIntegratedComponent:63 - No mode defined for component null
2026-05-15 17:15:07,537 [WARN] ModelIntegratedComponent:63 - No mode defined for component null
2026-05-15 17:15:07,537 [WARN] ModelIntegratedComponent:63 - No mode defined for component null
2026-05-15 17:15:07,537 [WARN] ModelIntegratedComponent:63 - No mode defined for component null
2026-05-15 17:15:07,537 [WARN] ModelIntegratedComponent:63 - No mode defined for component null
2026-05-15 17:15:07,537 [WARN] ModelIntegratedComponent:63 - No mode defined for component null
2026-05-15 17:15:07,537 [WARN] ModelIntegratedComponent:63 - No mode defined for component null
2026-05-15 17:15:07,537 [WARN] ModelIntegratedComponent:63 - No mode defined for component null
2026-05-15 17:15:07,537 [WARN] ModelIntegratedComponent:63 - No mode defined for component null
2026-05-15 17:15:07,537 [WARN] ModelIntegratedComponent:63 - No mode defined for component null
2026-05-15 17:15:07,537 [WARN] ModelIntegratedComponent:63 - No mode defined for component null
2026-05-15 17:15:07,537 [WARN] ModelIntegratedComponent:63 - No mode defined for component null
2026-05-15 17:15:07,537 [WARN] ModelIntegratedComponent:63 - No mode defined for component null
2026-05-15 17:15:07,537 [WARN] ModelIntegratedComponent:63 - No mode defined for component null
2026-05-15 17:15:07,537 [WARN] ModelIntegratedComponent:63 - No mode defined for component null
2026-05-15 17:15:07,537 [WARN] ModelIntegratedComponent:63 - No mode defined for component null
2026-05-15 17:15:07,537 [WARN] ModelIntegratedComponent:63 - No mode defined for component null
2026-05-15 17:15:07,537 [WARN] ModelIntegratedComponent:63 - No mode defined for component null
2026-05-15 17:15:07,537 [WARN] ModelIntegratedComponent:63 - No mode defined for component null
2026-05-15 17:15:07,537 [WARN] ModelIntegratedComponent:63 - No mode defined for component null
2026-05-15 17:15:07,537 [WARN] ModelIntegratedComponent:63 - No mode defined for component null
2026-05-15 17:15:07,537 [WARN] ModelIntegratedComponent:63 - No mode defined for component null
2026-05-15 17:15:07,537 [WARN] ModelIntegratedComponent:63 - No mode defined for component null
2026-05-15 17:15:07,539 [INFO] RtosManager:555 - Registered RTOS mode: class=CMSIS, group=RTOS, mode=CMSIS_V1, owner=FREERTOS
2026-05-15 17:15:07,539 [INFO] RtosManager:555 - Registered RTOS mode: class=CMSIS, group=RTOS2, mode=CMSIS_V2, owner=FREERTOS
2026-05-15 17:15:07,539 [INFO] RtosManager:555 - Registered RTOS mode: class=RTOS, group=Core, mode=CMSIS_V1, owner=FREERTOS
2026-05-15 17:15:07,539 [INFO] RtosManager:555 - Registered RTOS mode: class=RTOS, group=Core, mode=CMSIS_V2, owner=FREERTOS
2026-05-15 17:15:07,539 [WARN] ModelIntegratedComponent:184 - Missing modes for component STMicroelectronics:FreeRTOS:0.0.1:STMicroelectronics:RTOS:FreeRTOS:Core:::10.2.0:
2026-05-15 17:15:07,545 [INFO] ThirdPartyModel:298 - Start build external matchings
2026-05-15 17:15:07,557 [INFO] ThirdPartyModel:316 - End build external matchings
2026-05-15 17:15:07,696 [INFO] UtilMem:75 - End LoadConfig() Used Memory: 752750928 Bytes (1073741824)
2026-05-15 17:15:07,715 [WARN] ThirdParty:833 - waiting for thirdparty lock release [change project]
2026-05-15 17:15:07,715 [INFO] ThirdParty:835 - entering critical section [change project]
2026-05-15 17:15:07,715 [INFO] ThirdParty:1030 - CMSIS Pack Vendor :STMicroelectronics USBPD 4.1
2026-05-15 17:15:07,715 [INFO] ThirdParty:1030 - CMSIS Pack Vendor :STMicroelectronics X-CUBE-DISPLAY 3.0.0
2026-05-15 17:15:07,715 [INFO] ThirdParty:1030 - CMSIS Pack Vendor :STMicroelectronics USB_HOST 2.0.0
2026-05-15 17:15:07,715 [INFO] ThirdParty:1030 - CMSIS Pack Vendor :STMicroelectronics X-CUBE-AZRTOS-F4 1.1.0
2026-05-15 17:15:07,715 [INFO] ThirdParty:1030 - CMSIS Pack Vendor :STMicroelectronics LIBJPEG 8.0.0
2026-05-15 17:15:07,715 [INFO] ThirdParty:1030 - CMSIS Pack Vendor :STMicroelectronics FP-ATR-SIGFOX1 3.2.0
2026-05-15 17:15:07,715 [INFO] ThirdParty:1030 - CMSIS Pack Vendor :STMicroelectronics X-CUBE-SMBUS 2.1.0
2026-05-15 17:15:07,715 [INFO] ThirdParty:1030 - CMSIS Pack Vendor :STMicroelectronics USB_DEVICE 3.0.0
2026-05-15 17:15:07,715 [INFO] ThirdParty:1030 - CMSIS Pack Vendor :STMicroelectronics HAL Drivers 0.0.0
2026-05-15 17:15:07,715 [INFO] ThirdParty:1030 - CMSIS Pack Vendor :STMicroelectronics MBEDTLS 2.16.2
2026-05-15 17:15:07,715 [INFO] ThirdParty:1030 - CMSIS Pack Vendor :STMicroelectronics MBEDTLS 2.14.1
2026-05-15 17:15:07,715 [INFO] ThirdParty:1030 - CMSIS Pack Vendor :STMicroelectronics X-CUBE-AZRTOS-F7 1.1.0
2026-05-15 17:15:07,715 [INFO] ThirdParty:1030 - CMSIS Pack Vendor :STMicroelectronics USB_DEVICE 2.0.0
2026-05-15 17:15:07,715 [INFO] ThirdParty:1030 - CMSIS Pack Vendor :STMicroelectronics ThreadX 1.0.0
2026-05-15 17:15:07,715 [INFO] ThirdParty:1030 - CMSIS Pack Vendor :STMicroelectronics X-CUBE-AZRTOS-WL 2.0.0
2026-05-15 17:15:07,715 [INFO] ThirdParty:1030 - CMSIS Pack Vendor :STMicroelectronics FreeRTOS 0.0.1
2026-05-15 17:15:07,715 [INFO] ThirdParty:1030 - CMSIS Pack Vendor :STMicroelectronics X-CUBE-AZRTOS-G0 1.1.0
2026-05-15 17:15:07,715 [INFO] ThirdParty:1030 - CMSIS Pack Vendor :STMicroelectronics USB_DEVICE 1.0.0
2026-05-15 17:15:07,715 [INFO] ThirdParty:1030 - CMSIS Pack Vendor :STMicroelectronics X-CUBE-SUBG2 5.0.0
2026-05-15 17:15:07,716 [INFO] ThirdParty:1030 - CMSIS Pack Vendor :STMicroelectronics X-CUBE-NFC4 3.0.0
2026-05-15 17:15:07,716 [INFO] ThirdParty:1030 - CMSIS Pack Vendor :STMicroelectronics STM32_WPAN 1.0.0
2026-05-15 17:15:07,716 [INFO] ThirdParty:1030 - CMSIS Pack Vendor :STMicroelectronics X-CUBE-AZRTOS-L4 2.0.0
2026-05-15 17:15:07,716 [INFO] ThirdParty:1030 - CMSIS Pack Vendor :STMicroelectronics ThreadX 0.0.2
2026-05-15 17:15:07,716 [INFO] ThirdParty:1030 - CMSIS Pack Vendor :STMicroelectronics lwIP 2.0.3
2026-05-15 17:15:07,716 [INFO] ThirdParty:1030 - CMSIS Pack Vendor :STMicroelectronics lwIP 2.1.2
2026-05-15 17:15:07,716 [INFO] ThirdParty:1030 - CMSIS Pack Vendor :STMicroelectronics X-CUBE-SFXS2LP1 4.0.0
2026-05-15 17:15:07,716 [INFO] ThirdParty:1030 - CMSIS Pack Vendor :STMicroelectronics X-CUBE-BLE2 3.3.0
2026-05-15 17:15:07,716 [INFO] ThirdParty:1030 - CMSIS Pack Vendor :STMicroelectronics USB_HOST 1.0.0
2026-05-15 17:15:07,716 [INFO] ThirdParty:1030 - CMSIS Pack Vendor :STMicroelectronics X-CUBE-AZRTOS-G4 2.0.0
2026-05-15 17:15:07,716 [INFO] ThirdParty:1030 - CMSIS Pack Vendor :STMicroelectronics PDM2PCM 3.1.0
2026-05-15 17:15:07,716 [INFO] ThirdParty:1030 - CMSIS Pack Vendor :STMicroelectronics PDM2PCM 3.2.0
2026-05-15 17:15:07,716 [INFO] ThirdParty:1030 - CMSIS Pack Vendor :STMicroelectronics PDM2PCM 3.3.0
2026-05-15 17:15:07,716 [INFO] ThirdParty:841 - exiting critical section [change project]
2026-05-15 17:15:07,815 [INFO] PinOutPanel:1499 - setPackage(No Configuration,No Configuration)
2026-05-15 17:15:07,816 [INFO] PinOutPanel:1499 - setPackage(STM32F103C8Tx,LQFP48)
2026-05-15 17:15:07,959 [INFO] UtilMem:75 - Before build in PCC Used Memory: 802972096 Bytes (1073741824)
2026-05-15 17:15:08,065 [INFO] UtilMem:75 - After build in PCC Used Memory: 845251256 Bytes (1073741824)
2026-05-15 17:15:08,077 [INFO] IPUIPlugin:80 - create IPUIPlugin
2026-05-15 17:15:08,078 [INFO] IPUIPlugin:80 - create IPUIPlugin
2026-05-15 17:15:08,078 [INFO] IPUIPlugin:80 - create IPUIPlugin
2026-05-15 17:15:08,078 [INFO] IPUIPlugin:80 - create IPUIPlugin
2026-05-15 17:15:08,078 [INFO] IPUIPlugin:80 - create IPUIPlugin
2026-05-15 17:15:08,078 [INFO] IPUIPlugin:80 - create IPUIPlugin
2026-05-15 17:15:08,078 [INFO] IPUIPlugin:80 - create IPUIPlugin
2026-05-15 17:15:08,078 [INFO] IPUIPlugin:80 - create IPUIPlugin
2026-05-15 17:15:08,078 [INFO] IPUIPlugin:80 - create IPUIPlugin
2026-05-15 17:15:08,078 [INFO] IPUIPlugin:80 - create IPUIPlugin
2026-05-15 17:15:08,078 [INFO] IPUIPlugin:80 - create IPUIPlugin
2026-05-15 17:15:08,078 [INFO] IPUIPlugin:80 - create IPUIPlugin
2026-05-15 17:15:08,079 [INFO] IPUIPlugin:80 - create IPUIPlugin
2026-05-15 17:15:08,079 [INFO] IPUIPlugin:80 - create IPUIPlugin
2026-05-15 17:15:08,079 [INFO] IPUIPlugin:80 - create IPUIPlugin
2026-05-15 17:15:08,079 [INFO] IPUIPlugin:80 - create IPUIPlugin
2026-05-15 17:15:08,079 [INFO] IPUIPlugin:80 - create IPUIPlugin
2026-05-15 17:15:08,079 [INFO] IPUIPlugin:80 - create IPUIPlugin
2026-05-15 17:15:08,079 [INFO] IPUIPlugin:80 - create IPUIPlugin
2026-05-15 17:15:08,079 [INFO] IPUIPlugin:80 - create IPUIPlugin
2026-05-15 17:15:08,079 [INFO] IPUIPlugin:80 - create IPUIPlugin
2026-05-15 17:15:08,079 [INFO] IPUIPlugin:80 - create IPUIPlugin
2026-05-15 17:15:08,080 [INFO] IPUIPlugin:80 - create IPUIPlugin
2026-05-15 17:15:08,080 [INFO] IPUIPlugin:80 - create IPUIPlugin
2026-05-15 17:15:08,080 [INFO] IPUIPlugin:80 - create IPUIPlugin
2026-05-15 17:15:08,080 [INFO] IPUIPlugin:80 - create IPUIPlugin
2026-05-15 17:15:08,080 [INFO] IPUIPlugin:80 - create IPUIPlugin
2026-05-15 17:15:08,100 [INFO] CADModel:165 - CPN selected for project levelSTM32F103C8T6
2026-05-15 17:15:08,101 [INFO] CADModel:114 - Register for checkConnection events
2026-05-15 17:15:08,148 [INFO] OpenFileManager:328 - Restore cursor
2026-05-15 17:15:08,424 [INFO] UtilMem:75 - End SaveConfig() Used Memory: 724971224 Bytes (1073741824)
2026-05-15 17:15:08,455 [INFO] UtilMem:75 - End SaveConfig() Used Memory: 736471256 Bytes (1073741824)
2026-05-15 17:15:08,787 [INFO] BlockDiagram:2759 - set Specific Code input for plugin: NVIC
2026-05-15 17:15:08,787 [INFO] BlockDiagram:2759 - set Specific Code input for plugin: RCC
2026-05-15 17:15:08,787 [INFO] CodeGenerator:799 - code generatio: config db path: C:\ST\STM32CubeIDE_1.13.1\STM32CubeIDE\plugins\com.st.stm32cube.common.mx_6.9.1.202307191849\\db\
2026-05-15 17:15:08,985 [INFO] CodeEngine:255 - oldGeneratedFile, D:\smart_garden\I2C_SHT30\MXTmpFiles\license.tmp_save
2026-05-15 17:15:09,256 [INFO] CodeEngine:279 - Generated code: D:\smart_garden\I2C_SHT30\MXTmpFiles\license.tmp
2026-05-15 17:15:09,272 [INFO] CodeEngine:255 - oldGeneratedFile, D:\smart_garden\I2C_SHT30\Core\Src\stm32f1xx_it.c_save
2026-05-15 17:15:09,426 [INFO] CodeEngine:279 - Generated code: D:\smart_garden\I2C_SHT30\Core\Src\stm32f1xx_it.c
2026-05-15 17:15:09,429 [INFO] CodeEngine:255 - oldGeneratedFile, D:\smart_garden\I2C_SHT30\Core\Inc\stm32f1xx_it.h_save
2026-05-15 17:15:09,522 [INFO] CodeEngine:279 - Generated code: D:\smart_garden\I2C_SHT30\Core\Inc\stm32f1xx_it.h
2026-05-15 17:15:09,642 [INFO] CodeEngine:255 - oldGeneratedFile, D:\smart_garden\I2C_SHT30\Core\Src\stm32f1xx_hal_msp.c_save
2026-05-15 17:15:09,790 [INFO] CodeEngine:279 - Generated code: D:\smart_garden\I2C_SHT30\Core\Src\stm32f1xx_hal_msp.c
2026-05-15 17:15:09,794 [INFO] CodeEngine:255 - oldGeneratedFile, D:\smart_garden\I2C_SHT30\MXTmpFiles\system.tmp_save
2026-05-15 17:15:09,857 [INFO] CodeEngine:279 - Generated code: D:\smart_garden\I2C_SHT30\MXTmpFiles\system.tmp
2026-05-15 17:15:09,864 [INFO] CodeEngine:311 - oldGeneratedFile, D:\smart_garden\I2C_SHT30\Core\Inc\stm32f1xx_hal_conf.h_save
2026-05-15 17:15:09,941 [INFO] CodeEngine:335 - Generated code: D:\smart_garden\I2C_SHT30\Core\Inc\stm32f1xx_hal_conf.h
2026-05-15 17:15:09,972 [INFO] CodeEngine:255 - oldGeneratedFile, D:\smart_garden\I2C_SHT30\Core\Inc\main.h_save
2026-05-15 17:15:10,051 [INFO] CodeEngine:279 - Generated code: D:\smart_garden\I2C_SHT30\Core\Inc\main.h
2026-05-15 17:15:10,054 [INFO] CodeEngine:255 - oldGeneratedFile, D:\smart_garden\I2C_SHT30\Core\Src\main.c_save
2026-05-15 17:15:10,160 [INFO] CodeEngine:279 - Generated code: D:\smart_garden\I2C_SHT30\Core\Src\main.c
2026-05-15 17:15:10,564 [INFO] ProjectBuilder:3064 - Time for Copy HAL[1] : 87mS.
2026-05-15 17:15:10,567 [INFO] ProjectBuilder:4404 - Project Generator version: 4.1.0
2026-05-15 17:15:10,773 [INFO] ConfigFileManager:1457 - The Die is : DIE410
2026-05-15 17:15:10,787 [INFO] ApiDbMcu:507 - Load IP Config File for FATFS
2026-05-15 17:15:10,807 [INFO] ApiDbMcu:507 - Load IP Config File for FREERTOS
2026-05-15 17:15:10,812 [INFO] ApiDbMcu:507 - Load IP Config File for USB_DEVICE
2026-05-15 17:15:11,566 [INFO] LogOutputStream:77 - [STDOUT_REDIRECT] 
2026-05-15 17:15:12,676 [INFO] ProjectBuilder:4626 - Time for Generating toolchain IDE Files: 2108mS.
2026-05-15 17:15:12,677 [INFO] ProjectBuilder:2935 - Time for Copy CMSIS : 1mS.
2026-05-15 17:15:12,678 [INFO] ProjectBuilder:2935 - Time for Copy CMSIS : 0mS.
2026-05-15 17:15:13,475 [INFO] McuFinderGlobals:76 - Set McuFinderConnectedMode to true
2026-05-15 17:15:13,481 [INFO] ApiDb:448 - Save user favorites file C:\Users\Admin/.stm32cubeide/favorites.mcus.txt: 2 item(s)
2026-05-15 17:15:13,482 [INFO] ApiDb:452 - User favorites MCUs=[STM32F103C8T6, STM32F405RGT6]
2026-05-15 17:20:10,911 [WARN] IP:2114 - I2C_Coeff_DF not found: check if there is a RefParameter without a condition.
2026-05-15 17:20:10,911 [WARN] IP:2114 - Analog_Filter not found: check if there is a RefParameter without a condition.
2026-05-15 17:20:10,917 [WARN] IP:2114 - I2C_Coeff_DF not found: check if there is a RefParameter without a condition.
2026-05-15 17:20:10,917 [WARN] IP:2114 - Analog_Filter not found: check if there is a RefParameter without a condition.
2026-05-15 17:20:10,917 [WARN] IP:2114 - I2C_Coeff_DF not found: check if there is a RefParameter without a condition.
2026-05-15 17:20:10,917 [WARN] IP:2114 - Analog_Filter not found: check if there is a RefParameter without a condition.
2026-05-15 17:20:10,954 [WARN] IP:2114 - I2C_Coeff_DF not found: check if there is a RefParameter without a condition.
2026-05-15 17:20:10,954 [WARN] IP:2114 - Analog_Filter not found: check if there is a RefParameter without a condition.
2026-05-15 17:20:10,955 [WARN] IP:2114 - I2C_Coeff_DF not found: check if there is a RefParameter without a condition.
2026-05-15 17:20:10,955 [WARN] IP:2114 - Analog_Filter not found: check if there is a RefParameter without a condition.
2026-05-15 17:20:37,757 [INFO] UtilMem:75 - End SaveConfig() Used Memory: 790313920 Bytes (1073741824)
2026-05-15 17:20:37,794 [INFO] UtilMem:75 - End SaveConfig() Used Memory: 803843472 Bytes (1073741824)
2026-05-15 17:20:38,257 [INFO] UtilMem:75 - End SaveConfig() Used Memory: 865034624 Bytes (1073741824)
2026-05-15 17:20:38,465 [INFO] BlockDiagram:2759 - set Specific Code input for plugin: NVIC
2026-05-15 17:20:38,465 [INFO] BlockDiagram:2759 - set Specific Code input for plugin: SYS
2026-05-15 17:20:38,466 [INFO] BlockDiagram:2759 - set Specific Code input for plugin: GPIO
2026-05-15 17:20:38,466 [INFO] BlockDiagram:2759 - set Specific Code input for plugin: RCC
2026-05-15 17:20:38,466 [INFO] BlockDiagram:2759 - set Specific Code input for plugin: I2C
2026-05-15 17:20:38,466 [INFO] CodeGenerator:799 - code generatio: config db path: C:\ST\STM32CubeIDE_1.13.1\STM32CubeIDE\plugins\com.st.stm32cube.common.mx_6.9.1.202307191849\\db\
2026-05-15 17:20:38,466 [WARN] IP:2114 - I2C_Coeff_DF not found: check if there is a RefParameter without a condition.
2026-05-15 17:20:38,466 [WARN] IP:2114 - Analog_Filter not found: check if there is a RefParameter without a condition.
2026-05-15 17:20:38,546 [INFO] CodeEngine:255 - oldGeneratedFile, D:\smart_garden\I2C_SHT30\MXTmpFiles\license.tmp_save
2026-05-15 17:20:38,599 [INFO] CodeEngine:279 - Generated code: D:\smart_garden\I2C_SHT30\MXTmpFiles\license.tmp
2026-05-15 17:20:38,624 [INFO] CodeEngine:255 - oldGeneratedFile, D:\smart_garden\I2C_SHT30\MXTmpFiles\gpio.tmp_save
2026-05-15 17:20:38,702 [INFO] CodeEngine:279 - Generated code: D:\smart_garden\I2C_SHT30\MXTmpFiles\gpio.tmp
2026-05-15 17:20:38,739 [INFO] CodeEngine:255 - oldGeneratedFile, D:\smart_garden\I2C_SHT30\Core\Src\stm32f1xx_it.c_save
2026-05-15 17:20:38,808 [INFO] CodeEngine:279 - Generated code: D:\smart_garden\I2C_SHT30\Core\Src\stm32f1xx_it.c
2026-05-15 17:20:38,812 [INFO] CodeEngine:255 - oldGeneratedFile, D:\smart_garden\I2C_SHT30\Core\Inc\stm32f1xx_it.h_save
2026-05-15 17:20:38,864 [INFO] CodeEngine:279 - Generated code: D:\smart_garden\I2C_SHT30\Core\Inc\stm32f1xx_it.h
2026-05-15 17:20:38,870 [INFO] CodeEngine:255 - oldGeneratedFile, D:\smart_garden\I2C_SHT30\Core\Src\stm32f1xx_hal_msp.c_save
2026-05-15 17:20:38,945 [INFO] CodeEngine:279 - Generated code: D:\smart_garden\I2C_SHT30\Core\Src\stm32f1xx_hal_msp.c
2026-05-15 17:20:38,947 [INFO] CodeEngine:255 - oldGeneratedFile, D:\smart_garden\I2C_SHT30\MXTmpFiles\system.tmp_save
2026-05-15 17:20:38,990 [INFO] CodeEngine:279 - Generated code: D:\smart_garden\I2C_SHT30\MXTmpFiles\system.tmp
2026-05-15 17:20:38,994 [INFO] CodeEngine:311 - oldGeneratedFile, D:\smart_garden\I2C_SHT30\Core\Inc\stm32f1xx_hal_conf.h_save
2026-05-15 17:20:39,041 [INFO] CodeEngine:335 - Generated code: D:\smart_garden\I2C_SHT30\Core\Inc\stm32f1xx_hal_conf.h
2026-05-15 17:20:39,053 [INFO] CodeEngine:255 - oldGeneratedFile, D:\smart_garden\I2C_SHT30\Core\Inc\main.h_save
2026-05-15 17:20:39,098 [INFO] CodeEngine:279 - Generated code: D:\smart_garden\I2C_SHT30\Core\Inc\main.h
2026-05-15 17:20:39,100 [INFO] CodeEngine:255 - oldGeneratedFile, D:\smart_garden\I2C_SHT30\Core\Src\main.c_save
2026-05-15 17:20:39,193 [INFO] CodeEngine:279 - Generated code: D:\smart_garden\I2C_SHT30\Core\Src\main.c
2026-05-15 17:20:39,620 [INFO] ProjectBuilder:3064 - Time for Copy HAL[1] : 68mS.
2026-05-15 17:20:39,623 [INFO] ProjectBuilder:4404 - Project Generator version: 4.1.0
2026-05-15 17:20:39,828 [INFO] ConfigFileManager:1457 - The Die is : DIE410
2026-05-15 17:20:41,051 [INFO] ProjectBuilder:4626 - Time for Generating toolchain IDE Files: 1429mS.
2026-05-15 17:20:41,052 [INFO] ProjectBuilder:2935 - Time for Copy CMSIS : 0mS.
2026-05-15 17:20:41,053 [INFO] ProjectBuilder:2935 - Time for Copy CMSIS : 0mS.
2026-05-15 18:14:50,004 [WARN] IP:2114 - I2C_Coeff_DF not found: check if there is a RefParameter without a condition.
2026-05-15 18:14:50,004 [WARN] IP:2114 - Analog_Filter not found: check if there is a RefParameter without a condition.
2026-05-15 18:14:56,521 [WARN] IP:2114 - I2C_Coeff_DF not found: check if there is a RefParameter without a condition.
2026-05-15 18:14:56,521 [WARN] IP:2114 - Analog_Filter not found: check if there is a RefParameter without a condition.
2026-05-15 18:14:56,521 [WARN] IP:2114 - I2C_Coeff_DF not found: check if there is a RefParameter without a condition.
2026-05-15 18:14:56,521 [WARN] IP:2114 - Analog_Filter not found: check if there is a RefParameter without a condition.
2026-05-15 18:14:56,556 [WARN] IP:2114 - I2C_Coeff_DF not found: check if there is a RefParameter without a condition.
2026-05-15 18:14:56,556 [WARN] IP:2114 - Analog_Filter not found: check if there is a RefParameter without a condition.
2026-05-15 18:14:56,560 [WARN] IP:2114 - I2C_Coeff_DF not found: check if there is a RefParameter without a condition.
2026-05-15 18:14:56,560 [WARN] IP:2114 - Analog_Filter not found: check if there is a RefParameter without a condition.
2026-05-15 18:14:58,280 [WARN] IP:2114 - I2C_Coeff_DF not found: check if there is a RefParameter without a condition.
2026-05-15 18:14:58,280 [WARN] IP:2114 - Analog_Filter not found: check if there is a RefParameter without a condition.
2026-05-15 18:14:58,280 [WARN] IP:2114 - I2C_Coeff_DF not found: check if there is a RefParameter without a condition.
2026-05-15 18:14:58,280 [WARN] IP:2114 - Analog_Filter not found: check if there is a RefParameter without a condition.
2026-05-15 18:14:58,334 [INFO] NvicIntPanel:101 - NVIC parent = com.st.microxplorer.plugins.ip.nvic.MultiNvicIntPanel[,0,0,0x0,invalid,layout=javax.swing.BoxLayout,alignmentX=0.0,alignmentY=0.0,border=,flags=9,maximumSize=,minimumSize=,preferredSize=]
2026-05-15 18:14:58,350 [WARN] IP:2114 - I2C_Coeff_DF not found: check if there is a RefParameter without a condition.
2026-05-15 18:14:58,350 [WARN] IP:2114 - Analog_Filter not found: check if there is a RefParameter without a condition.
2026-05-15 18:14:58,353 [WARN] IP:2114 - I2C_Coeff_DF not found: check if there is a RefParameter without a condition.
2026-05-15 18:14:58,353 [WARN] IP:2114 - Analog_Filter not found: check if there is a RefParameter without a condition.
2026-05-15 18:16:35,125 [INFO] UtilMem:75 - End SaveConfig() Used Memory: 893301904 Bytes (1073741824)
2026-05-15 18:16:35,169 [INFO] UtilMem:75 - End SaveConfig() Used Memory: 907512904 Bytes (1073741824)
2026-05-15 18:16:35,274 [INFO] UtilMem:75 - End SaveConfig() Used Memory: 928484424 Bytes (1073741824)
2026-05-15 18:16:35,382 [INFO] BlockDiagram:2759 - set Specific Code input for plugin: NVIC
2026-05-15 18:16:35,383 [INFO] BlockDiagram:2759 - set Specific Code input for plugin: SYS
2026-05-15 18:16:35,383 [INFO] BlockDiagram:2759 - set Specific Code input for plugin: GPIO
2026-05-15 18:16:35,383 [INFO] BlockDiagram:2759 - set Specific Code input for plugin: RCC
2026-05-15 18:16:35,383 [INFO] BlockDiagram:2759 - set Specific Code input for plugin: I2C
2026-05-15 18:16:35,383 [INFO] CodeGenerator:799 - code generatio: config db path: C:\ST\STM32CubeIDE_1.13.1\STM32CubeIDE\plugins\com.st.stm32cube.common.mx_6.9.1.202307191849\\db\
2026-05-15 18:16:35,383 [WARN] IP:2114 - I2C_Coeff_DF not found: check if there is a RefParameter without a condition.
2026-05-15 18:16:35,383 [WARN] IP:2114 - Analog_Filter not found: check if there is a RefParameter without a condition.
2026-05-15 18:16:35,507 [INFO] CodeEngine:255 - oldGeneratedFile, D:\smart_garden\I2C_SHT30\MXTmpFiles\license.tmp_save
2026-05-15 18:16:35,579 [INFO] CodeEngine:279 - Generated code: D:\smart_garden\I2C_SHT30\MXTmpFiles\license.tmp
2026-05-15 18:16:35,588 [INFO] CodeEngine:255 - oldGeneratedFile, D:\smart_garden\I2C_SHT30\MXTmpFiles\gpio.tmp_save
2026-05-15 18:16:35,641 [INFO] CodeEngine:279 - Generated code: D:\smart_garden\I2C_SHT30\MXTmpFiles\gpio.tmp
2026-05-15 18:16:35,674 [INFO] CodeEngine:255 - oldGeneratedFile, D:\smart_garden\I2C_SHT30\Core\Src\stm32f1xx_it.c_save
2026-05-15 18:16:35,795 [INFO] CodeEngine:279 - Generated code: D:\smart_garden\I2C_SHT30\Core\Src\stm32f1xx_it.c
2026-05-15 18:16:35,798 [INFO] CodeEngine:255 - oldGeneratedFile, D:\smart_garden\I2C_SHT30\Core\Inc\stm32f1xx_it.h_save
2026-05-15 18:16:35,873 [INFO] CodeEngine:279 - Generated code: D:\smart_garden\I2C_SHT30\Core\Inc\stm32f1xx_it.h
2026-05-15 18:16:35,881 [INFO] CodeEngine:255 - oldGeneratedFile, D:\smart_garden\I2C_SHT30\Core\Src\stm32f1xx_hal_msp.c_save
2026-05-15 18:16:35,980 [INFO] CodeEngine:279 - Generated code: D:\smart_garden\I2C_SHT30\Core\Src\stm32f1xx_hal_msp.c
2026-05-15 18:16:35,982 [INFO] CodeEngine:255 - oldGeneratedFile, D:\smart_garden\I2C_SHT30\MXTmpFiles\system.tmp_save
2026-05-15 18:16:36,023 [INFO] CodeEngine:279 - Generated code: D:\smart_garden\I2C_SHT30\MXTmpFiles\system.tmp
2026-05-15 18:16:36,027 [INFO] CodeEngine:311 - oldGeneratedFile, D:\smart_garden\I2C_SHT30\Core\Inc\stm32f1xx_hal_conf.h_save
2026-05-15 18:16:36,073 [INFO] CodeEngine:335 - Generated code: D:\smart_garden\I2C_SHT30\Core\Inc\stm32f1xx_hal_conf.h
2026-05-15 18:16:36,083 [INFO] CodeEngine:255 - oldGeneratedFile, D:\smart_garden\I2C_SHT30\Core\Inc\main.h_save
2026-05-15 18:16:36,131 [INFO] CodeEngine:279 - Generated code: D:\smart_garden\I2C_SHT30\Core\Inc\main.h
2026-05-15 18:16:36,133 [INFO] CodeEngine:255 - oldGeneratedFile, D:\smart_garden\I2C_SHT30\Core\Src\main.c_save
2026-05-15 18:16:36,194 [INFO] CodeEngine:279 - Generated code: D:\smart_garden\I2C_SHT30\Core\Src\main.c
2026-05-15 18:16:36,526 [INFO] ProjectBuilder:3064 - Time for Copy HAL[1] : 65mS.
2026-05-15 18:16:36,527 [INFO] ProjectBuilder:4404 - Project Generator version: 4.1.0
2026-05-15 18:16:36,715 [INFO] ConfigFileManager:1457 - The Die is : DIE410
2026-05-15 18:16:35,842 [INFO] ProjectBuilder:4626 - Time for Generating toolchain IDE Files: -685mS.
2026-05-15 18:16:35,843 [INFO] ProjectBuilder:2935 - Time for Copy CMSIS : 1mS.
2026-05-15 18:16:35,844 [INFO] ProjectBuilder:2935 - Time for Copy CMSIS : 0mS.
2026-05-15 18:30:14,394 [INFO] Gpio:273 - dependency for GPIO [I2C1, SYS]
2026-05-15 19:11:04,904 [INFO] MainUpdater:2868 - connection check result : 10
2026-05-15 19:11:04,905 [INFO] MainUpdater:2868 - connection check result : 10
2026-05-15 19:11:04,933 [INFO] MicroXplorer:468 - Change Database Path : 
2026-05-15 19:11:04,933 [INFO] MicroXplorer:498 - Change Database Version : DB.6.0.91
2026-05-15 19:11:04,945 [WARN] ThirdParty:871 - waiting for thirdparty lock release [close project]
2026-05-15 19:11:04,945 [INFO] ThirdParty:873 - entering critical section [close project]
2026-05-15 19:11:04,945 [INFO] ThirdParty:883 - exiting critical section [close project]
2026-05-15 19:11:04,945 [INFO] PinOutPanel:1499 - setPackage(No Configuration,No Configuration)
2026-05-15 19:11:04,947 [INFO] UtilMem:75 - Begin LoadConfig() Used Memory: 878450776 Bytes (1073741824)
2026-05-15 19:11:04,947 [INFO] MicroXplorer:468 - Change Database Path : 
2026-05-15 19:11:04,947 [INFO] MicroXplorer:498 - Change Database Version : DB.6.0.91
2026-05-15 19:11:04,947 [INFO] OpenFileManager:308 - Change cursor
2026-05-15 19:11:04,954 [INFO] RulesReader:64 - Compatibility file has been processed (293 Rules)
2026-05-15 19:11:04,956 [INFO] Mcu:1946 - Initializing MCU STM32F103C(8-B)Tx STM32F103C8Tx STM32F103C8T6
2026-05-15 19:11:05,255 [INFO] Context:659 - Trying to add GPIOservice into a context  which must be forbidden
2026-05-15 19:11:05,316 [WARN] ModelIntegratedComponent:63 - No mode defined for component null
2026-05-15 19:11:05,316 [WARN] ModelIntegratedComponent:63 - No mode defined for component null
2026-05-15 19:11:05,316 [WARN] ModelIntegratedComponent:63 - No mode defined for component null
2026-05-15 19:11:05,316 [WARN] ModelIntegratedComponent:63 - No mode defined for component null
2026-05-15 19:11:05,316 [WARN] ModelIntegratedComponent:63 - No mode defined for component null
2026-05-15 19:11:05,316 [WARN] ModelIntegratedComponent:63 - No mode defined for component null
2026-05-15 19:11:05,316 [WARN] ModelIntegratedComponent:63 - No mode defined for component null
2026-05-15 19:11:05,316 [WARN] ModelIntegratedComponent:63 - No mode defined for component null
2026-05-15 19:11:05,316 [WARN] ModelIntegratedComponent:63 - No mode defined for component null
2026-05-15 19:11:05,316 [WARN] ModelIntegratedComponent:63 - No mode defined for component null
2026-05-15 19:11:05,316 [WARN] ModelIntegratedComponent:63 - No mode defined for component null
2026-05-15 19:11:05,316 [WARN] ModelIntegratedComponent:63 - No mode defined for component null
2026-05-15 19:11:05,316 [WARN] ModelIntegratedComponent:63 - No mode defined for component null
2026-05-15 19:11:05,316 [WARN] ModelIntegratedComponent:63 - No mode defined for component null
2026-05-15 19:11:05,316 [WARN] ModelIntegratedComponent:63 - No mode defined for component null
2026-05-15 19:11:05,316 [WARN] ModelIntegratedComponent:63 - No mode defined for component null
2026-05-15 19:11:05,316 [WARN] ModelIntegratedComponent:63 - No mode defined for component null
2026-05-15 19:11:05,316 [WARN] ModelIntegratedComponent:63 - No mode defined for component null
2026-05-15 19:11:05,316 [WARN] ModelIntegratedComponent:63 - No mode defined for component null
2026-05-15 19:11:05,316 [WARN] ModelIntegratedComponent:63 - No mode defined for component null
2026-05-15 19:11:05,316 [WARN] ModelIntegratedComponent:63 - No mode defined for component null
2026-05-15 19:11:05,316 [WARN] ModelIntegratedComponent:63 - No mode defined for component null
2026-05-15 19:11:05,316 [WARN] ModelIntegratedComponent:63 - No mode defined for component null
2026-05-15 19:11:05,316 [WARN] ModelIntegratedComponent:63 - No mode defined for component null
2026-05-15 19:11:05,316 [WARN] ModelIntegratedComponent:63 - No mode defined for component null
2026-05-15 19:11:05,316 [WARN] ModelIntegratedComponent:63 - No mode defined for component null
2026-05-15 19:11:05,316 [WARN] ModelIntegratedComponent:63 - No mode defined for component null
2026-05-15 19:11:05,316 [WARN] ModelIntegratedComponent:63 - No mode defined for component null
2026-05-15 19:11:05,316 [WARN] ModelIntegratedComponent:63 - No mode defined for component null
2026-05-15 19:11:05,316 [WARN] ModelIntegratedComponent:63 - No mode defined for component null
2026-05-15 19:11:05,316 [WARN] ModelIntegratedComponent:63 - No mode defined for component null
2026-05-15 19:11:05,316 [WARN] ModelIntegratedComponent:63 - No mode defined for component null
2026-05-15 19:11:05,317 [WARN] ModelIntegratedComponent:63 - No mode defined for component null
2026-05-15 19:11:05,317 [INFO] RtosManager:555 - Registered RTOS mode: class=CMSIS, group=RTOS, mode=CMSIS_V1, owner=FREERTOS
2026-05-15 19:11:05,317 [INFO] RtosManager:555 - Registered RTOS mode: class=CMSIS, group=RTOS2, mode=CMSIS_V2, owner=FREERTOS
2026-05-15 19:11:05,317 [INFO] RtosManager:555 - Registered RTOS mode: class=RTOS, group=Core, mode=CMSIS_V1, owner=FREERTOS
2026-05-15 19:11:05,318 [INFO] RtosManager:555 - Registered RTOS mode: class=RTOS, group=Core, mode=CMSIS_V2, owner=FREERTOS
2026-05-15 19:11:05,318 [WARN] ModelIntegratedComponent:184 - Missing modes for component STMicroelectronics:FreeRTOS:0.0.1:STMicroelectronics:RTOS:FreeRTOS:Core:::10.2.0:
2026-05-15 19:11:05,321 [INFO] ThirdPartyModel:298 - Start build external matchings
2026-05-15 19:11:05,329 [INFO] ThirdPartyModel:316 - End build external matchings
2026-05-15 19:11:05,464 [INFO] UtilMem:75 - End LoadConfig() Used Memory: 785558960 Bytes (1073741824)
2026-05-15 19:11:05,489 [WARN] ThirdParty:833 - waiting for thirdparty lock release [change project]
2026-05-15 19:11:05,489 [INFO] ThirdParty:835 - entering critical section [change project]
2026-05-15 19:11:05,489 [INFO] ThirdParty:1030 - CMSIS Pack Vendor :STMicroelectronics USBPD 4.1
2026-05-15 19:11:05,489 [INFO] ThirdParty:1030 - CMSIS Pack Vendor :STMicroelectronics X-CUBE-DISPLAY 3.0.0
2026-05-15 19:11:05,489 [INFO] ThirdParty:1030 - CMSIS Pack Vendor :STMicroelectronics USB_HOST 2.0.0
2026-05-15 19:11:05,489 [INFO] ThirdParty:1030 - CMSIS Pack Vendor :STMicroelectronics X-CUBE-AZRTOS-F4 1.1.0
2026-05-15 19:11:05,489 [INFO] ThirdParty:1030 - CMSIS Pack Vendor :STMicroelectronics LIBJPEG 8.0.0
2026-05-15 19:11:05,489 [INFO] ThirdParty:1030 - CMSIS Pack Vendor :STMicroelectronics FP-ATR-SIGFOX1 3.2.0
2026-05-15 19:11:05,489 [INFO] ThirdParty:1030 - CMSIS Pack Vendor :STMicroelectronics X-CUBE-SMBUS 2.1.0
2026-05-15 19:11:05,489 [INFO] ThirdParty:1030 - CMSIS Pack Vendor :STMicroelectronics USB_DEVICE 3.0.0
2026-05-15 19:11:05,489 [INFO] ThirdParty:1030 - CMSIS Pack Vendor :STMicroelectronics HAL Drivers 0.0.0
2026-05-15 19:11:05,489 [INFO] ThirdParty:1030 - CMSIS Pack Vendor :STMicroelectronics MBEDTLS 2.16.2
2026-05-15 19:11:05,489 [INFO] ThirdParty:1030 - CMSIS Pack Vendor :STMicroelectronics MBEDTLS 2.14.1
2026-05-15 19:11:05,489 [INFO] ThirdParty:1030 - CMSIS Pack Vendor :STMicroelectronics X-CUBE-AZRTOS-F7 1.1.0
2026-05-15 19:11:05,489 [INFO] ThirdParty:1030 - CMSIS Pack Vendor :STMicroelectronics USB_DEVICE 2.0.0
2026-05-15 19:11:05,489 [INFO] ThirdParty:1030 - CMSIS Pack Vendor :STMicroelectronics ThreadX 1.0.0
2026-05-15 19:11:05,489 [INFO] ThirdParty:1030 - CMSIS Pack Vendor :STMicroelectronics X-CUBE-AZRTOS-WL 2.0.0
2026-05-15 19:11:05,489 [INFO] ThirdParty:1030 - CMSIS Pack Vendor :STMicroelectronics FreeRTOS 0.0.1
2026-05-15 19:11:05,489 [INFO] ThirdParty:1030 - CMSIS Pack Vendor :STMicroelectronics X-CUBE-AZRTOS-G0 1.1.0
2026-05-15 19:11:05,489 [INFO] ThirdParty:1030 - CMSIS Pack Vendor :STMicroelectronics USB_DEVICE 1.0.0
2026-05-15 19:11:05,489 [INFO] ThirdParty:1030 - CMSIS Pack Vendor :STMicroelectronics X-CUBE-SUBG2 5.0.0
2026-05-15 19:11:05,489 [INFO] ThirdParty:1030 - CMSIS Pack Vendor :STMicroelectronics X-CUBE-NFC4 3.0.0
2026-05-15 19:11:05,489 [INFO] ThirdParty:1030 - CMSIS Pack Vendor :STMicroelectronics STM32_WPAN 1.0.0
2026-05-15 19:11:05,489 [INFO] ThirdParty:1030 - CMSIS Pack Vendor :STMicroelectronics X-CUBE-AZRTOS-L4 2.0.0
2026-05-15 19:11:05,489 [INFO] ThirdParty:1030 - CMSIS Pack Vendor :STMicroelectronics ThreadX 0.0.2
2026-05-15 19:11:05,489 [INFO] ThirdParty:1030 - CMSIS Pack Vendor :STMicroelectronics lwIP 2.0.3
2026-05-15 19:11:05,489 [INFO] ThirdParty:1030 - CMSIS Pack Vendor :STMicroelectronics lwIP 2.1.2
2026-05-15 19:11:05,489 [INFO] ThirdParty:1030 - CMSIS Pack Vendor :STMicroelectronics X-CUBE-SFXS2LP1 4.0.0
2026-05-15 19:11:05,489 [INFO] ThirdParty:1030 - CMSIS Pack Vendor :STMicroelectronics X-CUBE-BLE2 3.3.0
2026-05-15 19:11:05,489 [INFO] ThirdParty:1030 - CMSIS Pack Vendor :STMicroelectronics USB_HOST 1.0.0
2026-05-15 19:11:05,489 [INFO] ThirdParty:1030 - CMSIS Pack Vendor :STMicroelectronics X-CUBE-AZRTOS-G4 2.0.0
2026-05-15 19:11:05,489 [INFO] ThirdParty:1030 - CMSIS Pack Vendor :STMicroelectronics PDM2PCM 3.1.0
2026-05-15 19:11:05,489 [INFO] ThirdParty:1030 - CMSIS Pack Vendor :STMicroelectronics PDM2PCM 3.2.0
2026-05-15 19:11:05,489 [INFO] ThirdParty:1030 - CMSIS Pack Vendor :STMicroelectronics PDM2PCM 3.3.0
2026-05-15 19:11:05,490 [INFO] ThirdParty:841 - exiting critical section [change project]
2026-05-15 19:11:05,558 [INFO] PinOutPanel:1499 - setPackage(No Configuration,No Configuration)
2026-05-15 19:11:05,559 [INFO] PinOutPanel:1499 - setPackage(STM32F103C8Tx,LQFP48)
2026-05-15 19:11:05,668 [INFO] UtilMem:75 - Before build in PCC Used Memory: 854861296 Bytes (1073741824)
2026-05-15 19:11:05,793 [INFO] UtilMem:75 - After build in PCC Used Memory: 896848904 Bytes (1073741824)
2026-05-15 19:11:05,803 [INFO] IPUIPlugin:80 - create IPUIPlugin
2026-05-15 19:11:05,803 [INFO] IPUIPlugin:80 - create IPUIPlugin
2026-05-15 19:11:05,803 [INFO] IPUIPlugin:80 - create IPUIPlugin
2026-05-15 19:11:05,803 [INFO] IPUIPlugin:80 - create IPUIPlugin
2026-05-15 19:11:05,803 [INFO] IPUIPlugin:80 - create IPUIPlugin
2026-05-15 19:11:05,803 [INFO] IPUIPlugin:80 - create IPUIPlugin
2026-05-15 19:11:05,803 [INFO] IPUIPlugin:80 - create IPUIPlugin
2026-05-15 19:11:05,803 [INFO] IPUIPlugin:80 - create IPUIPlugin
2026-05-15 19:11:05,803 [INFO] IPUIPlugin:80 - create IPUIPlugin
2026-05-15 19:11:05,803 [INFO] IPUIPlugin:80 - create IPUIPlugin
2026-05-15 19:11:05,804 [INFO] IPUIPlugin:80 - create IPUIPlugin
2026-05-15 19:11:05,804 [INFO] IPUIPlugin:80 - create IPUIPlugin
2026-05-15 19:11:05,804 [INFO] IPUIPlugin:80 - create IPUIPlugin
2026-05-15 19:11:05,804 [INFO] IPUIPlugin:80 - create IPUIPlugin
2026-05-15 19:11:05,804 [INFO] IPUIPlugin:80 - create IPUIPlugin
2026-05-15 19:11:05,804 [INFO] IPUIPlugin:80 - create IPUIPlugin
2026-05-15 19:11:05,804 [INFO] IPUIPlugin:80 - create IPUIPlugin
2026-05-15 19:11:05,804 [INFO] IPUIPlugin:80 - create IPUIPlugin
2026-05-15 19:11:05,804 [INFO] IPUIPlugin:80 - create IPUIPlugin
2026-05-15 19:11:05,804 [INFO] IPUIPlugin:80 - create IPUIPlugin
2026-05-15 19:11:05,805 [INFO] IPUIPlugin:80 - create IPUIPlugin
2026-05-15 19:11:05,805 [INFO] IPUIPlugin:80 - create IPUIPlugin
2026-05-15 19:11:05,805 [INFO] IPUIPlugin:80 - create IPUIPlugin
2026-05-15 19:11:05,805 [INFO] IPUIPlugin:80 - create IPUIPlugin
2026-05-15 19:11:05,805 [INFO] IPUIPlugin:80 - create IPUIPlugin
2026-05-15 19:11:05,805 [INFO] IPUIPlugin:80 - create IPUIPlugin
2026-05-15 19:11:05,805 [INFO] IPUIPlugin:80 - create IPUIPlugin
2026-05-15 19:11:05,806 [WARN] IP:2114 - I2C_Coeff_DF not found: check if there is a RefParameter without a condition.
2026-05-15 19:11:05,806 [WARN] IP:2114 - Analog_Filter not found: check if there is a RefParameter without a condition.
2026-05-15 19:11:05,832 [INFO] CADModel:165 - CPN selected for project levelSTM32F103C8T6
2026-05-15 19:11:05,832 [INFO] CADModel:114 - Register for checkConnection events
2026-05-15 19:11:05,882 [INFO] OpenFileManager:328 - Restore cursor
2026-05-15 19:11:05,988 [WARN] IP:2114 - I2C_Coeff_DF not found: check if there is a RefParameter without a condition.
2026-05-15 19:11:05,988 [WARN] IP:2114 - Analog_Filter not found: check if there is a RefParameter without a condition.
2026-05-15 19:11:05,988 [WARN] IP:2114 - I2C_Coeff_DF not found: check if there is a RefParameter without a condition.
2026-05-15 19:11:05,988 [WARN] IP:2114 - Analog_Filter not found: check if there is a RefParameter without a condition.
2026-05-15 19:34:06,850 [INFO] MainUpdater:2868 - connection check result : 10
2026-05-15 19:34:06,850 [INFO] MainUpdater:2868 - connection check result : 10
2026-05-15 19:34:06,877 [INFO] MicroXplorer:468 - Change Database Path : 
2026-05-15 19:34:06,877 [INFO] MicroXplorer:498 - Change Database Version : DB.6.0.91
2026-05-15 19:34:06,887 [WARN] ThirdParty:871 - waiting for thirdparty lock release [close project]
2026-05-15 19:34:06,887 [INFO] ThirdParty:873 - entering critical section [close project]
2026-05-15 19:34:06,887 [INFO] ThirdParty:883 - exiting critical section [close project]
2026-05-15 19:34:06,888 [INFO] PinOutPanel:1499 - setPackage(No Configuration,No Configuration)
2026-05-15 19:34:06,889 [INFO] UtilMem:75 - Begin LoadConfig() Used Memory: 850605048 Bytes (1073741824)
2026-05-15 19:34:06,890 [INFO] MicroXplorer:468 - Change Database Path : 
2026-05-15 19:34:06,890 [INFO] MicroXplorer:498 - Change Database Version : DB.6.0.91
2026-05-15 19:34:06,890 [INFO] OpenFileManager:308 - Change cursor
2026-05-15 19:34:06,894 [INFO] Mcu:1946 - Initializing MCU STM32F103C(8-B)Tx STM32F103C8Tx STM32F103C8T6
2026-05-15 19:34:07,167 [INFO] Context:659 - Trying to add GPIOservice into a context  which must be forbidden
2026-05-15 19:34:07,250 [WARN] ModelIntegratedComponent:63 - No mode defined for component null
2026-05-15 19:34:07,250 [WARN] ModelIntegratedComponent:63 - No mode defined for component null
2026-05-15 19:34:07,250 [WARN] ModelIntegratedComponent:63 - No mode defined for component null
2026-05-15 19:34:07,250 [WARN] ModelIntegratedComponent:63 - No mode defined for component null
2026-05-15 19:34:07,250 [WARN] ModelIntegratedComponent:63 - No mode defined for component null
2026-05-15 19:34:07,250 [WARN] ModelIntegratedComponent:63 - No mode defined for component null
2026-05-15 19:34:07,250 [WARN] ModelIntegratedComponent:63 - No mode defined for component null
2026-05-15 19:34:07,250 [WARN] ModelIntegratedComponent:63 - No mode defined for component null
2026-05-15 19:34:07,250 [WARN] ModelIntegratedComponent:63 - No mode defined for component null
2026-05-15 19:34:07,250 [WARN] ModelIntegratedComponent:63 - No mode defined for component null
2026-05-15 19:34:07,250 [WARN] ModelIntegratedComponent:63 - No mode defined for component null
2026-05-15 19:34:07,250 [WARN] ModelIntegratedComponent:63 - No mode defined for component null
2026-05-15 19:34:07,250 [WARN] ModelIntegratedComponent:63 - No mode defined for component null
2026-05-15 19:34:07,250 [WARN] ModelIntegratedComponent:63 - No mode defined for component null
2026-05-15 19:34:07,250 [WARN] ModelIntegratedComponent:63 - No mode defined for component null
2026-05-15 19:34:07,250 [WARN] ModelIntegratedComponent:63 - No mode defined for component null
2026-05-15 19:34:07,250 [WARN] ModelIntegratedComponent:63 - No mode defined for component null
2026-05-15 19:34:07,250 [WARN] ModelIntegratedComponent:63 - No mode defined for component null
2026-05-15 19:34:07,250 [WARN] ModelIntegratedComponent:63 - No mode defined for component null
2026-05-15 19:34:07,250 [WARN] ModelIntegratedComponent:63 - No mode defined for component null
2026-05-15 19:34:07,250 [WARN] ModelIntegratedComponent:63 - No mode defined for component null
2026-05-15 19:34:07,250 [WARN] ModelIntegratedComponent:63 - No mode defined for component null
2026-05-15 19:34:07,251 [WARN] ModelIntegratedComponent:63 - No mode defined for component null
2026-05-15 19:34:07,251 [WARN] ModelIntegratedComponent:63 - No mode defined for component null
2026-05-15 19:34:07,251 [WARN] ModelIntegratedComponent:63 - No mode defined for component null
2026-05-15 19:34:07,251 [WARN] ModelIntegratedComponent:63 - No mode defined for component null
2026-05-15 19:34:07,251 [WARN] ModelIntegratedComponent:63 - No mode defined for component null
2026-05-15 19:34:07,251 [WARN] ModelIntegratedComponent:63 - No mode defined for component null
2026-05-15 19:34:07,251 [WARN] ModelIntegratedComponent:63 - No mode defined for component null
2026-05-15 19:34:07,251 [WARN] ModelIntegratedComponent:63 - No mode defined for component null
2026-05-15 19:34:07,251 [WARN] ModelIntegratedComponent:63 - No mode defined for component null
2026-05-15 19:34:07,251 [WARN] ModelIntegratedComponent:63 - No mode defined for component null
2026-05-15 19:34:07,251 [WARN] ModelIntegratedComponent:63 - No mode defined for component null
2026-05-15 19:34:07,252 [INFO] RtosManager:555 - Registered RTOS mode: class=CMSIS, group=RTOS, mode=CMSIS_V1, owner=FREERTOS
2026-05-15 19:34:07,252 [INFO] RtosManager:555 - Registered RTOS mode: class=CMSIS, group=RTOS2, mode=CMSIS_V2, owner=FREERTOS
2026-05-15 19:34:07,252 [INFO] RtosManager:555 - Registered RTOS mode: class=RTOS, group=Core, mode=CMSIS_V1, owner=FREERTOS
2026-05-15 19:34:07,252 [INFO] RtosManager:555 - Registered RTOS mode: class=RTOS, group=Core, mode=CMSIS_V2, owner=FREERTOS
2026-05-15 19:34:07,252 [WARN] ModelIntegratedComponent:184 - Missing modes for component STMicroelectronics:FreeRTOS:0.0.1:STMicroelectronics:RTOS:FreeRTOS:Core:::10.2.0:
2026-05-15 19:34:07,256 [INFO] ThirdPartyModel:298 - Start build external matchings
2026-05-15 19:34:07,267 [INFO] ThirdPartyModel:316 - End build external matchings
2026-05-15 19:34:07,415 [INFO] UtilMem:75 - End LoadConfig() Used Memory: 824608496 Bytes (1073741824)
2026-05-15 19:34:07,438 [WARN] ThirdParty:833 - waiting for thirdparty lock release [change project]
2026-05-15 19:34:07,438 [INFO] ThirdParty:835 - entering critical section [change project]
2026-05-15 19:34:07,438 [INFO] ThirdParty:1030 - CMSIS Pack Vendor :STMicroelectronics USBPD 4.1
2026-05-15 19:34:07,438 [INFO] ThirdParty:1030 - CMSIS Pack Vendor :STMicroelectronics X-CUBE-DISPLAY 3.0.0
2026-05-15 19:34:07,438 [INFO] ThirdParty:1030 - CMSIS Pack Vendor :STMicroelectronics USB_HOST 2.0.0
2026-05-15 19:34:07,438 [INFO] ThirdParty:1030 - CMSIS Pack Vendor :STMicroelectronics X-CUBE-AZRTOS-F4 1.1.0
2026-05-15 19:34:07,438 [INFO] ThirdParty:1030 - CMSIS Pack Vendor :STMicroelectronics LIBJPEG 8.0.0
2026-05-15 19:34:07,438 [INFO] ThirdParty:1030 - CMSIS Pack Vendor :STMicroelectronics FP-ATR-SIGFOX1 3.2.0
2026-05-15 19:34:07,438 [INFO] ThirdParty:1030 - CMSIS Pack Vendor :STMicroelectronics X-CUBE-SMBUS 2.1.0
2026-05-15 19:34:07,438 [INFO] ThirdParty:1030 - CMSIS Pack Vendor :STMicroelectronics USB_DEVICE 3.0.0
2026-05-15 19:34:07,438 [INFO] ThirdParty:1030 - CMSIS Pack Vendor :STMicroelectronics HAL Drivers 0.0.0
2026-05-15 19:34:07,438 [INFO] ThirdParty:1030 - CMSIS Pack Vendor :STMicroelectronics MBEDTLS 2.16.2
2026-05-15 19:34:07,438 [INFO] ThirdParty:1030 - CMSIS Pack Vendor :STMicroelectronics MBEDTLS 2.14.1
2026-05-15 19:34:07,438 [INFO] ThirdParty:1030 - CMSIS Pack Vendor :STMicroelectronics X-CUBE-AZRTOS-F7 1.1.0
2026-05-15 19:34:07,438 [INFO] ThirdParty:1030 - CMSIS Pack Vendor :STMicroelectronics USB_DEVICE 2.0.0
2026-05-15 19:34:07,438 [INFO] ThirdParty:1030 - CMSIS Pack Vendor :STMicroelectronics ThreadX 1.0.0
2026-05-15 19:34:07,438 [INFO] ThirdParty:1030 - CMSIS Pack Vendor :STMicroelectronics X-CUBE-AZRTOS-WL 2.0.0
2026-05-15 19:34:07,438 [INFO] ThirdParty:1030 - CMSIS Pack Vendor :STMicroelectronics FreeRTOS 0.0.1
2026-05-15 19:34:07,438 [INFO] ThirdParty:1030 - CMSIS Pack Vendor :STMicroelectronics X-CUBE-AZRTOS-G0 1.1.0
2026-05-15 19:34:07,438 [INFO] ThirdParty:1030 - CMSIS Pack Vendor :STMicroelectronics USB_DEVICE 1.0.0
2026-05-15 19:34:07,438 [INFO] ThirdParty:1030 - CMSIS Pack Vendor :STMicroelectronics X-CUBE-SUBG2 5.0.0
2026-05-15 19:34:07,438 [INFO] ThirdParty:1030 - CMSIS Pack Vendor :STMicroelectronics X-CUBE-NFC4 3.0.0
2026-05-15 19:34:07,438 [INFO] ThirdParty:1030 - CMSIS Pack Vendor :STMicroelectronics STM32_WPAN 1.0.0
2026-05-15 19:34:07,438 [INFO] ThirdParty:1030 - CMSIS Pack Vendor :STMicroelectronics X-CUBE-AZRTOS-L4 2.0.0
2026-05-15 19:34:07,438 [INFO] ThirdParty:1030 - CMSIS Pack Vendor :STMicroelectronics ThreadX 0.0.2
2026-05-15 19:34:07,438 [INFO] ThirdParty:1030 - CMSIS Pack Vendor :STMicroelectronics lwIP 2.0.3
2026-05-15 19:34:07,438 [INFO] ThirdParty:1030 - CMSIS Pack Vendor :STMicroelectronics lwIP 2.1.2
2026-05-15 19:34:07,438 [INFO] ThirdParty:1030 - CMSIS Pack Vendor :STMicroelectronics X-CUBE-SFXS2LP1 4.0.0
2026-05-15 19:34:07,438 [INFO] ThirdParty:1030 - CMSIS Pack Vendor :STMicroelectronics X-CUBE-BLE2 3.3.0
2026-05-15 19:34:07,438 [INFO] ThirdParty:1030 - CMSIS Pack Vendor :STMicroelectronics USB_HOST 1.0.0
2026-05-15 19:34:07,438 [INFO] ThirdParty:1030 - CMSIS Pack Vendor :STMicroelectronics X-CUBE-AZRTOS-G4 2.0.0
2026-05-15 19:34:07,438 [INFO] ThirdParty:1030 - CMSIS Pack Vendor :STMicroelectronics PDM2PCM 3.1.0
2026-05-15 19:34:07,438 [INFO] ThirdParty:1030 - CMSIS Pack Vendor :STMicroelectronics PDM2PCM 3.2.0
2026-05-15 19:34:07,438 [INFO] ThirdParty:1030 - CMSIS Pack Vendor :STMicroelectronics PDM2PCM 3.3.0
2026-05-15 19:34:07,438 [INFO] ThirdParty:841 - exiting critical section [change project]
2026-05-15 19:34:07,510 [INFO] PinOutPanel:1499 - setPackage(No Configuration,No Configuration)
2026-05-15 19:34:07,510 [INFO] PinOutPanel:1499 - setPackage(STM32F103C8Tx,LQFP48)
2026-05-15 19:34:07,612 [INFO] UtilMem:75 - Before build in PCC Used Memory: 904099344 Bytes (1073741824)
2026-05-15 19:34:07,724 [INFO] UtilMem:75 - After build in PCC Used Memory: 780611584 Bytes (1073741824)
2026-05-15 19:34:07,743 [INFO] IPUIPlugin:80 - create IPUIPlugin
2026-05-15 19:34:07,743 [INFO] IPUIPlugin:80 - create IPUIPlugin
2026-05-15 19:34:07,743 [INFO] IPUIPlugin:80 - create IPUIPlugin
2026-05-15 19:34:07,743 [INFO] IPUIPlugin:80 - create IPUIPlugin
2026-05-15 19:34:07,743 [INFO] IPUIPlugin:80 - create IPUIPlugin
2026-05-15 19:34:07,743 [INFO] IPUIPlugin:80 - create IPUIPlugin
2026-05-15 19:34:07,743 [INFO] IPUIPlugin:80 - create IPUIPlugin
2026-05-15 19:34:07,743 [INFO] IPUIPlugin:80 - create IPUIPlugin
2026-05-15 19:34:07,744 [INFO] IPUIPlugin:80 - create IPUIPlugin
2026-05-15 19:34:07,744 [INFO] IPUIPlugin:80 - create IPUIPlugin
2026-05-15 19:34:07,744 [INFO] IPUIPlugin:80 - create IPUIPlugin
2026-05-15 19:34:07,744 [INFO] IPUIPlugin:80 - create IPUIPlugin
2026-05-15 19:34:07,744 [INFO] IPUIPlugin:80 - create IPUIPlugin
2026-05-15 19:34:07,744 [INFO] IPUIPlugin:80 - create IPUIPlugin
2026-05-15 19:34:07,744 [INFO] IPUIPlugin:80 - create IPUIPlugin
2026-05-15 19:34:07,744 [INFO] IPUIPlugin:80 - create IPUIPlugin
2026-05-15 19:34:07,744 [INFO] IPUIPlugin:80 - create IPUIPlugin
2026-05-15 19:34:07,744 [INFO] IPUIPlugin:80 - create IPUIPlugin
2026-05-15 19:34:07,744 [INFO] IPUIPlugin:80 - create IPUIPlugin
2026-05-15 19:34:07,744 [INFO] IPUIPlugin:80 - create IPUIPlugin
2026-05-15 19:34:07,744 [INFO] IPUIPlugin:80 - create IPUIPlugin
2026-05-15 19:34:07,745 [INFO] IPUIPlugin:80 - create IPUIPlugin
2026-05-15 19:34:07,745 [INFO] IPUIPlugin:80 - create IPUIPlugin
2026-05-15 19:34:07,745 [INFO] IPUIPlugin:80 - create IPUIPlugin
2026-05-15 19:34:07,745 [INFO] IPUIPlugin:80 - create IPUIPlugin
2026-05-15 19:34:07,745 [INFO] IPUIPlugin:80 - create IPUIPlugin
2026-05-15 19:34:07,745 [INFO] IPUIPlugin:80 - create IPUIPlugin
2026-05-15 19:34:07,746 [WARN] IP:2114 - I2C_Coeff_DF not found: check if there is a RefParameter without a condition.
2026-05-15 19:34:07,746 [WARN] IP:2114 - Analog_Filter not found: check if there is a RefParameter without a condition.
2026-05-15 19:34:07,770 [INFO] CADModel:165 - CPN selected for project levelSTM32F103C8T6
2026-05-15 19:34:07,770 [INFO] CADModel:114 - Register for checkConnection events
2026-05-15 19:34:07,820 [INFO] OpenFileManager:328 - Restore cursor
2026-05-15 19:34:07,920 [WARN] IP:2114 - I2C_Coeff_DF not found: check if there is a RefParameter without a condition.
2026-05-15 19:34:07,920 [WARN] IP:2114 - Analog_Filter not found: check if there is a RefParameter without a condition.
2026-05-15 19:34:07,920 [WARN] IP:2114 - I2C_Coeff_DF not found: check if there is a RefParameter without a condition.
2026-05-15 19:34:07,920 [WARN] IP:2114 - Analog_Filter not found: check if there is a RefParameter without a condition.
2026-05-15 19:34:13,214 [WARN] IP:2114 - I2C_Coeff_DF not found: check if there is a RefParameter without a condition.
2026-05-15 19:34:13,214 [WARN] IP:2114 - Analog_Filter not found: check if there is a RefParameter without a condition.
2026-05-15 20:46:15,970 [INFO] MainUpdater:2868 - connection check result : 10
2026-05-15 20:46:15,970 [INFO] McuFinderGlobals:76 - Set McuFinderConnectedMode to true
2026-05-15 20:46:16,401 [INFO] ServerAccessManage:473 - Download File mcusAds.json._tmp_
2026-05-15 20:46:16,533 [INFO] LoadUrlFilesThread:156 - End of LoadUrlFiles Thread
2026-05-15 20:46:16,705 [INFO] ServerAccessManage:473 - Download File cube-finder-db.zip
2026-05-15 20:46:23,030 [INFO] FileExtend:240 - Unzip File : cube-finder-db.zip
2026-05-15 20:46:23,030 [INFO] FileExtend:255 - Standard Zip Deflate
2026-05-15 20:46:23,624 [INFO] LoadUrlFilesThread:156 - End of LoadUrlFiles Thread
2026-05-15 20:46:24,952 [INFO] ServerAccessManage:473 - Download File crdb.zip
2026-05-15 20:46:27,772 [INFO] FileExtend:240 - Unzip File : crdb.zip
2026-05-15 20:46:27,772 [INFO] FileExtend:255 - Standard Zip Deflate
2026-05-15 20:46:27,903 [INFO] LoadUrlFilesThread:156 - End of LoadUrlFiles Thread
2026-05-15 20:46:27,986 [INFO] ServerAccessManage:473 - Download File tutoVideoDB.zip
2026-05-15 20:46:28,272 [INFO] FileExtend:240 - Unzip File : tutoVideoDB.zip
2026-05-15 20:46:28,272 [INFO] FileExtend:255 - Standard Zip Deflate
2026-05-15 20:46:28,391 [INFO] LoadUrlFilesThread:156 - End of LoadUrlFiles Thread
2026-05-15 20:46:28,392 [WARN] DbFile:41 - Overriding database path with different value: C:\Users\Admin\.stmcufinder\plugins\mcufinder/ => C:\Users\Admin\.stmcufinder\plugins\mcufinder
2026-05-15 20:46:29,004 [ERROR] ServerAccessManage:1089 - Problem, file not found on Server
2026-05-15 20:46:29,004 [ERROR] ServerAccessManage:651 - Problem, file not found on Server : api_config.json.
2026-05-15 20:47:04,520 [INFO] LoadUrlFilesThread:156 - End of LoadUrlFiles Thread
2026-05-15 20:47:05,463 [INFO] DbMcusAds:53 - JSON generation date=Mon Apr 27 15:14:29 GMT+07:00 2026 (1777277669577)
2026-05-15 20:47:05,466 [INFO] ApiDb:448 - Save user favorites file C:\Users\Admin/.stm32cubeide/favorites.mcus.txt: 2 item(s)
2026-05-15 20:47:05,466 [INFO] ApiDb:452 - User favorites MCUs=[STM32F103C8T6, STM32F405RGT6]
2026-05-15 20:47:05,471 [INFO] ApiDb:581 - Connected to CubeFinder SQLite database (C:\Users\Admin\.stmcufinder\plugins\mcufinder\mcu\cube-finder-db.db)
2026-05-15 20:47:05,528 [INFO] ApiDb:668 - CubeFinder database Data Model version=2.1
2026-05-15 20:47:05,528 [INFO] ApiDb:669 - CubeFinder database Configuration version=3.0.42
2026-05-15 20:47:05,528 [INFO] ApiDb:670 - CubeFinder database generation date=2026-05-06 (1778060171)
2026-05-15 20:47:05,528 [INFO] ApiDb:671 - CubeFinder database FW Pack versions=[FP-ATR-ASTRA1_V2.0.0, FP-SNS-FLIGHT1_V5.1.0, FP-SNS-MOTENV1_V5.1.0, FP-SNS-MOTENVWB1_V1.5.0, FP-SNS-SMARTAG2_V1.2.0, FP-SNS-STBOX1_V2.1.0, STM32Cube_FW_C0_V1.4.0, STM32Cube_FW_F4_V1.28.3, STM32Cube_FW_F7_V1.17.4, STM32Cube_FW_G0_V1.6.3, STM32Cube_FW_G4_V1.6.2, STM32Cube_FW_H5_V1.6.0, STM32Cube_FW_H7RS_V1.3.0, STM32Cube_FW_H7_V1.13.0, STM32Cube_FW_L0_V1.12.2, STM32Cube_FW_L4_V1.18.2, STM32Cube_FW_L5_V1.6.0, STM32Cube_FW_N6_V1.3.0, STM32Cube_FW_U0_V1.3.0, STM32Cube_FW_U3_V1.3.0, STM32Cube_FW_U5_V1.8.0, STM32Cube_FW_WB0_V1.4.0, STM32Cube_FW_WBA_V1.9.0, STM32Cube_FW_WB_V1.24.0, STM32Cube_FW_WL3_V1.4.0, STM32Cube_FW_WL_V1.5.0, X-CUBE-ALGOBUILD_V1.4.0, X-CUBE-ALS_V1.0.2, X-CUBE-AZRTOS-F4_V1.1.0, X-CUBE-AZRTOS-F7_V1.1.0, X-CUBE-AZRTOS-G0_V1.1.0, X-CUBE-AZRTOS-G4_V2.0.0, X-CUBE-AZRTOS-H7RS_V1.1.0, X-CUBE-AZRTOS-H7_V3.5.0, X-CUBE-AZRTOS-L4_V2.0.0, X-CUBE-AZRTOS-L5_V2.0.0, X-CUBE-AZRTOS-WB_V2.0.0, X-CUBE-AZRTOS-WL_V2.0.0, X-CUBE-BLE1_V7.1.0, X-CUBE-BLE2_V3.3.0, X-CUBE-BLEMGR_V4.1.0, X-CUBE-EEPRMA1_V5.2.0, X-CUBE-FREERTOS_V1.5.0, X-CUBE-GNSS1_V6.0.0, X-CUBE-MEMS1_V12.0.0, X-CUBE-NFC4_V3.0.0, X-CUBE-NFC7_V2.0.0, X-CUBE-SFXS2LP1_V4.0.0, X-CUBE-ST67W61_V1.2.0, X-CUBE-SUBG2_V5.0.0, X-CUBE-TOF1_V3.4.3]
2026-05-15 20:47:07,343 [INFO] ApiDb:240 - Found 323 in-development CPN: [B-G473E-ZEST1S, B-WB1M-WPAN1, B-WL5M-SUBG1, NUCLEO-C031C6, NUCLEO-H503RB, NUCLEO-H563ZI, NUCLEO-U545RE-Q, NUCLEO-U5A5ZJ-Q, NUCLEO-WBA52CG, STEVAL-PROTEUS1, STEVAL-SMARTAG2, STEVAL-STWINBX1, STM320518-EVAL, STM32C0116-DK, STM32C011D6Y3TR, STM32C011D6Y6TR, STM32C011F4P3, STM32C011F4P6, STM32C011F4U3, STM32C011F4U6TR, STM32C011F6P3, STM32C011F6P6, STM32C011F6U3, STM32C011F6U6TR, STM32C011J4M3, STM32C011J4M6, STM32C011J6M3, STM32C011J6M6, STM32C0316-DK, STM32C031C4T3, STM32C031C4T6, STM32C031C4U3, STM32C031C4U6, STM32C031C6T3, STM32C031C6T6, STM32C031C6U3, STM32C031C6U6, STM32C031F4P3, STM32C031F4P6, STM32C031F6P3, STM32C031F6P6, STM32C031G4U3, STM32C031G4U6, STM32C031G6U3, STM32C031G6U6, STM32C031K4T3, STM32C031K4T6, STM32C031K4U3, STM32C031K4U6, STM32C031K6T3, STM32C031K6T6, STM32C031K6U3, STM32C031K6U6, STM32G071K8TXN, STM32G071K8UXN, STM32G081GBU6N, STM32G081KBT6N, STM32G081KBUXN, STM32G0B1CCT6N, STM32G0B1KCT6, STM32G0B1NEY6TR, STM32G0B1RCT6N, STM32G0C1CCT6, STM32G0C1CCT6N, STM32G0C1CCU6N, STM32G0C1CET6N, STM32G0C1CEU6N, STM32G0C1KCT6, STM32G0C1NEY6TR, STM32G0C1RCI6N, STM32G0C1RCT6N, STM32G0C1REI6N, STM32G0C1RET6N, STM32G0C1VCI6, STM32G0C1VEI6, STM32G471CCT6, STM32G471CCU6, STM32G471CET3, STM32G471CET6, STM32G471CEU3, STM32G471CEU6, STM32G471MCT6, STM32G471MET3, STM32G471MET6, STM32G471MEY6TR, STM32G471QCT6, STM32G471QET3, STM32G471RCT6, STM32G471RET3, STM32G471RET6, STM32G471VCH6, STM32G471VCI6, STM32G471VCT6, STM32G471VEH3, STM32G471VEH6, STM32G471VEI3, STM32G471VEI6, STM32G471VET3, STM32G471VET6, STM32G474CCT6, STM32H503CBT6, STM32H503CBU6, STM32H503EBY6TR, STM32H503KBU6, STM32H503RBT6, STM32H562AGI6, STM32H562AII6, STM32H562IGK6, STM32H562IGT6, STM32H562IIK6, STM32H562IIT6, STM32H562RGT6, STM32H562RGV6, STM32H562RIT6, STM32H562RIV6, STM32H562VGT6, STM32H562VIT6, STM32H562ZGT6, STM32H562ZIT6, STM32H563AGI6, STM32H563AII3Q, STM32H563AII6, STM32H563IGK6, STM32H563IGT6, STM32H563IIK3Q, STM32H563IIK6, STM32H563IIT3Q, STM32H563IIT6, STM32H563MIY3QTR, STM32H563RGT6, STM32H563RGV6, STM32H563RIT6, STM32H563RIV6, STM32H563VGT6, STM32H563VIT3Q, STM32H563VIT6, STM32H563ZGT6, STM32H563ZIT3Q, STM32H563ZIT6, STM32H573AII3Q, STM32H573AII6, STM32H573I-DK, STM32H573IIK3Q, STM32H573IIK6, STM32H573IIT3Q, STM32H573IIT6, STM32H573MIY3QTR, STM32H573RIT6, STM32H573RIV6, STM32H573VIT3Q, STM32H573VIT6, STM32H573ZIT3Q, STM32H573ZIT6, STM32L4R5QGI6STR, STM32MP131AAE3, STM32MP131AAF3, STM32MP131AAG3, STM32MP131CAE3, STM32MP131CAF3, STM32MP131CAG3, STM32MP131DAE7, STM32MP131DAF7, STM32MP131DAG7, STM32MP131FAE7, STM32MP131FAF7, STM32MP131FAG7, STM32MP133AAE3, STM32MP133AAF3, STM32MP133AAG3, STM32MP133CAE3, STM32MP133CAF3, STM32MP133CAG3, STM32MP133DAE7, STM32MP133DAF7, STM32MP133DAG7, STM32MP133FAE7, STM32MP133FAF7, STM32MP133FAG7, STM32MP135AAE3, STM32MP135AAF3, STM32MP135AAG3, STM32MP135CAE3, STM32MP135CAF3, STM32MP135CAG3, STM32MP135DAE7, STM32MP135DAF7, STM32MP135DAG7, STM32MP135F-DK, STM32MP135FAE7, STM32MP135FAF7, STM32MP135FAF7T, STM32MP135FAF7U, STM32MP135FAG7, STM32U535CBT6, STM32U535CBT6Q, STM32U535CBU6, STM32U535CBU6Q, STM32U535CCT6, STM32U535CCT6Q, STM32U535CCU6, STM32U535CCU6Q, STM32U535CET6, STM32U535CET6Q, STM32U535CEU6, STM32U535CEU6Q, STM32U535JEY6QTR, STM32U535NCY6QTR, STM32U535NEY6QTR, STM32U535RBI6, STM32U535RBI6Q, STM32U535RBT6, STM32U535RBT6Q, STM32U535RCI6, STM32U535RCI6Q, STM32U535RCT6, STM32U535RCT6Q, STM32U535REI6, STM32U535REI6Q, STM32U535RET6, STM32U535RET6Q, STM32U535VCI6, STM32U535VCI6Q, STM32U535VCT6, STM32U535VCT6Q, STM32U535VEI6, STM32U535VEI6Q, STM32U535VET6, STM32U535VET6Q, STM32U545CET6, STM32U545CET6Q, STM32U545CEU6, STM32U545CEU6Q, STM32U545JEY6QTR, STM32U545NEY6QTR, STM32U545REI6, STM32U545REI6Q, STM32U545RET6, STM32U545RET6Q, STM32U545VEI6, STM32U545VEI6Q, STM32U545VET6, STM32U545VET6Q, STM32U595AIH6, STM32U595AIH6Q, STM32U595AJH6, STM32U595AJH6Q, STM32U595QII6, STM32U595QII6Q, STM32U595QJI6, STM32U595QJI6Q, STM32U595RIT6, STM32U595RIT6Q, STM32U595RJT6, STM32U595RJT6Q, STM32U595VIT6, STM32U595VIT6Q, STM32U595VJT6, STM32U595VJT6Q, STM32U595ZIT6, STM32U595ZIT6Q, STM32U595ZIY6QTR, STM32U595ZJT6, STM32U595ZJT6Q, STM32U595ZJY6QTR, STM32U599BJY6QTR, STM32U599NIH6Q, STM32U599NJH6Q, STM32U599VIT6Q, STM32U599VJT6, STM32U599VJT6Q, STM32U599ZIT6Q, STM32U599ZIY6QTR, STM32U599ZJT6Q, STM32U599ZJY6QTR, STM32U5A5AJH6, STM32U5A5AJH6Q, STM32U5A5QJI6, STM32U5A5QJI6Q, STM32U5A5RJT6, STM32U5A5RJT6Q, STM32U5A5VJT6, STM32U5A5VJT6Q, STM32U5A5ZJT6, STM32U5A5ZJT6Q, STM32U5A5ZJY6QTR, STM32U5A9BJY6QTR, STM32U5A9J-DK, STM32U5A9NJH6Q, STM32U5A9VJT6Q, STM32U5A9ZJT6Q, STM32U5A9ZJY6QTR, STM32U5F7VIT6, STM32U5F7VIT6Q, STM32U5F7VJT6, STM32U5F7VJT6Q, STM32U5F9BJY6QTR, STM32U5F9NJH6Q, STM32U5F9VIT6Q, STM32U5F9VJT6Q, STM32U5F9ZIJ6QTR, STM32U5F9ZIT6Q, STM32U5F9ZJJ6QTR, STM32U5F9ZJT6Q, STM32U5G7VJT6, STM32U5G7VJT6Q, STM32U5G9BJY6QTR, STM32U5G9J-DK1, STM32U5G9J-DK2, STM32U5G9NJH6Q, STM32U5G9VJT6Q, STM32U5G9ZJJ6QTR, STM32U5G9ZJT6Q, STM32WB1MMCH6, STM32WBA52CEU6, STM32WBA52CEU6T, STM32WBA52CGU6, STM32WBA52CGU6T, STM32WBA52KEU6, STM32WBA52KEU6T, STM32WBA52KGU6, STM32WBA52KGU6T, STM32WL5MOCH6, STM32WL5MOCH6TR]
2026-05-15 20:47:07,345 [INFO] DbMcus:217 - Found 5061 MCUs, 4943 are supported
2026-05-15 20:47:07,346 [INFO] ApiDb:423 - Load user favorites file C:\Users\Admin/.stm32cubeide/favorites.mcus.txt: 2 item(s)
2026-05-15 20:47:07,346 [INFO] ApiDb:427 - User favorites MCUs=[STM32F103C8T6, STM32F405RGT6]
2026-05-15 20:47:07,346 [INFO] DbMcus:223 - Set 2 / 2 favorites MCUs
2026-05-15 20:47:07,593 [INFO] ApiDb:448 - Save user favorites file C:\Users\Admin/.stm32cubeide/favorites.boards.txt: 0 item(s)
2026-05-15 20:47:07,593 [INFO] ApiDb:452 - User favorites Boards=[]
2026-05-15 20:47:07,594 [INFO] ApiDb:581 - Connected to CubeFinder SQLite database (C:\Users\Admin\.stmcufinder\plugins\mcufinder\mcu\cube-finder-db.db)
2026-05-15 20:47:07,652 [INFO] ApiDb:668 - CubeFinder database Data Model version=2.1
2026-05-15 20:47:07,652 [INFO] ApiDb:669 - CubeFinder database Configuration version=3.0.42
2026-05-15 20:47:07,652 [INFO] ApiDb:670 - CubeFinder database generation date=2026-05-06 (1778060171)
2026-05-15 20:47:07,652 [INFO] ApiDb:671 - CubeFinder database FW Pack versions=[FP-ATR-ASTRA1_V2.0.0, FP-SNS-FLIGHT1_V5.1.0, FP-SNS-MOTENV1_V5.1.0, FP-SNS-MOTENVWB1_V1.5.0, FP-SNS-SMARTAG2_V1.2.0, FP-SNS-STBOX1_V2.1.0, STM32Cube_FW_C0_V1.4.0, STM32Cube_FW_F4_V1.28.3, STM32Cube_FW_F7_V1.17.4, STM32Cube_FW_G0_V1.6.3, STM32Cube_FW_G4_V1.6.2, STM32Cube_FW_H5_V1.6.0, STM32Cube_FW_H7RS_V1.3.0, STM32Cube_FW_H7_V1.13.0, STM32Cube_FW_L0_V1.12.2, STM32Cube_FW_L4_V1.18.2, STM32Cube_FW_L5_V1.6.0, STM32Cube_FW_N6_V1.3.0, STM32Cube_FW_U0_V1.3.0, STM32Cube_FW_U3_V1.3.0, STM32Cube_FW_U5_V1.8.0, STM32Cube_FW_WB0_V1.4.0, STM32Cube_FW_WBA_V1.9.0, STM32Cube_FW_WB_V1.24.0, STM32Cube_FW_WL3_V1.4.0, STM32Cube_FW_WL_V1.5.0, X-CUBE-ALGOBUILD_V1.4.0, X-CUBE-ALS_V1.0.2, X-CUBE-AZRTOS-F4_V1.1.0, X-CUBE-AZRTOS-F7_V1.1.0, X-CUBE-AZRTOS-G0_V1.1.0, X-CUBE-AZRTOS-G4_V2.0.0, X-CUBE-AZRTOS-H7RS_V1.1.0, X-CUBE-AZRTOS-H7_V3.5.0, X-CUBE-AZRTOS-L4_V2.0.0, X-CUBE-AZRTOS-L5_V2.0.0, X-CUBE-AZRTOS-WB_V2.0.0, X-CUBE-AZRTOS-WL_V2.0.0, X-CUBE-BLE1_V7.1.0, X-CUBE-BLE2_V3.3.0, X-CUBE-BLEMGR_V4.1.0, X-CUBE-EEPRMA1_V5.2.0, X-CUBE-FREERTOS_V1.5.0, X-CUBE-GNSS1_V6.0.0, X-CUBE-MEMS1_V12.0.0, X-CUBE-NFC4_V3.0.0, X-CUBE-NFC7_V2.0.0, X-CUBE-SFXS2LP1_V4.0.0, X-CUBE-ST67W61_V1.2.0, X-CUBE-SUBG2_V5.0.0, X-CUBE-TOF1_V3.4.3]
2026-05-15 20:47:07,685 [INFO] DbBoardsSqlite:226 - include board P-NUCLEO-WB55-NUCLEO as a kit item of type 'Nucleo-64'
2026-05-15 20:47:07,686 [INFO] DbBoardsSqlite:226 - include board P-NUCLEO-WB55-USBDONGLE as a kit item of type 'Nucleo USB Dongle'
2026-05-15 20:47:07,686 [INFO] DbBoardsSqlite:226 - include board STEVAL-IDP005V1 as a kit item of type 'Evaluation Board'
2026-05-15 20:47:07,686 [INFO] DbBoardsSqlite:226 - include board STEVAL-IDP005V2 as a kit item of type 'Evaluation Board'
2026-05-15 20:47:07,738 [INFO] ApiDb:240 - Found 323 in-development CPN: [B-G473E-ZEST1S, B-WB1M-WPAN1, B-WL5M-SUBG1, NUCLEO-C031C6, NUCLEO-H503RB, NUCLEO-H563ZI, NUCLEO-U545RE-Q, NUCLEO-U5A5ZJ-Q, NUCLEO-WBA52CG, STEVAL-PROTEUS1, STEVAL-SMARTAG2, STEVAL-STWINBX1, STM320518-EVAL, STM32C0116-DK, STM32C011D6Y3TR, STM32C011D6Y6TR, STM32C011F4P3, STM32C011F4P6, STM32C011F4U3, STM32C011F4U6TR, STM32C011F6P3, STM32C011F6P6, STM32C011F6U3, STM32C011F6U6TR, STM32C011J4M3, STM32C011J4M6, STM32C011J6M3, STM32C011J6M6, STM32C0316-DK, STM32C031C4T3, STM32C031C4T6, STM32C031C4U3, STM32C031C4U6, STM32C031C6T3, STM32C031C6T6, STM32C031C6U3, STM32C031C6U6, STM32C031F4P3, STM32C031F4P6, STM32C031F6P3, STM32C031F6P6, STM32C031G4U3, STM32C031G4U6, STM32C031G6U3, STM32C031G6U6, STM32C031K4T3, STM32C031K4T6, STM32C031K4U3, STM32C031K4U6, STM32C031K6T3, STM32C031K6T6, STM32C031K6U3, STM32C031K6U6, STM32G071K8TXN, STM32G071K8UXN, STM32G081GBU6N, STM32G081KBT6N, STM32G081KBUXN, STM32G0B1CCT6N, STM32G0B1KCT6, STM32G0B1NEY6TR, STM32G0B1RCT6N, STM32G0C1CCT6, STM32G0C1CCT6N, STM32G0C1CCU6N, STM32G0C1CET6N, STM32G0C1CEU6N, STM32G0C1KCT6, STM32G0C1NEY6TR, STM32G0C1RCI6N, STM32G0C1RCT6N, STM32G0C1REI6N, STM32G0C1RET6N, STM32G0C1VCI6, STM32G0C1VEI6, STM32G471CCT6, STM32G471CCU6, STM32G471CET3, STM32G471CET6, STM32G471CEU3, STM32G471CEU6, STM32G471MCT6, STM32G471MET3, STM32G471MET6, STM32G471MEY6TR, STM32G471QCT6, STM32G471QET3, STM32G471RCT6, STM32G471RET3, STM32G471RET6, STM32G471VCH6, STM32G471VCI6, STM32G471VCT6, STM32G471VEH3, STM32G471VEH6, STM32G471VEI3, STM32G471VEI6, STM32G471VET3, STM32G471VET6, STM32G474CCT6, STM32H503CBT6, STM32H503CBU6, STM32H503EBY6TR, STM32H503KBU6, STM32H503RBT6, STM32H562AGI6, STM32H562AII6, STM32H562IGK6, STM32H562IGT6, STM32H562IIK6, STM32H562IIT6, STM32H562RGT6, STM32H562RGV6, STM32H562RIT6, STM32H562RIV6, STM32H562VGT6, STM32H562VIT6, STM32H562ZGT6, STM32H562ZIT6, STM32H563AGI6, STM32H563AII3Q, STM32H563AII6, STM32H563IGK6, STM32H563IGT6, STM32H563IIK3Q, STM32H563IIK6, STM32H563IIT3Q, STM32H563IIT6, STM32H563MIY3QTR, STM32H563RGT6, STM32H563RGV6, STM32H563RIT6, STM32H563RIV6, STM32H563VGT6, STM32H563VIT3Q, STM32H563VIT6, STM32H563ZGT6, STM32H563ZIT3Q, STM32H563ZIT6, STM32H573AII3Q, STM32H573AII6, STM32H573I-DK, STM32H573IIK3Q, STM32H573IIK6, STM32H573IIT3Q, STM32H573IIT6, STM32H573MIY3QTR, STM32H573RIT6, STM32H573RIV6, STM32H573VIT3Q, STM32H573VIT6, STM32H573ZIT3Q, STM32H573ZIT6, STM32L4R5QGI6STR, STM32MP131AAE3, STM32MP131AAF3, STM32MP131AAG3, STM32MP131CAE3, STM32MP131CAF3, STM32MP131CAG3, STM32MP131DAE7, STM32MP131DAF7, STM32MP131DAG7, STM32MP131FAE7, STM32MP131FAF7, STM32MP131FAG7, STM32MP133AAE3, STM32MP133AAF3, STM32MP133AAG3, STM32MP133CAE3, STM32MP133CAF3, STM32MP133CAG3, STM32MP133DAE7, STM32MP133DAF7, STM32MP133DAG7, STM32MP133FAE7, STM32MP133FAF7, STM32MP133FAG7, STM32MP135AAE3, STM32MP135AAF3, STM32MP135AAG3, STM32MP135CAE3, STM32MP135CAF3, STM32MP135CAG3, STM32MP135DAE7, STM32MP135DAF7, STM32MP135DAG7, STM32MP135F-DK, STM32MP135FAE7, STM32MP135FAF7, STM32MP135FAF7T, STM32MP135FAF7U, STM32MP135FAG7, STM32U535CBT6, STM32U535CBT6Q, STM32U535CBU6, STM32U535CBU6Q, STM32U535CCT6, STM32U535CCT6Q, STM32U535CCU6, STM32U535CCU6Q, STM32U535CET6, STM32U535CET6Q, STM32U535CEU6, STM32U535CEU6Q, STM32U535JEY6QTR, STM32U535NCY6QTR, STM32U535NEY6QTR, STM32U535RBI6, STM32U535RBI6Q, STM32U535RBT6, STM32U535RBT6Q, STM32U535RCI6, STM32U535RCI6Q, STM32U535RCT6, STM32U535RCT6Q, STM32U535REI6, STM32U535REI6Q, STM32U535RET6, STM32U535RET6Q, STM32U535VCI6, STM32U535VCI6Q, STM32U535VCT6, STM32U535VCT6Q, STM32U535VEI6, STM32U535VEI6Q, STM32U535VET6, STM32U535VET6Q, STM32U545CET6, STM32U545CET6Q, STM32U545CEU6, STM32U545CEU6Q, STM32U545JEY6QTR, STM32U545NEY6QTR, STM32U545REI6, STM32U545REI6Q, STM32U545RET6, STM32U545RET6Q, STM32U545VEI6, STM32U545VEI6Q, STM32U545VET6, STM32U545VET6Q, STM32U595AIH6, STM32U595AIH6Q, STM32U595AJH6, STM32U595AJH6Q, STM32U595QII6, STM32U595QII6Q, STM32U595QJI6, STM32U595QJI6Q, STM32U595RIT6, STM32U595RIT6Q, STM32U595RJT6, STM32U595RJT6Q, STM32U595VIT6, STM32U595VIT6Q, STM32U595VJT6, STM32U595VJT6Q, STM32U595ZIT6, STM32U595ZIT6Q, STM32U595ZIY6QTR, STM32U595ZJT6, STM32U595ZJT6Q, STM32U595ZJY6QTR, STM32U599BJY6QTR, STM32U599NIH6Q, STM32U599NJH6Q, STM32U599VIT6Q, STM32U599VJT6, STM32U599VJT6Q, STM32U599ZIT6Q, STM32U599ZIY6QTR, STM32U599ZJT6Q, STM32U599ZJY6QTR, STM32U5A5AJH6, STM32U5A5AJH6Q, STM32U5A5QJI6, STM32U5A5QJI6Q, STM32U5A5RJT6, STM32U5A5RJT6Q, STM32U5A5VJT6, STM32U5A5VJT6Q, STM32U5A5ZJT6, STM32U5A5ZJT6Q, STM32U5A5ZJY6QTR, STM32U5A9BJY6QTR, STM32U5A9J-DK, STM32U5A9NJH6Q, STM32U5A9VJT6Q, STM32U5A9ZJT6Q, STM32U5A9ZJY6QTR, STM32U5F7VIT6, STM32U5F7VIT6Q, STM32U5F7VJT6, STM32U5F7VJT6Q, STM32U5F9BJY6QTR, STM32U5F9NJH6Q, STM32U5F9VIT6Q, STM32U5F9VJT6Q, STM32U5F9ZIJ6QTR, STM32U5F9ZIT6Q, STM32U5F9ZJJ6QTR, STM32U5F9ZJT6Q, STM32U5G7VJT6, STM32U5G7VJT6Q, STM32U5G9BJY6QTR, STM32U5G9J-DK1, STM32U5G9J-DK2, STM32U5G9NJH6Q, STM32U5G9VJT6Q, STM32U5G9ZJJ6QTR, STM32U5G9ZJT6Q, STM32WB1MMCH6, STM32WBA52CEU6, STM32WBA52CEU6T, STM32WBA52CGU6, STM32WBA52CGU6T, STM32WBA52KEU6, STM32WBA52KEU6T, STM32WBA52KGU6, STM32WBA52KGU6T, STM32WL5MOCH6, STM32WL5MOCH6TR]
2026-05-15 20:47:07,766 [INFO] BoardInfo:880 - No configuration file found for board B-WBA5M-WPAN
2026-05-15 20:47:07,766 [INFO] DbBoards:157 - Board is not supported: B-WBA5M-WPAN
2026-05-15 20:47:07,768 [INFO] BoardInfo:880 - No configuration file found for board NUCLEO-C051C8
2026-05-15 20:47:07,768 [INFO] DbBoards:157 - Board is not supported: NUCLEO-C051C8
2026-05-15 20:47:07,769 [INFO] BoardInfo:880 - No configuration file found for board NUCLEO-C071RB
2026-05-15 20:47:07,769 [INFO] DbBoards:157 - Board is not supported: NUCLEO-C071RB
2026-05-15 20:47:07,770 [INFO] BoardInfo:880 - No configuration file found for board NUCLEO-C092RC
2026-05-15 20:47:07,770 [INFO] DbBoards:157 - Board is not supported: NUCLEO-C092RC
2026-05-15 20:47:07,795 [INFO] BoardInfo:880 - No configuration file found for board NUCLEO-H533RE
2026-05-15 20:47:07,795 [INFO] DbBoards:157 - Board is not supported: NUCLEO-H533RE
2026-05-15 20:47:07,796 [INFO] BoardInfo:880 - No configuration file found for board NUCLEO-H5E5ZJ
2026-05-15 20:47:07,796 [INFO] DbBoards:157 - Board is not supported: NUCLEO-H5E5ZJ
2026-05-15 20:47:07,802 [INFO] BoardInfo:880 - No configuration file found for board NUCLEO-H7S3L8
2026-05-15 20:47:07,802 [INFO] DbBoards:157 - Board is not supported: NUCLEO-H7S3L8
2026-05-15 20:47:07,816 [INFO] BoardInfo:880 - No configuration file found for board NUCLEO-N657X0-Q
2026-05-15 20:47:07,816 [INFO] DbBoards:157 - Board is not supported: NUCLEO-N657X0-Q
2026-05-15 20:47:07,817 [INFO] BoardInfo:880 - No configuration file found for board NUCLEO-U031R8
2026-05-15 20:47:07,817 [INFO] DbBoards:157 - Board is not supported: NUCLEO-U031R8
2026-05-15 20:47:07,818 [INFO] BoardInfo:880 - No configuration file found for board NUCLEO-U083RC
2026-05-15 20:47:07,818 [INFO] DbBoards:157 - Board is not supported: NUCLEO-U083RC
2026-05-15 20:47:07,818 [INFO] BoardInfo:880 - No configuration file found for board NUCLEO-U385RG-Q
2026-05-15 20:47:07,818 [INFO] DbBoards:157 - Board is not supported: NUCLEO-U385RG-Q
2026-05-15 20:47:07,819 [INFO] BoardInfo:880 - No configuration file found for board NUCLEO-U3C5ZI-Q
2026-05-15 20:47:07,819 [INFO] DbBoards:157 - Board is not supported: NUCLEO-U3C5ZI-Q
2026-05-15 20:47:07,822 [INFO] BoardInfo:880 - No configuration file found for board NUCLEO-WB05KZ
2026-05-15 20:47:07,822 [INFO] DbBoards:157 - Board is not supported: NUCLEO-WB05KZ
2026-05-15 20:47:07,823 [INFO] BoardInfo:880 - No configuration file found for board NUCLEO-WB07CC
2026-05-15 20:47:07,823 [INFO] DbBoards:157 - Board is not supported: NUCLEO-WB07CC
2026-05-15 20:47:07,823 [INFO] BoardInfo:880 - No configuration file found for board NUCLEO-WB09KE
2026-05-15 20:47:07,823 [INFO] DbBoards:157 - Board is not supported: NUCLEO-WB09KE
2026-05-15 20:47:07,826 [INFO] BoardInfo:880 - No configuration file found for board NUCLEO-WBA25CE1
2026-05-15 20:47:07,826 [INFO] DbBoards:157 - Board is not supported: NUCLEO-WBA25CE1
2026-05-15 20:47:07,827 [INFO] BoardInfo:880 - No configuration file found for board NUCLEO-WBA55CG
2026-05-15 20:47:07,827 [INFO] DbBoards:157 - Board is not supported: NUCLEO-WBA55CG
2026-05-15 20:47:07,828 [INFO] BoardInfo:880 - No configuration file found for board NUCLEO-WBA65RI
2026-05-15 20:47:07,828 [INFO] DbBoards:157 - Board is not supported: NUCLEO-WBA65RI
2026-05-15 20:47:07,829 [INFO] BoardInfo:880 - No configuration file found for board NUCLEO-WL33CC1
2026-05-15 20:47:07,829 [INFO] DbBoards:157 - Board is not supported: NUCLEO-WL33CC1
2026-05-15 20:47:07,829 [INFO] BoardInfo:880 - No configuration file found for board NUCLEO-WL33CC2
2026-05-15 20:47:07,829 [INFO] DbBoards:157 - Board is not supported: NUCLEO-WL33CC2
2026-05-15 20:47:07,830 [INFO] BoardInfo:880 - No configuration file found for board NUCLEO-WL3RKB1
2026-05-15 20:47:07,830 [INFO] DbBoards:157 - Board is not supported: NUCLEO-WL3RKB1
2026-05-15 20:47:07,831 [INFO] BoardInfo:880 - No configuration file found for board NUCLEO-WL3RKB2
2026-05-15 20:47:07,831 [INFO] DbBoards:157 - Board is not supported: NUCLEO-WL3RKB2
2026-05-15 20:47:07,834 [INFO] BoardInfo:880 - No configuration file found for board P-NUCLEO-WB55
2026-05-15 20:47:07,834 [INFO] DbBoards:157 - Kit is not supported: P-NUCLEO-WB55
2026-05-15 20:47:07,837 [INFO] BoardInfo:880 - No configuration file found for board STEVAL-BFA001V1B
2026-05-15 20:47:07,837 [INFO] DbBoards:157 - Kit is not supported: STEVAL-BFA001V1B
2026-05-15 20:47:07,838 [INFO] BoardInfo:880 - No configuration file found for board STEVAL-BFA001V2B
2026-05-15 20:47:07,838 [INFO] DbBoards:157 - Kit is not supported: STEVAL-BFA001V2B
2026-05-15 20:47:07,847 [INFO] BoardInfo:880 - No configuration file found for board STEVAL-MKBOXPRO
2026-05-15 20:47:07,847 [INFO] DbBoards:157 - Board is not supported: STEVAL-MKBOXPRO
2026-05-15 20:47:07,892 [INFO] BoardInfo:880 - No configuration file found for board STM32H5F5J-DK
2026-05-15 20:47:07,892 [INFO] DbBoards:157 - Board is not supported: STM32H5F5J-DK
2026-05-15 20:47:07,903 [INFO] BoardInfo:880 - No configuration file found for board STM32H7S78-DK
2026-05-15 20:47:07,903 [INFO] DbBoards:157 - Board is not supported: STM32H7S78-DK
2026-05-15 20:47:07,919 [INFO] BoardInfo:880 - No configuration file found for board STM32MP215F-DK
2026-05-15 20:47:07,919 [INFO] DbBoards:157 - Board is not supported: STM32MP215F-DK
2026-05-15 20:47:07,920 [INFO] BoardInfo:880 - No configuration file found for board STM32MP257F-DK
2026-05-15 20:47:07,920 [INFO] DbBoards:157 - Board is not supported: STM32MP257F-DK
2026-05-15 20:47:07,921 [INFO] BoardInfo:880 - No configuration file found for board STM32MP257F-EV1
2026-05-15 20:47:07,921 [INFO] DbBoards:157 - Board is not supported: STM32MP257F-EV1
2026-05-15 20:47:07,922 [INFO] BoardInfo:880 - No configuration file found for board STM32N6570-DK
2026-05-15 20:47:07,922 [INFO] DbBoards:157 - Board is not supported: STM32N6570-DK
2026-05-15 20:47:07,923 [INFO] BoardInfo:880 - No configuration file found for board STM32U083C-DK
2026-05-15 20:47:07,923 [INFO] DbBoards:157 - Board is not supported: STM32U083C-DK
2026-05-15 20:47:07,928 [INFO] BoardInfo:880 - No configuration file found for board STM32WBA55G-DK1
2026-05-15 20:47:07,928 [INFO] DbBoards:157 - Board is not supported: STM32WBA55G-DK1
2026-05-15 20:47:07,929 [INFO] BoardInfo:880 - No configuration file found for board STM32WBA65I-DK1
2026-05-15 20:47:07,929 [INFO] DbBoards:157 - Board is not supported: STM32WBA65I-DK1
2026-05-15 20:47:07,929 [INFO] DbBoards:161 - Found 218 boards, 183 are supported
2026-05-15 20:47:07,933 [INFO] ApiDb:423 - Load user favorites file C:\Users\Admin/.stm32cubeide/favorites.boards.txt: 0 item(s)
2026-05-15 20:47:07,933 [INFO] ApiDb:427 - User favorites Boards=[]
2026-05-15 20:47:07,933 [INFO] DbBoards:190 - Set 0 / 0 favorites Boards
2026-05-15 20:47:07,940 [ERROR] TargetSelectorAdapter:267 - Unable to refresh data
2026-05-15 20:47:07,972 [INFO] McuFinderGlobals:76 - Set McuFinderConnectedMode to true
2026-05-15 20:47:07,973 [INFO] MultiScanPanel:200 - Auto-refresh data requested => check proxy status ongoing
2026-05-15 20:47:07,973 [INFO] FinderPluginLoader:95 - Searching for filters in installed packs
2026-05-15 20:47:08,783 [INFO] LoadUrlFilesThread:185 - End of LoadServerUrlFiles without Thread
2026-05-15 20:47:08,784 [INFO] DetailPanel:341 - Set advertising image to C:/Users/Admin/STM32Cube/Repository/\en.prom-stm32wba2-stm32-nucleo-board-0426.png
2026-05-15 20:50:07,126 [INFO] MainUpdater:2868 - connection check result : 10
2026-05-15 20:50:07,126 [INFO] MainUpdater:2868 - connection check result : 10
2026-05-15 20:50:07,161 [INFO] MicroXplorer:468 - Change Database Path : 
2026-05-15 20:50:07,161 [INFO] MicroXplorer:498 - Change Database Version : DB.6.0.91
2026-05-15 20:50:07,173 [WARN] ThirdParty:871 - waiting for thirdparty lock release [close project]
2026-05-15 20:50:07,173 [INFO] ThirdParty:873 - entering critical section [close project]
2026-05-15 20:50:07,173 [INFO] ThirdParty:883 - exiting critical section [close project]
2026-05-15 20:50:07,174 [INFO] PinOutPanel:1499 - setPackage(No Configuration,No Configuration)
2026-05-15 20:50:07,176 [INFO] UtilMem:75 - Begin LoadConfig() Used Memory: 914524904 Bytes (1073741824)
2026-05-15 20:50:07,176 [INFO] MicroXplorer:468 - Change Database Path : 
2026-05-15 20:50:07,176 [INFO] MicroXplorer:498 - Change Database Version : DB.6.0.91
2026-05-15 20:50:07,176 [INFO] OpenFileManager:308 - Change cursor
2026-05-15 20:50:07,181 [INFO] Mcu:1946 - Initializing MCU STM32F103C8Tx STM32F103C8Tx STM32F103C8T6
2026-05-15 20:50:07,501 [INFO] Context:659 - Trying to add GPIOservice into a context  which must be forbidden
2026-05-15 20:50:07,569 [INFO] ImportTextPane:194 - (OptionalMessage_ERROR) Unable to find key (Mcu.ThirdPartyNb) in loaded IOC file
2026-05-15 20:50:07,570 [INFO] ImportTextPane:194 - (OptionalMessage_ERROR) Unable to find key (Mcu.PinsNb) in loaded IOC file
2026-05-15 20:50:07,570 [INFO] ImportTextPane:194 - (OptionalMessage_ERROR) Unable to find key (Mcu.IPNb) in loaded IOC file
2026-05-15 20:50:07,576 [WARN] ModelIntegratedComponent:63 - No mode defined for component null
2026-05-15 20:50:07,576 [WARN] ModelIntegratedComponent:63 - No mode defined for component null
2026-05-15 20:50:07,576 [WARN] ModelIntegratedComponent:63 - No mode defined for component null
2026-05-15 20:50:07,576 [WARN] ModelIntegratedComponent:63 - No mode defined for component null
2026-05-15 20:50:07,576 [WARN] ModelIntegratedComponent:63 - No mode defined for component null
2026-05-15 20:50:07,576 [WARN] ModelIntegratedComponent:63 - No mode defined for component null
2026-05-15 20:50:07,576 [WARN] ModelIntegratedComponent:63 - No mode defined for component null
2026-05-15 20:50:07,576 [WARN] ModelIntegratedComponent:63 - No mode defined for component null
2026-05-15 20:50:07,576 [WARN] ModelIntegratedComponent:63 - No mode defined for component null
2026-05-15 20:50:07,576 [WARN] ModelIntegratedComponent:63 - No mode defined for component null
2026-05-15 20:50:07,576 [WARN] ModelIntegratedComponent:63 - No mode defined for component null
2026-05-15 20:50:07,576 [WARN] ModelIntegratedComponent:63 - No mode defined for component null
2026-05-15 20:50:07,576 [WARN] ModelIntegratedComponent:63 - No mode defined for component null
2026-05-15 20:50:07,576 [WARN] ModelIntegratedComponent:63 - No mode defined for component null
2026-05-15 20:50:07,576 [WARN] ModelIntegratedComponent:63 - No mode defined for component null
2026-05-15 20:50:07,576 [WARN] ModelIntegratedComponent:63 - No mode defined for component null
2026-05-15 20:50:07,576 [WARN] ModelIntegratedComponent:63 - No mode defined for component null
2026-05-15 20:50:07,576 [WARN] ModelIntegratedComponent:63 - No mode defined for component null
2026-05-15 20:50:07,576 [WARN] ModelIntegratedComponent:63 - No mode defined for component null
2026-05-15 20:50:07,576 [WARN] ModelIntegratedComponent:63 - No mode defined for component null
2026-05-15 20:50:07,576 [WARN] ModelIntegratedComponent:63 - No mode defined for component null
2026-05-15 20:50:07,576 [WARN] ModelIntegratedComponent:63 - No mode defined for component null
2026-05-15 20:50:07,576 [WARN] ModelIntegratedComponent:63 - No mode defined for component null
2026-05-15 20:50:07,576 [WARN] ModelIntegratedComponent:63 - No mode defined for component null
2026-05-15 20:50:07,576 [WARN] ModelIntegratedComponent:63 - No mode defined for component null
2026-05-15 20:50:07,576 [WARN] ModelIntegratedComponent:63 - No mode defined for component null
2026-05-15 20:50:07,576 [WARN] ModelIntegratedComponent:63 - No mode defined for component null
2026-05-15 20:50:07,576 [WARN] ModelIntegratedComponent:63 - No mode defined for component null
2026-05-15 20:50:07,576 [WARN] ModelIntegratedComponent:63 - No mode defined for component null
2026-05-15 20:50:07,576 [WARN] ModelIntegratedComponent:63 - No mode defined for component null
2026-05-15 20:50:07,577 [WARN] ModelIntegratedComponent:63 - No mode defined for component null
2026-05-15 20:50:07,577 [WARN] ModelIntegratedComponent:63 - No mode defined for component null
2026-05-15 20:50:07,577 [WARN] ModelIntegratedComponent:63 - No mode defined for component null
2026-05-15 20:50:07,578 [INFO] RtosManager:555 - Registered RTOS mode: class=CMSIS, group=RTOS, mode=CMSIS_V1, owner=FREERTOS
2026-05-15 20:50:07,578 [INFO] RtosManager:555 - Registered RTOS mode: class=CMSIS, group=RTOS2, mode=CMSIS_V2, owner=FREERTOS
2026-05-15 20:50:07,578 [INFO] RtosManager:555 - Registered RTOS mode: class=RTOS, group=Core, mode=CMSIS_V1, owner=FREERTOS
2026-05-15 20:50:07,578 [INFO] RtosManager:555 - Registered RTOS mode: class=RTOS, group=Core, mode=CMSIS_V2, owner=FREERTOS
2026-05-15 20:50:07,578 [WARN] ModelIntegratedComponent:184 - Missing modes for component STMicroelectronics:FreeRTOS:0.0.1:STMicroelectronics:RTOS:FreeRTOS:Core:::10.2.0:
2026-05-15 20:50:07,582 [INFO] ThirdPartyModel:298 - Start build external matchings
2026-05-15 20:50:07,593 [INFO] ThirdPartyModel:316 - End build external matchings
2026-05-15 20:50:07,726 [INFO] UtilMem:75 - End LoadConfig() Used Memory: 856565552 Bytes (1073741824)
2026-05-15 20:50:07,744 [WARN] ThirdParty:833 - waiting for thirdparty lock release [change project]
2026-05-15 20:50:07,744 [INFO] ThirdParty:835 - entering critical section [change project]
2026-05-15 20:50:07,744 [INFO] ThirdParty:1030 - CMSIS Pack Vendor :STMicroelectronics USBPD 4.1
2026-05-15 20:50:07,744 [INFO] ThirdParty:1030 - CMSIS Pack Vendor :STMicroelectronics X-CUBE-DISPLAY 3.0.0
2026-05-15 20:50:07,744 [INFO] ThirdParty:1030 - CMSIS Pack Vendor :STMicroelectronics USB_HOST 2.0.0
2026-05-15 20:50:07,744 [INFO] ThirdParty:1030 - CMSIS Pack Vendor :STMicroelectronics X-CUBE-AZRTOS-F4 1.1.0
2026-05-15 20:50:07,744 [INFO] ThirdParty:1030 - CMSIS Pack Vendor :STMicroelectronics LIBJPEG 8.0.0
2026-05-15 20:50:07,744 [INFO] ThirdParty:1030 - CMSIS Pack Vendor :STMicroelectronics FP-ATR-SIGFOX1 3.2.0
2026-05-15 20:50:07,744 [INFO] ThirdParty:1030 - CMSIS Pack Vendor :STMicroelectronics X-CUBE-SMBUS 2.1.0
2026-05-15 20:50:07,744 [INFO] ThirdParty:1030 - CMSIS Pack Vendor :STMicroelectronics USB_DEVICE 3.0.0
2026-05-15 20:50:07,744 [INFO] ThirdParty:1030 - CMSIS Pack Vendor :STMicroelectronics HAL Drivers 0.0.0
2026-05-15 20:50:07,744 [INFO] ThirdParty:1030 - CMSIS Pack Vendor :STMicroelectronics MBEDTLS 2.16.2
2026-05-15 20:50:07,744 [INFO] ThirdParty:1030 - CMSIS Pack Vendor :STMicroelectronics MBEDTLS 2.14.1
2026-05-15 20:50:07,744 [INFO] ThirdParty:1030 - CMSIS Pack Vendor :STMicroelectronics X-CUBE-AZRTOS-F7 1.1.0
2026-05-15 20:50:07,744 [INFO] ThirdParty:1030 - CMSIS Pack Vendor :STMicroelectronics USB_DEVICE 2.0.0
2026-05-15 20:50:07,744 [INFO] ThirdParty:1030 - CMSIS Pack Vendor :STMicroelectronics ThreadX 1.0.0
2026-05-15 20:50:07,744 [INFO] ThirdParty:1030 - CMSIS Pack Vendor :STMicroelectronics X-CUBE-AZRTOS-WL 2.0.0
2026-05-15 20:50:07,744 [INFO] ThirdParty:1030 - CMSIS Pack Vendor :STMicroelectronics FreeRTOS 0.0.1
2026-05-15 20:50:07,744 [INFO] ThirdParty:1030 - CMSIS Pack Vendor :STMicroelectronics X-CUBE-AZRTOS-G0 1.1.0
2026-05-15 20:50:07,744 [INFO] ThirdParty:1030 - CMSIS Pack Vendor :STMicroelectronics USB_DEVICE 1.0.0
2026-05-15 20:50:07,744 [INFO] ThirdParty:1030 - CMSIS Pack Vendor :STMicroelectronics X-CUBE-SUBG2 5.0.0
2026-05-15 20:50:07,744 [INFO] ThirdParty:1030 - CMSIS Pack Vendor :STMicroelectronics X-CUBE-NFC4 3.0.0
2026-05-15 20:50:07,744 [INFO] ThirdParty:1030 - CMSIS Pack Vendor :STMicroelectronics STM32_WPAN 1.0.0
2026-05-15 20:50:07,744 [INFO] ThirdParty:1030 - CMSIS Pack Vendor :STMicroelectronics X-CUBE-AZRTOS-L4 2.0.0
2026-05-15 20:50:07,744 [INFO] ThirdParty:1030 - CMSIS Pack Vendor :STMicroelectronics ThreadX 0.0.2
2026-05-15 20:50:07,744 [INFO] ThirdParty:1030 - CMSIS Pack Vendor :STMicroelectronics lwIP 2.0.3
2026-05-15 20:50:07,744 [INFO] ThirdParty:1030 - CMSIS Pack Vendor :STMicroelectronics lwIP 2.1.2
2026-05-15 20:50:07,744 [INFO] ThirdParty:1030 - CMSIS Pack Vendor :STMicroelectronics X-CUBE-SFXS2LP1 4.0.0
2026-05-15 20:50:07,744 [INFO] ThirdParty:1030 - CMSIS Pack Vendor :STMicroelectronics X-CUBE-BLE2 3.3.0
2026-05-15 20:50:07,744 [INFO] ThirdParty:1030 - CMSIS Pack Vendor :STMicroelectronics USB_HOST 1.0.0
2026-05-15 20:50:07,744 [INFO] ThirdParty:1030 - CMSIS Pack Vendor :STMicroelectronics X-CUBE-AZRTOS-G4 2.0.0
2026-05-15 20:50:07,744 [INFO] ThirdParty:1030 - CMSIS Pack Vendor :STMicroelectronics PDM2PCM 3.1.0
2026-05-15 20:50:07,744 [INFO] ThirdParty:1030 - CMSIS Pack Vendor :STMicroelectronics PDM2PCM 3.2.0
2026-05-15 20:50:07,744 [INFO] ThirdParty:1030 - CMSIS Pack Vendor :STMicroelectronics PDM2PCM 3.3.0
2026-05-15 20:50:07,744 [INFO] ThirdParty:841 - exiting critical section [change project]
2026-05-15 20:50:07,822 [INFO] PinOutPanel:1499 - setPackage(No Configuration,No Configuration)
2026-05-15 20:50:07,823 [INFO] PinOutPanel:1499 - setPackage(STM32F103C8Tx,LQFP48)
2026-05-15 20:50:07,928 [INFO] UtilMem:75 - Before build in PCC Used Memory: 773171296 Bytes (1073741824)
2026-05-15 20:50:08,043 [INFO] UtilMem:75 - After build in PCC Used Memory: 815120496 Bytes (1073741824)
2026-05-15 20:50:08,052 [INFO] IPUIPlugin:80 - create IPUIPlugin
2026-05-15 20:50:08,052 [INFO] IPUIPlugin:80 - create IPUIPlugin
2026-05-15 20:50:08,052 [INFO] IPUIPlugin:80 - create IPUIPlugin
2026-05-15 20:50:08,052 [INFO] IPUIPlugin:80 - create IPUIPlugin
2026-05-15 20:50:08,052 [INFO] IPUIPlugin:80 - create IPUIPlugin
2026-05-15 20:50:08,052 [INFO] IPUIPlugin:80 - create IPUIPlugin
2026-05-15 20:50:08,052 [INFO] IPUIPlugin:80 - create IPUIPlugin
2026-05-15 20:50:08,052 [INFO] IPUIPlugin:80 - create IPUIPlugin
2026-05-15 20:50:08,052 [INFO] IPUIPlugin:80 - create IPUIPlugin
2026-05-15 20:50:08,052 [INFO] IPUIPlugin:80 - create IPUIPlugin
2026-05-15 20:50:08,053 [INFO] IPUIPlugin:80 - create IPUIPlugin
2026-05-15 20:50:08,053 [INFO] IPUIPlugin:80 - create IPUIPlugin
2026-05-15 20:50:08,053 [INFO] IPUIPlugin:80 - create IPUIPlugin
2026-05-15 20:50:08,053 [INFO] IPUIPlugin:80 - create IPUIPlugin
2026-05-15 20:50:08,053 [INFO] IPUIPlugin:80 - create IPUIPlugin
2026-05-15 20:50:08,053 [INFO] IPUIPlugin:80 - create IPUIPlugin
2026-05-15 20:50:08,053 [INFO] IPUIPlugin:80 - create IPUIPlugin
2026-05-15 20:50:08,053 [INFO] IPUIPlugin:80 - create IPUIPlugin
2026-05-15 20:50:08,053 [INFO] IPUIPlugin:80 - create IPUIPlugin
2026-05-15 20:50:08,053 [INFO] IPUIPlugin:80 - create IPUIPlugin
2026-05-15 20:50:08,053 [INFO] IPUIPlugin:80 - create IPUIPlugin
2026-05-15 20:50:08,054 [INFO] IPUIPlugin:80 - create IPUIPlugin
2026-05-15 20:50:08,054 [INFO] IPUIPlugin:80 - create IPUIPlugin
2026-05-15 20:50:08,054 [INFO] IPUIPlugin:80 - create IPUIPlugin
2026-05-15 20:50:08,054 [INFO] IPUIPlugin:80 - create IPUIPlugin
2026-05-15 20:50:08,054 [INFO] IPUIPlugin:80 - create IPUIPlugin
2026-05-15 20:50:08,054 [INFO] IPUIPlugin:80 - create IPUIPlugin
2026-05-15 20:50:08,070 [INFO] CADModel:165 - CPN selected for project levelSTM32F103C8T6
2026-05-15 20:50:08,070 [INFO] CADModel:114 - Register for checkConnection events
2026-05-15 20:50:08,117 [INFO] OpenFileManager:328 - Restore cursor
2026-05-15 20:50:08,383 [INFO] UtilMem:75 - End SaveConfig() Used Memory: 867543208 Bytes (1073741824)
2026-05-15 20:50:08,406 [INFO] UtilMem:75 - End SaveConfig() Used Memory: 880090992 Bytes (1073741824)
2026-05-15 20:50:08,520 [INFO] BlockDiagram:2759 - set Specific Code input for plugin: NVIC
2026-05-15 20:50:08,520 [INFO] BlockDiagram:2759 - set Specific Code input for plugin: RCC
2026-05-15 20:50:08,521 [INFO] CodeGenerator:799 - code generatio: config db path: C:\ST\STM32CubeIDE_1.13.1\STM32CubeIDE\plugins\com.st.stm32cube.common.mx_6.9.1.202307191849\\db\
2026-05-15 20:50:08,645 [INFO] CodeEngine:255 - oldGeneratedFile, D:\smart_garden\Low_Power\MXTmpFiles\license.tmp_save
2026-05-15 20:50:08,706 [INFO] CodeEngine:279 - Generated code: D:\smart_garden\Low_Power\MXTmpFiles\license.tmp
2026-05-15 20:50:08,711 [INFO] CodeEngine:255 - oldGeneratedFile, D:\smart_garden\Low_Power\Core\Src\stm32f1xx_it.c_save
2026-05-15 20:50:08,826 [INFO] CodeEngine:279 - Generated code: D:\smart_garden\Low_Power\Core\Src\stm32f1xx_it.c
2026-05-15 20:50:08,828 [INFO] CodeEngine:255 - oldGeneratedFile, D:\smart_garden\Low_Power\Core\Inc\stm32f1xx_it.h_save
2026-05-15 20:50:08,875 [INFO] CodeEngine:279 - Generated code: D:\smart_garden\Low_Power\Core\Inc\stm32f1xx_it.h
2026-05-15 20:50:08,889 [INFO] CodeEngine:255 - oldGeneratedFile, D:\smart_garden\Low_Power\Core\Src\stm32f1xx_hal_msp.c_save
2026-05-15 20:50:08,977 [INFO] CodeEngine:279 - Generated code: D:\smart_garden\Low_Power\Core\Src\stm32f1xx_hal_msp.c
2026-05-15 20:50:08,980 [INFO] CodeEngine:255 - oldGeneratedFile, D:\smart_garden\Low_Power\MXTmpFiles\system.tmp_save
2026-05-15 20:50:09,026 [INFO] CodeEngine:279 - Generated code: D:\smart_garden\Low_Power\MXTmpFiles\system.tmp
2026-05-15 20:50:09,030 [INFO] CodeEngine:311 - oldGeneratedFile, D:\smart_garden\Low_Power\Core\Inc\stm32f1xx_hal_conf.h_save
2026-05-15 20:50:09,080 [INFO] CodeEngine:335 - Generated code: D:\smart_garden\Low_Power\Core\Inc\stm32f1xx_hal_conf.h
2026-05-15 20:50:09,090 [INFO] CodeEngine:255 - oldGeneratedFile, D:\smart_garden\Low_Power\Core\Inc\main.h_save
2026-05-15 20:50:09,142 [INFO] CodeEngine:279 - Generated code: D:\smart_garden\Low_Power\Core\Inc\main.h
2026-05-15 20:50:09,144 [INFO] CodeEngine:255 - oldGeneratedFile, D:\smart_garden\Low_Power\Core\Src\main.c_save
2026-05-15 20:50:09,207 [INFO] CodeEngine:279 - Generated code: D:\smart_garden\Low_Power\Core\Src\main.c
2026-05-15 20:50:09,585 [INFO] ProjectBuilder:3064 - Time for Copy HAL[1] : 89mS.
2026-05-15 20:50:09,587 [INFO] ProjectBuilder:4404 - Project Generator version: 4.1.0
2026-05-15 20:50:09,777 [INFO] ConfigFileManager:1457 - The Die is : DIE410
2026-05-15 20:50:09,780 [INFO] ApiDbMcu:507 - Load IP Config File for FATFS
2026-05-15 20:50:09,783 [INFO] ApiDbMcu:507 - Load IP Config File for FREERTOS
2026-05-15 20:50:09,789 [INFO] ApiDbMcu:507 - Load IP Config File for USB_DEVICE
2026-05-15 20:50:11,204 [INFO] ProjectBuilder:4626 - Time for Generating toolchain IDE Files: 1617mS.
2026-05-15 20:50:11,205 [INFO] ProjectBuilder:2935 - Time for Copy CMSIS : 1mS.
2026-05-15 20:50:11,205 [INFO] ProjectBuilder:2935 - Time for Copy CMSIS : 0mS.
2026-05-15 20:50:11,814 [INFO] McuFinderGlobals:76 - Set McuFinderConnectedMode to true
2026-05-15 20:50:11,816 [INFO] ApiDb:448 - Save user favorites file C:\Users\Admin/.stm32cubeide/favorites.mcus.txt: 2 item(s)
2026-05-15 20:50:11,816 [INFO] ApiDb:452 - User favorites MCUs=[STM32F103C8T6, STM32F405RGT6]
2026-05-15 20:50:55,504 [INFO] Gpio:273 - dependency for GPIO []
2026-05-15 20:51:03,271 [INFO] Gpio:273 - dependency for GPIO []
2026-05-15 20:51:12,642 [INFO] Gpio:273 - dependency for GPIO []
2026-05-15 20:52:11,029 [INFO] UtilMem:75 - End SaveConfig() Used Memory: 760338024 Bytes (1073741824)
2026-05-15 20:52:11,067 [INFO] UtilMem:75 - End SaveConfig() Used Memory: 773967464 Bytes (1073741824)
2026-05-15 20:52:11,552 [INFO] UtilMem:75 - End SaveConfig() Used Memory: 832168160 Bytes (1073741824)
2026-05-15 20:52:11,666 [INFO] BlockDiagram:2759 - set Specific Code input for plugin: NVIC
2026-05-15 20:52:11,666 [INFO] BlockDiagram:2759 - set Specific Code input for plugin: USART
2026-05-15 20:52:11,666 [INFO] BlockDiagram:2759 - set Specific Code input for plugin: SYS
2026-05-15 20:52:11,666 [INFO] BlockDiagram:2759 - set Specific Code input for plugin: GPIO
2026-05-15 20:52:11,666 [INFO] BlockDiagram:2759 - set Specific Code input for plugin: RCC
2026-05-15 20:52:11,666 [INFO] CodeGenerator:799 - code generatio: config db path: C:\ST\STM32CubeIDE_1.13.1\STM32CubeIDE\plugins\com.st.stm32cube.common.mx_6.9.1.202307191849\\db\
2026-05-15 20:52:11,749 [INFO] CodeEngine:255 - oldGeneratedFile, D:\smart_garden\Low_Power\MXTmpFiles\license.tmp_save
2026-05-15 20:52:11,810 [INFO] CodeEngine:279 - Generated code: D:\smart_garden\Low_Power\MXTmpFiles\license.tmp
2026-05-15 20:52:11,836 [INFO] CodeEngine:255 - oldGeneratedFile, D:\smart_garden\Low_Power\MXTmpFiles\gpio.tmp_save
2026-05-15 20:52:11,892 [INFO] CodeEngine:279 - Generated code: D:\smart_garden\Low_Power\MXTmpFiles\gpio.tmp
2026-05-15 20:52:11,918 [INFO] CodeEngine:255 - oldGeneratedFile, D:\smart_garden\Low_Power\Core\Src\stm32f1xx_it.c_save
2026-05-15 20:52:12,104 [INFO] CodeEngine:279 - Generated code: D:\smart_garden\Low_Power\Core\Src\stm32f1xx_it.c
2026-05-15 20:52:12,106 [INFO] CodeEngine:255 - oldGeneratedFile, D:\smart_garden\Low_Power\Core\Inc\stm32f1xx_it.h_save
2026-05-15 20:52:12,150 [INFO] CodeEngine:279 - Generated code: D:\smart_garden\Low_Power\Core\Inc\stm32f1xx_it.h
2026-05-15 20:52:12,156 [INFO] CodeEngine:255 - oldGeneratedFile, D:\smart_garden\Low_Power\Core\Src\stm32f1xx_hal_msp.c_save
2026-05-15 20:52:12,243 [INFO] CodeEngine:279 - Generated code: D:\smart_garden\Low_Power\Core\Src\stm32f1xx_hal_msp.c
2026-05-15 20:52:12,245 [INFO] CodeEngine:255 - oldGeneratedFile, D:\smart_garden\Low_Power\MXTmpFiles\system.tmp_save
2026-05-15 20:52:12,287 [INFO] CodeEngine:279 - Generated code: D:\smart_garden\Low_Power\MXTmpFiles\system.tmp
2026-05-15 20:52:12,291 [INFO] CodeEngine:311 - oldGeneratedFile, D:\smart_garden\Low_Power\Core\Inc\stm32f1xx_hal_conf.h_save
2026-05-15 20:52:12,339 [INFO] CodeEngine:335 - Generated code: D:\smart_garden\Low_Power\Core\Inc\stm32f1xx_hal_conf.h
2026-05-15 20:52:12,350 [INFO] CodeEngine:255 - oldGeneratedFile, D:\smart_garden\Low_Power\Core\Inc\main.h_save
2026-05-15 20:52:12,400 [INFO] CodeEngine:279 - Generated code: D:\smart_garden\Low_Power\Core\Inc\main.h
2026-05-15 20:52:12,403 [INFO] CodeEngine:255 - oldGeneratedFile, D:\smart_garden\Low_Power\Core\Src\main.c_save
2026-05-15 20:52:12,475 [INFO] CodeEngine:279 - Generated code: D:\smart_garden\Low_Power\Core\Src\main.c
2026-05-15 20:52:12,838 [INFO] ProjectBuilder:3064 - Time for Copy HAL[1] : 82mS.
2026-05-15 20:52:12,840 [INFO] ProjectBuilder:4404 - Project Generator version: 4.1.0
2026-05-15 20:52:13,055 [INFO] ConfigFileManager:1457 - The Die is : DIE410
2026-05-15 20:52:14,031 [INFO] ProjectBuilder:4626 - Time for Generating toolchain IDE Files: 1191mS.
2026-05-15 20:52:14,031 [INFO] ProjectBuilder:2935 - Time for Copy CMSIS : 0mS.
2026-05-15 20:52:14,032 [INFO] ProjectBuilder:2935 - Time for Copy CMSIS : 0mS.
2026-05-15 21:01:35,415 [INFO] UtilMem:75 - End SaveConfig() Used Memory: 753771152 Bytes (1073741824)
2026-05-15 21:01:35,450 [INFO] UtilMem:75 - End SaveConfig() Used Memory: 767046416 Bytes (1073741824)
2026-05-15 21:01:35,776 [INFO] UtilMem:75 - End SaveConfig() Used Memory: 817043320 Bytes (1073741824)
2026-05-15 21:01:35,864 [INFO] BlockDiagram:2759 - set Specific Code input for plugin: NVIC
2026-05-15 21:01:35,864 [INFO] BlockDiagram:2759 - set Specific Code input for plugin: USART
2026-05-15 21:01:35,864 [INFO] BlockDiagram:2759 - set Specific Code input for plugin: SYS
2026-05-15 21:01:35,864 [INFO] BlockDiagram:2759 - set Specific Code input for plugin: GPIO
2026-05-15 21:01:35,864 [INFO] BlockDiagram:2759 - set Specific Code input for plugin: RCC
2026-05-15 21:01:35,864 [INFO] CodeGenerator:799 - code generatio: config db path: C:\ST\STM32CubeIDE_1.13.1\STM32CubeIDE\plugins\com.st.stm32cube.common.mx_6.9.1.202307191849\\db\
2026-05-15 21:01:35,934 [INFO] CodeEngine:255 - oldGeneratedFile, D:\smart_garden\Low_Power\MXTmpFiles\license.tmp_save
2026-05-15 21:01:36,012 [INFO] CodeEngine:279 - Generated code: D:\smart_garden\Low_Power\MXTmpFiles\license.tmp
2026-05-15 21:01:36,020 [INFO] CodeEngine:255 - oldGeneratedFile, D:\smart_garden\Low_Power\MXTmpFiles\gpio.tmp_save
2026-05-15 21:01:36,088 [INFO] CodeEngine:279 - Generated code: D:\smart_garden\Low_Power\MXTmpFiles\gpio.tmp
2026-05-15 21:01:36,107 [INFO] CodeEngine:255 - oldGeneratedFile, D:\smart_garden\Low_Power\Core\Src\stm32f1xx_it.c_save
2026-05-15 21:01:36,221 [INFO] CodeEngine:279 - Generated code: D:\smart_garden\Low_Power\Core\Src\stm32f1xx_it.c
2026-05-15 21:01:36,224 [INFO] CodeEngine:255 - oldGeneratedFile, D:\smart_garden\Low_Power\Core\Inc\stm32f1xx_it.h_save
2026-05-15 21:01:36,276 [INFO] CodeEngine:279 - Generated code: D:\smart_garden\Low_Power\Core\Inc\stm32f1xx_it.h
2026-05-15 21:01:36,282 [INFO] CodeEngine:255 - oldGeneratedFile, D:\smart_garden\Low_Power\Core\Src\stm32f1xx_hal_msp.c_save
2026-05-15 21:01:36,378 [INFO] CodeEngine:279 - Generated code: D:\smart_garden\Low_Power\Core\Src\stm32f1xx_hal_msp.c
2026-05-15 21:01:36,381 [INFO] CodeEngine:255 - oldGeneratedFile, D:\smart_garden\Low_Power\MXTmpFiles\system.tmp_save
2026-05-15 21:01:36,444 [INFO] CodeEngine:279 - Generated code: D:\smart_garden\Low_Power\MXTmpFiles\system.tmp
2026-05-15 21:01:36,450 [INFO] CodeEngine:311 - oldGeneratedFile, D:\smart_garden\Low_Power\Core\Inc\stm32f1xx_hal_conf.h_save
2026-05-15 21:01:36,508 [INFO] CodeEngine:335 - Generated code: D:\smart_garden\Low_Power\Core\Inc\stm32f1xx_hal_conf.h
2026-05-15 21:01:36,524 [INFO] CodeEngine:255 - oldGeneratedFile, D:\smart_garden\Low_Power\Core\Inc\main.h_save
2026-05-15 21:01:36,596 [INFO] CodeEngine:279 - Generated code: D:\smart_garden\Low_Power\Core\Inc\main.h
2026-05-15 21:01:36,599 [INFO] CodeEngine:255 - oldGeneratedFile, D:\smart_garden\Low_Power\Core\Src\main.c_save
2026-05-15 21:01:36,669 [INFO] CodeEngine:279 - Generated code: D:\smart_garden\Low_Power\Core\Src\main.c
2026-05-15 21:01:37,030 [INFO] ProjectBuilder:3064 - Time for Copy HAL[1] : 65mS.
2026-05-15 21:01:37,032 [INFO] ProjectBuilder:4404 - Project Generator version: 4.1.0
2026-05-15 21:01:37,237 [INFO] ConfigFileManager:1457 - The Die is : DIE410
2026-05-15 21:01:38,225 [INFO] ProjectBuilder:4626 - Time for Generating toolchain IDE Files: 1193mS.
2026-05-15 21:01:38,225 [INFO] ProjectBuilder:2935 - Time for Copy CMSIS : 0mS.
2026-05-15 21:01:38,226 [INFO] ProjectBuilder:2935 - Time for Copy CMSIS : 0mS.
2026-05-15 22:05:40,373 [INFO] ParamManager:896 - [Generic UI] PropertyChangeEvent: TAB_STATUS_CHANGED , "dont care", "never mind"
2026-05-15 22:05:42,404 [INFO] ParamManager:896 - [Generic UI] PropertyChangeEvent: TAB_STATUS_CHANGED , "dont care", "never mind"
2026-05-15 22:05:58,281 [INFO] UtilMem:75 - End SaveConfig() Used Memory: 713510016 Bytes (1073741824)
2026-05-15 22:05:58,321 [INFO] UtilMem:75 - End SaveConfig() Used Memory: 727129664 Bytes (1073741824)
2026-05-15 22:05:58,690 [INFO] UtilMem:75 - End SaveConfig() Used Memory: 754930816 Bytes (1073741824)
2026-05-15 22:05:58,800 [INFO] BlockDiagram:2759 - set Specific Code input for plugin: NVIC
2026-05-15 22:05:58,800 [INFO] BlockDiagram:2759 - set Specific Code input for plugin: USART
2026-05-15 22:05:58,800 [INFO] BlockDiagram:2759 - set Specific Code input for plugin: SYS
2026-05-15 22:05:58,800 [INFO] BlockDiagram:2759 - set Specific Code input for plugin: GPIO
2026-05-15 22:05:58,800 [INFO] BlockDiagram:2759 - set Specific Code input for plugin: RCC
2026-05-15 22:05:58,801 [INFO] CodeGenerator:799 - code generatio: config db path: C:\ST\STM32CubeIDE_1.13.1\STM32CubeIDE\plugins\com.st.stm32cube.common.mx_6.9.1.202307191849\\db\
2026-05-15 22:05:58,897 [INFO] CodeEngine:255 - oldGeneratedFile, D:\smart_garden\Low_Power\MXTmpFiles\license.tmp_save
2026-05-15 22:05:58,954 [INFO] CodeEngine:279 - Generated code: D:\smart_garden\Low_Power\MXTmpFiles\license.tmp
2026-05-15 22:05:58,963 [INFO] CodeEngine:255 - oldGeneratedFile, D:\smart_garden\Low_Power\MXTmpFiles\gpio.tmp_save
2026-05-15 22:05:59,032 [INFO] CodeEngine:279 - Generated code: D:\smart_garden\Low_Power\MXTmpFiles\gpio.tmp
2026-05-15 22:05:59,054 [INFO] CodeEngine:255 - oldGeneratedFile, D:\smart_garden\Low_Power\Core\Src\stm32f1xx_it.c_save
2026-05-15 22:05:59,206 [INFO] CodeEngine:279 - Generated code: D:\smart_garden\Low_Power\Core\Src\stm32f1xx_it.c
2026-05-15 22:05:59,209 [INFO] CodeEngine:255 - oldGeneratedFile, D:\smart_garden\Low_Power\Core\Inc\stm32f1xx_it.h_save
2026-05-15 22:05:59,256 [INFO] CodeEngine:279 - Generated code: D:\smart_garden\Low_Power\Core\Inc\stm32f1xx_it.h
2026-05-15 22:05:59,261 [INFO] CodeEngine:255 - oldGeneratedFile, D:\smart_garden\Low_Power\Core\Src\stm32f1xx_hal_msp.c_save
2026-05-15 22:05:59,343 [INFO] CodeEngine:279 - Generated code: D:\smart_garden\Low_Power\Core\Src\stm32f1xx_hal_msp.c
2026-05-15 22:05:59,345 [INFO] CodeEngine:255 - oldGeneratedFile, D:\smart_garden\Low_Power\MXTmpFiles\system.tmp_save
2026-05-15 22:05:59,387 [INFO] CodeEngine:279 - Generated code: D:\smart_garden\Low_Power\MXTmpFiles\system.tmp
2026-05-15 22:05:59,391 [INFO] CodeEngine:311 - oldGeneratedFile, D:\smart_garden\Low_Power\Core\Inc\stm32f1xx_hal_conf.h_save
2026-05-15 22:05:59,436 [INFO] CodeEngine:335 - Generated code: D:\smart_garden\Low_Power\Core\Inc\stm32f1xx_hal_conf.h
2026-05-15 22:05:59,447 [INFO] CodeEngine:255 - oldGeneratedFile, D:\smart_garden\Low_Power\Core\Inc\main.h_save
2026-05-15 22:05:59,506 [INFO] CodeEngine:279 - Generated code: D:\smart_garden\Low_Power\Core\Inc\main.h
2026-05-15 22:05:59,508 [INFO] CodeEngine:255 - oldGeneratedFile, D:\smart_garden\Low_Power\Core\Src\main.c_save
2026-05-15 22:05:59,570 [INFO] CodeEngine:279 - Generated code: D:\smart_garden\Low_Power\Core\Src\main.c
2026-05-15 22:05:59,900 [INFO] ProjectBuilder:3064 - Time for Copy HAL[1] : 63mS.
2026-05-15 22:05:59,902 [INFO] ProjectBuilder:4404 - Project Generator version: 4.1.0
2026-05-15 22:06:00,118 [INFO] ConfigFileManager:1457 - The Die is : DIE410
2026-05-15 22:06:01,170 [INFO] ProjectBuilder:4626 - Time for Generating toolchain IDE Files: 1267mS.
2026-05-15 22:06:01,170 [INFO] ProjectBuilder:2935 - Time for Copy CMSIS : 0mS.
2026-05-15 22:06:01,171 [INFO] ProjectBuilder:2935 - Time for Copy CMSIS : 0mS.
2026-05-15 22:26:27,043 [INFO] WebApp:330 - JxBrowser engine has been closed 
2026-05-15 22:26:30,360 [ERROR] LogOutputStream:75 - [STDERR_REDIRECT] 
