2026-05-09 01:33:32,118 [INFO] Activator:176 - 


2026-05-09 01:33:32,123 [INFO] Activator:177 - !SESSION log4j initialized
2026-05-09 01:33:35,965 [INFO] LogOutputStream:77 - [STDOUT_REDIRECT] 
2026-05-09 01:33:36,735 [INFO] ApplicationProperties:184 - Using Application install path: C:\ST\STM32CubeIDE_1.13.1\STM32CubeIDE\plugins\com.st.stm32cube.common.mx_6.9.1.202307191849
2026-05-09 01:33:36,751 [INFO] DbMcusXml:78 - Set database path to: C:\ST\STM32CubeIDE_1.13.1\STM32CubeIDE\plugins\com.st.stm32cube.common.mx_6.9.1.202307191849\\db\/mcu/
2026-05-09 01:33:36,751 [INFO] ApiDb:274 - Set plugin database path to: C:\ST\STM32CubeIDE_1.13.1\STM32CubeIDE\plugins\com.st.stm32cube.common.mx_6.9.1.202307191849\\db\/plugins/boardmanager/
2026-05-09 01:33:36,752 [WARN] ApiDb:259 - Overriding images path with different value:  => C:\ST\STM32CubeIDE_1.13.1\STM32CubeIDE\plugins\com.st.stm32cube.common.mx_6.9.1.202307191849\\db\/plugins/mcufinder/images/
2026-05-09 01:33:36,761 [INFO] ApiDb:250 - Set database path to: C:\Users\Admin\.stmcufinder\plugins\mcufinder//mcu/
2026-05-09 01:33:36,762 [INFO] DbMcusAds:125 - Set database path to: C:\Users\Admin\.stmcufinder\plugins\mcufinder//mcu/
2026-05-09 01:33:36,763 [INFO] CrossReferenceDbSqlite:203 - Set database path to: C:\Users\Admin\.stmcufinder\plugins\mcufinder//mcu/cs/
2026-05-09 01:33:36,838 [INFO] RulesReader:64 - Compatibility file has been processed (293 Rules)
2026-05-09 01:33:36,908 [INFO] DbMcusXml:78 - Set database path to: C:\ST\STM32CubeIDE_1.13.1\STM32CubeIDE\plugins\com.st.stm32cube.common.mx_6.9.1.202307191849\\db\/mcu/
2026-05-09 01:33:36,908 [INFO] ApiDb:274 - Set plugin database path to: C:\ST\STM32CubeIDE_1.13.1\STM32CubeIDE\plugins\com.st.stm32cube.common.mx_6.9.1.202307191849\\db\/plugins/boardmanager/
2026-05-09 01:33:36,908 [INFO] ApiDb:261 - Set plugin images path to: C:\ST\STM32CubeIDE_1.13.1\STM32CubeIDE\plugins\com.st.stm32cube.common.mx_6.9.1.202307191849\\db\/plugins/mcufinder/images/
2026-05-09 01:33:36,908 [WARN] DbFile:41 - Overriding database path with different value: C:\Users\Admin\.stmcufinder\plugins\mcufinder/ => C:\Users\Admin\.stmcufinder\plugins\mcufinder
2026-05-09 01:33:36,908 [INFO] ApiDb:250 - Set database path to: C:\Users\Admin\.stmcufinder\plugins\mcufinder//mcu/
2026-05-09 01:33:36,908 [WARN] DbFile:41 - Overriding database path with different value: C:\Users\Admin\.stmcufinder\plugins\mcufinder/ => C:\Users\Admin\.stmcufinder\plugins\mcufinder
2026-05-09 01:33:36,908 [INFO] DbMcusAds:125 - Set database path to: C:\Users\Admin\.stmcufinder\plugins\mcufinder//mcu/
2026-05-09 01:33:36,909 [WARN] DbFile:41 - Overriding database path with different value: C:\Users\Admin\.stmcufinder\plugins\mcufinder/ => C:\Users\Admin\.stmcufinder\plugins\mcufinder
2026-05-09 01:33:36,909 [WARN] DbFile:41 - Overriding database path with different value: C:\Users\Admin\.stmcufinder\plugins\mcufinder/ => C:\Users\Admin\.stmcufinder\plugins\mcufinder
2026-05-09 01:33:36,909 [INFO] CrossReferenceDbSqlite:203 - Set database path to: C:\Users\Admin\.stmcufinder\plugins\mcufinder//mcu/cs/
2026-05-09 01:33:36,974 [INFO] MainPanel:262 - HeapMemory: 268435456
2026-05-09 01:33:37,050 [INFO] DbMcusXml:78 - Set database path to: C:\ST\STM32CubeIDE_1.13.1\STM32CubeIDE\plugins\com.st.stm32cube.common.mx_6.9.1.202307191849\\db\/mcu/
2026-05-09 01:33:37,050 [INFO] ApiDb:274 - Set plugin database path to: C:\ST\STM32CubeIDE_1.13.1\STM32CubeIDE\plugins\com.st.stm32cube.common.mx_6.9.1.202307191849\\db\/plugins/boardmanager/
2026-05-09 01:33:37,050 [INFO] ApiDb:261 - Set plugin images path to: C:\ST\STM32CubeIDE_1.13.1\STM32CubeIDE\plugins\com.st.stm32cube.common.mx_6.9.1.202307191849\\db\/plugins/mcufinder/images/
2026-05-09 01:33:37,050 [WARN] DbFile:41 - Overriding database path with different value: C:\Users\Admin\.stmcufinder\plugins\mcufinder/ => C:\Users\Admin\.stmcufinder\plugins\mcufinder
2026-05-09 01:33:37,050 [INFO] ApiDb:250 - Set database path to: C:\Users\Admin\.stmcufinder\plugins\mcufinder//mcu/
2026-05-09 01:33:37,050 [WARN] DbFile:41 - Overriding database path with different value: C:\Users\Admin\.stmcufinder\plugins\mcufinder/ => C:\Users\Admin\.stmcufinder\plugins\mcufinder
2026-05-09 01:33:37,050 [INFO] DbMcusAds:125 - Set database path to: C:\Users\Admin\.stmcufinder\plugins\mcufinder//mcu/
2026-05-09 01:33:37,050 [WARN] DbFile:41 - Overriding database path with different value: C:\Users\Admin\.stmcufinder\plugins\mcufinder/ => C:\Users\Admin\.stmcufinder\plugins\mcufinder
2026-05-09 01:33:37,051 [WARN] DbFile:41 - Overriding database path with different value: C:\Users\Admin\.stmcufinder\plugins\mcufinder/ => C:\Users\Admin\.stmcufinder\plugins\mcufinder
2026-05-09 01:33:37,051 [INFO] CrossReferenceDbSqlite:203 - Set database path to: C:\Users\Admin\.stmcufinder\plugins\mcufinder//mcu/cs/
2026-05-09 01:33:37,065 [INFO] ApplicationProperties:184 - Using Application install path: C:\ST\STM32CubeIDE_1.13.1\STM32CubeIDE\plugins\com.st.stm32cube.common.mx_6.9.1.202307191849
2026-05-09 01:33:37,066 [INFO] PluginManage:196 - Search for loadable plugins [exclusion list=, ]
2026-05-09 01:33:37,067 [INFO] PluginManage:310 - Check plugin analytics
2026-05-09 01:33:37,177 [INFO] AnalyticsPlugin:253 - Accepted Software Licenses: 
2026-05-09 01:33:37,178 [INFO] AnalyticsPlugin:255 - Accepted CMSIS Pack Licenses: 
2026-05-09 01:33:37,178 [INFO] AnalyticsPlugin:257 - Accepted Firmware Licenses: 
2026-05-09 01:33:37,180 [INFO] PluginManage:359 - Loaded plugin analytics (category:tool,tabindex:-1)
2026-05-09 01:33:37,181 [INFO] PluginManage:310 - Check plugin cadmodel
2026-05-09 01:33:37,186 [INFO] CADModel:105 - Init CAD model plugin
2026-05-09 01:33:37,187 [INFO] PluginManage:359 - Loaded plugin cadmodel (category:power,tabindex:5)
2026-05-09 01:33:37,187 [INFO] PluginManage:310 - Check plugin clock
2026-05-09 01:33:37,198 [INFO] PluginManage:359 - Loaded plugin clock (category:base,tabindex:2)
2026-05-09 01:33:37,198 [INFO] PluginManage:310 - Check plugin ddr
2026-05-09 01:33:37,201 [INFO] PluginManage:359 - Loaded plugin ddr (category:tool,tabindex:6)
2026-05-09 01:33:37,201 [INFO] PluginManage:310 - Check plugin filemanager
2026-05-09 01:33:37,315 [INFO] PluginManage:359 - Loaded plugin filemanager (category:base,tabindex:10)
2026-05-09 01:33:37,315 [INFO] PluginManage:310 - Check plugin ipmanager
2026-05-09 01:33:37,320 [INFO] PluginManage:359 - Loaded plugin ipmanager (category:base,tabindex:5)
2026-05-09 01:33:37,320 [INFO] PluginManage:310 - Check plugin lpbam
2026-05-09 01:33:37,327 [INFO] PluginManage:359 - Loaded plugin lpbam (category:base,tabindex:0)
2026-05-09 01:33:37,327 [INFO] PluginManage:310 - Check plugin memorymap
2026-05-09 01:33:37,339 [INFO] PluginManage:359 - Loaded plugin memorymap (category:base,tabindex:4)
2026-05-09 01:33:37,339 [INFO] PluginManage:310 - Check plugin pinoutandconfiguration
2026-05-09 01:33:37,345 [INFO] PluginManage:359 - Loaded plugin pinoutandconfiguration (category:base,tabindex:1)
2026-05-09 01:33:37,345 [INFO] PluginManage:310 - Check plugin pinoutconfig
2026-05-09 01:33:37,411 [WARN] SupportedApi:132 - Cannot load RTOS API schema: s4s-elt-must-match.1: The content of 'definitions' must match (annotation?, (simpleType | complexType)?, (unique | key | keyref)*)). A problem was found starting at: attribute.
2026-05-09 01:33:37,520 [INFO] PluginManage:359 - Loaded plugin pinoutconfig (category:base,tabindex:0)
2026-05-09 01:33:37,520 [INFO] PluginManage:310 - Check plugin power
2026-05-09 01:33:37,530 [INFO] PluginManage:359 - Loaded plugin power (category:power,tabindex:4)
2026-05-09 01:33:37,530 [INFO] PluginManage:310 - Check plugin projectmanager
2026-05-09 01:33:37,541 [INFO] PluginManage:359 - Loaded plugin projectmanager (category:projectmanager,tabindex:3)
2026-05-09 01:33:37,541 [INFO] PluginManage:310 - Check plugin thirdparty
2026-05-09 01:33:37,638 [INFO] PluginManage:359 - Loaded plugin thirdparty (category:base,tabindex:-1)
2026-05-09 01:33:37,638 [WARN] IntegrityCheckThread:84 - waiting for thirdparty lock release [integrity check]
2026-05-09 01:33:37,638 [INFO] PluginManage:310 - Check plugin tools
2026-05-09 01:33:37,638 [INFO] IntegrityCheckThread:86 - entering critical section [integrity check]
2026-05-09 01:33:37,638 [INFO] ThirdPartyUpdaterWithRetryManager:70 - Updater plugin not ready yet. [1/15]
2026-05-09 01:33:37,640 [INFO] PluginManage:359 - Loaded plugin tools (category:base,tabindex:7)
2026-05-09 01:33:37,641 [INFO] PluginManage:310 - Check plugin tutovideos
2026-05-09 01:33:37,783 [INFO] PluginManage:359 - Loaded plugin tutovideos (category:base,tabindex:-1)
2026-05-09 01:33:37,783 [INFO] PluginManage:310 - Check plugin updater
2026-05-09 01:33:37,792 [INFO] PluginManage:359 - Loaded plugin updater (category:base,tabindex:12)
2026-05-09 01:33:37,793 [INFO] PluginManage:310 - Check plugin userauth
2026-05-09 01:33:37,797 [INFO] UserAuth:113 - Init User Auth plugin
2026-05-09 01:33:37,797 [INFO] PluginManage:359 - Loaded plugin userauth (category:base,tabindex:14)
2026-05-09 01:33:37,797 [INFO] PluginManage:283 - PluginManage : Loaded plugins [17]
2026-05-09 01:33:37,961 [INFO] PinOutPanel:1499 - setPackage(No Configuration,No Configuration)
2026-05-09 01:33:38,034 [INFO] CADModel:165 - CPN selected for project level
2026-05-09 01:33:38,034 [INFO] CADModel:114 - Register for checkConnection events
2026-05-09 01:33:38,050 [INFO] IPUIPlugin:80 - create IPUIPlugin
2026-05-09 01:33:38,050 [INFO] PluginManager:220 - loadIPPluginJar : add adc
2026-05-09 01:33:38,053 [INFO] IPUIPlugin:80 - create IPUIPlugin
2026-05-09 01:33:38,053 [INFO] PluginManager:220 - loadIPPluginJar : add aes
2026-05-09 01:33:38,055 [INFO] IPUIPlugin:80 - create IPUIPlugin
2026-05-09 01:33:38,055 [INFO] PluginManager:220 - loadIPPluginJar : add can
2026-05-09 01:33:38,057 [INFO] IPUIPlugin:80 - create IPUIPlugin
2026-05-09 01:33:38,057 [INFO] PluginManager:220 - loadIPPluginJar : add comp
2026-05-09 01:33:38,058 [INFO] IPUIPlugin:80 - create IPUIPlugin
2026-05-09 01:33:38,058 [INFO] PluginManager:220 - loadIPPluginJar : add cryp
2026-05-09 01:33:38,060 [INFO] IPUIPlugin:80 - create IPUIPlugin
2026-05-09 01:33:38,060 [INFO] PluginManager:220 - loadIPPluginJar : add dfsdm
2026-05-09 01:33:38,065 [INFO] IPUIPlugin:80 - create IPUIPlugin
2026-05-09 01:33:38,066 [INFO] PluginManager:220 - loadIPPluginJar : add dma
2026-05-09 01:33:38,068 [INFO] IPUIPlugin:80 - create IPUIPlugin
2026-05-09 01:33:38,068 [INFO] PluginManager:220 - loadIPPluginJar : add dma3
2026-05-09 01:33:38,069 [INFO] IPUIPlugin:80 - create IPUIPlugin
2026-05-09 01:33:38,069 [INFO] PluginManager:220 - loadIPPluginJar : add fatfs
2026-05-09 01:33:38,073 [INFO] IPUIPlugin:80 - create IPUIPlugin
2026-05-09 01:33:38,073 [INFO] PluginManager:220 - loadIPPluginJar : add fmc
2026-05-09 01:33:38,077 [INFO] IPUIPlugin:80 - create IPUIPlugin
2026-05-09 01:33:38,077 [INFO] PluginManager:220 - loadIPPluginJar : add freertos
2026-05-09 01:33:38,078 [INFO] IPUIPlugin:80 - create IPUIPlugin
2026-05-09 01:33:38,078 [INFO] PluginManager:220 - loadIPPluginJar : add genericplugin
2026-05-09 01:33:38,081 [INFO] IPUIPlugin:80 - create IPUIPlugin
2026-05-09 01:33:38,081 [INFO] PluginManager:220 - loadIPPluginJar : add gfxmmu
2026-05-09 01:33:38,084 [INFO] IPUIPlugin:80 - create IPUIPlugin
2026-05-09 01:33:38,084 [INFO] PluginManager:220 - loadIPPluginJar : add gic
2026-05-09 01:33:38,088 [INFO] IPUIPlugin:80 - create IPUIPlugin
2026-05-09 01:33:38,088 [INFO] PluginManager:220 - loadIPPluginJar : add gpio
2026-05-09 01:33:38,090 [INFO] IPUIPlugin:80 - create IPUIPlugin
2026-05-09 01:33:38,090 [INFO] PluginManager:220 - loadIPPluginJar : add gtzc
2026-05-09 01:33:38,092 [INFO] IPUIPlugin:80 - create IPUIPlugin
2026-05-09 01:33:38,092 [INFO] PluginManager:220 - loadIPPluginJar : add hash
2026-05-09 01:33:38,094 [INFO] IPUIPlugin:80 - create IPUIPlugin
2026-05-09 01:33:38,094 [INFO] PluginManager:220 - loadIPPluginJar : add i2c
2026-05-09 01:33:38,096 [INFO] IPUIPlugin:80 - create IPUIPlugin
2026-05-09 01:33:38,097 [INFO] PluginManager:220 - loadIPPluginJar : add i2s
2026-05-09 01:33:38,099 [INFO] IPUIPlugin:80 - create IPUIPlugin
2026-05-09 01:33:38,099 [INFO] PluginManager:220 - loadIPPluginJar : add i3c
2026-05-09 01:33:38,102 [INFO] IPUIPlugin:80 - create IPUIPlugin
2026-05-09 01:33:38,102 [INFO] PluginManager:220 - loadIPPluginJar : add ipddr
2026-05-09 01:33:38,107 [INFO] IPUIPlugin:80 - create IPUIPlugin
2026-05-09 01:33:38,107 [INFO] PluginManager:220 - loadIPPluginJar : add linkedlist
2026-05-09 01:33:38,110 [INFO] IPUIPlugin:80 - create IPUIPlugin
2026-05-09 01:33:38,110 [INFO] PluginManager:220 - loadIPPluginJar : add lorawan
2026-05-09 01:33:38,112 [INFO] IPUIPlugin:80 - create IPUIPlugin
2026-05-09 01:33:38,112 [INFO] PluginManager:220 - loadIPPluginJar : add ltdc
2026-05-09 01:33:38,118 [INFO] IPUIPlugin:80 - create IPUIPlugin
2026-05-09 01:33:38,119 [INFO] PluginManager:220 - loadIPPluginJar : add mdma
2026-05-09 01:33:38,122 [INFO] IPUIPlugin:80 - create IPUIPlugin
2026-05-09 01:33:38,122 [INFO] PluginManager:220 - loadIPPluginJar : add nvic
2026-05-09 01:33:38,124 [INFO] IPUIPlugin:80 - create IPUIPlugin
2026-05-09 01:33:38,124 [INFO] PluginManager:220 - loadIPPluginJar : add opamp
2026-05-09 01:33:38,127 [INFO] IPUIPlugin:80 - create IPUIPlugin
2026-05-09 01:33:38,127 [INFO] PluginManager:220 - loadIPPluginJar : add openamp
2026-05-09 01:33:38,129 [INFO] IPUIPlugin:80 - create IPUIPlugin
2026-05-09 01:33:38,129 [INFO] PluginManager:220 - loadIPPluginJar : add pdm2pcm
2026-05-09 01:33:38,134 [INFO] IPUIPlugin:80 - create IPUIPlugin
2026-05-09 01:33:38,136 [INFO] PluginManager:220 - loadIPPluginJar : add plateformsettings
2026-05-09 01:33:38,137 [INFO] IPUIPlugin:80 - create IPUIPlugin
2026-05-09 01:33:38,137 [INFO] PluginManager:220 - loadIPPluginJar : add quadspi
2026-05-09 01:33:38,141 [INFO] IPUIPlugin:80 - create IPUIPlugin
2026-05-09 01:33:38,141 [INFO] PluginManager:220 - loadIPPluginJar : add resmgrutility
2026-05-09 01:33:38,143 [INFO] IPUIPlugin:80 - create IPUIPlugin
2026-05-09 01:33:38,143 [INFO] PluginManager:220 - loadIPPluginJar : add sai
2026-05-09 01:33:38,145 [INFO] IPUIPlugin:80 - create IPUIPlugin
2026-05-09 01:33:38,145 [INFO] PluginManager:220 - loadIPPluginJar : add spi
2026-05-09 01:33:38,149 [INFO] IPUIPlugin:80 - create IPUIPlugin
2026-05-09 01:33:38,149 [INFO] PluginManager:220 - loadIPPluginJar : add stm32_wpan
2026-05-09 01:33:38,151 [INFO] IPUIPlugin:80 - create IPUIPlugin
2026-05-09 01:33:38,151 [INFO] PluginManager:220 - loadIPPluginJar : add tim
2026-05-09 01:33:38,154 [INFO] IPUIPlugin:80 - create IPUIPlugin
2026-05-09 01:33:38,154 [INFO] PluginManager:220 - loadIPPluginJar : add touchsensing
2026-05-09 01:33:38,155 [INFO] IPUIPlugin:80 - create IPUIPlugin
2026-05-09 01:33:38,155 [INFO] PluginManager:220 - loadIPPluginJar : add tracer_emb
2026-05-09 01:33:38,157 [INFO] IPUIPlugin:80 - create IPUIPlugin
2026-05-09 01:33:38,157 [INFO] PluginManager:220 - loadIPPluginJar : add ts
2026-05-09 01:33:38,158 [INFO] IPUIPlugin:80 - create IPUIPlugin
2026-05-09 01:33:38,158 [INFO] PluginManager:220 - loadIPPluginJar : add tsc
2026-05-09 01:33:38,159 [INFO] IPUIPlugin:80 - create IPUIPlugin
2026-05-09 01:33:38,159 [INFO] PluginManager:220 - loadIPPluginJar : add ucpd
2026-05-09 01:33:38,162 [INFO] IPUIPlugin:80 - create IPUIPlugin
2026-05-09 01:33:38,162 [INFO] PluginManager:220 - loadIPPluginJar : add usart
2026-05-09 01:33:38,164 [INFO] IPUIPlugin:80 - create IPUIPlugin
2026-05-09 01:33:38,164 [INFO] PluginManager:220 - loadIPPluginJar : add usbx
2026-05-09 01:33:38,279 [INFO] CADModel:165 - CPN selected for project level
2026-05-09 01:33:38,279 [INFO] CADModel:114 - Register for checkConnection events
2026-05-09 01:33:38,279 [FATAL] Updater:308 - Updater called before beeing initialized
2026-05-09 01:33:38,279 [ERROR] CADModel:125 - Updater not yet initialized, retry later 
2026-05-09 01:33:38,403 [INFO] CADModel:165 - CPN selected for project level
2026-05-09 01:33:38,403 [INFO] CADModel:114 - Register for checkConnection events
2026-05-09 01:33:38,403 [FATAL] Updater:308 - Updater called before beeing initialized
2026-05-09 01:33:38,403 [ERROR] CADModel:125 - Updater not yet initialized, retry later 
2026-05-09 01:33:38,407 [FATAL] Updater:308 - Updater called before beeing initialized
2026-05-09 01:33:38,486 [FATAL] Updater:308 - Updater called before beeing initialized
2026-05-09 01:33:38,491 [INFO] DbMcusAds:53 - JSON generation date=Mon Apr 27 15:14:29 GMT+07:00 2026 (1777277669683)
2026-05-09 01:33:38,491 [FATAL] Updater:308 - Updater called before beeing initialized
2026-05-09 01:33:38,524 [WARN] DetailPanel:346 - Failed to get advertising image, set to default
2026-05-09 01:33:38,617 [FATAL] Updater:308 - Updater called before beeing initialized
2026-05-09 01:33:38,619 [FATAL] Updater:308 - Updater called before beeing initialized
2026-05-09 01:33:38,619 [FATAL] Updater:308 - Updater called before beeing initialized
2026-05-09 01:33:38,619 [WARN] DetailPanel:346 - Failed to get advertising image, set to default
2026-05-09 01:33:38,620 [FATAL] Updater:308 - Updater called before beeing initialized
2026-05-09 01:33:38,655 [ERROR] Updater:1120 - MainUpdater not yet initialized. External WinMGr cannot be set.
2026-05-09 01:33:38,657 [INFO] Updater:1056 - Updater Version found : 6.9.1
2026-05-09 01:33:38,673 [INFO] ApplicationProperties:184 - Using Application install path: C:\ST\STM32CubeIDE_1.13.1\STM32CubeIDE\plugins\com.st.stm32cube.common.mx_6.9.1.202307191849
2026-05-09 01:33:38,805 [INFO] MainUpdater:2868 - connection check result : 10
2026-05-09 01:33:38,806 [INFO] MainUpdater:285 - Updater Check For Update Now.
2026-05-09 01:33:38,806 [INFO] MicroXplorer:498 - Change Database Version : DB.6.0.91
2026-05-09 01:33:38,814 [INFO] McuFinderGlobals:63 - Set McuFinder mode to 2 (CubeIDE integrated)
2026-05-09 01:33:38,814 [INFO] UserAuth:179 - activating auth plugin
2026-05-09 01:33:38,817 [INFO] UserAuth:393 - Internet connection configuration mode: 1
2026-05-09 01:33:38,841 [INFO] JxBrowserEngine:151 - Initiate JxBrowser Engine with user profile folder
2026-05-09 01:33:38,968 [INFO] CheckServerUpdateThread:120 - End of CheckServer Thread
2026-05-09 01:33:39,417 [INFO] WebApp:157 - Instantiating new browser for Auth
2026-05-09 01:33:39,846 [INFO] WebApp:753 - Register for checkConnection events
2026-05-09 01:33:39,846 [INFO] WebApp:390 - Apply proxy settings
2026-05-09 01:33:39,846 [INFO] WebApp:475 - Chromium requires no authentication
2026-05-09 01:33:39,853 [INFO] WebApp:418 - Direct internet connection detected
2026-05-09 01:33:39,986 [INFO] WebApp:188 - Starting web application
2026-05-09 01:33:39,987 [INFO] WebApp:520 - Web application path used C:\ST\STM32CubeIDE_1.13.1\STM32CubeIDE\plugins\com.st.stm32cube.common.mx_6.9.1.202307191849\db\plugins\mcufinder\reactClient1\index.html
2026-05-09 01:33:40,779 [WARN] PackLoader:240 - Cannot read IP mode file for STMicroelectronics.X-CUBE-AZRTOS-F4.1.1.0
2026-05-09 01:33:40,795 [WARN] PackLoader:240 - Cannot read IP mode file for STMicroelectronics.X-CUBE-SMBUS.2.1.0
2026-05-09 01:33:40,815 [WARN] PackLoader:240 - Cannot read IP mode file for STMicroelectronics.X-CUBE-AZRTOS-F7.1.1.0
2026-05-09 01:33:40,828 [WARN] PackLoader:240 - Cannot read IP mode file for STMicroelectronics.X-CUBE-DISPLAY.3.0.0
2026-05-09 01:33:40,841 [INFO] LogOutputStream:77 - [STDOUT_REDIRECT] 1 : Invalid condition id : UX_CORESTACK_Condition cause : null
2026-05-09 01:33:40,841 [INFO] LogOutputStream:77 - [STDOUT_REDIRECT] 1 : Invalid condition id : UX_CORESTACK_Condition cause : null
2026-05-09 01:33:40,843 [INFO] LogOutputStream:77 - [STDOUT_REDIRECT] 1 : Invalid condition id : UX_CORESTACK_Condition cause : null
2026-05-09 01:33:40,844 [INFO] LogOutputStream:77 - [STDOUT_REDIRECT] 1 : Invalid condition id : UX_CORESTACK_Condition cause : null
2026-05-09 01:33:40,845 [INFO] LogOutputStream:77 - [STDOUT_REDIRECT] 1 : Invalid condition id : UX_CORESTACK_Condition cause : null
2026-05-09 01:33:40,847 [WARN] PackLoader:240 - Cannot read IP mode file for STMicroelectronics.X-CUBE-AZRTOS-WL.2.0.0
2026-05-09 01:33:40,865 [WARN] ConditionMgr:438 - getConditionDescription Invalid condition id : LAN8742 Phy interface Condition cause : null
2026-05-09 01:33:40,865 [WARN] PackLoader:240 - Cannot read IP mode file for STMicroelectronics.X-CUBE-AZRTOS-L4.2.0.0
2026-05-09 01:33:40,866 [WARN] ConditionMgr:1039 - genDependencies : Invalid condition id : LAN8742 Phy interface Condition cause : null
2026-05-09 01:33:40,867 [WARN] ConditionMgr:1039 - genDependencies : Invalid condition id : LAN8742 Phy interface Condition cause : null
2026-05-09 01:33:40,868 [WARN] ConditionMgr:1039 - genDependencies : Invalid condition id : LAN8742 Phy interface Condition cause : null
2026-05-09 01:33:40,881 [WARN] PackLoader:240 - Cannot read IP mode file for STMicroelectronics.X-CUBE-SFXS2LP1.4.0.0
2026-05-09 01:33:40,886 [WARN] PackLoader:240 - Cannot read IP mode file for STMicroelectronics.X-CUBE-BLE2.3.3.0
2026-05-09 01:33:40,897 [WARN] PackLoader:240 - Cannot read IP mode file for STMicroelectronics.X-CUBE-AZRTOS-G0.1.1.0
2026-05-09 01:33:40,906 [WARN] PackLoader:240 - Cannot read IP mode file for STMicroelectronics.X-CUBE-SUBG2.5.0.0
2026-05-09 01:33:40,915 [WARN] PackLoader:240 - Cannot read IP mode file for STMicroelectronics.X-CUBE-NFC4.3.0.0
2026-05-09 01:33:40,928 [WARN] PackLoader:240 - Cannot read IP mode file for STMicroelectronics.X-CUBE-AZRTOS-G4.2.0.0
2026-05-09 01:33:40,933 [WARN] PackLoader:240 - Cannot read IP mode file for STMicroelectronics.FP-ATR-SIGFOX1.3.2.0
2026-05-09 01:33:40,935 [INFO] ThirdParty:978 - Integrity check success = true
2026-05-09 01:33:40,935 [INFO] IntegrityCheckThread:100 - exiting critical section [integrity check]
2026-05-09 01:33:40,935 [INFO] IntegrityCheckThread:103 - End integrity checks thread
2026-05-09 01:34:00,538 [ERROR] LogOutputStream:75 - [STDERR_REDIRECT] SLF4J: Failed to load class "org.slf4j.impl.StaticLoggerBinder".
2026-05-09 01:34:00,538 [ERROR] LogOutputStream:75 - [STDERR_REDIRECT] SLF4J: Defaulting to no-operation (NOP) logger implementation
2026-05-09 01:34:00,539 [ERROR] LogOutputStream:75 - [STDERR_REDIRECT] SLF4J: See http://www.slf4j.org/codes.html#StaticLoggerBinder for further details.
2026-05-09 05:37:51,840 [INFO] McuFinderGlobals:63 - Set McuFinder mode to 2 (CubeIDE integrated)
2026-05-09 05:37:51,843 [INFO] MainUpdater:2868 - connection check result : 10
2026-05-09 05:37:51,844 [INFO] MainUpdater:2868 - connection check result : 10
2026-05-09 05:37:51,866 [INFO] MicroXplorer:468 - Change Database Path : 
2026-05-09 05:37:51,866 [INFO] MicroXplorer:498 - Change Database Version : DB.6.0.91
2026-05-09 05:37:51,869 [WARN] ThirdParty:871 - waiting for thirdparty lock release [close project]
2026-05-09 05:37:51,869 [INFO] ThirdParty:873 - entering critical section [close project]
2026-05-09 05:37:51,870 [INFO] ThirdParty:883 - exiting critical section [close project]
2026-05-09 05:37:51,872 [INFO] PinOutPanel:1499 - setPackage(No Configuration,No Configuration)
2026-05-09 05:37:51,876 [INFO] UtilMem:75 - Begin LoadConfig() Used Memory: 875102176 Bytes (1073741824)
2026-05-09 05:37:51,877 [INFO] MicroXplorer:468 - Change Database Path : 
2026-05-09 05:37:51,877 [INFO] MicroXplorer:498 - Change Database Version : DB.6.0.91
2026-05-09 05:37:51,878 [INFO] OpenFileManager:308 - Change cursor
2026-05-09 05:37:51,897 [INFO] Mcu:1946 - Initializing MCU STM32F103C(8-B)Tx STM32F103C8Tx STM32F103C8T6
2026-05-09 05:37:52,487 [INFO] Context:659 - Trying to add GPIOservice into a context  which must be forbidden
2026-05-09 05:37:52,739 [WARN] ModelIntegratedComponent:63 - No mode defined for component null
2026-05-09 05:37:52,739 [WARN] ModelIntegratedComponent:63 - No mode defined for component null
2026-05-09 05:37:52,739 [WARN] ModelIntegratedComponent:63 - No mode defined for component null
2026-05-09 05:37:52,739 [WARN] ModelIntegratedComponent:63 - No mode defined for component null
2026-05-09 05:37:52,739 [WARN] ModelIntegratedComponent:63 - No mode defined for component null
2026-05-09 05:37:52,739 [WARN] ModelIntegratedComponent:63 - No mode defined for component null
2026-05-09 05:37:52,739 [WARN] ModelIntegratedComponent:63 - No mode defined for component null
2026-05-09 05:37:52,739 [WARN] ModelIntegratedComponent:63 - No mode defined for component null
2026-05-09 05:37:52,740 [WARN] ModelIntegratedComponent:63 - No mode defined for component null
2026-05-09 05:37:52,740 [WARN] ModelIntegratedComponent:63 - No mode defined for component null
2026-05-09 05:37:52,740 [WARN] ModelIntegratedComponent:63 - No mode defined for component null
2026-05-09 05:37:52,740 [WARN] ModelIntegratedComponent:63 - No mode defined for component null
2026-05-09 05:37:52,740 [WARN] ModelIntegratedComponent:63 - No mode defined for component null
2026-05-09 05:37:52,740 [WARN] ModelIntegratedComponent:63 - No mode defined for component null
2026-05-09 05:37:52,740 [WARN] ModelIntegratedComponent:63 - No mode defined for component null
2026-05-09 05:37:52,740 [WARN] ModelIntegratedComponent:63 - No mode defined for component null
2026-05-09 05:37:52,740 [WARN] ModelIntegratedComponent:63 - No mode defined for component null
2026-05-09 05:37:52,740 [WARN] ModelIntegratedComponent:63 - No mode defined for component null
2026-05-09 05:37:52,740 [WARN] ModelIntegratedComponent:63 - No mode defined for component null
2026-05-09 05:37:52,740 [WARN] ModelIntegratedComponent:63 - No mode defined for component null
2026-05-09 05:37:52,740 [WARN] ModelIntegratedComponent:63 - No mode defined for component null
2026-05-09 05:37:52,741 [WARN] ModelIntegratedComponent:63 - No mode defined for component null
2026-05-09 05:37:52,741 [WARN] ModelIntegratedComponent:63 - No mode defined for component null
2026-05-09 05:37:52,741 [WARN] ModelIntegratedComponent:63 - No mode defined for component null
2026-05-09 05:37:52,741 [WARN] ModelIntegratedComponent:63 - No mode defined for component null
2026-05-09 05:37:52,741 [WARN] ModelIntegratedComponent:63 - No mode defined for component null
2026-05-09 05:37:52,741 [WARN] ModelIntegratedComponent:63 - No mode defined for component null
2026-05-09 05:37:52,741 [WARN] ModelIntegratedComponent:63 - No mode defined for component null
2026-05-09 05:37:52,741 [WARN] ModelIntegratedComponent:63 - No mode defined for component null
2026-05-09 05:37:52,741 [WARN] ModelIntegratedComponent:63 - No mode defined for component null
2026-05-09 05:37:52,741 [WARN] ModelIntegratedComponent:63 - No mode defined for component null
2026-05-09 05:37:52,741 [WARN] ModelIntegratedComponent:63 - No mode defined for component null
2026-05-09 05:37:52,741 [WARN] ModelIntegratedComponent:63 - No mode defined for component null
2026-05-09 05:37:52,748 [INFO] RtosManager:555 - Registered RTOS mode: class=CMSIS, group=RTOS, mode=CMSIS_V1, owner=FREERTOS
2026-05-09 05:37:52,748 [INFO] RtosManager:555 - Registered RTOS mode: class=CMSIS, group=RTOS2, mode=CMSIS_V2, owner=FREERTOS
2026-05-09 05:37:52,748 [INFO] RtosManager:555 - Registered RTOS mode: class=RTOS, group=Core, mode=CMSIS_V1, owner=FREERTOS
2026-05-09 05:37:52,748 [INFO] RtosManager:555 - Registered RTOS mode: class=RTOS, group=Core, mode=CMSIS_V2, owner=FREERTOS
2026-05-09 05:37:52,748 [WARN] ModelIntegratedComponent:184 - Missing modes for component STMicroelectronics:FreeRTOS:0.0.1:STMicroelectronics:RTOS:FreeRTOS:Core:::10.2.0:
2026-05-09 05:37:52,774 [INFO] ThirdPartyModel:298 - Start build external matchings
2026-05-09 05:37:52,787 [INFO] ThirdPartyModel:316 - End build external matchings
2026-05-09 05:37:52,964 [INFO] UtilMem:75 - End LoadConfig() Used Memory: 628517096 Bytes (1073741824)
2026-05-09 05:37:53,026 [INFO] ApiDb:581 - Connected to CubeFinder SQLite database (C:\Users\Admin\.stmcufinder\plugins\mcufinder\mcu\cube-finder-db.db)
2026-05-09 05:37:53,117 [INFO] ApiDb:668 - CubeFinder database Data Model version=2.1
2026-05-09 05:37:53,117 [INFO] ApiDb:669 - CubeFinder database Configuration version=3.0.42
2026-05-09 05:37:53,118 [INFO] ApiDb:670 - CubeFinder database generation date=2026-03-11 (1773229989)
2026-05-09 05:37:53,119 [INFO] ApiDb:671 - CubeFinder database FW Pack versions=[FP-ATR-ASTRA1_V2.0.0, FP-SNS-FLIGHT1_V5.1.0, FP-SNS-MOTENV1_V5.1.0, FP-SNS-MOTENVWB1_V1.5.0, FP-SNS-SMARTAG2_V1.2.0, FP-SNS-STBOX1_V2.1.0, STM32Cube_FW_C0_V1.4.0, STM32Cube_FW_F4_V1.28.3, STM32Cube_FW_F7_V1.17.4, STM32Cube_FW_G0_V1.6.3, STM32Cube_FW_G4_V1.6.2, STM32Cube_FW_H5_V1.6.0, STM32Cube_FW_H7RS_V1.3.0, STM32Cube_FW_H7_V1.13.0, STM32Cube_FW_L0_V1.12.2, STM32Cube_FW_L4_V1.18.2, STM32Cube_FW_L5_V1.6.0, STM32Cube_FW_N6_V1.3.0, STM32Cube_FW_U0_V1.3.0, STM32Cube_FW_U3_V1.3.0, STM32Cube_FW_U5_V1.8.0, STM32Cube_FW_WB0_V1.4.0, STM32Cube_FW_WBA_V1.9.0, STM32Cube_FW_WB_V1.24.0, STM32Cube_FW_WL3_V1.4.0, STM32Cube_FW_WL_V1.5.0, X-CUBE-ALGOBUILD_V1.4.0, X-CUBE-ALS_V1.0.2, X-CUBE-AZRTOS-F4_V1.1.0, X-CUBE-AZRTOS-F7_V1.1.0, X-CUBE-AZRTOS-G0_V1.1.0, X-CUBE-AZRTOS-G4_V2.0.0, X-CUBE-AZRTOS-H7RS_V1.1.0, X-CUBE-AZRTOS-H7_V3.4.0, X-CUBE-AZRTOS-L4_V2.0.0, X-CUBE-AZRTOS-L5_V2.0.0, X-CUBE-AZRTOS-WB_V2.0.0, X-CUBE-AZRTOS-WL_V2.0.0, X-CUBE-BLE1_V7.1.0, X-CUBE-BLE2_V3.3.0, X-CUBE-BLEMGR_V4.1.0, X-CUBE-EEPRMA1_V5.2.0, X-CUBE-FREERTOS_V1.5.0, X-CUBE-GNSS1_V6.0.0, X-CUBE-MEMS1_V12.0.0, X-CUBE-NFC4_V3.0.0, X-CUBE-NFC7_V2.0.0, X-CUBE-SFXS2LP1_V4.0.0, X-CUBE-ST67W61_V1.2.0, X-CUBE-SUBG2_V5.0.0, X-CUBE-TOF1_V3.4.3]
2026-05-09 05:37:55,757 [INFO] ApiDb:240 - Found 323 in-development CPN: [B-G473E-ZEST1S, B-WB1M-WPAN1, B-WL5M-SUBG1, NUCLEO-C031C6, NUCLEO-H503RB, NUCLEO-H563ZI, NUCLEO-U545RE-Q, NUCLEO-U5A5ZJ-Q, NUCLEO-WBA52CG, STEVAL-PROTEUS1, STEVAL-SMARTAG2, STEVAL-STWINBX1, STM320518-EVAL, STM32C0116-DK, STM32C011D6Y3TR, STM32C011D6Y6TR, STM32C011F4P3, STM32C011F4P6, STM32C011F4U3, STM32C011F4U6TR, STM32C011F6P3, STM32C011F6P6, STM32C011F6U3, STM32C011F6U6TR, STM32C011J4M3, STM32C011J4M6, STM32C011J6M3, STM32C011J6M6, STM32C0316-DK, STM32C031C4T3, STM32C031C4T6, STM32C031C4U3, STM32C031C4U6, STM32C031C6T3, STM32C031C6T6, STM32C031C6U3, STM32C031C6U6, STM32C031F4P3, STM32C031F4P6, STM32C031F6P3, STM32C031F6P6, STM32C031G4U3, STM32C031G4U6, STM32C031G6U3, STM32C031G6U6, STM32C031K4T3, STM32C031K4T6, STM32C031K4U3, STM32C031K4U6, STM32C031K6T3, STM32C031K6T6, STM32C031K6U3, STM32C031K6U6, STM32G071K8TXN, STM32G071K8UXN, STM32G081GBU6N, STM32G081KBT6N, STM32G081KBUXN, STM32G0B1CCT6N, STM32G0B1KCT6, STM32G0B1NEY6TR, STM32G0B1RCT6N, STM32G0C1CCT6, STM32G0C1CCT6N, STM32G0C1CCU6N, STM32G0C1CET6N, STM32G0C1CEU6N, STM32G0C1KCT6, STM32G0C1NEY6TR, STM32G0C1RCI6N, STM32G0C1RCT6N, STM32G0C1REI6N, STM32G0C1RET6N, STM32G0C1VCI6, STM32G0C1VEI6, STM32G471CCT6, STM32G471CCU6, STM32G471CET3, STM32G471CET6, STM32G471CEU3, STM32G471CEU6, STM32G471MCT6, STM32G471MET3, STM32G471MET6, STM32G471MEY6TR, STM32G471QCT6, STM32G471QET3, STM32G471RCT6, STM32G471RET3, STM32G471RET6, STM32G471VCH6, STM32G471VCI6, STM32G471VCT6, STM32G471VEH3, STM32G471VEH6, STM32G471VEI3, STM32G471VEI6, STM32G471VET3, STM32G471VET6, STM32G474CCT6, STM32H503CBT6, STM32H503CBU6, STM32H503EBY6TR, STM32H503KBU6, STM32H503RBT6, STM32H562AGI6, STM32H562AII6, STM32H562IGK6, STM32H562IGT6, STM32H562IIK6, STM32H562IIT6, STM32H562RGT6, STM32H562RGV6, STM32H562RIT6, STM32H562RIV6, STM32H562VGT6, STM32H562VIT6, STM32H562ZGT6, STM32H562ZIT6, STM32H563AGI6, STM32H563AII3Q, STM32H563AII6, STM32H563IGK6, STM32H563IGT6, STM32H563IIK3Q, STM32H563IIK6, STM32H563IIT3Q, STM32H563IIT6, STM32H563MIY3QTR, STM32H563RGT6, STM32H563RGV6, STM32H563RIT6, STM32H563RIV6, STM32H563VGT6, STM32H563VIT3Q, STM32H563VIT6, STM32H563ZGT6, STM32H563ZIT3Q, STM32H563ZIT6, STM32H573AII3Q, STM32H573AII6, STM32H573I-DK, STM32H573IIK3Q, STM32H573IIK6, STM32H573IIT3Q, STM32H573IIT6, STM32H573MIY3QTR, STM32H573RIT6, STM32H573RIV6, STM32H573VIT3Q, STM32H573VIT6, STM32H573ZIT3Q, STM32H573ZIT6, STM32L4R5QGI6STR, STM32MP131AAE3, STM32MP131AAF3, STM32MP131AAG3, STM32MP131CAE3, STM32MP131CAF3, STM32MP131CAG3, STM32MP131DAE7, STM32MP131DAF7, STM32MP131DAG7, STM32MP131FAE7, STM32MP131FAF7, STM32MP131FAG7, STM32MP133AAE3, STM32MP133AAF3, STM32MP133AAG3, STM32MP133CAE3, STM32MP133CAF3, STM32MP133CAG3, STM32MP133DAE7, STM32MP133DAF7, STM32MP133DAG7, STM32MP133FAE7, STM32MP133FAF7, STM32MP133FAG7, STM32MP135AAE3, STM32MP135AAF3, STM32MP135AAG3, STM32MP135CAE3, STM32MP135CAF3, STM32MP135CAG3, STM32MP135DAE7, STM32MP135DAF7, STM32MP135DAG7, STM32MP135F-DK, STM32MP135FAE7, STM32MP135FAF7, STM32MP135FAF7T, STM32MP135FAF7U, STM32MP135FAG7, STM32U535CBT6, STM32U535CBT6Q, STM32U535CBU6, STM32U535CBU6Q, STM32U535CCT6, STM32U535CCT6Q, STM32U535CCU6, STM32U535CCU6Q, STM32U535CET6, STM32U535CET6Q, STM32U535CEU6, STM32U535CEU6Q, STM32U535JEY6QTR, STM32U535NCY6QTR, STM32U535NEY6QTR, STM32U535RBI6, STM32U535RBI6Q, STM32U535RBT6, STM32U535RBT6Q, STM32U535RCI6, STM32U535RCI6Q, STM32U535RCT6, STM32U535RCT6Q, STM32U535REI6, STM32U535REI6Q, STM32U535RET6, STM32U535RET6Q, STM32U535VCI6, STM32U535VCI6Q, STM32U535VCT6, STM32U535VCT6Q, STM32U535VEI6, STM32U535VEI6Q, STM32U535VET6, STM32U535VET6Q, STM32U545CET6, STM32U545CET6Q, STM32U545CEU6, STM32U545CEU6Q, STM32U545JEY6QTR, STM32U545NEY6QTR, STM32U545REI6, STM32U545REI6Q, STM32U545RET6, STM32U545RET6Q, STM32U545VEI6, STM32U545VEI6Q, STM32U545VET6, STM32U545VET6Q, STM32U595AIH6, STM32U595AIH6Q, STM32U595AJH6, STM32U595AJH6Q, STM32U595QII6, STM32U595QII6Q, STM32U595QJI6, STM32U595QJI6Q, STM32U595RIT6, STM32U595RIT6Q, STM32U595RJT6, STM32U595RJT6Q, STM32U595VIT6, STM32U595VIT6Q, STM32U595VJT6, STM32U595VJT6Q, STM32U595ZIT6, STM32U595ZIT6Q, STM32U595ZIY6QTR, STM32U595ZJT6, STM32U595ZJT6Q, STM32U595ZJY6QTR, STM32U599BJY6QTR, STM32U599NIH6Q, STM32U599NJH6Q, STM32U599VIT6Q, STM32U599VJT6, STM32U599VJT6Q, STM32U599ZIT6Q, STM32U599ZIY6QTR, STM32U599ZJT6Q, STM32U599ZJY6QTR, STM32U5A5AJH6, STM32U5A5AJH6Q, STM32U5A5QJI6, STM32U5A5QJI6Q, STM32U5A5RJT6, STM32U5A5RJT6Q, STM32U5A5VJT6, STM32U5A5VJT6Q, STM32U5A5ZJT6, STM32U5A5ZJT6Q, STM32U5A5ZJY6QTR, STM32U5A9BJY6QTR, STM32U5A9J-DK, STM32U5A9NJH6Q, STM32U5A9VJT6Q, STM32U5A9ZJT6Q, STM32U5A9ZJY6QTR, STM32U5F7VIT6, STM32U5F7VIT6Q, STM32U5F7VJT6, STM32U5F7VJT6Q, STM32U5F9BJY6QTR, STM32U5F9NJH6Q, STM32U5F9VIT6Q, STM32U5F9VJT6Q, STM32U5F9ZIJ6QTR, STM32U5F9ZIT6Q, STM32U5F9ZJJ6QTR, STM32U5F9ZJT6Q, STM32U5G7VJT6, STM32U5G7VJT6Q, STM32U5G9BJY6QTR, STM32U5G9J-DK1, STM32U5G9J-DK2, STM32U5G9NJH6Q, STM32U5G9VJT6Q, STM32U5G9ZJJ6QTR, STM32U5G9ZJT6Q, STM32WB1MMCH6, STM32WBA52CEU6, STM32WBA52CEU6T, STM32WBA52CGU6, STM32WBA52CGU6T, STM32WBA52KEU6, STM32WBA52KEU6T, STM32WBA52KGU6, STM32WBA52KGU6T, STM32WL5MOCH6, STM32WL5MOCH6TR]
2026-05-09 05:37:55,762 [INFO] DbMcus:217 - Found 5030 MCUs, 4943 are supported
2026-05-09 05:37:55,763 [INFO] ApiDb:423 - Load user favorites file C:\Users\Admin/.stm32cubeide/favorites.mcus.txt: 1 item(s)
2026-05-09 05:37:55,763 [INFO] ApiDb:427 - User favorites MCUs=[STM32F103C8T6]
2026-05-09 05:37:55,763 [INFO] DbMcus:223 - Set 1 / 1 favorites MCUs
2026-05-09 05:37:56,196 [WARN] ThirdParty:833 - waiting for thirdparty lock release [change project]
2026-05-09 05:37:56,196 [INFO] ThirdParty:835 - entering critical section [change project]
2026-05-09 05:37:56,196 [INFO] ThirdParty:1030 - CMSIS Pack Vendor :STMicroelectronics USBPD 4.1
2026-05-09 05:37:56,196 [INFO] ThirdParty:1030 - CMSIS Pack Vendor :STMicroelectronics X-CUBE-DISPLAY 3.0.0
2026-05-09 05:37:56,196 [INFO] ThirdParty:1030 - CMSIS Pack Vendor :STMicroelectronics USB_HOST 2.0.0
2026-05-09 05:37:56,196 [INFO] ThirdParty:1030 - CMSIS Pack Vendor :STMicroelectronics X-CUBE-AZRTOS-F4 1.1.0
2026-05-09 05:37:56,196 [INFO] ThirdParty:1030 - CMSIS Pack Vendor :STMicroelectronics LIBJPEG 8.0.0
2026-05-09 05:37:56,196 [INFO] ThirdParty:1030 - CMSIS Pack Vendor :STMicroelectronics FP-ATR-SIGFOX1 3.2.0
2026-05-09 05:37:56,196 [INFO] ThirdParty:1030 - CMSIS Pack Vendor :STMicroelectronics X-CUBE-SMBUS 2.1.0
2026-05-09 05:37:56,196 [INFO] ThirdParty:1030 - CMSIS Pack Vendor :STMicroelectronics USB_DEVICE 3.0.0
2026-05-09 05:37:56,196 [INFO] ThirdParty:1030 - CMSIS Pack Vendor :STMicroelectronics HAL Drivers 0.0.0
2026-05-09 05:37:56,196 [INFO] ThirdParty:1030 - CMSIS Pack Vendor :STMicroelectronics MBEDTLS 2.16.2
2026-05-09 05:37:56,196 [INFO] ThirdParty:1030 - CMSIS Pack Vendor :STMicroelectronics MBEDTLS 2.14.1
2026-05-09 05:37:56,196 [INFO] ThirdParty:1030 - CMSIS Pack Vendor :STMicroelectronics X-CUBE-AZRTOS-F7 1.1.0
2026-05-09 05:37:56,196 [INFO] ThirdParty:1030 - CMSIS Pack Vendor :STMicroelectronics USB_DEVICE 2.0.0
2026-05-09 05:37:56,196 [INFO] ThirdParty:1030 - CMSIS Pack Vendor :STMicroelectronics ThreadX 1.0.0
2026-05-09 05:37:56,196 [INFO] ThirdParty:1030 - CMSIS Pack Vendor :STMicroelectronics X-CUBE-AZRTOS-WL 2.0.0
2026-05-09 05:37:56,196 [INFO] ThirdParty:1030 - CMSIS Pack Vendor :STMicroelectronics FreeRTOS 0.0.1
2026-05-09 05:37:56,196 [INFO] ThirdParty:1030 - CMSIS Pack Vendor :STMicroelectronics X-CUBE-AZRTOS-G0 1.1.0
2026-05-09 05:37:56,196 [INFO] ThirdParty:1030 - CMSIS Pack Vendor :STMicroelectronics USB_DEVICE 1.0.0
2026-05-09 05:37:56,196 [INFO] ThirdParty:1030 - CMSIS Pack Vendor :STMicroelectronics X-CUBE-SUBG2 5.0.0
2026-05-09 05:37:56,196 [INFO] ThirdParty:1030 - CMSIS Pack Vendor :STMicroelectronics X-CUBE-NFC4 3.0.0
2026-05-09 05:37:56,196 [INFO] ThirdParty:1030 - CMSIS Pack Vendor :STMicroelectronics STM32_WPAN 1.0.0
2026-05-09 05:37:56,196 [INFO] ThirdParty:1030 - CMSIS Pack Vendor :STMicroelectronics X-CUBE-AZRTOS-L4 2.0.0
2026-05-09 05:37:56,197 [INFO] ThirdParty:1030 - CMSIS Pack Vendor :STMicroelectronics ThreadX 0.0.2
2026-05-09 05:37:56,197 [INFO] ThirdParty:1030 - CMSIS Pack Vendor :STMicroelectronics lwIP 2.0.3
2026-05-09 05:37:56,197 [INFO] ThirdParty:1030 - CMSIS Pack Vendor :STMicroelectronics lwIP 2.1.2
2026-05-09 05:37:56,197 [INFO] ThirdParty:1030 - CMSIS Pack Vendor :STMicroelectronics X-CUBE-SFXS2LP1 4.0.0
2026-05-09 05:37:56,197 [INFO] ThirdParty:1030 - CMSIS Pack Vendor :STMicroelectronics X-CUBE-BLE2 3.3.0
2026-05-09 05:37:56,197 [INFO] ThirdParty:1030 - CMSIS Pack Vendor :STMicroelectronics USB_HOST 1.0.0
2026-05-09 05:37:56,197 [INFO] ThirdParty:1030 - CMSIS Pack Vendor :STMicroelectronics X-CUBE-AZRTOS-G4 2.0.0
2026-05-09 05:37:56,197 [INFO] ThirdParty:1030 - CMSIS Pack Vendor :STMicroelectronics PDM2PCM 3.1.0
2026-05-09 05:37:56,197 [INFO] ThirdParty:1030 - CMSIS Pack Vendor :STMicroelectronics PDM2PCM 3.2.0
2026-05-09 05:37:56,197 [INFO] ThirdParty:1030 - CMSIS Pack Vendor :STMicroelectronics PDM2PCM 3.3.0
2026-05-09 05:37:56,197 [INFO] ThirdParty:841 - exiting critical section [change project]
2026-05-09 05:37:56,381 [INFO] PinOutPanel:1499 - setPackage(No Configuration,No Configuration)
2026-05-09 05:37:56,382 [INFO] PinOutPanel:1499 - setPackage(STM32F103C8Tx,LQFP48)
2026-05-09 05:37:56,744 [INFO] UtilMem:75 - Before build in PCC Used Memory: 640000664 Bytes (1073741824)
2026-05-09 05:37:57,534 [INFO] UtilMem:75 - After build in PCC Used Memory: 709119816 Bytes (1073741824)
2026-05-09 05:37:57,556 [INFO] IPUIPlugin:80 - create IPUIPlugin
2026-05-09 05:37:57,557 [INFO] IPUIPlugin:80 - create IPUIPlugin
2026-05-09 05:37:57,557 [INFO] IPUIPlugin:80 - create IPUIPlugin
2026-05-09 05:37:57,557 [INFO] IPUIPlugin:80 - create IPUIPlugin
2026-05-09 05:37:57,557 [INFO] IPUIPlugin:80 - create IPUIPlugin
2026-05-09 05:37:57,558 [INFO] IPUIPlugin:80 - create IPUIPlugin
2026-05-09 05:37:57,558 [INFO] IPUIPlugin:80 - create IPUIPlugin
2026-05-09 05:37:57,558 [INFO] IPUIPlugin:80 - create IPUIPlugin
2026-05-09 05:37:57,558 [INFO] IPUIPlugin:80 - create IPUIPlugin
2026-05-09 05:37:57,558 [INFO] IPUIPlugin:80 - create IPUIPlugin
2026-05-09 05:37:57,558 [INFO] IPUIPlugin:80 - create IPUIPlugin
2026-05-09 05:37:57,558 [INFO] IPUIPlugin:80 - create IPUIPlugin
2026-05-09 05:37:57,558 [INFO] IPUIPlugin:80 - create IPUIPlugin
2026-05-09 05:37:57,559 [INFO] IPUIPlugin:80 - create IPUIPlugin
2026-05-09 05:37:57,559 [INFO] IPUIPlugin:80 - create IPUIPlugin
2026-05-09 05:37:57,559 [INFO] IPUIPlugin:80 - create IPUIPlugin
2026-05-09 05:37:57,559 [INFO] IPUIPlugin:80 - create IPUIPlugin
2026-05-09 05:37:57,559 [INFO] IPUIPlugin:80 - create IPUIPlugin
2026-05-09 05:37:57,559 [INFO] IPUIPlugin:80 - create IPUIPlugin
2026-05-09 05:37:57,559 [INFO] IPUIPlugin:80 - create IPUIPlugin
2026-05-09 05:37:57,560 [INFO] IPUIPlugin:80 - create IPUIPlugin
2026-05-09 05:37:57,560 [INFO] IPUIPlugin:80 - create IPUIPlugin
2026-05-09 05:37:57,560 [INFO] IPUIPlugin:80 - create IPUIPlugin
2026-05-09 05:37:57,560 [INFO] IPUIPlugin:80 - create IPUIPlugin
2026-05-09 05:37:57,560 [INFO] IPUIPlugin:80 - create IPUIPlugin
2026-05-09 05:37:57,561 [INFO] IPUIPlugin:80 - create IPUIPlugin
2026-05-09 05:37:57,561 [INFO] IPUIPlugin:80 - create IPUIPlugin
2026-05-09 05:37:57,569 [WARN] IP:2114 - I2C_Coeff_DF not found: check if there is a RefParameter without a condition.
2026-05-09 05:37:57,569 [WARN] IP:2114 - Analog_Filter not found: check if there is a RefParameter without a condition.
2026-05-09 05:37:57,766 [INFO] CADModel:165 - CPN selected for project levelSTM32F103C8T6
2026-05-09 05:37:57,767 [INFO] CADModel:114 - Register for checkConnection events
2026-05-09 05:37:57,816 [INFO] OpenFileManager:328 - Restore cursor
2026-05-09 05:37:57,942 [WARN] IP:2114 - I2C_Coeff_DF not found: check if there is a RefParameter without a condition.
2026-05-09 05:37:57,942 [WARN] IP:2114 - Analog_Filter not found: check if there is a RefParameter without a condition.
2026-05-09 05:37:57,943 [WARN] IP:2114 - I2C_Coeff_DF not found: check if there is a RefParameter without a condition.
2026-05-09 05:37:57,943 [WARN] IP:2114 - Analog_Filter not found: check if there is a RefParameter without a condition.
2026-05-09 05:39:48,162 [WARN] IP:2114 - I2C_Coeff_DF not found: check if there is a RefParameter without a condition.
2026-05-09 05:39:48,162 [WARN] IP:2114 - Analog_Filter not found: check if there is a RefParameter without a condition.
2026-05-09 05:39:48,163 [WARN] IP:2114 - I2C_Coeff_DF not found: check if there is a RefParameter without a condition.
2026-05-09 05:39:48,163 [WARN] IP:2114 - Analog_Filter not found: check if there is a RefParameter without a condition.
2026-05-09 08:35:58,768 [ERROR] LogOutputStream:75 - [STDERR_REDIRECT] 
2026-05-09 10:51:59,086 [INFO] Activator:176 - 


2026-05-09 10:51:59,086 [INFO] Activator:177 - !SESSION log4j initialized
2026-05-09 10:52:03,240 [INFO] LogOutputStream:77 - [STDOUT_REDIRECT] 
2026-05-09 10:52:04,241 [INFO] ApplicationProperties:184 - Using Application install path: C:\ST\STM32CubeIDE_1.13.1\STM32CubeIDE\plugins\com.st.stm32cube.common.mx_6.9.1.202307191849
2026-05-09 10:52:04,270 [INFO] DbMcusXml:78 - Set database path to: C:\ST\STM32CubeIDE_1.13.1\STM32CubeIDE\plugins\com.st.stm32cube.common.mx_6.9.1.202307191849\\db\/mcu/
2026-05-09 10:52:04,271 [INFO] ApiDb:274 - Set plugin database path to: C:\ST\STM32CubeIDE_1.13.1\STM32CubeIDE\plugins\com.st.stm32cube.common.mx_6.9.1.202307191849\\db\/plugins/boardmanager/
2026-05-09 10:52:04,272 [WARN] ApiDb:259 - Overriding images path with different value:  => C:\ST\STM32CubeIDE_1.13.1\STM32CubeIDE\plugins\com.st.stm32cube.common.mx_6.9.1.202307191849\\db\/plugins/mcufinder/images/
2026-05-09 10:52:04,291 [INFO] ApiDb:250 - Set database path to: C:\Users\Admin\.stmcufinder\plugins\mcufinder//mcu/
2026-05-09 10:52:04,293 [INFO] DbMcusAds:125 - Set database path to: C:\Users\Admin\.stmcufinder\plugins\mcufinder//mcu/
2026-05-09 10:52:04,296 [INFO] CrossReferenceDbSqlite:203 - Set database path to: C:\Users\Admin\.stmcufinder\plugins\mcufinder//mcu/cs/
2026-05-09 10:52:04,398 [INFO] RulesReader:64 - Compatibility file has been processed (293 Rules)
2026-05-09 10:52:04,498 [INFO] DbMcusXml:78 - Set database path to: C:\ST\STM32CubeIDE_1.13.1\STM32CubeIDE\plugins\com.st.stm32cube.common.mx_6.9.1.202307191849\\db\/mcu/
2026-05-09 10:52:04,498 [INFO] ApiDb:274 - Set plugin database path to: C:\ST\STM32CubeIDE_1.13.1\STM32CubeIDE\plugins\com.st.stm32cube.common.mx_6.9.1.202307191849\\db\/plugins/boardmanager/
2026-05-09 10:52:04,499 [INFO] ApiDb:261 - Set plugin images path to: C:\ST\STM32CubeIDE_1.13.1\STM32CubeIDE\plugins\com.st.stm32cube.common.mx_6.9.1.202307191849\\db\/plugins/mcufinder/images/
2026-05-09 10:52:04,499 [WARN] DbFile:41 - Overriding database path with different value: C:\Users\Admin\.stmcufinder\plugins\mcufinder/ => C:\Users\Admin\.stmcufinder\plugins\mcufinder
2026-05-09 10:52:04,499 [INFO] ApiDb:250 - Set database path to: C:\Users\Admin\.stmcufinder\plugins\mcufinder//mcu/
2026-05-09 10:52:04,500 [WARN] DbFile:41 - Overriding database path with different value: C:\Users\Admin\.stmcufinder\plugins\mcufinder/ => C:\Users\Admin\.stmcufinder\plugins\mcufinder
2026-05-09 10:52:04,500 [INFO] DbMcusAds:125 - Set database path to: C:\Users\Admin\.stmcufinder\plugins\mcufinder//mcu/
2026-05-09 10:52:04,500 [WARN] DbFile:41 - Overriding database path with different value: C:\Users\Admin\.stmcufinder\plugins\mcufinder/ => C:\Users\Admin\.stmcufinder\plugins\mcufinder
2026-05-09 10:52:04,500 [WARN] DbFile:41 - Overriding database path with different value: C:\Users\Admin\.stmcufinder\plugins\mcufinder/ => C:\Users\Admin\.stmcufinder\plugins\mcufinder
2026-05-09 10:52:04,500 [INFO] CrossReferenceDbSqlite:203 - Set database path to: C:\Users\Admin\.stmcufinder\plugins\mcufinder//mcu/cs/
2026-05-09 10:52:04,582 [INFO] MainPanel:262 - HeapMemory: 268435456
2026-05-09 10:52:04,670 [INFO] DbMcusXml:78 - Set database path to: C:\ST\STM32CubeIDE_1.13.1\STM32CubeIDE\plugins\com.st.stm32cube.common.mx_6.9.1.202307191849\\db\/mcu/
2026-05-09 10:52:04,670 [INFO] ApiDb:274 - Set plugin database path to: C:\ST\STM32CubeIDE_1.13.1\STM32CubeIDE\plugins\com.st.stm32cube.common.mx_6.9.1.202307191849\\db\/plugins/boardmanager/
2026-05-09 10:52:04,670 [INFO] ApiDb:261 - Set plugin images path to: C:\ST\STM32CubeIDE_1.13.1\STM32CubeIDE\plugins\com.st.stm32cube.common.mx_6.9.1.202307191849\\db\/plugins/mcufinder/images/
2026-05-09 10:52:04,671 [WARN] DbFile:41 - Overriding database path with different value: C:\Users\Admin\.stmcufinder\plugins\mcufinder/ => C:\Users\Admin\.stmcufinder\plugins\mcufinder
2026-05-09 10:52:04,671 [INFO] ApiDb:250 - Set database path to: C:\Users\Admin\.stmcufinder\plugins\mcufinder//mcu/
2026-05-09 10:52:04,671 [WARN] DbFile:41 - Overriding database path with different value: C:\Users\Admin\.stmcufinder\plugins\mcufinder/ => C:\Users\Admin\.stmcufinder\plugins\mcufinder
2026-05-09 10:52:04,671 [INFO] DbMcusAds:125 - Set database path to: C:\Users\Admin\.stmcufinder\plugins\mcufinder//mcu/
2026-05-09 10:52:04,671 [WARN] DbFile:41 - Overriding database path with different value: C:\Users\Admin\.stmcufinder\plugins\mcufinder/ => C:\Users\Admin\.stmcufinder\plugins\mcufinder
2026-05-09 10:52:04,671 [WARN] DbFile:41 - Overriding database path with different value: C:\Users\Admin\.stmcufinder\plugins\mcufinder/ => C:\Users\Admin\.stmcufinder\plugins\mcufinder
2026-05-09 10:52:04,671 [INFO] CrossReferenceDbSqlite:203 - Set database path to: C:\Users\Admin\.stmcufinder\plugins\mcufinder//mcu/cs/
2026-05-09 10:52:04,689 [INFO] ApplicationProperties:184 - Using Application install path: C:\ST\STM32CubeIDE_1.13.1\STM32CubeIDE\plugins\com.st.stm32cube.common.mx_6.9.1.202307191849
2026-05-09 10:52:04,690 [INFO] PluginManage:196 - Search for loadable plugins [exclusion list=, ]
2026-05-09 10:52:04,691 [INFO] PluginManage:310 - Check plugin analytics
2026-05-09 10:52:04,844 [INFO] AnalyticsPlugin:253 - Accepted Software Licenses: 
2026-05-09 10:52:04,845 [INFO] AnalyticsPlugin:255 - Accepted CMSIS Pack Licenses: 
2026-05-09 10:52:04,845 [INFO] AnalyticsPlugin:257 - Accepted Firmware Licenses: 
2026-05-09 10:52:04,848 [INFO] PluginManage:359 - Loaded plugin analytics (category:tool,tabindex:-1)
2026-05-09 10:52:04,849 [INFO] PluginManage:310 - Check plugin cadmodel
2026-05-09 10:52:04,857 [INFO] CADModel:105 - Init CAD model plugin
2026-05-09 10:52:04,857 [INFO] PluginManage:359 - Loaded plugin cadmodel (category:power,tabindex:5)
2026-05-09 10:52:04,858 [INFO] PluginManage:310 - Check plugin clock
2026-05-09 10:52:04,871 [INFO] PluginManage:359 - Loaded plugin clock (category:base,tabindex:2)
2026-05-09 10:52:04,871 [INFO] PluginManage:310 - Check plugin ddr
2026-05-09 10:52:04,874 [INFO] PluginManage:359 - Loaded plugin ddr (category:tool,tabindex:6)
2026-05-09 10:52:04,874 [INFO] PluginManage:310 - Check plugin filemanager
2026-05-09 10:52:05,019 [INFO] PluginManage:359 - Loaded plugin filemanager (category:base,tabindex:10)
2026-05-09 10:52:05,019 [INFO] PluginManage:310 - Check plugin ipmanager
2026-05-09 10:52:05,025 [INFO] PluginManage:359 - Loaded plugin ipmanager (category:base,tabindex:5)
2026-05-09 10:52:05,025 [INFO] PluginManage:310 - Check plugin lpbam
2026-05-09 10:52:05,034 [INFO] PluginManage:359 - Loaded plugin lpbam (category:base,tabindex:0)
2026-05-09 10:52:05,034 [INFO] PluginManage:310 - Check plugin memorymap
2026-05-09 10:52:05,050 [INFO] PluginManage:359 - Loaded plugin memorymap (category:base,tabindex:4)
2026-05-09 10:52:05,050 [INFO] PluginManage:310 - Check plugin pinoutandconfiguration
2026-05-09 10:52:05,058 [INFO] PluginManage:359 - Loaded plugin pinoutandconfiguration (category:base,tabindex:1)
2026-05-09 10:52:05,059 [INFO] PluginManage:310 - Check plugin pinoutconfig
2026-05-09 10:52:05,154 [WARN] SupportedApi:132 - Cannot load RTOS API schema: s4s-elt-must-match.1: The content of 'definitions' must match (annotation?, (simpleType | complexType)?, (unique | key | keyref)*)). A problem was found starting at: attribute.
2026-05-09 10:52:05,254 [INFO] PluginManage:359 - Loaded plugin pinoutconfig (category:base,tabindex:0)
2026-05-09 10:52:05,254 [INFO] PluginManage:310 - Check plugin power
2026-05-09 10:52:05,263 [INFO] PluginManage:359 - Loaded plugin power (category:power,tabindex:4)
2026-05-09 10:52:05,264 [INFO] PluginManage:310 - Check plugin projectmanager
2026-05-09 10:52:05,275 [INFO] PluginManage:359 - Loaded plugin projectmanager (category:projectmanager,tabindex:3)
2026-05-09 10:52:05,275 [INFO] PluginManage:310 - Check plugin thirdparty
2026-05-09 10:52:05,385 [INFO] PluginManage:359 - Loaded plugin thirdparty (category:base,tabindex:-1)
2026-05-09 10:52:05,385 [WARN] IntegrityCheckThread:84 - waiting for thirdparty lock release [integrity check]
2026-05-09 10:52:05,385 [INFO] PluginManage:310 - Check plugin tools
2026-05-09 10:52:05,385 [INFO] IntegrityCheckThread:86 - entering critical section [integrity check]
2026-05-09 10:52:05,385 [INFO] ThirdPartyUpdaterWithRetryManager:70 - Updater plugin not ready yet. [1/15]
2026-05-09 10:52:05,387 [INFO] PluginManage:359 - Loaded plugin tools (category:base,tabindex:7)
2026-05-09 10:52:05,387 [INFO] PluginManage:310 - Check plugin tutovideos
2026-05-09 10:52:05,524 [INFO] PluginManage:359 - Loaded plugin tutovideos (category:base,tabindex:-1)
2026-05-09 10:52:05,524 [INFO] PluginManage:310 - Check plugin updater
2026-05-09 10:52:05,534 [INFO] PluginManage:359 - Loaded plugin updater (category:base,tabindex:12)
2026-05-09 10:52:05,534 [INFO] PluginManage:310 - Check plugin userauth
2026-05-09 10:52:05,538 [INFO] UserAuth:113 - Init User Auth plugin
2026-05-09 10:52:05,538 [INFO] PluginManage:359 - Loaded plugin userauth (category:base,tabindex:14)
2026-05-09 10:52:05,539 [INFO] PluginManage:283 - PluginManage : Loaded plugins [17]
2026-05-09 10:52:05,697 [INFO] PinOutPanel:1499 - setPackage(No Configuration,No Configuration)
2026-05-09 10:52:05,771 [INFO] CADModel:165 - CPN selected for project level
2026-05-09 10:52:05,771 [INFO] CADModel:114 - Register for checkConnection events
2026-05-09 10:52:05,786 [INFO] IPUIPlugin:80 - create IPUIPlugin
2026-05-09 10:52:05,787 [INFO] PluginManager:220 - loadIPPluginJar : add adc
2026-05-09 10:52:05,789 [INFO] IPUIPlugin:80 - create IPUIPlugin
2026-05-09 10:52:05,789 [INFO] PluginManager:220 - loadIPPluginJar : add aes
2026-05-09 10:52:05,791 [INFO] IPUIPlugin:80 - create IPUIPlugin
2026-05-09 10:52:05,791 [INFO] PluginManager:220 - loadIPPluginJar : add can
2026-05-09 10:52:05,792 [INFO] IPUIPlugin:80 - create IPUIPlugin
2026-05-09 10:52:05,792 [INFO] PluginManager:220 - loadIPPluginJar : add comp
2026-05-09 10:52:05,794 [INFO] IPUIPlugin:80 - create IPUIPlugin
2026-05-09 10:52:05,794 [INFO] PluginManager:220 - loadIPPluginJar : add cryp
2026-05-09 10:52:05,796 [INFO] IPUIPlugin:80 - create IPUIPlugin
2026-05-09 10:52:05,796 [INFO] PluginManager:220 - loadIPPluginJar : add dfsdm
2026-05-09 10:52:05,801 [INFO] IPUIPlugin:80 - create IPUIPlugin
2026-05-09 10:52:05,802 [INFO] PluginManager:220 - loadIPPluginJar : add dma
2026-05-09 10:52:05,804 [INFO] IPUIPlugin:80 - create IPUIPlugin
2026-05-09 10:52:05,804 [INFO] PluginManager:220 - loadIPPluginJar : add dma3
2026-05-09 10:52:05,806 [INFO] IPUIPlugin:80 - create IPUIPlugin
2026-05-09 10:52:05,806 [INFO] PluginManager:220 - loadIPPluginJar : add fatfs
2026-05-09 10:52:05,809 [INFO] IPUIPlugin:80 - create IPUIPlugin
2026-05-09 10:52:05,809 [INFO] PluginManager:220 - loadIPPluginJar : add fmc
2026-05-09 10:52:05,814 [INFO] IPUIPlugin:80 - create IPUIPlugin
2026-05-09 10:52:05,814 [INFO] PluginManager:220 - loadIPPluginJar : add freertos
2026-05-09 10:52:05,815 [INFO] IPUIPlugin:80 - create IPUIPlugin
2026-05-09 10:52:05,815 [INFO] PluginManager:220 - loadIPPluginJar : add genericplugin
2026-05-09 10:52:05,817 [INFO] IPUIPlugin:80 - create IPUIPlugin
2026-05-09 10:52:05,817 [INFO] PluginManager:220 - loadIPPluginJar : add gfxmmu
2026-05-09 10:52:05,821 [INFO] IPUIPlugin:80 - create IPUIPlugin
2026-05-09 10:52:05,821 [INFO] PluginManager:220 - loadIPPluginJar : add gic
2026-05-09 10:52:05,825 [INFO] IPUIPlugin:80 - create IPUIPlugin
2026-05-09 10:52:05,825 [INFO] PluginManager:220 - loadIPPluginJar : add gpio
2026-05-09 10:52:05,827 [INFO] IPUIPlugin:80 - create IPUIPlugin
2026-05-09 10:52:05,827 [INFO] PluginManager:220 - loadIPPluginJar : add gtzc
2026-05-09 10:52:05,829 [INFO] IPUIPlugin:80 - create IPUIPlugin
2026-05-09 10:52:05,829 [INFO] PluginManager:220 - loadIPPluginJar : add hash
2026-05-09 10:52:05,831 [INFO] IPUIPlugin:80 - create IPUIPlugin
2026-05-09 10:52:05,831 [INFO] PluginManager:220 - loadIPPluginJar : add i2c
2026-05-09 10:52:05,833 [INFO] IPUIPlugin:80 - create IPUIPlugin
2026-05-09 10:52:05,833 [INFO] PluginManager:220 - loadIPPluginJar : add i2s
2026-05-09 10:52:05,835 [INFO] IPUIPlugin:80 - create IPUIPlugin
2026-05-09 10:52:05,836 [INFO] PluginManager:220 - loadIPPluginJar : add i3c
2026-05-09 10:52:05,838 [INFO] IPUIPlugin:80 - create IPUIPlugin
2026-05-09 10:52:05,838 [INFO] PluginManager:220 - loadIPPluginJar : add ipddr
2026-05-09 10:52:05,845 [INFO] IPUIPlugin:80 - create IPUIPlugin
2026-05-09 10:52:05,845 [INFO] PluginManager:220 - loadIPPluginJar : add linkedlist
2026-05-09 10:52:05,847 [INFO] IPUIPlugin:80 - create IPUIPlugin
2026-05-09 10:52:05,847 [INFO] PluginManager:220 - loadIPPluginJar : add lorawan
2026-05-09 10:52:05,848 [INFO] IPUIPlugin:80 - create IPUIPlugin
2026-05-09 10:52:05,849 [INFO] PluginManager:220 - loadIPPluginJar : add ltdc
2026-05-09 10:52:05,853 [INFO] IPUIPlugin:80 - create IPUIPlugin
2026-05-09 10:52:05,854 [INFO] PluginManager:220 - loadIPPluginJar : add mdma
2026-05-09 10:52:05,857 [INFO] IPUIPlugin:80 - create IPUIPlugin
2026-05-09 10:52:05,857 [INFO] PluginManager:220 - loadIPPluginJar : add nvic
2026-05-09 10:52:05,859 [INFO] IPUIPlugin:80 - create IPUIPlugin
2026-05-09 10:52:05,859 [INFO] PluginManager:220 - loadIPPluginJar : add opamp
2026-05-09 10:52:05,862 [INFO] IPUIPlugin:80 - create IPUIPlugin
2026-05-09 10:52:05,862 [INFO] PluginManager:220 - loadIPPluginJar : add openamp
2026-05-09 10:52:05,865 [INFO] IPUIPlugin:80 - create IPUIPlugin
2026-05-09 10:52:05,865 [INFO] PluginManager:220 - loadIPPluginJar : add pdm2pcm
2026-05-09 10:52:05,870 [INFO] IPUIPlugin:80 - create IPUIPlugin
2026-05-09 10:52:05,872 [INFO] PluginManager:220 - loadIPPluginJar : add plateformsettings
2026-05-09 10:52:05,873 [INFO] IPUIPlugin:80 - create IPUIPlugin
2026-05-09 10:52:05,873 [INFO] PluginManager:220 - loadIPPluginJar : add quadspi
2026-05-09 10:52:05,876 [INFO] IPUIPlugin:80 - create IPUIPlugin
2026-05-09 10:52:05,876 [INFO] PluginManager:220 - loadIPPluginJar : add resmgrutility
2026-05-09 10:52:05,878 [INFO] IPUIPlugin:80 - create IPUIPlugin
2026-05-09 10:52:05,879 [INFO] PluginManager:220 - loadIPPluginJar : add sai
2026-05-09 10:52:05,880 [INFO] IPUIPlugin:80 - create IPUIPlugin
2026-05-09 10:52:05,880 [INFO] PluginManager:220 - loadIPPluginJar : add spi
2026-05-09 10:52:05,884 [INFO] IPUIPlugin:80 - create IPUIPlugin
2026-05-09 10:52:05,884 [INFO] PluginManager:220 - loadIPPluginJar : add stm32_wpan
2026-05-09 10:52:05,885 [INFO] IPUIPlugin:80 - create IPUIPlugin
2026-05-09 10:52:05,885 [INFO] PluginManager:220 - loadIPPluginJar : add tim
2026-05-09 10:52:05,887 [INFO] IPUIPlugin:80 - create IPUIPlugin
2026-05-09 10:52:05,887 [INFO] PluginManager:220 - loadIPPluginJar : add touchsensing
2026-05-09 10:52:05,889 [INFO] IPUIPlugin:80 - create IPUIPlugin
2026-05-09 10:52:05,889 [INFO] PluginManager:220 - loadIPPluginJar : add tracer_emb
2026-05-09 10:52:05,890 [INFO] IPUIPlugin:80 - create IPUIPlugin
2026-05-09 10:52:05,890 [INFO] PluginManager:220 - loadIPPluginJar : add ts
2026-05-09 10:52:05,891 [INFO] IPUIPlugin:80 - create IPUIPlugin
2026-05-09 10:52:05,891 [INFO] PluginManager:220 - loadIPPluginJar : add tsc
2026-05-09 10:52:05,892 [INFO] IPUIPlugin:80 - create IPUIPlugin
2026-05-09 10:52:05,893 [INFO] PluginManager:220 - loadIPPluginJar : add ucpd
2026-05-09 10:52:05,895 [INFO] IPUIPlugin:80 - create IPUIPlugin
2026-05-09 10:52:05,895 [INFO] PluginManager:220 - loadIPPluginJar : add usart
2026-05-09 10:52:05,897 [INFO] IPUIPlugin:80 - create IPUIPlugin
2026-05-09 10:52:05,897 [INFO] PluginManager:220 - loadIPPluginJar : add usbx
2026-05-09 10:52:06,009 [INFO] CADModel:165 - CPN selected for project level
2026-05-09 10:52:06,009 [INFO] CADModel:114 - Register for checkConnection events
2026-05-09 10:52:06,009 [FATAL] Updater:308 - Updater called before beeing initialized
2026-05-09 10:52:06,009 [ERROR] CADModel:125 - Updater not yet initialized, retry later 
2026-05-09 10:52:06,157 [INFO] CADModel:165 - CPN selected for project level
2026-05-09 10:52:06,157 [INFO] CADModel:114 - Register for checkConnection events
2026-05-09 10:52:06,157 [FATAL] Updater:308 - Updater called before beeing initialized
2026-05-09 10:52:06,158 [ERROR] CADModel:125 - Updater not yet initialized, retry later 
2026-05-09 10:52:06,162 [FATAL] Updater:308 - Updater called before beeing initialized
2026-05-09 10:52:06,240 [FATAL] Updater:308 - Updater called before beeing initialized
2026-05-09 10:52:06,244 [INFO] DbMcusAds:53 - JSON generation date=Mon Apr 27 15:14:29 GMT+07:00 2026 (1777277669683)
2026-05-09 10:52:06,244 [FATAL] Updater:308 - Updater called before beeing initialized
2026-05-09 10:52:06,276 [WARN] DetailPanel:346 - Failed to get advertising image, set to default
2026-05-09 10:52:06,370 [FATAL] Updater:308 - Updater called before beeing initialized
2026-05-09 10:52:06,371 [FATAL] Updater:308 - Updater called before beeing initialized
2026-05-09 10:52:06,371 [FATAL] Updater:308 - Updater called before beeing initialized
2026-05-09 10:52:06,372 [WARN] DetailPanel:346 - Failed to get advertising image, set to default
2026-05-09 10:52:06,372 [FATAL] Updater:308 - Updater called before beeing initialized
2026-05-09 10:52:06,407 [ERROR] Updater:1120 - MainUpdater not yet initialized. External WinMGr cannot be set.
2026-05-09 10:52:06,409 [INFO] Updater:1056 - Updater Version found : 6.9.1
2026-05-09 10:52:06,426 [INFO] ApplicationProperties:184 - Using Application install path: C:\ST\STM32CubeIDE_1.13.1\STM32CubeIDE\plugins\com.st.stm32cube.common.mx_6.9.1.202307191849
2026-05-09 10:52:06,536 [INFO] MainUpdater:2868 - connection check result : 10
2026-05-09 10:52:06,537 [INFO] MainUpdater:285 - Updater Check For Update Now.
2026-05-09 10:52:06,537 [INFO] MicroXplorer:498 - Change Database Version : DB.6.0.91
2026-05-09 10:52:06,548 [INFO] McuFinderGlobals:63 - Set McuFinder mode to 2 (CubeIDE integrated)
2026-05-09 10:52:06,549 [INFO] UserAuth:179 - activating auth plugin
2026-05-09 10:52:06,552 [INFO] UserAuth:393 - Internet connection configuration mode: 1
2026-05-09 10:52:06,577 [INFO] JxBrowserEngine:151 - Initiate JxBrowser Engine with user profile folder
2026-05-09 10:52:06,727 [INFO] CheckServerUpdateThread:120 - End of CheckServer Thread
2026-05-09 10:52:07,210 [INFO] WebApp:157 - Instantiating new browser for Auth
2026-05-09 10:52:07,615 [INFO] WebApp:753 - Register for checkConnection events
2026-05-09 10:52:07,615 [INFO] WebApp:390 - Apply proxy settings
2026-05-09 10:52:07,616 [INFO] WebApp:475 - Chromium requires no authentication
2026-05-09 10:52:07,622 [INFO] WebApp:418 - Direct internet connection detected
2026-05-09 10:52:07,751 [INFO] WebApp:188 - Starting web application
2026-05-09 10:52:07,751 [INFO] WebApp:520 - Web application path used C:\ST\STM32CubeIDE_1.13.1\STM32CubeIDE\plugins\com.st.stm32cube.common.mx_6.9.1.202307191849\db\plugins\mcufinder\reactClient1\index.html
2026-05-09 10:52:08,520 [WARN] PackLoader:240 - Cannot read IP mode file for STMicroelectronics.X-CUBE-AZRTOS-F4.1.1.0
2026-05-09 10:52:08,535 [WARN] PackLoader:240 - Cannot read IP mode file for STMicroelectronics.X-CUBE-SMBUS.2.1.0
2026-05-09 10:52:08,554 [WARN] PackLoader:240 - Cannot read IP mode file for STMicroelectronics.X-CUBE-AZRTOS-F7.1.1.0
2026-05-09 10:52:08,567 [WARN] PackLoader:240 - Cannot read IP mode file for STMicroelectronics.X-CUBE-DISPLAY.3.0.0
2026-05-09 10:52:08,581 [INFO] LogOutputStream:77 - [STDOUT_REDIRECT] 1 : Invalid condition id : UX_CORESTACK_Condition cause : null
2026-05-09 10:52:08,582 [INFO] LogOutputStream:77 - [STDOUT_REDIRECT] 1 : Invalid condition id : UX_CORESTACK_Condition cause : null
2026-05-09 10:52:08,583 [INFO] LogOutputStream:77 - [STDOUT_REDIRECT] 1 : Invalid condition id : UX_CORESTACK_Condition cause : null
2026-05-09 10:52:08,584 [INFO] LogOutputStream:77 - [STDOUT_REDIRECT] 1 : Invalid condition id : UX_CORESTACK_Condition cause : null
2026-05-09 10:52:08,585 [INFO] LogOutputStream:77 - [STDOUT_REDIRECT] 1 : Invalid condition id : UX_CORESTACK_Condition cause : null
2026-05-09 10:52:08,587 [WARN] PackLoader:240 - Cannot read IP mode file for STMicroelectronics.X-CUBE-AZRTOS-WL.2.0.0
2026-05-09 10:52:08,604 [WARN] ConditionMgr:438 - getConditionDescription Invalid condition id : LAN8742 Phy interface Condition cause : null
2026-05-09 10:52:08,605 [WARN] PackLoader:240 - Cannot read IP mode file for STMicroelectronics.X-CUBE-AZRTOS-L4.2.0.0
2026-05-09 10:52:08,607 [WARN] ConditionMgr:1039 - genDependencies : Invalid condition id : LAN8742 Phy interface Condition cause : null
2026-05-09 10:52:08,608 [WARN] ConditionMgr:1039 - genDependencies : Invalid condition id : LAN8742 Phy interface Condition cause : null
2026-05-09 10:52:08,608 [WARN] ConditionMgr:1039 - genDependencies : Invalid condition id : LAN8742 Phy interface Condition cause : null
2026-05-09 10:52:08,620 [WARN] PackLoader:240 - Cannot read IP mode file for STMicroelectronics.X-CUBE-SFXS2LP1.4.0.0
2026-05-09 10:52:08,627 [WARN] PackLoader:240 - Cannot read IP mode file for STMicroelectronics.X-CUBE-BLE2.3.3.0
2026-05-09 10:52:08,638 [WARN] PackLoader:240 - Cannot read IP mode file for STMicroelectronics.X-CUBE-AZRTOS-G0.1.1.0
2026-05-09 10:52:08,648 [WARN] PackLoader:240 - Cannot read IP mode file for STMicroelectronics.X-CUBE-SUBG2.5.0.0
2026-05-09 10:52:08,657 [WARN] PackLoader:240 - Cannot read IP mode file for STMicroelectronics.X-CUBE-NFC4.3.0.0
2026-05-09 10:52:08,668 [WARN] PackLoader:240 - Cannot read IP mode file for STMicroelectronics.X-CUBE-AZRTOS-G4.2.0.0
2026-05-09 10:52:08,674 [WARN] PackLoader:240 - Cannot read IP mode file for STMicroelectronics.FP-ATR-SIGFOX1.3.2.0
2026-05-09 10:52:08,675 [INFO] ThirdParty:978 - Integrity check success = true
2026-05-09 10:52:08,675 [INFO] IntegrityCheckThread:100 - exiting critical section [integrity check]
2026-05-09 10:52:08,675 [INFO] IntegrityCheckThread:103 - End integrity checks thread
2026-05-09 10:52:27,367 [INFO] McuFinderGlobals:63 - Set McuFinder mode to 2 (CubeIDE integrated)
2026-05-09 10:52:27,370 [INFO] MainUpdater:2868 - connection check result : 10
2026-05-09 10:52:27,372 [INFO] McuFinderGlobals:76 - Set McuFinderConnectedMode to true
2026-05-09 10:52:27,543 [INFO] ServerAccessManage:473 - Download File mcusAds.json._tmp_
2026-05-09 10:52:27,650 [INFO] LoadUrlFilesThread:156 - End of LoadUrlFiles Thread
2026-05-09 10:52:27,782 [INFO] ServerAccessManage:473 - Download File cube-finder-db.zip
2026-05-09 10:52:28,388 [ERROR] LogOutputStream:75 - [STDERR_REDIRECT] SLF4J: Failed to load class "org.slf4j.impl.StaticLoggerBinder".
2026-05-09 10:52:28,388 [ERROR] LogOutputStream:75 - [STDERR_REDIRECT] SLF4J: Defaulting to no-operation (NOP) logger implementation
2026-05-09 10:52:28,388 [ERROR] LogOutputStream:75 - [STDERR_REDIRECT] SLF4J: See http://www.slf4j.org/codes.html#StaticLoggerBinder for further details.
2026-05-09 10:52:30,713 [INFO] FileExtend:240 - Unzip File : cube-finder-db.zip
2026-05-09 10:52:30,713 [INFO] FileExtend:255 - Standard Zip Deflate
2026-05-09 10:52:31,492 [INFO] LoadUrlFilesThread:156 - End of LoadUrlFiles Thread
2026-05-09 10:52:32,668 [INFO] ServerAccessManage:473 - Download File crdb.zip
2026-05-09 10:52:35,918 [INFO] FileExtend:240 - Unzip File : crdb.zip
2026-05-09 10:52:35,918 [INFO] FileExtend:255 - Standard Zip Deflate
2026-05-09 10:52:36,035 [INFO] LoadUrlFilesThread:156 - End of LoadUrlFiles Thread
2026-05-09 10:52:36,290 [INFO] ServerAccessManage:473 - Download File tutoVideoDB.zip
2026-05-09 10:52:36,304 [INFO] FileExtend:240 - Unzip File : tutoVideoDB.zip
2026-05-09 10:52:36,304 [INFO] FileExtend:255 - Standard Zip Deflate
2026-05-09 10:52:36,411 [INFO] LoadUrlFilesThread:156 - End of LoadUrlFiles Thread
2026-05-09 10:52:36,413 [WARN] DbFile:41 - Overriding database path with different value: C:\Users\Admin\.stmcufinder\plugins\mcufinder/ => C:\Users\Admin\.stmcufinder\plugins\mcufinder
2026-05-09 10:52:37,195 [ERROR] ServerAccessManage:1089 - Problem, file not found on Server
2026-05-09 10:52:37,196 [ERROR] ServerAccessManage:651 - Problem, file not found on Server : api_config.json.
2026-05-09 10:52:52,390 [INFO] LoadUrlFilesThread:156 - End of LoadUrlFiles Thread
2026-05-09 10:52:55,363 [INFO] DbMcusAds:53 - JSON generation date=Mon Apr 27 15:14:29 GMT+07:00 2026 (1777277669683)
2026-05-09 10:52:55,389 [ERROR] TargetSelectorAdapter:267 - Unable to refresh data
2026-05-09 10:52:55,570 [INFO] ApiDb:581 - Connected to CubeFinder SQLite database (C:\Users\Admin\.stmcufinder\plugins\mcufinder\mcu\cube-finder-db.db)
2026-05-09 10:52:55,647 [INFO] ApiDb:668 - CubeFinder database Data Model version=2.1
2026-05-09 10:52:55,647 [INFO] ApiDb:669 - CubeFinder database Configuration version=3.0.42
2026-05-09 10:52:55,648 [INFO] ApiDb:670 - CubeFinder database generation date=2026-05-06 (1778060171)
2026-05-09 10:52:55,648 [INFO] ApiDb:671 - CubeFinder database FW Pack versions=[FP-ATR-ASTRA1_V2.0.0, FP-SNS-FLIGHT1_V5.1.0, FP-SNS-MOTENV1_V5.1.0, FP-SNS-MOTENVWB1_V1.5.0, FP-SNS-SMARTAG2_V1.2.0, FP-SNS-STBOX1_V2.1.0, STM32Cube_FW_C0_V1.4.0, STM32Cube_FW_F4_V1.28.3, STM32Cube_FW_F7_V1.17.4, STM32Cube_FW_G0_V1.6.3, STM32Cube_FW_G4_V1.6.2, STM32Cube_FW_H5_V1.6.0, STM32Cube_FW_H7RS_V1.3.0, STM32Cube_FW_H7_V1.13.0, STM32Cube_FW_L0_V1.12.2, STM32Cube_FW_L4_V1.18.2, STM32Cube_FW_L5_V1.6.0, STM32Cube_FW_N6_V1.3.0, STM32Cube_FW_U0_V1.3.0, STM32Cube_FW_U3_V1.3.0, STM32Cube_FW_U5_V1.8.0, STM32Cube_FW_WB0_V1.4.0, STM32Cube_FW_WBA_V1.9.0, STM32Cube_FW_WB_V1.24.0, STM32Cube_FW_WL3_V1.4.0, STM32Cube_FW_WL_V1.5.0, X-CUBE-ALGOBUILD_V1.4.0, X-CUBE-ALS_V1.0.2, X-CUBE-AZRTOS-F4_V1.1.0, X-CUBE-AZRTOS-F7_V1.1.0, X-CUBE-AZRTOS-G0_V1.1.0, X-CUBE-AZRTOS-G4_V2.0.0, X-CUBE-AZRTOS-H7RS_V1.1.0, X-CUBE-AZRTOS-H7_V3.5.0, X-CUBE-AZRTOS-L4_V2.0.0, X-CUBE-AZRTOS-L5_V2.0.0, X-CUBE-AZRTOS-WB_V2.0.0, X-CUBE-AZRTOS-WL_V2.0.0, X-CUBE-BLE1_V7.1.0, X-CUBE-BLE2_V3.3.0, X-CUBE-BLEMGR_V4.1.0, X-CUBE-EEPRMA1_V5.2.0, X-CUBE-FREERTOS_V1.5.0, X-CUBE-GNSS1_V6.0.0, X-CUBE-MEMS1_V12.0.0, X-CUBE-NFC4_V3.0.0, X-CUBE-NFC7_V2.0.0, X-CUBE-SFXS2LP1_V4.0.0, X-CUBE-ST67W61_V1.2.0, X-CUBE-SUBG2_V5.0.0, X-CUBE-TOF1_V3.4.3]
2026-05-09 10:52:55,702 [INFO] DbBoardsSqlite:226 - include board P-NUCLEO-WB55-NUCLEO as a kit item of type 'Nucleo-64'
2026-05-09 10:52:55,703 [INFO] DbBoardsSqlite:226 - include board P-NUCLEO-WB55-USBDONGLE as a kit item of type 'Nucleo USB Dongle'
2026-05-09 10:52:55,703 [INFO] DbBoardsSqlite:226 - include board STEVAL-IDP005V1 as a kit item of type 'Evaluation Board'
2026-05-09 10:52:55,703 [INFO] DbBoardsSqlite:226 - include board STEVAL-IDP005V2 as a kit item of type 'Evaluation Board'
2026-05-09 10:52:55,764 [INFO] ApiDb:240 - Found 323 in-development CPN: [B-G473E-ZEST1S, B-WB1M-WPAN1, B-WL5M-SUBG1, NUCLEO-C031C6, NUCLEO-H503RB, NUCLEO-H563ZI, NUCLEO-U545RE-Q, NUCLEO-U5A5ZJ-Q, NUCLEO-WBA52CG, STEVAL-PROTEUS1, STEVAL-SMARTAG2, STEVAL-STWINBX1, STM320518-EVAL, STM32C0116-DK, STM32C011D6Y3TR, STM32C011D6Y6TR, STM32C011F4P3, STM32C011F4P6, STM32C011F4U3, STM32C011F4U6TR, STM32C011F6P3, STM32C011F6P6, STM32C011F6U3, STM32C011F6U6TR, STM32C011J4M3, STM32C011J4M6, STM32C011J6M3, STM32C011J6M6, STM32C0316-DK, STM32C031C4T3, STM32C031C4T6, STM32C031C4U3, STM32C031C4U6, STM32C031C6T3, STM32C031C6T6, STM32C031C6U3, STM32C031C6U6, STM32C031F4P3, STM32C031F4P6, STM32C031F6P3, STM32C031F6P6, STM32C031G4U3, STM32C031G4U6, STM32C031G6U3, STM32C031G6U6, STM32C031K4T3, STM32C031K4T6, STM32C031K4U3, STM32C031K4U6, STM32C031K6T3, STM32C031K6T6, STM32C031K6U3, STM32C031K6U6, STM32G071K8TXN, STM32G071K8UXN, STM32G081GBU6N, STM32G081KBT6N, STM32G081KBUXN, STM32G0B1CCT6N, STM32G0B1KCT6, STM32G0B1NEY6TR, STM32G0B1RCT6N, STM32G0C1CCT6, STM32G0C1CCT6N, STM32G0C1CCU6N, STM32G0C1CET6N, STM32G0C1CEU6N, STM32G0C1KCT6, STM32G0C1NEY6TR, STM32G0C1RCI6N, STM32G0C1RCT6N, STM32G0C1REI6N, STM32G0C1RET6N, STM32G0C1VCI6, STM32G0C1VEI6, STM32G471CCT6, STM32G471CCU6, STM32G471CET3, STM32G471CET6, STM32G471CEU3, STM32G471CEU6, STM32G471MCT6, STM32G471MET3, STM32G471MET6, STM32G471MEY6TR, STM32G471QCT6, STM32G471QET3, STM32G471RCT6, STM32G471RET3, STM32G471RET6, STM32G471VCH6, STM32G471VCI6, STM32G471VCT6, STM32G471VEH3, STM32G471VEH6, STM32G471VEI3, STM32G471VEI6, STM32G471VET3, STM32G471VET6, STM32G474CCT6, STM32H503CBT6, STM32H503CBU6, STM32H503EBY6TR, STM32H503KBU6, STM32H503RBT6, STM32H562AGI6, STM32H562AII6, STM32H562IGK6, STM32H562IGT6, STM32H562IIK6, STM32H562IIT6, STM32H562RGT6, STM32H562RGV6, STM32H562RIT6, STM32H562RIV6, STM32H562VGT6, STM32H562VIT6, STM32H562ZGT6, STM32H562ZIT6, STM32H563AGI6, STM32H563AII3Q, STM32H563AII6, STM32H563IGK6, STM32H563IGT6, STM32H563IIK3Q, STM32H563IIK6, STM32H563IIT3Q, STM32H563IIT6, STM32H563MIY3QTR, STM32H563RGT6, STM32H563RGV6, STM32H563RIT6, STM32H563RIV6, STM32H563VGT6, STM32H563VIT3Q, STM32H563VIT6, STM32H563ZGT6, STM32H563ZIT3Q, STM32H563ZIT6, STM32H573AII3Q, STM32H573AII6, STM32H573I-DK, STM32H573IIK3Q, STM32H573IIK6, STM32H573IIT3Q, STM32H573IIT6, STM32H573MIY3QTR, STM32H573RIT6, STM32H573RIV6, STM32H573VIT3Q, STM32H573VIT6, STM32H573ZIT3Q, STM32H573ZIT6, STM32L4R5QGI6STR, STM32MP131AAE3, STM32MP131AAF3, STM32MP131AAG3, STM32MP131CAE3, STM32MP131CAF3, STM32MP131CAG3, STM32MP131DAE7, STM32MP131DAF7, STM32MP131DAG7, STM32MP131FAE7, STM32MP131FAF7, STM32MP131FAG7, STM32MP133AAE3, STM32MP133AAF3, STM32MP133AAG3, STM32MP133CAE3, STM32MP133CAF3, STM32MP133CAG3, STM32MP133DAE7, STM32MP133DAF7, STM32MP133DAG7, STM32MP133FAE7, STM32MP133FAF7, STM32MP133FAG7, STM32MP135AAE3, STM32MP135AAF3, STM32MP135AAG3, STM32MP135CAE3, STM32MP135CAF3, STM32MP135CAG3, STM32MP135DAE7, STM32MP135DAF7, STM32MP135DAG7, STM32MP135F-DK, STM32MP135FAE7, STM32MP135FAF7, STM32MP135FAF7T, STM32MP135FAF7U, STM32MP135FAG7, STM32U535CBT6, STM32U535CBT6Q, STM32U535CBU6, STM32U535CBU6Q, STM32U535CCT6, STM32U535CCT6Q, STM32U535CCU6, STM32U535CCU6Q, STM32U535CET6, STM32U535CET6Q, STM32U535CEU6, STM32U535CEU6Q, STM32U535JEY6QTR, STM32U535NCY6QTR, STM32U535NEY6QTR, STM32U535RBI6, STM32U535RBI6Q, STM32U535RBT6, STM32U535RBT6Q, STM32U535RCI6, STM32U535RCI6Q, STM32U535RCT6, STM32U535RCT6Q, STM32U535REI6, STM32U535REI6Q, STM32U535RET6, STM32U535RET6Q, STM32U535VCI6, STM32U535VCI6Q, STM32U535VCT6, STM32U535VCT6Q, STM32U535VEI6, STM32U535VEI6Q, STM32U535VET6, STM32U535VET6Q, STM32U545CET6, STM32U545CET6Q, STM32U545CEU6, STM32U545CEU6Q, STM32U545JEY6QTR, STM32U545NEY6QTR, STM32U545REI6, STM32U545REI6Q, STM32U545RET6, STM32U545RET6Q, STM32U545VEI6, STM32U545VEI6Q, STM32U545VET6, STM32U545VET6Q, STM32U595AIH6, STM32U595AIH6Q, STM32U595AJH6, STM32U595AJH6Q, STM32U595QII6, STM32U595QII6Q, STM32U595QJI6, STM32U595QJI6Q, STM32U595RIT6, STM32U595RIT6Q, STM32U595RJT6, STM32U595RJT6Q, STM32U595VIT6, STM32U595VIT6Q, STM32U595VJT6, STM32U595VJT6Q, STM32U595ZIT6, STM32U595ZIT6Q, STM32U595ZIY6QTR, STM32U595ZJT6, STM32U595ZJT6Q, STM32U595ZJY6QTR, STM32U599BJY6QTR, STM32U599NIH6Q, STM32U599NJH6Q, STM32U599VIT6Q, STM32U599VJT6, STM32U599VJT6Q, STM32U599ZIT6Q, STM32U599ZIY6QTR, STM32U599ZJT6Q, STM32U599ZJY6QTR, STM32U5A5AJH6, STM32U5A5AJH6Q, STM32U5A5QJI6, STM32U5A5QJI6Q, STM32U5A5RJT6, STM32U5A5RJT6Q, STM32U5A5VJT6, STM32U5A5VJT6Q, STM32U5A5ZJT6, STM32U5A5ZJT6Q, STM32U5A5ZJY6QTR, STM32U5A9BJY6QTR, STM32U5A9J-DK, STM32U5A9NJH6Q, STM32U5A9VJT6Q, STM32U5A9ZJT6Q, STM32U5A9ZJY6QTR, STM32U5F7VIT6, STM32U5F7VIT6Q, STM32U5F7VJT6, STM32U5F7VJT6Q, STM32U5F9BJY6QTR, STM32U5F9NJH6Q, STM32U5F9VIT6Q, STM32U5F9VJT6Q, STM32U5F9ZIJ6QTR, STM32U5F9ZIT6Q, STM32U5F9ZJJ6QTR, STM32U5F9ZJT6Q, STM32U5G7VJT6, STM32U5G7VJT6Q, STM32U5G9BJY6QTR, STM32U5G9J-DK1, STM32U5G9J-DK2, STM32U5G9NJH6Q, STM32U5G9VJT6Q, STM32U5G9ZJJ6QTR, STM32U5G9ZJT6Q, STM32WB1MMCH6, STM32WBA52CEU6, STM32WBA52CEU6T, STM32WBA52CGU6, STM32WBA52CGU6T, STM32WBA52KEU6, STM32WBA52KEU6T, STM32WBA52KGU6, STM32WBA52KGU6T, STM32WL5MOCH6, STM32WL5MOCH6TR]
2026-05-09 10:52:55,764 [INFO] ApiDb:668 - CubeFinder database Data Model version=2.1
2026-05-09 10:52:55,764 [INFO] ApiDb:669 - CubeFinder database Configuration version=3.0.42
2026-05-09 10:52:55,764 [INFO] ApiDb:670 - CubeFinder database generation date=2026-05-06 (1778060171)
2026-05-09 10:52:55,764 [INFO] ApiDb:671 - CubeFinder database FW Pack versions=[FP-ATR-ASTRA1_V2.0.0, FP-SNS-FLIGHT1_V5.1.0, FP-SNS-MOTENV1_V5.1.0, FP-SNS-MOTENVWB1_V1.5.0, FP-SNS-SMARTAG2_V1.2.0, FP-SNS-STBOX1_V2.1.0, STM32Cube_FW_C0_V1.4.0, STM32Cube_FW_F4_V1.28.3, STM32Cube_FW_F7_V1.17.4, STM32Cube_FW_G0_V1.6.3, STM32Cube_FW_G4_V1.6.2, STM32Cube_FW_H5_V1.6.0, STM32Cube_FW_H7RS_V1.3.0, STM32Cube_FW_H7_V1.13.0, STM32Cube_FW_L0_V1.12.2, STM32Cube_FW_L4_V1.18.2, STM32Cube_FW_L5_V1.6.0, STM32Cube_FW_N6_V1.3.0, STM32Cube_FW_U0_V1.3.0, STM32Cube_FW_U3_V1.3.0, STM32Cube_FW_U5_V1.8.0, STM32Cube_FW_WB0_V1.4.0, STM32Cube_FW_WBA_V1.9.0, STM32Cube_FW_WB_V1.24.0, STM32Cube_FW_WL3_V1.4.0, STM32Cube_FW_WL_V1.5.0, X-CUBE-ALGOBUILD_V1.4.0, X-CUBE-ALS_V1.0.2, X-CUBE-AZRTOS-F4_V1.1.0, X-CUBE-AZRTOS-F7_V1.1.0, X-CUBE-AZRTOS-G0_V1.1.0, X-CUBE-AZRTOS-G4_V2.0.0, X-CUBE-AZRTOS-H7RS_V1.1.0, X-CUBE-AZRTOS-H7_V3.5.0, X-CUBE-AZRTOS-L4_V2.0.0, X-CUBE-AZRTOS-L5_V2.0.0, X-CUBE-AZRTOS-WB_V2.0.0, X-CUBE-AZRTOS-WL_V2.0.0, X-CUBE-BLE1_V7.1.0, X-CUBE-BLE2_V3.3.0, X-CUBE-BLEMGR_V4.1.0, X-CUBE-EEPRMA1_V5.2.0, X-CUBE-FREERTOS_V1.5.0, X-CUBE-GNSS1_V6.0.0, X-CUBE-MEMS1_V12.0.0, X-CUBE-NFC4_V3.0.0, X-CUBE-NFC7_V2.0.0, X-CUBE-SFXS2LP1_V4.0.0, X-CUBE-ST67W61_V1.2.0, X-CUBE-SUBG2_V5.0.0, X-CUBE-TOF1_V3.4.3]
2026-05-09 10:52:57,558 [INFO] ApiDb:240 - Found 323 in-development CPN: [B-G473E-ZEST1S, B-WB1M-WPAN1, B-WL5M-SUBG1, NUCLEO-C031C6, NUCLEO-H503RB, NUCLEO-H563ZI, NUCLEO-U545RE-Q, NUCLEO-U5A5ZJ-Q, NUCLEO-WBA52CG, STEVAL-PROTEUS1, STEVAL-SMARTAG2, STEVAL-STWINBX1, STM320518-EVAL, STM32C0116-DK, STM32C011D6Y3TR, STM32C011D6Y6TR, STM32C011F4P3, STM32C011F4P6, STM32C011F4U3, STM32C011F4U6TR, STM32C011F6P3, STM32C011F6P6, STM32C011F6U3, STM32C011F6U6TR, STM32C011J4M3, STM32C011J4M6, STM32C011J6M3, STM32C011J6M6, STM32C0316-DK, STM32C031C4T3, STM32C031C4T6, STM32C031C4U3, STM32C031C4U6, STM32C031C6T3, STM32C031C6T6, STM32C031C6U3, STM32C031C6U6, STM32C031F4P3, STM32C031F4P6, STM32C031F6P3, STM32C031F6P6, STM32C031G4U3, STM32C031G4U6, STM32C031G6U3, STM32C031G6U6, STM32C031K4T3, STM32C031K4T6, STM32C031K4U3, STM32C031K4U6, STM32C031K6T3, STM32C031K6T6, STM32C031K6U3, STM32C031K6U6, STM32G071K8TXN, STM32G071K8UXN, STM32G081GBU6N, STM32G081KBT6N, STM32G081KBUXN, STM32G0B1CCT6N, STM32G0B1KCT6, STM32G0B1NEY6TR, STM32G0B1RCT6N, STM32G0C1CCT6, STM32G0C1CCT6N, STM32G0C1CCU6N, STM32G0C1CET6N, STM32G0C1CEU6N, STM32G0C1KCT6, STM32G0C1NEY6TR, STM32G0C1RCI6N, STM32G0C1RCT6N, STM32G0C1REI6N, STM32G0C1RET6N, STM32G0C1VCI6, STM32G0C1VEI6, STM32G471CCT6, STM32G471CCU6, STM32G471CET3, STM32G471CET6, STM32G471CEU3, STM32G471CEU6, STM32G471MCT6, STM32G471MET3, STM32G471MET6, STM32G471MEY6TR, STM32G471QCT6, STM32G471QET3, STM32G471RCT6, STM32G471RET3, STM32G471RET6, STM32G471VCH6, STM32G471VCI6, STM32G471VCT6, STM32G471VEH3, STM32G471VEH6, STM32G471VEI3, STM32G471VEI6, STM32G471VET3, STM32G471VET6, STM32G474CCT6, STM32H503CBT6, STM32H503CBU6, STM32H503EBY6TR, STM32H503KBU6, STM32H503RBT6, STM32H562AGI6, STM32H562AII6, STM32H562IGK6, STM32H562IGT6, STM32H562IIK6, STM32H562IIT6, STM32H562RGT6, STM32H562RGV6, STM32H562RIT6, STM32H562RIV6, STM32H562VGT6, STM32H562VIT6, STM32H562ZGT6, STM32H562ZIT6, STM32H563AGI6, STM32H563AII3Q, STM32H563AII6, STM32H563IGK6, STM32H563IGT6, STM32H563IIK3Q, STM32H563IIK6, STM32H563IIT3Q, STM32H563IIT6, STM32H563MIY3QTR, STM32H563RGT6, STM32H563RGV6, STM32H563RIT6, STM32H563RIV6, STM32H563VGT6, STM32H563VIT3Q, STM32H563VIT6, STM32H563ZGT6, STM32H563ZIT3Q, STM32H563ZIT6, STM32H573AII3Q, STM32H573AII6, STM32H573I-DK, STM32H573IIK3Q, STM32H573IIK6, STM32H573IIT3Q, STM32H573IIT6, STM32H573MIY3QTR, STM32H573RIT6, STM32H573RIV6, STM32H573VIT3Q, STM32H573VIT6, STM32H573ZIT3Q, STM32H573ZIT6, STM32L4R5QGI6STR, STM32MP131AAE3, STM32MP131AAF3, STM32MP131AAG3, STM32MP131CAE3, STM32MP131CAF3, STM32MP131CAG3, STM32MP131DAE7, STM32MP131DAF7, STM32MP131DAG7, STM32MP131FAE7, STM32MP131FAF7, STM32MP131FAG7, STM32MP133AAE3, STM32MP133AAF3, STM32MP133AAG3, STM32MP133CAE3, STM32MP133CAF3, STM32MP133CAG3, STM32MP133DAE7, STM32MP133DAF7, STM32MP133DAG7, STM32MP133FAE7, STM32MP133FAF7, STM32MP133FAG7, STM32MP135AAE3, STM32MP135AAF3, STM32MP135AAG3, STM32MP135CAE3, STM32MP135CAF3, STM32MP135CAG3, STM32MP135DAE7, STM32MP135DAF7, STM32MP135DAG7, STM32MP135F-DK, STM32MP135FAE7, STM32MP135FAF7, STM32MP135FAF7T, STM32MP135FAF7U, STM32MP135FAG7, STM32U535CBT6, STM32U535CBT6Q, STM32U535CBU6, STM32U535CBU6Q, STM32U535CCT6, STM32U535CCT6Q, STM32U535CCU6, STM32U535CCU6Q, STM32U535CET6, STM32U535CET6Q, STM32U535CEU6, STM32U535CEU6Q, STM32U535JEY6QTR, STM32U535NCY6QTR, STM32U535NEY6QTR, STM32U535RBI6, STM32U535RBI6Q, STM32U535RBT6, STM32U535RBT6Q, STM32U535RCI6, STM32U535RCI6Q, STM32U535RCT6, STM32U535RCT6Q, STM32U535REI6, STM32U535REI6Q, STM32U535RET6, STM32U535RET6Q, STM32U535VCI6, STM32U535VCI6Q, STM32U535VCT6, STM32U535VCT6Q, STM32U535VEI6, STM32U535VEI6Q, STM32U535VET6, STM32U535VET6Q, STM32U545CET6, STM32U545CET6Q, STM32U545CEU6, STM32U545CEU6Q, STM32U545JEY6QTR, STM32U545NEY6QTR, STM32U545REI6, STM32U545REI6Q, STM32U545RET6, STM32U545RET6Q, STM32U545VEI6, STM32U545VEI6Q, STM32U545VET6, STM32U545VET6Q, STM32U595AIH6, STM32U595AIH6Q, STM32U595AJH6, STM32U595AJH6Q, STM32U595QII6, STM32U595QII6Q, STM32U595QJI6, STM32U595QJI6Q, STM32U595RIT6, STM32U595RIT6Q, STM32U595RJT6, STM32U595RJT6Q, STM32U595VIT6, STM32U595VIT6Q, STM32U595VJT6, STM32U595VJT6Q, STM32U595ZIT6, STM32U595ZIT6Q, STM32U595ZIY6QTR, STM32U595ZJT6, STM32U595ZJT6Q, STM32U595ZJY6QTR, STM32U599BJY6QTR, STM32U599NIH6Q, STM32U599NJH6Q, STM32U599VIT6Q, STM32U599VJT6, STM32U599VJT6Q, STM32U599ZIT6Q, STM32U599ZIY6QTR, STM32U599ZJT6Q, STM32U599ZJY6QTR, STM32U5A5AJH6, STM32U5A5AJH6Q, STM32U5A5QJI6, STM32U5A5QJI6Q, STM32U5A5RJT6, STM32U5A5RJT6Q, STM32U5A5VJT6, STM32U5A5VJT6Q, STM32U5A5ZJT6, STM32U5A5ZJT6Q, STM32U5A5ZJY6QTR, STM32U5A9BJY6QTR, STM32U5A9J-DK, STM32U5A9NJH6Q, STM32U5A9VJT6Q, STM32U5A9ZJT6Q, STM32U5A9ZJY6QTR, STM32U5F7VIT6, STM32U5F7VIT6Q, STM32U5F7VJT6, STM32U5F7VJT6Q, STM32U5F9BJY6QTR, STM32U5F9NJH6Q, STM32U5F9VIT6Q, STM32U5F9VJT6Q, STM32U5F9ZIJ6QTR, STM32U5F9ZIT6Q, STM32U5F9ZJJ6QTR, STM32U5F9ZJT6Q, STM32U5G7VJT6, STM32U5G7VJT6Q, STM32U5G9BJY6QTR, STM32U5G9J-DK1, STM32U5G9J-DK2, STM32U5G9NJH6Q, STM32U5G9VJT6Q, STM32U5G9ZJJ6QTR, STM32U5G9ZJT6Q, STM32WB1MMCH6, STM32WBA52CEU6, STM32WBA52CEU6T, STM32WBA52CGU6, STM32WBA52CGU6T, STM32WBA52KEU6, STM32WBA52KEU6T, STM32WBA52KGU6, STM32WBA52KGU6T, STM32WL5MOCH6, STM32WL5MOCH6TR]
2026-05-09 10:52:57,562 [INFO] DbMcus:217 - Found 5061 MCUs, 4943 are supported
2026-05-09 10:52:57,563 [INFO] ApiDb:423 - Load user favorites file C:\Users\Admin/.stm32cubeide/favorites.mcus.txt: 1 item(s)
2026-05-09 10:52:57,563 [INFO] ApiDb:427 - User favorites MCUs=[STM32F103C8T6]
2026-05-09 10:52:57,563 [INFO] DbMcus:223 - Set 1 / 1 favorites MCUs
2026-05-09 10:52:57,995 [INFO] BoardInfo:880 - No configuration file found for board B-WBA5M-WPAN
2026-05-09 10:52:57,995 [INFO] DbBoards:157 - Board is not supported: B-WBA5M-WPAN
2026-05-09 10:52:57,998 [INFO] BoardInfo:880 - No configuration file found for board NUCLEO-C051C8
2026-05-09 10:52:57,998 [INFO] DbBoards:157 - Board is not supported: NUCLEO-C051C8
2026-05-09 10:52:57,999 [INFO] BoardInfo:880 - No configuration file found for board NUCLEO-C071RB
2026-05-09 10:52:57,999 [INFO] DbBoards:157 - Board is not supported: NUCLEO-C071RB
2026-05-09 10:52:58,000 [INFO] BoardInfo:880 - No configuration file found for board NUCLEO-C092RC
2026-05-09 10:52:58,000 [INFO] DbBoards:157 - Board is not supported: NUCLEO-C092RC
2026-05-09 10:52:58,033 [INFO] BoardInfo:880 - No configuration file found for board NUCLEO-H533RE
2026-05-09 10:52:58,033 [INFO] DbBoards:157 - Board is not supported: NUCLEO-H533RE
2026-05-09 10:52:58,035 [INFO] BoardInfo:880 - No configuration file found for board NUCLEO-H5E5ZJ
2026-05-09 10:52:58,035 [INFO] DbBoards:157 - Board is not supported: NUCLEO-H5E5ZJ
2026-05-09 10:52:58,042 [INFO] BoardInfo:880 - No configuration file found for board NUCLEO-H7S3L8
2026-05-09 10:52:58,042 [INFO] DbBoards:157 - Board is not supported: NUCLEO-H7S3L8
2026-05-09 10:52:58,060 [INFO] BoardInfo:880 - No configuration file found for board NUCLEO-N657X0-Q
2026-05-09 10:52:58,060 [INFO] DbBoards:157 - Board is not supported: NUCLEO-N657X0-Q
2026-05-09 10:52:58,061 [INFO] BoardInfo:880 - No configuration file found for board NUCLEO-U031R8
2026-05-09 10:52:58,061 [INFO] DbBoards:157 - Board is not supported: NUCLEO-U031R8
2026-05-09 10:52:58,062 [INFO] BoardInfo:880 - No configuration file found for board NUCLEO-U083RC
2026-05-09 10:52:58,062 [INFO] DbBoards:157 - Board is not supported: NUCLEO-U083RC
2026-05-09 10:52:58,063 [INFO] BoardInfo:880 - No configuration file found for board NUCLEO-U385RG-Q
2026-05-09 10:52:58,063 [INFO] DbBoards:157 - Board is not supported: NUCLEO-U385RG-Q
2026-05-09 10:52:58,064 [INFO] BoardInfo:880 - No configuration file found for board NUCLEO-U3C5ZI-Q
2026-05-09 10:52:58,064 [INFO] DbBoards:157 - Board is not supported: NUCLEO-U3C5ZI-Q
2026-05-09 10:52:58,067 [INFO] BoardInfo:880 - No configuration file found for board NUCLEO-WB05KZ
2026-05-09 10:52:58,068 [INFO] DbBoards:157 - Board is not supported: NUCLEO-WB05KZ
2026-05-09 10:52:58,068 [INFO] BoardInfo:880 - No configuration file found for board NUCLEO-WB07CC
2026-05-09 10:52:58,068 [INFO] DbBoards:157 - Board is not supported: NUCLEO-WB07CC
2026-05-09 10:52:58,069 [INFO] BoardInfo:880 - No configuration file found for board NUCLEO-WB09KE
2026-05-09 10:52:58,069 [INFO] DbBoards:157 - Board is not supported: NUCLEO-WB09KE
2026-05-09 10:52:58,072 [INFO] BoardInfo:880 - No configuration file found for board NUCLEO-WBA25CE1
2026-05-09 10:52:58,072 [INFO] DbBoards:157 - Board is not supported: NUCLEO-WBA25CE1
2026-05-09 10:52:58,074 [INFO] BoardInfo:880 - No configuration file found for board NUCLEO-WBA55CG
2026-05-09 10:52:58,074 [INFO] DbBoards:157 - Board is not supported: NUCLEO-WBA55CG
2026-05-09 10:52:58,075 [INFO] BoardInfo:880 - No configuration file found for board NUCLEO-WBA65RI
2026-05-09 10:52:58,075 [INFO] DbBoards:157 - Board is not supported: NUCLEO-WBA65RI
2026-05-09 10:52:58,076 [INFO] BoardInfo:880 - No configuration file found for board NUCLEO-WL33CC1
2026-05-09 10:52:58,076 [INFO] DbBoards:157 - Board is not supported: NUCLEO-WL33CC1
2026-05-09 10:52:58,077 [INFO] BoardInfo:880 - No configuration file found for board NUCLEO-WL33CC2
2026-05-09 10:52:58,077 [INFO] DbBoards:157 - Board is not supported: NUCLEO-WL33CC2
2026-05-09 10:52:58,078 [INFO] BoardInfo:880 - No configuration file found for board NUCLEO-WL3RKB1
2026-05-09 10:52:58,078 [INFO] DbBoards:157 - Board is not supported: NUCLEO-WL3RKB1
2026-05-09 10:52:58,079 [INFO] BoardInfo:880 - No configuration file found for board NUCLEO-WL3RKB2
2026-05-09 10:52:58,079 [INFO] DbBoards:157 - Board is not supported: NUCLEO-WL3RKB2
2026-05-09 10:52:58,083 [INFO] BoardInfo:880 - No configuration file found for board P-NUCLEO-WB55
2026-05-09 10:52:58,083 [INFO] DbBoards:157 - Kit is not supported: P-NUCLEO-WB55
2026-05-09 10:52:58,087 [INFO] BoardInfo:880 - No configuration file found for board STEVAL-BFA001V1B
2026-05-09 10:52:58,087 [INFO] DbBoards:157 - Kit is not supported: STEVAL-BFA001V1B
2026-05-09 10:52:58,088 [INFO] BoardInfo:880 - No configuration file found for board STEVAL-BFA001V2B
2026-05-09 10:52:58,088 [INFO] DbBoards:157 - Kit is not supported: STEVAL-BFA001V2B
2026-05-09 10:52:58,091 [INFO] BoardInfo:880 - No configuration file found for board STEVAL-MKBOXPRO
2026-05-09 10:52:58,091 [INFO] DbBoards:157 - Board is not supported: STEVAL-MKBOXPRO
2026-05-09 10:52:58,135 [INFO] BoardInfo:880 - No configuration file found for board STM32H5F5J-DK
2026-05-09 10:52:58,135 [INFO] DbBoards:157 - Board is not supported: STM32H5F5J-DK
2026-05-09 10:52:58,145 [INFO] BoardInfo:880 - No configuration file found for board STM32H7S78-DK
2026-05-09 10:52:58,145 [INFO] DbBoards:157 - Board is not supported: STM32H7S78-DK
2026-05-09 10:52:58,159 [INFO] BoardInfo:880 - No configuration file found for board STM32MP215F-DK
2026-05-09 10:52:58,159 [INFO] DbBoards:157 - Board is not supported: STM32MP215F-DK
2026-05-09 10:52:58,159 [INFO] BoardInfo:880 - No configuration file found for board STM32MP257F-DK
2026-05-09 10:52:58,159 [INFO] DbBoards:157 - Board is not supported: STM32MP257F-DK
2026-05-09 10:52:58,160 [INFO] BoardInfo:880 - No configuration file found for board STM32MP257F-EV1
2026-05-09 10:52:58,160 [INFO] DbBoards:157 - Board is not supported: STM32MP257F-EV1
2026-05-09 10:52:58,161 [INFO] BoardInfo:880 - No configuration file found for board STM32N6570-DK
2026-05-09 10:52:58,161 [INFO] DbBoards:157 - Board is not supported: STM32N6570-DK
2026-05-09 10:52:58,162 [INFO] BoardInfo:880 - No configuration file found for board STM32U083C-DK
2026-05-09 10:52:58,162 [INFO] DbBoards:157 - Board is not supported: STM32U083C-DK
2026-05-09 10:52:58,167 [INFO] BoardInfo:880 - No configuration file found for board STM32WBA55G-DK1
2026-05-09 10:52:58,167 [INFO] DbBoards:157 - Board is not supported: STM32WBA55G-DK1
2026-05-09 10:52:58,167 [INFO] BoardInfo:880 - No configuration file found for board STM32WBA65I-DK1
2026-05-09 10:52:58,167 [INFO] DbBoards:157 - Board is not supported: STM32WBA65I-DK1
2026-05-09 10:52:58,168 [INFO] DbBoards:161 - Found 218 boards, 183 are supported
2026-05-09 10:52:58,172 [INFO] ApiDb:423 - Load user favorites file C:\Users\Admin/.stm32cubeide/favorites.boards.txt: 0 item(s)
2026-05-09 10:52:58,172 [INFO] ApiDb:427 - User favorites Boards=[]
2026-05-09 10:52:58,172 [INFO] DbBoards:190 - Set 0 / 0 favorites Boards
2026-05-09 10:52:58,172 [INFO] McuFinderGlobals:76 - Set McuFinderConnectedMode to true
2026-05-09 10:52:58,177 [INFO] MultiScanPanel:200 - Auto-refresh data requested => check proxy status ongoing
2026-05-09 10:52:58,180 [INFO] FinderPluginLoader:95 - Searching for filters in installed packs
2026-05-09 10:52:59,185 [INFO] LoadUrlFilesThread:185 - End of LoadServerUrlFiles without Thread
2026-05-09 10:52:59,211 [INFO] DetailPanel:341 - Set advertising image to C:/Users/Admin/STM32Cube/Repository/\en.prom-stm32wba2-stm32-nucleo-board-0426.png
2026-05-09 10:53:40,440 [INFO] MainUpdater:2868 - connection check result : 10
2026-05-09 10:53:40,440 [INFO] MainUpdater:2868 - connection check result : 10
2026-05-09 10:53:40,449 [INFO] MicroXplorer:468 - Change Database Path : 
2026-05-09 10:53:40,449 [INFO] MicroXplorer:498 - Change Database Version : DB.6.0.91
2026-05-09 10:53:40,451 [WARN] ThirdParty:871 - waiting for thirdparty lock release [close project]
2026-05-09 10:53:40,452 [INFO] ThirdParty:873 - entering critical section [close project]
2026-05-09 10:53:40,452 [INFO] ThirdParty:883 - exiting critical section [close project]
2026-05-09 10:53:40,453 [INFO] PinOutPanel:1499 - setPackage(No Configuration,No Configuration)
2026-05-09 10:53:40,457 [INFO] UtilMem:75 - Begin LoadConfig() Used Memory: 670817456 Bytes (964689920)
2026-05-09 10:53:40,458 [INFO] MicroXplorer:468 - Change Database Path : 
2026-05-09 10:53:40,458 [INFO] MicroXplorer:498 - Change Database Version : DB.6.0.91
2026-05-09 10:53:40,458 [INFO] OpenFileManager:308 - Change cursor
2026-05-09 10:53:40,521 [INFO] Mcu:1946 - Initializing MCU STM32F103C8Tx STM32F103C8Tx STM32F103C8T6
2026-05-09 10:53:41,117 [INFO] Context:659 - Trying to add GPIOservice into a context  which must be forbidden
2026-05-09 10:53:41,335 [INFO] ImportTextPane:194 - (OptionalMessage_ERROR) Unable to find key (Mcu.ThirdPartyNb) in loaded IOC file
2026-05-09 10:53:41,335 [INFO] ImportTextPane:194 - (OptionalMessage_ERROR) Unable to find key (Mcu.PinsNb) in loaded IOC file
2026-05-09 10:53:41,335 [INFO] ImportTextPane:194 - (OptionalMessage_ERROR) Unable to find key (Mcu.IPNb) in loaded IOC file
2026-05-09 10:53:41,381 [WARN] ModelIntegratedComponent:63 - No mode defined for component null
2026-05-09 10:53:41,381 [WARN] ModelIntegratedComponent:63 - No mode defined for component null
2026-05-09 10:53:41,381 [WARN] ModelIntegratedComponent:63 - No mode defined for component null
2026-05-09 10:53:41,381 [WARN] ModelIntegratedComponent:63 - No mode defined for component null
2026-05-09 10:53:41,382 [WARN] ModelIntegratedComponent:63 - No mode defined for component null
2026-05-09 10:53:41,382 [WARN] ModelIntegratedComponent:63 - No mode defined for component null
2026-05-09 10:53:41,382 [WARN] ModelIntegratedComponent:63 - No mode defined for component null
2026-05-09 10:53:41,382 [WARN] ModelIntegratedComponent:63 - No mode defined for component null
2026-05-09 10:53:41,382 [WARN] ModelIntegratedComponent:63 - No mode defined for component null
2026-05-09 10:53:41,382 [WARN] ModelIntegratedComponent:63 - No mode defined for component null
2026-05-09 10:53:41,382 [WARN] ModelIntegratedComponent:63 - No mode defined for component null
2026-05-09 10:53:41,382 [WARN] ModelIntegratedComponent:63 - No mode defined for component null
2026-05-09 10:53:41,382 [WARN] ModelIntegratedComponent:63 - No mode defined for component null
2026-05-09 10:53:41,382 [WARN] ModelIntegratedComponent:63 - No mode defined for component null
2026-05-09 10:53:41,382 [WARN] ModelIntegratedComponent:63 - No mode defined for component null
2026-05-09 10:53:41,382 [WARN] ModelIntegratedComponent:63 - No mode defined for component null
2026-05-09 10:53:41,382 [WARN] ModelIntegratedComponent:63 - No mode defined for component null
2026-05-09 10:53:41,382 [WARN] ModelIntegratedComponent:63 - No mode defined for component null
2026-05-09 10:53:41,382 [WARN] ModelIntegratedComponent:63 - No mode defined for component null
2026-05-09 10:53:41,382 [WARN] ModelIntegratedComponent:63 - No mode defined for component null
2026-05-09 10:53:41,382 [WARN] ModelIntegratedComponent:63 - No mode defined for component null
2026-05-09 10:53:41,382 [WARN] ModelIntegratedComponent:63 - No mode defined for component null
2026-05-09 10:53:41,382 [WARN] ModelIntegratedComponent:63 - No mode defined for component null
2026-05-09 10:53:41,382 [WARN] ModelIntegratedComponent:63 - No mode defined for component null
2026-05-09 10:53:41,382 [WARN] ModelIntegratedComponent:63 - No mode defined for component null
2026-05-09 10:53:41,383 [WARN] ModelIntegratedComponent:63 - No mode defined for component null
2026-05-09 10:53:41,383 [WARN] ModelIntegratedComponent:63 - No mode defined for component null
2026-05-09 10:53:41,383 [WARN] ModelIntegratedComponent:63 - No mode defined for component null
2026-05-09 10:53:41,383 [WARN] ModelIntegratedComponent:63 - No mode defined for component null
2026-05-09 10:53:41,383 [WARN] ModelIntegratedComponent:63 - No mode defined for component null
2026-05-09 10:53:41,383 [WARN] ModelIntegratedComponent:63 - No mode defined for component null
2026-05-09 10:53:41,383 [WARN] ModelIntegratedComponent:63 - No mode defined for component null
2026-05-09 10:53:41,383 [WARN] ModelIntegratedComponent:63 - No mode defined for component null
2026-05-09 10:53:41,391 [INFO] RtosManager:555 - Registered RTOS mode: class=CMSIS, group=RTOS, mode=CMSIS_V1, owner=FREERTOS
2026-05-09 10:53:41,391 [INFO] RtosManager:555 - Registered RTOS mode: class=CMSIS, group=RTOS2, mode=CMSIS_V2, owner=FREERTOS
2026-05-09 10:53:41,391 [INFO] RtosManager:555 - Registered RTOS mode: class=RTOS, group=Core, mode=CMSIS_V1, owner=FREERTOS
2026-05-09 10:53:41,392 [INFO] RtosManager:555 - Registered RTOS mode: class=RTOS, group=Core, mode=CMSIS_V2, owner=FREERTOS
2026-05-09 10:53:41,392 [WARN] ModelIntegratedComponent:184 - Missing modes for component STMicroelectronics:FreeRTOS:0.0.1:STMicroelectronics:RTOS:FreeRTOS:Core:::10.2.0:
2026-05-09 10:53:41,409 [INFO] ThirdPartyModel:298 - Start build external matchings
2026-05-09 10:53:41,437 [INFO] ThirdPartyModel:316 - End build external matchings
2026-05-09 10:53:41,593 [INFO] UtilMem:75 - End LoadConfig() Used Memory: 712773832 Bytes (1073741824)
2026-05-09 10:53:41,606 [WARN] ThirdParty:833 - waiting for thirdparty lock release [change project]
2026-05-09 10:53:41,607 [INFO] ThirdParty:835 - entering critical section [change project]
2026-05-09 10:53:41,607 [INFO] ThirdParty:1030 - CMSIS Pack Vendor :STMicroelectronics USBPD 4.1
2026-05-09 10:53:41,608 [INFO] ThirdParty:1030 - CMSIS Pack Vendor :STMicroelectronics X-CUBE-DISPLAY 3.0.0
2026-05-09 10:53:41,608 [INFO] ThirdParty:1030 - CMSIS Pack Vendor :STMicroelectronics USB_HOST 2.0.0
2026-05-09 10:53:41,608 [INFO] ThirdParty:1030 - CMSIS Pack Vendor :STMicroelectronics X-CUBE-AZRTOS-F4 1.1.0
2026-05-09 10:53:41,608 [INFO] ThirdParty:1030 - CMSIS Pack Vendor :STMicroelectronics LIBJPEG 8.0.0
2026-05-09 10:53:41,608 [INFO] ThirdParty:1030 - CMSIS Pack Vendor :STMicroelectronics FP-ATR-SIGFOX1 3.2.0
2026-05-09 10:53:41,608 [INFO] ThirdParty:1030 - CMSIS Pack Vendor :STMicroelectronics X-CUBE-SMBUS 2.1.0
2026-05-09 10:53:41,608 [INFO] ThirdParty:1030 - CMSIS Pack Vendor :STMicroelectronics USB_DEVICE 3.0.0
2026-05-09 10:53:41,608 [INFO] ThirdParty:1030 - CMSIS Pack Vendor :STMicroelectronics HAL Drivers 0.0.0
2026-05-09 10:53:41,608 [INFO] ThirdParty:1030 - CMSIS Pack Vendor :STMicroelectronics MBEDTLS 2.16.2
2026-05-09 10:53:41,608 [INFO] ThirdParty:1030 - CMSIS Pack Vendor :STMicroelectronics MBEDTLS 2.14.1
2026-05-09 10:53:41,608 [INFO] ThirdParty:1030 - CMSIS Pack Vendor :STMicroelectronics X-CUBE-AZRTOS-F7 1.1.0
2026-05-09 10:53:41,608 [INFO] ThirdParty:1030 - CMSIS Pack Vendor :STMicroelectronics USB_DEVICE 2.0.0
2026-05-09 10:53:41,608 [INFO] ThirdParty:1030 - CMSIS Pack Vendor :STMicroelectronics ThreadX 1.0.0
2026-05-09 10:53:41,608 [INFO] ThirdParty:1030 - CMSIS Pack Vendor :STMicroelectronics X-CUBE-AZRTOS-WL 2.0.0
2026-05-09 10:53:41,608 [INFO] ThirdParty:1030 - CMSIS Pack Vendor :STMicroelectronics FreeRTOS 0.0.1
2026-05-09 10:53:41,608 [INFO] ThirdParty:1030 - CMSIS Pack Vendor :STMicroelectronics X-CUBE-AZRTOS-G0 1.1.0
2026-05-09 10:53:41,608 [INFO] ThirdParty:1030 - CMSIS Pack Vendor :STMicroelectronics USB_DEVICE 1.0.0
2026-05-09 10:53:41,608 [INFO] ThirdParty:1030 - CMSIS Pack Vendor :STMicroelectronics X-CUBE-SUBG2 5.0.0
2026-05-09 10:53:41,608 [INFO] ThirdParty:1030 - CMSIS Pack Vendor :STMicroelectronics X-CUBE-NFC4 3.0.0
2026-05-09 10:53:41,608 [INFO] ThirdParty:1030 - CMSIS Pack Vendor :STMicroelectronics STM32_WPAN 1.0.0
2026-05-09 10:53:41,608 [INFO] ThirdParty:1030 - CMSIS Pack Vendor :STMicroelectronics X-CUBE-AZRTOS-L4 2.0.0
2026-05-09 10:53:41,608 [INFO] ThirdParty:1030 - CMSIS Pack Vendor :STMicroelectronics ThreadX 0.0.2
2026-05-09 10:53:41,608 [INFO] ThirdParty:1030 - CMSIS Pack Vendor :STMicroelectronics lwIP 2.0.3
2026-05-09 10:53:41,608 [INFO] ThirdParty:1030 - CMSIS Pack Vendor :STMicroelectronics lwIP 2.1.2
2026-05-09 10:53:41,608 [INFO] ThirdParty:1030 - CMSIS Pack Vendor :STMicroelectronics X-CUBE-SFXS2LP1 4.0.0
2026-05-09 10:53:41,608 [INFO] ThirdParty:1030 - CMSIS Pack Vendor :STMicroelectronics X-CUBE-BLE2 3.3.0
2026-05-09 10:53:41,608 [INFO] ThirdParty:1030 - CMSIS Pack Vendor :STMicroelectronics USB_HOST 1.0.0
2026-05-09 10:53:41,608 [INFO] ThirdParty:1030 - CMSIS Pack Vendor :STMicroelectronics X-CUBE-AZRTOS-G4 2.0.0
2026-05-09 10:53:41,608 [INFO] ThirdParty:1030 - CMSIS Pack Vendor :STMicroelectronics PDM2PCM 3.1.0
2026-05-09 10:53:41,608 [INFO] ThirdParty:1030 - CMSIS Pack Vendor :STMicroelectronics PDM2PCM 3.2.0
2026-05-09 10:53:41,608 [INFO] ThirdParty:1030 - CMSIS Pack Vendor :STMicroelectronics PDM2PCM 3.3.0
2026-05-09 10:53:41,609 [INFO] ThirdParty:841 - exiting critical section [change project]
2026-05-09 10:53:41,794 [INFO] PinOutPanel:1499 - setPackage(No Configuration,No Configuration)
2026-05-09 10:53:41,796 [INFO] PinOutPanel:1499 - setPackage(STM32F103C8Tx,LQFP48)
2026-05-09 10:53:42,226 [INFO] UtilMem:75 - Before build in PCC Used Memory: 810302992 Bytes (1073741824)
2026-05-09 10:53:42,971 [INFO] UtilMem:75 - After build in PCC Used Memory: 875284408 Bytes (1073741824)
2026-05-09 10:53:42,989 [INFO] IPUIPlugin:80 - create IPUIPlugin
2026-05-09 10:53:42,989 [INFO] IPUIPlugin:80 - create IPUIPlugin
2026-05-09 10:53:42,989 [INFO] IPUIPlugin:80 - create IPUIPlugin
2026-05-09 10:53:42,989 [INFO] IPUIPlugin:80 - create IPUIPlugin
2026-05-09 10:53:42,990 [INFO] IPUIPlugin:80 - create IPUIPlugin
2026-05-09 10:53:42,990 [INFO] IPUIPlugin:80 - create IPUIPlugin
2026-05-09 10:53:42,990 [INFO] IPUIPlugin:80 - create IPUIPlugin
2026-05-09 10:53:42,990 [INFO] IPUIPlugin:80 - create IPUIPlugin
2026-05-09 10:53:42,990 [INFO] IPUIPlugin:80 - create IPUIPlugin
2026-05-09 10:53:42,990 [INFO] IPUIPlugin:80 - create IPUIPlugin
2026-05-09 10:53:42,990 [INFO] IPUIPlugin:80 - create IPUIPlugin
2026-05-09 10:53:42,990 [INFO] IPUIPlugin:80 - create IPUIPlugin
2026-05-09 10:53:42,990 [INFO] IPUIPlugin:80 - create IPUIPlugin
2026-05-09 10:53:42,990 [INFO] IPUIPlugin:80 - create IPUIPlugin
2026-05-09 10:53:42,991 [INFO] IPUIPlugin:80 - create IPUIPlugin
2026-05-09 10:53:42,991 [INFO] IPUIPlugin:80 - create IPUIPlugin
2026-05-09 10:53:42,991 [INFO] IPUIPlugin:80 - create IPUIPlugin
2026-05-09 10:53:42,991 [INFO] IPUIPlugin:80 - create IPUIPlugin
2026-05-09 10:53:42,991 [INFO] IPUIPlugin:80 - create IPUIPlugin
2026-05-09 10:53:42,992 [INFO] IPUIPlugin:80 - create IPUIPlugin
2026-05-09 10:53:42,992 [INFO] IPUIPlugin:80 - create IPUIPlugin
2026-05-09 10:53:42,992 [INFO] IPUIPlugin:80 - create IPUIPlugin
2026-05-09 10:53:42,992 [INFO] IPUIPlugin:80 - create IPUIPlugin
2026-05-09 10:53:42,993 [INFO] IPUIPlugin:80 - create IPUIPlugin
2026-05-09 10:53:42,993 [INFO] IPUIPlugin:80 - create IPUIPlugin
2026-05-09 10:53:42,993 [INFO] IPUIPlugin:80 - create IPUIPlugin
2026-05-09 10:53:42,993 [INFO] IPUIPlugin:80 - create IPUIPlugin
2026-05-09 10:53:43,185 [INFO] CADModel:165 - CPN selected for project levelSTM32F103C8T6
2026-05-09 10:53:43,185 [INFO] CADModel:114 - Register for checkConnection events
2026-05-09 10:53:43,232 [INFO] OpenFileManager:328 - Restore cursor
2026-05-09 10:53:43,798 [INFO] UtilMem:75 - End SaveConfig() Used Memory: 622462128 Bytes (1073741824)
2026-05-09 10:53:43,843 [INFO] UtilMem:75 - End SaveConfig() Used Memory: 633996464 Bytes (1073741824)
2026-05-09 10:53:44,303 [INFO] BlockDiagram:2759 - set Specific Code input for plugin: NVIC
2026-05-09 10:53:44,303 [INFO] BlockDiagram:2759 - set Specific Code input for plugin: RCC
2026-05-09 10:53:44,304 [INFO] CodeGenerator:799 - code generatio: config db path: C:\ST\STM32CubeIDE_1.13.1\STM32CubeIDE\plugins\com.st.stm32cube.common.mx_6.9.1.202307191849\\db\
2026-05-09 10:53:44,515 [INFO] CodeEngine:255 - oldGeneratedFile, D:\smart_garden\I2C_SHT30_DS3231\MXTmpFiles\license.tmp_save
2026-05-09 10:53:44,800 [INFO] CodeEngine:279 - Generated code: D:\smart_garden\I2C_SHT30_DS3231\MXTmpFiles\license.tmp
2026-05-09 10:53:44,810 [INFO] CodeEngine:255 - oldGeneratedFile, D:\smart_garden\I2C_SHT30_DS3231\Core\Src\stm32f1xx_it.c_save
2026-05-09 10:53:44,937 [INFO] CodeEngine:279 - Generated code: D:\smart_garden\I2C_SHT30_DS3231\Core\Src\stm32f1xx_it.c
2026-05-09 10:53:44,941 [INFO] CodeEngine:255 - oldGeneratedFile, D:\smart_garden\I2C_SHT30_DS3231\Core\Inc\stm32f1xx_it.h_save
2026-05-09 10:53:45,027 [INFO] CodeEngine:279 - Generated code: D:\smart_garden\I2C_SHT30_DS3231\Core\Inc\stm32f1xx_it.h
2026-05-09 10:53:45,157 [INFO] CodeEngine:255 - oldGeneratedFile, D:\smart_garden\I2C_SHT30_DS3231\Core\Src\stm32f1xx_hal_msp.c_save
2026-05-09 10:53:45,283 [INFO] CodeEngine:279 - Generated code: D:\smart_garden\I2C_SHT30_DS3231\Core\Src\stm32f1xx_hal_msp.c
2026-05-09 10:53:45,285 [INFO] CodeEngine:255 - oldGeneratedFile, D:\smart_garden\I2C_SHT30_DS3231\MXTmpFiles\system.tmp_save
2026-05-09 10:53:45,357 [INFO] CodeEngine:279 - Generated code: D:\smart_garden\I2C_SHT30_DS3231\MXTmpFiles\system.tmp
2026-05-09 10:53:45,364 [INFO] CodeEngine:311 - oldGeneratedFile, D:\smart_garden\I2C_SHT30_DS3231\Core\Inc\stm32f1xx_hal_conf.h_save
2026-05-09 10:53:45,444 [INFO] CodeEngine:335 - Generated code: D:\smart_garden\I2C_SHT30_DS3231\Core\Inc\stm32f1xx_hal_conf.h
2026-05-09 10:53:45,480 [INFO] CodeEngine:255 - oldGeneratedFile, D:\smart_garden\I2C_SHT30_DS3231\Core\Inc\main.h_save
2026-05-09 10:53:45,570 [INFO] CodeEngine:279 - Generated code: D:\smart_garden\I2C_SHT30_DS3231\Core\Inc\main.h
2026-05-09 10:53:45,574 [INFO] CodeEngine:255 - oldGeneratedFile, D:\smart_garden\I2C_SHT30_DS3231\Core\Src\main.c_save
2026-05-09 10:53:45,700 [INFO] CodeEngine:279 - Generated code: D:\smart_garden\I2C_SHT30_DS3231\Core\Src\main.c
2026-05-09 10:53:46,322 [INFO] ProjectBuilder:3064 - Time for Copy HAL[1] : 147mS.
2026-05-09 10:53:46,342 [INFO] ProjectBuilder:4404 - Project Generator version: 4.1.0
2026-05-09 10:53:46,642 [INFO] ConfigFileManager:1457 - The Die is : DIE410
2026-05-09 10:53:46,660 [INFO] ApiDbMcu:507 - Load IP Config File for FATFS
2026-05-09 10:53:46,695 [INFO] ApiDbMcu:507 - Load IP Config File for FREERTOS
2026-05-09 10:53:46,702 [INFO] ApiDbMcu:507 - Load IP Config File for USB_DEVICE
2026-05-09 10:53:47,654 [INFO] LogOutputStream:77 - [STDOUT_REDIRECT] 
2026-05-09 10:53:49,342 [INFO] ProjectBuilder:4626 - Time for Generating toolchain IDE Files: 2998mS.
2026-05-09 10:53:49,343 [INFO] ProjectBuilder:2935 - Time for Copy CMSIS : 1mS.
2026-05-09 10:53:49,344 [INFO] ProjectBuilder:2935 - Time for Copy CMSIS : 0mS.
2026-05-09 10:53:50,036 [INFO] McuFinderGlobals:76 - Set McuFinderConnectedMode to true
2026-05-09 10:53:50,043 [INFO] ApiDb:448 - Save user favorites file C:\Users\Admin/.stm32cubeide/favorites.mcus.txt: 1 item(s)
2026-05-09 10:53:50,043 [INFO] ApiDb:452 - User favorites MCUs=[STM32F103C8T6]
2026-05-09 10:54:22,122 [WARN] IP:2114 - I2C_Coeff_DF not found: check if there is a RefParameter without a condition.
2026-05-09 10:54:22,122 [WARN] IP:2114 - Analog_Filter not found: check if there is a RefParameter without a condition.
2026-05-09 10:54:22,133 [WARN] IP:2114 - I2C_Coeff_DF not found: check if there is a RefParameter without a condition.
2026-05-09 10:54:22,133 [WARN] IP:2114 - Analog_Filter not found: check if there is a RefParameter without a condition.
2026-05-09 10:54:22,134 [WARN] IP:2114 - I2C_Coeff_DF not found: check if there is a RefParameter without a condition.
2026-05-09 10:54:22,134 [WARN] IP:2114 - Analog_Filter not found: check if there is a RefParameter without a condition.
2026-05-09 10:54:22,203 [WARN] IP:2114 - I2C_Coeff_DF not found: check if there is a RefParameter without a condition.
2026-05-09 10:54:22,203 [WARN] IP:2114 - Analog_Filter not found: check if there is a RefParameter without a condition.
2026-05-09 10:54:22,205 [WARN] IP:2114 - I2C_Coeff_DF not found: check if there is a RefParameter without a condition.
2026-05-09 10:54:22,205 [WARN] IP:2114 - Analog_Filter not found: check if there is a RefParameter without a condition.
2026-05-09 10:56:21,975 [INFO] Gpio:273 - dependency for GPIO [I2C1]
2026-05-09 10:56:34,647 [WARN] IP:2114 - I2C_Coeff_DF not found: check if there is a RefParameter without a condition.
2026-05-09 10:56:34,647 [WARN] IP:2114 - Analog_Filter not found: check if there is a RefParameter without a condition.
2026-05-09 10:56:34,647 [WARN] IP:2114 - I2C_Coeff_DF not found: check if there is a RefParameter without a condition.
2026-05-09 10:56:34,647 [WARN] IP:2114 - Analog_Filter not found: check if there is a RefParameter without a condition.
2026-05-09 10:56:34,662 [WARN] IP:2114 - I2C_Coeff_DF not found: check if there is a RefParameter without a condition.
2026-05-09 10:56:34,662 [WARN] IP:2114 - Analog_Filter not found: check if there is a RefParameter without a condition.
2026-05-09 10:56:34,662 [WARN] IP:2114 - I2C_Coeff_DF not found: check if there is a RefParameter without a condition.
2026-05-09 10:56:34,662 [WARN] IP:2114 - Analog_Filter not found: check if there is a RefParameter without a condition.
2026-05-09 10:56:34,678 [INFO] Gpio:273 - dependency for GPIO [I2C1]
2026-05-09 10:57:19,244 [INFO] Gpio:273 - dependency for GPIO [I2C1]
2026-05-09 10:57:49,241 [WARN] IP:2114 - I2C_Coeff_DF not found: check if there is a RefParameter without a condition.
2026-05-09 10:57:49,241 [WARN] IP:2114 - Analog_Filter not found: check if there is a RefParameter without a condition.
2026-05-09 10:57:49,241 [WARN] IP:2114 - I2C_Coeff_DF not found: check if there is a RefParameter without a condition.
2026-05-09 10:57:49,241 [WARN] IP:2114 - Analog_Filter not found: check if there is a RefParameter without a condition.
2026-05-09 10:58:18,258 [INFO] UtilMem:75 - End SaveConfig() Used Memory: 721678056 Bytes (1073741824)
2026-05-09 10:58:18,391 [INFO] UtilMem:75 - End SaveConfig() Used Memory: 744322584 Bytes (1073741824)
2026-05-09 10:58:19,010 [INFO] UtilMem:75 - End SaveConfig() Used Memory: 783639056 Bytes (1073741824)
2026-05-09 10:58:19,221 [INFO] BlockDiagram:2759 - set Specific Code input for plugin: NVIC
2026-05-09 10:58:19,221 [INFO] BlockDiagram:2759 - set Specific Code input for plugin: SYS
2026-05-09 10:58:19,222 [INFO] BlockDiagram:2759 - set Specific Code input for plugin: GPIO
2026-05-09 10:58:19,222 [INFO] BlockDiagram:2759 - set Specific Code input for plugin: RCC
2026-05-09 10:58:19,222 [INFO] BlockDiagram:2759 - set Specific Code input for plugin: I2C
2026-05-09 10:58:19,223 [INFO] CodeGenerator:799 - code generatio: config db path: C:\ST\STM32CubeIDE_1.13.1\STM32CubeIDE\plugins\com.st.stm32cube.common.mx_6.9.1.202307191849\\db\
2026-05-09 10:58:19,223 [WARN] IP:2114 - I2C_Coeff_DF not found: check if there is a RefParameter without a condition.
2026-05-09 10:58:19,223 [WARN] IP:2114 - Analog_Filter not found: check if there is a RefParameter without a condition.
2026-05-09 10:58:19,305 [INFO] CodeEngine:255 - oldGeneratedFile, D:\smart_garden\I2C_SHT30_DS3231\MXTmpFiles\license.tmp_save
2026-05-09 10:58:19,404 [INFO] CodeEngine:279 - Generated code: D:\smart_garden\I2C_SHT30_DS3231\MXTmpFiles\license.tmp
2026-05-09 10:58:19,437 [INFO] CodeEngine:255 - oldGeneratedFile, D:\smart_garden\I2C_SHT30_DS3231\MXTmpFiles\gpio.tmp_save
2026-05-09 10:58:19,527 [INFO] CodeEngine:279 - Generated code: D:\smart_garden\I2C_SHT30_DS3231\MXTmpFiles\gpio.tmp
2026-05-09 10:58:19,577 [INFO] CodeEngine:255 - oldGeneratedFile, D:\smart_garden\I2C_SHT30_DS3231\Core\Src\stm32f1xx_it.c_save
2026-05-09 10:58:19,810 [INFO] CodeEngine:279 - Generated code: D:\smart_garden\I2C_SHT30_DS3231\Core\Src\stm32f1xx_it.c
2026-05-09 10:58:19,814 [INFO] CodeEngine:255 - oldGeneratedFile, D:\smart_garden\I2C_SHT30_DS3231\Core\Inc\stm32f1xx_it.h_save
2026-05-09 10:58:19,876 [INFO] CodeEngine:279 - Generated code: D:\smart_garden\I2C_SHT30_DS3231\Core\Inc\stm32f1xx_it.h
2026-05-09 10:58:19,882 [INFO] CodeEngine:255 - oldGeneratedFile, D:\smart_garden\I2C_SHT30_DS3231\Core\Src\stm32f1xx_hal_msp.c_save
2026-05-09 10:58:19,975 [INFO] CodeEngine:279 - Generated code: D:\smart_garden\I2C_SHT30_DS3231\Core\Src\stm32f1xx_hal_msp.c
2026-05-09 10:58:19,978 [INFO] CodeEngine:255 - oldGeneratedFile, D:\smart_garden\I2C_SHT30_DS3231\MXTmpFiles\system.tmp_save
2026-05-09 10:58:20,027 [INFO] CodeEngine:279 - Generated code: D:\smart_garden\I2C_SHT30_DS3231\MXTmpFiles\system.tmp
2026-05-09 10:58:20,032 [INFO] CodeEngine:311 - oldGeneratedFile, D:\smart_garden\I2C_SHT30_DS3231\Core\Inc\stm32f1xx_hal_conf.h_save
2026-05-09 10:58:20,086 [INFO] CodeEngine:335 - Generated code: D:\smart_garden\I2C_SHT30_DS3231\Core\Inc\stm32f1xx_hal_conf.h
2026-05-09 10:58:20,100 [INFO] CodeEngine:255 - oldGeneratedFile, D:\smart_garden\I2C_SHT30_DS3231\Core\Inc\main.h_save
2026-05-09 10:58:20,161 [INFO] CodeEngine:279 - Generated code: D:\smart_garden\I2C_SHT30_DS3231\Core\Inc\main.h
2026-05-09 10:58:20,163 [INFO] CodeEngine:255 - oldGeneratedFile, D:\smart_garden\I2C_SHT30_DS3231\Core\Src\main.c_save
2026-05-09 10:58:20,235 [INFO] CodeEngine:279 - Generated code: D:\smart_garden\I2C_SHT30_DS3231\Core\Src\main.c
2026-05-09 10:58:20,597 [INFO] ProjectBuilder:3064 - Time for Copy HAL[1] : 84mS.
2026-05-09 10:58:20,600 [INFO] ProjectBuilder:4404 - Project Generator version: 4.1.0
2026-05-09 10:58:20,809 [INFO] ConfigFileManager:1457 - The Die is : DIE410
2026-05-09 10:58:22,055 [INFO] ProjectBuilder:4626 - Time for Generating toolchain IDE Files: 1455mS.
2026-05-09 10:58:22,055 [INFO] ProjectBuilder:2935 - Time for Copy CMSIS : 0mS.
2026-05-09 10:58:22,057 [INFO] ProjectBuilder:2935 - Time for Copy CMSIS : 1mS.
2026-05-09 12:39:24,023 [ERROR] LogOutputStream:75 - [STDERR_REDIRECT] 
2026-05-09 19:12:32,619 [INFO] Activator:176 - 


2026-05-09 19:12:32,621 [INFO] Activator:177 - !SESSION log4j initialized
2026-05-09 19:12:36,848 [INFO] LogOutputStream:77 - [STDOUT_REDIRECT] 
2026-05-09 19:12:37,626 [INFO] ApplicationProperties:184 - Using Application install path: C:\ST\STM32CubeIDE_1.13.1\STM32CubeIDE\plugins\com.st.stm32cube.common.mx_6.9.1.202307191849
2026-05-09 19:12:37,645 [INFO] DbMcusXml:78 - Set database path to: C:\ST\STM32CubeIDE_1.13.1\STM32CubeIDE\plugins\com.st.stm32cube.common.mx_6.9.1.202307191849\\db\/mcu/
2026-05-09 19:12:37,645 [INFO] ApiDb:274 - Set plugin database path to: C:\ST\STM32CubeIDE_1.13.1\STM32CubeIDE\plugins\com.st.stm32cube.common.mx_6.9.1.202307191849\\db\/plugins/boardmanager/
2026-05-09 19:12:37,645 [WARN] ApiDb:259 - Overriding images path with different value:  => C:\ST\STM32CubeIDE_1.13.1\STM32CubeIDE\plugins\com.st.stm32cube.common.mx_6.9.1.202307191849\\db\/plugins/mcufinder/images/
2026-05-09 19:12:37,653 [INFO] ApiDb:250 - Set database path to: C:\Users\Admin\.stmcufinder\plugins\mcufinder//mcu/
2026-05-09 19:12:37,654 [INFO] DbMcusAds:125 - Set database path to: C:\Users\Admin\.stmcufinder\plugins\mcufinder//mcu/
2026-05-09 19:12:37,656 [INFO] CrossReferenceDbSqlite:203 - Set database path to: C:\Users\Admin\.stmcufinder\plugins\mcufinder//mcu/cs/
2026-05-09 19:12:37,748 [INFO] RulesReader:64 - Compatibility file has been processed (293 Rules)
2026-05-09 19:12:37,819 [INFO] DbMcusXml:78 - Set database path to: C:\ST\STM32CubeIDE_1.13.1\STM32CubeIDE\plugins\com.st.stm32cube.common.mx_6.9.1.202307191849\\db\/mcu/
2026-05-09 19:12:37,820 [INFO] ApiDb:274 - Set plugin database path to: C:\ST\STM32CubeIDE_1.13.1\STM32CubeIDE\plugins\com.st.stm32cube.common.mx_6.9.1.202307191849\\db\/plugins/boardmanager/
2026-05-09 19:12:37,820 [INFO] ApiDb:261 - Set plugin images path to: C:\ST\STM32CubeIDE_1.13.1\STM32CubeIDE\plugins\com.st.stm32cube.common.mx_6.9.1.202307191849\\db\/plugins/mcufinder/images/
2026-05-09 19:12:37,820 [WARN] DbFile:41 - Overriding database path with different value: C:\Users\Admin\.stmcufinder\plugins\mcufinder/ => C:\Users\Admin\.stmcufinder\plugins\mcufinder
2026-05-09 19:12:37,820 [INFO] ApiDb:250 - Set database path to: C:\Users\Admin\.stmcufinder\plugins\mcufinder//mcu/
2026-05-09 19:12:37,820 [WARN] DbFile:41 - Overriding database path with different value: C:\Users\Admin\.stmcufinder\plugins\mcufinder/ => C:\Users\Admin\.stmcufinder\plugins\mcufinder
2026-05-09 19:12:37,820 [INFO] DbMcusAds:125 - Set database path to: C:\Users\Admin\.stmcufinder\plugins\mcufinder//mcu/
2026-05-09 19:12:37,820 [WARN] DbFile:41 - Overriding database path with different value: C:\Users\Admin\.stmcufinder\plugins\mcufinder/ => C:\Users\Admin\.stmcufinder\plugins\mcufinder
2026-05-09 19:12:37,820 [WARN] DbFile:41 - Overriding database path with different value: C:\Users\Admin\.stmcufinder\plugins\mcufinder/ => C:\Users\Admin\.stmcufinder\plugins\mcufinder
2026-05-09 19:12:37,820 [INFO] CrossReferenceDbSqlite:203 - Set database path to: C:\Users\Admin\.stmcufinder\plugins\mcufinder//mcu/cs/
2026-05-09 19:12:37,890 [INFO] MainPanel:262 - HeapMemory: 268435456
2026-05-09 19:12:37,979 [INFO] DbMcusXml:78 - Set database path to: C:\ST\STM32CubeIDE_1.13.1\STM32CubeIDE\plugins\com.st.stm32cube.common.mx_6.9.1.202307191849\\db\/mcu/
2026-05-09 19:12:37,979 [INFO] ApiDb:274 - Set plugin database path to: C:\ST\STM32CubeIDE_1.13.1\STM32CubeIDE\plugins\com.st.stm32cube.common.mx_6.9.1.202307191849\\db\/plugins/boardmanager/
2026-05-09 19:12:37,979 [INFO] ApiDb:261 - Set plugin images path to: C:\ST\STM32CubeIDE_1.13.1\STM32CubeIDE\plugins\com.st.stm32cube.common.mx_6.9.1.202307191849\\db\/plugins/mcufinder/images/
2026-05-09 19:12:37,980 [WARN] DbFile:41 - Overriding database path with different value: C:\Users\Admin\.stmcufinder\plugins\mcufinder/ => C:\Users\Admin\.stmcufinder\plugins\mcufinder
2026-05-09 19:12:37,980 [INFO] ApiDb:250 - Set database path to: C:\Users\Admin\.stmcufinder\plugins\mcufinder//mcu/
2026-05-09 19:12:37,980 [WARN] DbFile:41 - Overriding database path with different value: C:\Users\Admin\.stmcufinder\plugins\mcufinder/ => C:\Users\Admin\.stmcufinder\plugins\mcufinder
2026-05-09 19:12:37,980 [INFO] DbMcusAds:125 - Set database path to: C:\Users\Admin\.stmcufinder\plugins\mcufinder//mcu/
2026-05-09 19:12:37,980 [WARN] DbFile:41 - Overriding database path with different value: C:\Users\Admin\.stmcufinder\plugins\mcufinder/ => C:\Users\Admin\.stmcufinder\plugins\mcufinder
2026-05-09 19:12:37,980 [WARN] DbFile:41 - Overriding database path with different value: C:\Users\Admin\.stmcufinder\plugins\mcufinder/ => C:\Users\Admin\.stmcufinder\plugins\mcufinder
2026-05-09 19:12:37,980 [INFO] CrossReferenceDbSqlite:203 - Set database path to: C:\Users\Admin\.stmcufinder\plugins\mcufinder//mcu/cs/
2026-05-09 19:12:37,997 [INFO] ApplicationProperties:184 - Using Application install path: C:\ST\STM32CubeIDE_1.13.1\STM32CubeIDE\plugins\com.st.stm32cube.common.mx_6.9.1.202307191849
2026-05-09 19:12:37,999 [INFO] PluginManage:196 - Search for loadable plugins [exclusion list=, ]
2026-05-09 19:12:37,999 [INFO] PluginManage:310 - Check plugin analytics
2026-05-09 19:12:38,124 [INFO] AnalyticsPlugin:253 - Accepted Software Licenses: 
2026-05-09 19:12:38,124 [INFO] AnalyticsPlugin:255 - Accepted CMSIS Pack Licenses: 
2026-05-09 19:12:38,124 [INFO] AnalyticsPlugin:257 - Accepted Firmware Licenses: 
2026-05-09 19:12:38,128 [INFO] PluginManage:359 - Loaded plugin analytics (category:tool,tabindex:-1)
2026-05-09 19:12:38,129 [INFO] PluginManage:310 - Check plugin cadmodel
2026-05-09 19:12:38,134 [INFO] CADModel:105 - Init CAD model plugin
2026-05-09 19:12:38,134 [INFO] PluginManage:359 - Loaded plugin cadmodel (category:power,tabindex:5)
2026-05-09 19:12:38,134 [INFO] PluginManage:310 - Check plugin clock
2026-05-09 19:12:38,145 [INFO] PluginManage:359 - Loaded plugin clock (category:base,tabindex:2)
2026-05-09 19:12:38,146 [INFO] PluginManage:310 - Check plugin ddr
2026-05-09 19:12:38,148 [INFO] PluginManage:359 - Loaded plugin ddr (category:tool,tabindex:6)
2026-05-09 19:12:38,148 [INFO] PluginManage:310 - Check plugin filemanager
2026-05-09 19:12:38,270 [INFO] PluginManage:359 - Loaded plugin filemanager (category:base,tabindex:10)
2026-05-09 19:12:38,270 [INFO] PluginManage:310 - Check plugin ipmanager
2026-05-09 19:12:38,276 [INFO] PluginManage:359 - Loaded plugin ipmanager (category:base,tabindex:5)
2026-05-09 19:12:38,276 [INFO] PluginManage:310 - Check plugin lpbam
2026-05-09 19:12:38,285 [INFO] PluginManage:359 - Loaded plugin lpbam (category:base,tabindex:0)
2026-05-09 19:12:38,285 [INFO] PluginManage:310 - Check plugin memorymap
2026-05-09 19:12:38,297 [INFO] PluginManage:359 - Loaded plugin memorymap (category:base,tabindex:4)
2026-05-09 19:12:38,297 [INFO] PluginManage:310 - Check plugin pinoutandconfiguration
2026-05-09 19:12:38,305 [INFO] PluginManage:359 - Loaded plugin pinoutandconfiguration (category:base,tabindex:1)
2026-05-09 19:12:38,305 [INFO] PluginManage:310 - Check plugin pinoutconfig
2026-05-09 19:12:38,378 [WARN] SupportedApi:132 - Cannot load RTOS API schema: s4s-elt-must-match.1: The content of 'definitions' must match (annotation?, (simpleType | complexType)?, (unique | key | keyref)*)). A problem was found starting at: attribute.
2026-05-09 19:12:38,495 [INFO] PluginManage:359 - Loaded plugin pinoutconfig (category:base,tabindex:0)
2026-05-09 19:12:38,495 [INFO] PluginManage:310 - Check plugin power
2026-05-09 19:12:38,505 [INFO] PluginManage:359 - Loaded plugin power (category:power,tabindex:4)
2026-05-09 19:12:38,505 [INFO] PluginManage:310 - Check plugin projectmanager
2026-05-09 19:12:38,519 [INFO] PluginManage:359 - Loaded plugin projectmanager (category:projectmanager,tabindex:3)
2026-05-09 19:12:38,520 [INFO] PluginManage:310 - Check plugin thirdparty
2026-05-09 19:12:38,644 [INFO] PluginManage:359 - Loaded plugin thirdparty (category:base,tabindex:-1)
2026-05-09 19:12:38,644 [WARN] IntegrityCheckThread:84 - waiting for thirdparty lock release [integrity check]
2026-05-09 19:12:38,644 [INFO] PluginManage:310 - Check plugin tools
2026-05-09 19:12:38,645 [INFO] IntegrityCheckThread:86 - entering critical section [integrity check]
2026-05-09 19:12:38,645 [INFO] ThirdPartyUpdaterWithRetryManager:70 - Updater plugin not ready yet. [1/15]
2026-05-09 19:12:38,648 [INFO] PluginManage:359 - Loaded plugin tools (category:base,tabindex:7)
2026-05-09 19:12:38,648 [INFO] PluginManage:310 - Check plugin tutovideos
2026-05-09 19:12:38,815 [INFO] PluginManage:359 - Loaded plugin tutovideos (category:base,tabindex:-1)
2026-05-09 19:12:38,815 [INFO] PluginManage:310 - Check plugin updater
2026-05-09 19:12:38,825 [INFO] PluginManage:359 - Loaded plugin updater (category:base,tabindex:12)
2026-05-09 19:12:38,825 [INFO] PluginManage:310 - Check plugin userauth
2026-05-09 19:12:38,831 [INFO] UserAuth:113 - Init User Auth plugin
2026-05-09 19:12:38,831 [INFO] PluginManage:359 - Loaded plugin userauth (category:base,tabindex:14)
2026-05-09 19:12:38,831 [INFO] PluginManage:283 - PluginManage : Loaded plugins [17]
2026-05-09 19:12:39,028 [INFO] PinOutPanel:1499 - setPackage(No Configuration,No Configuration)
2026-05-09 19:12:39,119 [INFO] CADModel:165 - CPN selected for project level
2026-05-09 19:12:39,119 [INFO] CADModel:114 - Register for checkConnection events
2026-05-09 19:12:39,134 [INFO] IPUIPlugin:80 - create IPUIPlugin
2026-05-09 19:12:39,135 [INFO] PluginManager:220 - loadIPPluginJar : add adc
2026-05-09 19:12:39,137 [INFO] IPUIPlugin:80 - create IPUIPlugin
2026-05-09 19:12:39,137 [INFO] PluginManager:220 - loadIPPluginJar : add aes
2026-05-09 19:12:39,139 [INFO] IPUIPlugin:80 - create IPUIPlugin
2026-05-09 19:12:39,139 [INFO] PluginManager:220 - loadIPPluginJar : add can
2026-05-09 19:12:39,140 [INFO] IPUIPlugin:80 - create IPUIPlugin
2026-05-09 19:12:39,140 [INFO] PluginManager:220 - loadIPPluginJar : add comp
2026-05-09 19:12:39,144 [INFO] IPUIPlugin:80 - create IPUIPlugin
2026-05-09 19:12:39,144 [INFO] PluginManager:220 - loadIPPluginJar : add cryp
2026-05-09 19:12:39,147 [INFO] IPUIPlugin:80 - create IPUIPlugin
2026-05-09 19:12:39,147 [INFO] PluginManager:220 - loadIPPluginJar : add dfsdm
2026-05-09 19:12:39,151 [INFO] IPUIPlugin:80 - create IPUIPlugin
2026-05-09 19:12:39,152 [INFO] PluginManager:220 - loadIPPluginJar : add dma
2026-05-09 19:12:39,154 [INFO] IPUIPlugin:80 - create IPUIPlugin
2026-05-09 19:12:39,154 [INFO] PluginManager:220 - loadIPPluginJar : add dma3
2026-05-09 19:12:39,155 [INFO] IPUIPlugin:80 - create IPUIPlugin
2026-05-09 19:12:39,155 [INFO] PluginManager:220 - loadIPPluginJar : add fatfs
2026-05-09 19:12:39,159 [INFO] IPUIPlugin:80 - create IPUIPlugin
2026-05-09 19:12:39,159 [INFO] PluginManager:220 - loadIPPluginJar : add fmc
2026-05-09 19:12:39,165 [INFO] IPUIPlugin:80 - create IPUIPlugin
2026-05-09 19:12:39,165 [INFO] PluginManager:220 - loadIPPluginJar : add freertos
2026-05-09 19:12:39,166 [INFO] IPUIPlugin:80 - create IPUIPlugin
2026-05-09 19:12:39,166 [INFO] PluginManager:220 - loadIPPluginJar : add genericplugin
2026-05-09 19:12:39,168 [INFO] IPUIPlugin:80 - create IPUIPlugin
2026-05-09 19:12:39,168 [INFO] PluginManager:220 - loadIPPluginJar : add gfxmmu
2026-05-09 19:12:39,172 [INFO] IPUIPlugin:80 - create IPUIPlugin
2026-05-09 19:12:39,172 [INFO] PluginManager:220 - loadIPPluginJar : add gic
2026-05-09 19:12:39,175 [INFO] IPUIPlugin:80 - create IPUIPlugin
2026-05-09 19:12:39,175 [INFO] PluginManager:220 - loadIPPluginJar : add gpio
2026-05-09 19:12:39,178 [INFO] IPUIPlugin:80 - create IPUIPlugin
2026-05-09 19:12:39,178 [INFO] PluginManager:220 - loadIPPluginJar : add gtzc
2026-05-09 19:12:39,180 [INFO] IPUIPlugin:80 - create IPUIPlugin
2026-05-09 19:12:39,180 [INFO] PluginManager:220 - loadIPPluginJar : add hash
2026-05-09 19:12:39,182 [INFO] IPUIPlugin:80 - create IPUIPlugin
2026-05-09 19:12:39,182 [INFO] PluginManager:220 - loadIPPluginJar : add i2c
2026-05-09 19:12:39,183 [INFO] IPUIPlugin:80 - create IPUIPlugin
2026-05-09 19:12:39,184 [INFO] PluginManager:220 - loadIPPluginJar : add i2s
2026-05-09 19:12:39,185 [INFO] IPUIPlugin:80 - create IPUIPlugin
2026-05-09 19:12:39,185 [INFO] PluginManager:220 - loadIPPluginJar : add i3c
2026-05-09 19:12:39,187 [INFO] IPUIPlugin:80 - create IPUIPlugin
2026-05-09 19:12:39,187 [INFO] PluginManager:220 - loadIPPluginJar : add ipddr
2026-05-09 19:12:39,194 [INFO] IPUIPlugin:80 - create IPUIPlugin
2026-05-09 19:12:39,195 [INFO] PluginManager:220 - loadIPPluginJar : add linkedlist
2026-05-09 19:12:39,197 [INFO] IPUIPlugin:80 - create IPUIPlugin
2026-05-09 19:12:39,197 [INFO] PluginManager:220 - loadIPPluginJar : add lorawan
2026-05-09 19:12:39,198 [INFO] IPUIPlugin:80 - create IPUIPlugin
2026-05-09 19:12:39,198 [INFO] PluginManager:220 - loadIPPluginJar : add ltdc
2026-05-09 19:12:39,203 [INFO] IPUIPlugin:80 - create IPUIPlugin
2026-05-09 19:12:39,203 [INFO] PluginManager:220 - loadIPPluginJar : add mdma
2026-05-09 19:12:39,206 [INFO] IPUIPlugin:80 - create IPUIPlugin
2026-05-09 19:12:39,207 [INFO] PluginManager:220 - loadIPPluginJar : add nvic
2026-05-09 19:12:39,209 [INFO] IPUIPlugin:80 - create IPUIPlugin
2026-05-09 19:12:39,209 [INFO] PluginManager:220 - loadIPPluginJar : add opamp
2026-05-09 19:12:39,212 [INFO] IPUIPlugin:80 - create IPUIPlugin
2026-05-09 19:12:39,212 [INFO] PluginManager:220 - loadIPPluginJar : add openamp
2026-05-09 19:12:39,214 [INFO] IPUIPlugin:80 - create IPUIPlugin
2026-05-09 19:12:39,214 [INFO] PluginManager:220 - loadIPPluginJar : add pdm2pcm
2026-05-09 19:12:39,220 [INFO] IPUIPlugin:80 - create IPUIPlugin
2026-05-09 19:12:39,221 [INFO] PluginManager:220 - loadIPPluginJar : add plateformsettings
2026-05-09 19:12:39,222 [INFO] IPUIPlugin:80 - create IPUIPlugin
2026-05-09 19:12:39,222 [INFO] PluginManager:220 - loadIPPluginJar : add quadspi
2026-05-09 19:12:39,226 [INFO] IPUIPlugin:80 - create IPUIPlugin
2026-05-09 19:12:39,226 [INFO] PluginManager:220 - loadIPPluginJar : add resmgrutility
2026-05-09 19:12:39,229 [INFO] IPUIPlugin:80 - create IPUIPlugin
2026-05-09 19:12:39,229 [INFO] PluginManager:220 - loadIPPluginJar : add sai
2026-05-09 19:12:39,231 [INFO] IPUIPlugin:80 - create IPUIPlugin
2026-05-09 19:12:39,231 [INFO] PluginManager:220 - loadIPPluginJar : add spi
2026-05-09 19:12:39,235 [INFO] IPUIPlugin:80 - create IPUIPlugin
2026-05-09 19:12:39,235 [INFO] PluginManager:220 - loadIPPluginJar : add stm32_wpan
2026-05-09 19:12:39,236 [INFO] IPUIPlugin:80 - create IPUIPlugin
2026-05-09 19:12:39,236 [INFO] PluginManager:220 - loadIPPluginJar : add tim
2026-05-09 19:12:39,238 [INFO] IPUIPlugin:80 - create IPUIPlugin
2026-05-09 19:12:39,238 [INFO] PluginManager:220 - loadIPPluginJar : add touchsensing
2026-05-09 19:12:39,239 [INFO] IPUIPlugin:80 - create IPUIPlugin
2026-05-09 19:12:39,240 [INFO] PluginManager:220 - loadIPPluginJar : add tracer_emb
2026-05-09 19:12:39,241 [INFO] IPUIPlugin:80 - create IPUIPlugin
2026-05-09 19:12:39,241 [INFO] PluginManager:220 - loadIPPluginJar : add ts
2026-05-09 19:12:39,242 [INFO] IPUIPlugin:80 - create IPUIPlugin
2026-05-09 19:12:39,242 [INFO] PluginManager:220 - loadIPPluginJar : add tsc
2026-05-09 19:12:39,244 [INFO] IPUIPlugin:80 - create IPUIPlugin
2026-05-09 19:12:39,244 [INFO] PluginManager:220 - loadIPPluginJar : add ucpd
2026-05-09 19:12:39,246 [INFO] IPUIPlugin:80 - create IPUIPlugin
2026-05-09 19:12:39,246 [INFO] PluginManager:220 - loadIPPluginJar : add usart
2026-05-09 19:12:39,248 [INFO] IPUIPlugin:80 - create IPUIPlugin
2026-05-09 19:12:39,248 [INFO] PluginManager:220 - loadIPPluginJar : add usbx
2026-05-09 19:12:39,362 [INFO] CADModel:165 - CPN selected for project level
2026-05-09 19:12:39,362 [INFO] CADModel:114 - Register for checkConnection events
2026-05-09 19:12:39,362 [FATAL] Updater:308 - Updater called before beeing initialized
2026-05-09 19:12:39,362 [ERROR] CADModel:125 - Updater not yet initialized, retry later 
2026-05-09 19:12:39,488 [INFO] CADModel:165 - CPN selected for project level
2026-05-09 19:12:39,488 [INFO] CADModel:114 - Register for checkConnection events
2026-05-09 19:12:39,488 [FATAL] Updater:308 - Updater called before beeing initialized
2026-05-09 19:12:39,488 [ERROR] CADModel:125 - Updater not yet initialized, retry later 
2026-05-09 19:12:39,491 [FATAL] Updater:308 - Updater called before beeing initialized
2026-05-09 19:12:39,588 [FATAL] Updater:308 - Updater called before beeing initialized
2026-05-09 19:12:39,595 [INFO] DbMcusAds:53 - JSON generation date=Mon Apr 27 15:14:29 GMT+07:00 2026 (1777277669683)
2026-05-09 19:12:39,595 [FATAL] Updater:308 - Updater called before beeing initialized
2026-05-09 19:12:39,631 [WARN] DetailPanel:346 - Failed to get advertising image, set to default
2026-05-09 19:12:39,720 [FATAL] Updater:308 - Updater called before beeing initialized
2026-05-09 19:12:39,721 [FATAL] Updater:308 - Updater called before beeing initialized
2026-05-09 19:12:39,722 [FATAL] Updater:308 - Updater called before beeing initialized
2026-05-09 19:12:39,722 [WARN] DetailPanel:346 - Failed to get advertising image, set to default
2026-05-09 19:12:39,722 [FATAL] Updater:308 - Updater called before beeing initialized
2026-05-09 19:12:39,773 [ERROR] Updater:1120 - MainUpdater not yet initialized. External WinMGr cannot be set.
2026-05-09 19:12:39,776 [INFO] Updater:1056 - Updater Version found : 6.9.1
2026-05-09 19:12:39,797 [INFO] ApplicationProperties:184 - Using Application install path: C:\ST\STM32CubeIDE_1.13.1\STM32CubeIDE\plugins\com.st.stm32cube.common.mx_6.9.1.202307191849
2026-05-09 19:12:39,935 [INFO] MainUpdater:2868 - connection check result : 10
2026-05-09 19:12:39,936 [INFO] MainUpdater:285 - Updater Check For Update Now.
2026-05-09 19:12:39,936 [INFO] MicroXplorer:498 - Change Database Version : DB.6.0.91
2026-05-09 19:12:39,948 [INFO] McuFinderGlobals:63 - Set McuFinder mode to 2 (CubeIDE integrated)
2026-05-09 19:12:39,949 [INFO] UserAuth:179 - activating auth plugin
2026-05-09 19:12:39,952 [INFO] UserAuth:393 - Internet connection configuration mode: 1
2026-05-09 19:12:39,981 [INFO] JxBrowserEngine:151 - Initiate JxBrowser Engine with user profile folder
2026-05-09 19:12:40,137 [INFO] CheckServerUpdateThread:120 - End of CheckServer Thread
2026-05-09 19:12:40,681 [INFO] WebApp:157 - Instantiating new browser for Auth
2026-05-09 19:12:41,128 [INFO] WebApp:753 - Register for checkConnection events
2026-05-09 19:12:41,128 [INFO] WebApp:390 - Apply proxy settings
2026-05-09 19:12:41,128 [INFO] WebApp:475 - Chromium requires no authentication
2026-05-09 19:12:41,135 [INFO] WebApp:418 - Direct internet connection detected
2026-05-09 19:12:41,288 [INFO] WebApp:188 - Starting web application
2026-05-09 19:12:41,288 [INFO] WebApp:520 - Web application path used C:\ST\STM32CubeIDE_1.13.1\STM32CubeIDE\plugins\com.st.stm32cube.common.mx_6.9.1.202307191849\db\plugins\mcufinder\reactClient1\index.html
2026-05-09 19:12:41,792 [WARN] PackLoader:240 - Cannot read IP mode file for STMicroelectronics.X-CUBE-AZRTOS-F4.1.1.0
2026-05-09 19:12:41,814 [WARN] PackLoader:240 - Cannot read IP mode file for STMicroelectronics.X-CUBE-SMBUS.2.1.0
2026-05-09 19:12:41,837 [WARN] PackLoader:240 - Cannot read IP mode file for STMicroelectronics.X-CUBE-AZRTOS-F7.1.1.0
2026-05-09 19:12:41,852 [WARN] PackLoader:240 - Cannot read IP mode file for STMicroelectronics.X-CUBE-DISPLAY.3.0.0
2026-05-09 19:12:41,874 [INFO] LogOutputStream:77 - [STDOUT_REDIRECT] 1 : Invalid condition id : UX_CORESTACK_Condition cause : null
2026-05-09 19:12:41,875 [INFO] LogOutputStream:77 - [STDOUT_REDIRECT] 1 : Invalid condition id : UX_CORESTACK_Condition cause : null
2026-05-09 19:12:41,876 [INFO] LogOutputStream:77 - [STDOUT_REDIRECT] 1 : Invalid condition id : UX_CORESTACK_Condition cause : null
2026-05-09 19:12:41,878 [INFO] LogOutputStream:77 - [STDOUT_REDIRECT] 1 : Invalid condition id : UX_CORESTACK_Condition cause : null
2026-05-09 19:12:41,879 [INFO] LogOutputStream:77 - [STDOUT_REDIRECT] 1 : Invalid condition id : UX_CORESTACK_Condition cause : null
2026-05-09 19:12:41,883 [WARN] PackLoader:240 - Cannot read IP mode file for STMicroelectronics.X-CUBE-AZRTOS-WL.2.0.0
2026-05-09 19:12:41,913 [WARN] ConditionMgr:438 - getConditionDescription Invalid condition id : LAN8742 Phy interface Condition cause : null
2026-05-09 19:12:41,914 [WARN] PackLoader:240 - Cannot read IP mode file for STMicroelectronics.X-CUBE-AZRTOS-L4.2.0.0
2026-05-09 19:12:41,916 [WARN] ConditionMgr:1039 - genDependencies : Invalid condition id : LAN8742 Phy interface Condition cause : null
2026-05-09 19:12:41,917 [WARN] ConditionMgr:1039 - genDependencies : Invalid condition id : LAN8742 Phy interface Condition cause : null
2026-05-09 19:12:41,917 [WARN] ConditionMgr:1039 - genDependencies : Invalid condition id : LAN8742 Phy interface Condition cause : null
2026-05-09 19:12:41,934 [WARN] PackLoader:240 - Cannot read IP mode file for STMicroelectronics.X-CUBE-SFXS2LP1.4.0.0
2026-05-09 19:12:41,943 [WARN] PackLoader:240 - Cannot read IP mode file for STMicroelectronics.X-CUBE-BLE2.3.3.0
2026-05-09 19:12:41,963 [WARN] PackLoader:240 - Cannot read IP mode file for STMicroelectronics.X-CUBE-AZRTOS-G0.1.1.0
2026-05-09 19:12:41,979 [WARN] PackLoader:240 - Cannot read IP mode file for STMicroelectronics.X-CUBE-SUBG2.5.0.0
2026-05-09 19:12:41,994 [WARN] PackLoader:240 - Cannot read IP mode file for STMicroelectronics.X-CUBE-NFC4.3.0.0
2026-05-09 19:12:42,009 [WARN] PackLoader:240 - Cannot read IP mode file for STMicroelectronics.X-CUBE-AZRTOS-G4.2.0.0
2026-05-09 19:12:42,016 [WARN] PackLoader:240 - Cannot read IP mode file for STMicroelectronics.FP-ATR-SIGFOX1.3.2.0
2026-05-09 19:12:42,018 [INFO] ThirdParty:978 - Integrity check success = true
2026-05-09 19:12:42,018 [INFO] IntegrityCheckThread:100 - exiting critical section [integrity check]
2026-05-09 19:12:42,018 [INFO] IntegrityCheckThread:103 - End integrity checks thread
2026-05-09 19:13:01,868 [ERROR] LogOutputStream:75 - [STDERR_REDIRECT] SLF4J: Failed to load class "org.slf4j.impl.StaticLoggerBinder".
2026-05-09 19:13:01,868 [ERROR] LogOutputStream:75 - [STDERR_REDIRECT] SLF4J: Defaulting to no-operation (NOP) logger implementation
2026-05-09 19:13:01,869 [ERROR] LogOutputStream:75 - [STDERR_REDIRECT] SLF4J: See http://www.slf4j.org/codes.html#StaticLoggerBinder for further details.
2026-05-09 21:01:41,381 [ERROR] LogOutputStream:75 - [STDERR_REDIRECT] 
