20:22:28 **** Incremental Build of configuration Debug for project LoRa ****
make -j12 all 
arm-none-eabi-gcc "../Core/Src/LoRa.c" -mcpu=cortex-m3 -std=gnu11 -g3 -DDEBUG -DUSE_HAL_DRIVER -DSTM32F103xB -c -I../Core/Inc -I../Drivers/STM32F1xx_HAL_Driver/Inc/Legacy -I../Drivers/STM32F1xx_HAL_Driver/Inc -I../Drivers/CMSIS/Device/ST/STM32F1xx/Include -I../Drivers/CMSIS/Include -I"D:/smart_garden/LoRa/LoRalib" -O0 -ffunction-sections -fdata-sections -Wall -fstack-usage -fcyclomatic-complexity -MMD -MP -MF"Core/Src/LoRa.d" -MT"Core/Src/LoRa.o" --specs=nano.specs -mfloat-abi=soft -mthumb -o "Core/Src/LoRa.o"
arm-none-eabi-gcc "../Core/Src/main.c" -mcpu=cortex-m3 -std=gnu11 -g3 -DDEBUG -DUSE_HAL_DRIVER -DSTM32F103xB -c -I../Core/Inc -I../Drivers/STM32F1xx_HAL_Driver/Inc/Legacy -I../Drivers/STM32F1xx_HAL_Driver/Inc -I../Drivers/CMSIS/Device/ST/STM32F1xx/Include -I../Drivers/CMSIS/Include -I"D:/smart_garden/LoRa/LoRalib" -O0 -ffunction-sections -fdata-sections -Wall -fstack-usage -fcyclomatic-complexity -MMD -MP -MF"Core/Src/main.d" -MT"Core/Src/main.o" --specs=nano.specs -mfloat-abi=soft -mthumb -o "Core/Src/main.o"
arm-none-eabi-gcc -o "LoRa.elf" @"objects.list"  -l"" -mcpu=cortex-m3 -T"D:\smart_garden\LoRa\STM32F103C8TX_FLASH.ld" --specs=nosys.specs -Wl,-Map="LoRa.map" -Wl,--gc-sections -static --specs=nano.specs -mfloat-abi=soft -mthumb -Wl,--start-group -lc -lm -Wl,--end-group
C:/ST/STM32CubeIDE_1.13.0/STM32CubeIDE/plugins/com.st.stm32cube.ide.mcu.externaltools.gnu-tools-for-stm32.11.3.rel1.win32_1.1.0.202305231506/tools/bin/../lib/gcc/arm-none-eabi/11.3.1/../../../../arm-none-eabi/bin/ld.exe: cannot find -l-mcpu=cortex-m3: No such file or directory
collect2.exe: error: ld returned 1 exit status
make: *** [makefile:64: LoRa.elf] Error 1
"make -j12 all" terminated with exit code 2. Build might be incomplete.

20:22:28 Build Failed. 2 errors, 0 warnings. (took 515ms)

20:25:25 **** Incremental Build of configuration Debug for project LoRa ****
make -j12 all 
LoRalib/subdir.mk:19: *** unable to generate command line.  Stop.
"make -j12 all" terminated with exit code 2. Build might be incomplete.
20:25:55 **** Incremental Build of configuration Debug for project LoRa ****
make -j12 all 
Drivers/STM32F1xx_HAL_Driver/Src/subdir.mk:64: *** unable to generate command line.  Stop.
"make -j12 all" terminated with exit code 2. Build might be incomplete.
20:27:26 **** Incremental Build of configuration Debug for project LoRa ****
make -j12 all 
Drivers/STM32F1xx_HAL_Driver/Src/subdir.mk:64: *** unable to generate command line.  Stop.
"make -j12 all" terminated with exit code 2. Build might be incomplete.
20:30:41 **** Incremental Build of configuration Debug for project LoRa ****
make -j12 all 
Drivers/STM32F1xx_HAL_Driver/Src/subdir.mk:64: *** unable to generate command line.  Stop.
"make -j12 all" terminated with exit code 2. Build might be incomplete.
20:31:34 **** Incremental Build of configuration Debug for project LoRa ****
make -j12 all 
Drivers/STM32F1xx_HAL_Driver/Src/subdir.mk:64: *** unable to generate command line.  Stop.
"make -j12 all" terminated with exit code 2. Build might be incomplete.
20:39:23 **** Build of configuration Debug for project LORA_V2 ****
make -j12 all 
arm-none-eabi-gcc "../Drivers/STM32F1xx_HAL_Driver/Src/stm32f1xx_hal.c" -mcpu=cortex-m3 -std=gnu11 -g3 -DDEBUG -DUSE_HAL_DRIVER -DSTM32F103xB -c -I../Core/Inc -I../Drivers/STM32F1xx_HAL_Driver/Inc/Legacy -I../Drivers/STM32F1xx_HAL_Driver/Inc -I../Drivers/CMSIS/Device/ST/STM32F1xx/Include -I../Drivers/CMSIS/Include -O0 -ffunction-sections -fdata-sections -Wall -fstack-usage -fcyclomatic-complexity -MMD -MP -MF"Drivers/STM32F1xx_HAL_Driver/Src/stm32f1xx_hal.d" -MT"Drivers/STM32F1xx_HAL_Driver/Src/stm32f1xx_hal.o" --specs=nano.specs -mfloat-abi=soft -mthumb -o "Drivers/STM32F1xx_HAL_Driver/Src/stm32f1xx_hal.o"
arm-none-eabi-gcc "../Drivers/STM32F1xx_HAL_Driver/Src/stm32f1xx_hal_cortex.c" -mcpu=cortex-m3 -std=gnu11 -g3 -DDEBUG -DUSE_HAL_DRIVER -DSTM32F103xB -c -I../Core/Inc -I../Drivers/STM32F1xx_HAL_Driver/Inc/Legacy -I../Drivers/STM32F1xx_HAL_Driver/Inc -I../Drivers/CMSIS/Device/ST/STM32F1xx/Include -I../Drivers/CMSIS/Include -O0 -ffunction-sections -fdata-sections -Wall -fstack-usage -fcyclomatic-complexity -MMD -MP -MF"Drivers/STM32F1xx_HAL_Driver/Src/stm32f1xx_hal_cortex.d" -MT"Drivers/STM32F1xx_HAL_Driver/Src/stm32f1xx_hal_cortex.o" --specs=nano.specs -mfloat-abi=soft -mthumb -o "Drivers/STM32F1xx_HAL_Driver/Src/stm32f1xx_hal_cortex.o"
arm-none-eabi-gcc "../Drivers/STM32F1xx_HAL_Driver/Src/stm32f1xx_hal_dma.c" -mcpu=cortex-m3 -std=gnu11 -g3 -DDEBUG -DUSE_HAL_DRIVER -DSTM32F103xB -c -I../Core/Inc -I../Drivers/STM32F1xx_HAL_Driver/Inc/Legacy -I../Drivers/STM32F1xx_HAL_Driver/Inc -I../Drivers/CMSIS/Device/ST/STM32F1xx/Include -I../Drivers/CMSIS/Include -O0 -ffunction-sections -fdata-sections -Wall -fstack-usage -fcyclomatic-complexity -MMD -MP -MF"Drivers/STM32F1xx_HAL_Driver/Src/stm32f1xx_hal_dma.d" -MT"Drivers/STM32F1xx_HAL_Driver/Src/stm32f1xx_hal_dma.o" --specs=nano.specs -mfloat-abi=soft -mthumb -o "Drivers/STM32F1xx_HAL_Driver/Src/stm32f1xx_hal_dma.o"
arm-none-eabi-gcc "../Drivers/STM32F1xx_HAL_Driver/Src/stm32f1xx_hal_exti.c" -mcpu=cortex-m3 -std=gnu11 -g3 -DDEBUG -DUSE_HAL_DRIVER -DSTM32F103xB -c -I../Core/Inc -I../Drivers/STM32F1xx_HAL_Driver/Inc/Legacy -I../Drivers/STM32F1xx_HAL_Driver/Inc -I../Drivers/CMSIS/Device/ST/STM32F1xx/Include -I../Drivers/CMSIS/Include -O0 -ffunction-sections -fdata-sections -Wall -fstack-usage -fcyclomatic-complexity -MMD -MP -MF"Drivers/STM32F1xx_HAL_Driver/Src/stm32f1xx_hal_exti.d" -MT"Drivers/STM32F1xx_HAL_Driver/Src/stm32f1xx_hal_exti.o" --specs=nano.specs -mfloat-abi=soft -mthumb -o "Drivers/STM32F1xx_HAL_Driver/Src/stm32f1xx_hal_exti.o"
arm-none-eabi-gcc "../Drivers/STM32F1xx_HAL_Driver/Src/stm32f1xx_hal_flash.c" -mcpu=cortex-m3 -std=gnu11 -g3 -DDEBUG -DUSE_HAL_DRIVER -DSTM32F103xB -c -I../Core/Inc -I../Drivers/STM32F1xx_HAL_Driver/Inc/Legacy -I../Drivers/STM32F1xx_HAL_Driver/Inc -I../Drivers/CMSIS/Device/ST/STM32F1xx/Include -I../Drivers/CMSIS/Include -O0 -ffunction-sections -fdata-sections -Wall -fstack-usage -fcyclomatic-complexity -MMD -MP -MF"Drivers/STM32F1xx_HAL_Driver/Src/stm32f1xx_hal_flash.d" -MT"Drivers/STM32F1xx_HAL_Driver/Src/stm32f1xx_hal_flash.o" --specs=nano.specs -mfloat-abi=soft -mthumb -o "Drivers/STM32F1xx_HAL_Driver/Src/stm32f1xx_hal_flash.o"
arm-none-eabi-gcc "../Drivers/STM32F1xx_HAL_Driver/Src/stm32f1xx_hal_flash_ex.c" -mcpu=cortex-m3 -std=gnu11 -g3 -DDEBUG -DUSE_HAL_DRIVER -DSTM32F103xB -c -I../Core/Inc -I../Drivers/STM32F1xx_HAL_Driver/Inc/Legacy -I../Drivers/STM32F1xx_HAL_Driver/Inc -I../Drivers/CMSIS/Device/ST/STM32F1xx/Include -I../Drivers/CMSIS/Include -O0 -ffunction-sections -fdata-sections -Wall -fstack-usage -fcyclomatic-complexity -MMD -MP -MF"Drivers/STM32F1xx_HAL_Driver/Src/stm32f1xx_hal_flash_ex.d" -MT"Drivers/STM32F1xx_HAL_Driver/Src/stm32f1xx_hal_flash_ex.o" --specs=nano.specs -mfloat-abi=soft -mthumb -o "Drivers/STM32F1xx_HAL_Driver/Src/stm32f1xx_hal_flash_ex.o"
arm-none-eabi-gcc "../Drivers/STM32F1xx_HAL_Driver/Src/stm32f1xx_hal_gpio.c" -mcpu=cortex-m3 -std=gnu11 -g3 -DDEBUG -DUSE_HAL_DRIVER -DSTM32F103xB -c -I../Core/Inc -I../Drivers/STM32F1xx_HAL_Driver/Inc/Legacy -I../Drivers/STM32F1xx_HAL_Driver/Inc -I../Drivers/CMSIS/Device/ST/STM32F1xx/Include -I../Drivers/CMSIS/Include -O0 -ffunction-sections -fdata-sections -Wall -fstack-usage -fcyclomatic-complexity -MMD -MP -MF"Drivers/STM32F1xx_HAL_Driver/Src/stm32f1xx_hal_gpio.d" -MT"Drivers/STM32F1xx_HAL_Driver/Src/stm32f1xx_hal_gpio.o" --specs=nano.specs -mfloat-abi=soft -mthumb -o "Drivers/STM32F1xx_HAL_Driver/Src/stm32f1xx_hal_gpio.o"
arm-none-eabi-gcc "../Drivers/STM32F1xx_HAL_Driver/Src/stm32f1xx_hal_gpio_ex.c" -mcpu=cortex-m3 -std=gnu11 -g3 -DDEBUG -DUSE_HAL_DRIVER -DSTM32F103xB -c -I../Core/Inc -I../Drivers/STM32F1xx_HAL_Driver/Inc/Legacy -I../Drivers/STM32F1xx_HAL_Driver/Inc -I../Drivers/CMSIS/Device/ST/STM32F1xx/Include -I../Drivers/CMSIS/Include -O0 -ffunction-sections -fdata-sections -Wall -fstack-usage -fcyclomatic-complexity -MMD -MP -MF"Drivers/STM32F1xx_HAL_Driver/Src/stm32f1xx_hal_gpio_ex.d" -MT"Drivers/STM32F1xx_HAL_Driver/Src/stm32f1xx_hal_gpio_ex.o" --specs=nano.specs -mfloat-abi=soft -mthumb -o "Drivers/STM32F1xx_HAL_Driver/Src/stm32f1xx_hal_gpio_ex.o"
arm-none-eabi-gcc "../Drivers/STM32F1xx_HAL_Driver/Src/stm32f1xx_hal_pwr.c" -mcpu=cortex-m3 -std=gnu11 -g3 -DDEBUG -DUSE_HAL_DRIVER -DSTM32F103xB -c -I../Core/Inc -I../Drivers/STM32F1xx_HAL_Driver/Inc/Legacy -I../Drivers/STM32F1xx_HAL_Driver/Inc -I../Drivers/CMSIS/Device/ST/STM32F1xx/Include -I../Drivers/CMSIS/Include -O0 -ffunction-sections -fdata-sections -Wall -fstack-usage -fcyclomatic-complexity -MMD -MP -MF"Drivers/STM32F1xx_HAL_Driver/Src/stm32f1xx_hal_pwr.d" -MT"Drivers/STM32F1xx_HAL_Driver/Src/stm32f1xx_hal_pwr.o" --specs=nano.specs -mfloat-abi=soft -mthumb -o "Drivers/STM32F1xx_HAL_Driver/Src/stm32f1xx_hal_pwr.o"
arm-none-eabi-gcc "../Drivers/STM32F1xx_HAL_Driver/Src/stm32f1xx_hal_rcc.c" -mcpu=cortex-m3 -std=gnu11 -g3 -DDEBUG -DUSE_HAL_DRIVER -DSTM32F103xB -c -I../Core/Inc -I../Drivers/STM32F1xx_HAL_Driver/Inc/Legacy -I../Drivers/STM32F1xx_HAL_Driver/Inc -I../Drivers/CMSIS/Device/ST/STM32F1xx/Include -I../Drivers/CMSIS/Include -O0 -ffunction-sections -fdata-sections -Wall -fstack-usage -fcyclomatic-complexity -MMD -MP -MF"Drivers/STM32F1xx_HAL_Driver/Src/stm32f1xx_hal_rcc.d" -MT"Drivers/STM32F1xx_HAL_Driver/Src/stm32f1xx_hal_rcc.o" --specs=nano.specs -mfloat-abi=soft -mthumb -o "Drivers/STM32F1xx_HAL_Driver/Src/stm32f1xx_hal_rcc.o"
arm-none-eabi-gcc "../Drivers/STM32F1xx_HAL_Driver/Src/stm32f1xx_hal_rcc_ex.c" -mcpu=cortex-m3 -std=gnu11 -g3 -DDEBUG -DUSE_HAL_DRIVER -DSTM32F103xB -c -I../Core/Inc -I../Drivers/STM32F1xx_HAL_Driver/Inc/Legacy -I../Drivers/STM32F1xx_HAL_Driver/Inc -I../Drivers/CMSIS/Device/ST/STM32F1xx/Include -I../Drivers/CMSIS/Include -O0 -ffunction-sections -fdata-sections -Wall -fstack-usage -fcyclomatic-complexity -MMD -MP -MF"Drivers/STM32F1xx_HAL_Driver/Src/stm32f1xx_hal_rcc_ex.d" -MT"Drivers/STM32F1xx_HAL_Driver/Src/stm32f1xx_hal_rcc_ex.o" --specs=nano.specs -mfloat-abi=soft -mthumb -o "Drivers/STM32F1xx_HAL_Driver/Src/stm32f1xx_hal_rcc_ex.o"
arm-none-eabi-gcc "../Drivers/STM32F1xx_HAL_Driver/Src/stm32f1xx_hal_spi.c" -mcpu=cortex-m3 -std=gnu11 -g3 -DDEBUG -DUSE_HAL_DRIVER -DSTM32F103xB -c -I../Core/Inc -I../Drivers/STM32F1xx_HAL_Driver/Inc/Legacy -I../Drivers/STM32F1xx_HAL_Driver/Inc -I../Drivers/CMSIS/Device/ST/STM32F1xx/Include -I../Drivers/CMSIS/Include -O0 -ffunction-sections -fdata-sections -Wall -fstack-usage -fcyclomatic-complexity -MMD -MP -MF"Drivers/STM32F1xx_HAL_Driver/Src/stm32f1xx_hal_spi.d" -MT"Drivers/STM32F1xx_HAL_Driver/Src/stm32f1xx_hal_spi.o" --specs=nano.specs -mfloat-abi=soft -mthumb -o "Drivers/STM32F1xx_HAL_Driver/Src/stm32f1xx_hal_spi.o"
arm-none-eabi-gcc "../Drivers/STM32F1xx_HAL_Driver/Src/stm32f1xx_hal_tim.c" -mcpu=cortex-m3 -std=gnu11 -g3 -DDEBUG -DUSE_HAL_DRIVER -DSTM32F103xB -c -I../Core/Inc -I../Drivers/STM32F1xx_HAL_Driver/Inc/Legacy -I../Drivers/STM32F1xx_HAL_Driver/Inc -I../Drivers/CMSIS/Device/ST/STM32F1xx/Include -I../Drivers/CMSIS/Include -O0 -ffunction-sections -fdata-sections -Wall -fstack-usage -fcyclomatic-complexity -MMD -MP -MF"Drivers/STM32F1xx_HAL_Driver/Src/stm32f1xx_hal_tim.d" -MT"Drivers/STM32F1xx_HAL_Driver/Src/stm32f1xx_hal_tim.o" --specs=nano.specs -mfloat-abi=soft -mthumb -o "Drivers/STM32F1xx_HAL_Driver/Src/stm32f1xx_hal_tim.o"
arm-none-eabi-gcc "../Drivers/STM32F1xx_HAL_Driver/Src/stm32f1xx_hal_tim_ex.c" -mcpu=cortex-m3 -std=gnu11 -g3 -DDEBUG -DUSE_HAL_DRIVER -DSTM32F103xB -c -I../Core/Inc -I../Drivers/STM32F1xx_HAL_Driver/Inc/Legacy -I../Drivers/STM32F1xx_HAL_Driver/Inc -I../Drivers/CMSIS/Device/ST/STM32F1xx/Include -I../Drivers/CMSIS/Include -O0 -ffunction-sections -fdata-sections -Wall -fstack-usage -fcyclomatic-complexity -MMD -MP -MF"Drivers/STM32F1xx_HAL_Driver/Src/stm32f1xx_hal_tim_ex.d" -MT"Drivers/STM32F1xx_HAL_Driver/Src/stm32f1xx_hal_tim_ex.o" --specs=nano.specs -mfloat-abi=soft -mthumb -o "Drivers/STM32F1xx_HAL_Driver/Src/stm32f1xx_hal_tim_ex.o"
arm-none-eabi-gcc "../Drivers/STM32F1xx_HAL_Driver/Src/stm32f1xx_hal_uart.c" -mcpu=cortex-m3 -std=gnu11 -g3 -DDEBUG -DUSE_HAL_DRIVER -DSTM32F103xB -c -I../Core/Inc -I../Drivers/STM32F1xx_HAL_Driver/Inc/Legacy -I../Drivers/STM32F1xx_HAL_Driver/Inc -I../Drivers/CMSIS/Device/ST/STM32F1xx/Include -I../Drivers/CMSIS/Include -O0 -ffunction-sections -fdata-sections -Wall -fstack-usage -fcyclomatic-complexity -MMD -MP -MF"Drivers/STM32F1xx_HAL_Driver/Src/stm32f1xx_hal_uart.d" -MT"Drivers/STM32F1xx_HAL_Driver/Src/stm32f1xx_hal_uart.o" --specs=nano.specs -mfloat-abi=soft -mthumb -o "Drivers/STM32F1xx_HAL_Driver/Src/stm32f1xx_hal_uart.o"
arm-none-eabi-gcc -mcpu=cortex-m3 -g3 -DDEBUG -c -x assembler-with-cpp -MMD -MP -MF"Core/Startup/startup_stm32f103c8tx.d" -MT"Core/Startup/startup_stm32f103c8tx.o" --specs=nano.specs -mfloat-abi=soft -mthumb -o "Core/Startup/startup_stm32f103c8tx.o" "../Core/Startup/startup_stm32f103c8tx.s"
arm-none-eabi-gcc "../Core/Src/LoRa.c" -mcpu=cortex-m3 -std=gnu11 -g3 -DDEBUG -DUSE_HAL_DRIVER -DSTM32F103xB -c -I../Core/Inc -I../Drivers/STM32F1xx_HAL_Driver/Inc/Legacy -I../Drivers/STM32F1xx_HAL_Driver/Inc -I../Drivers/CMSIS/Device/ST/STM32F1xx/Include -I../Drivers/CMSIS/Include -O0 -ffunction-sections -fdata-sections -Wall -fstack-usage -fcyclomatic-complexity -MMD -MP -MF"Core/Src/LoRa.d" -MT"Core/Src/LoRa.o" --specs=nano.specs -mfloat-abi=soft -mthumb -o "Core/Src/LoRa.o"
arm-none-eabi-gcc "../Core/Src/main.c" -mcpu=cortex-m3 -std=gnu11 -g3 -DDEBUG -DUSE_HAL_DRIVER -DSTM32F103xB -c -I../Core/Inc -I../Drivers/STM32F1xx_HAL_Driver/Inc/Legacy -I../Drivers/STM32F1xx_HAL_Driver/Inc -I../Drivers/CMSIS/Device/ST/STM32F1xx/Include -I../Drivers/CMSIS/Include -O0 -ffunction-sections -fdata-sections -Wall -fstack-usage -fcyclomatic-complexity -MMD -MP -MF"Core/Src/main.d" -MT"Core/Src/main.o" --specs=nano.specs -mfloat-abi=soft -mthumb -o "Core/Src/main.o"
arm-none-eabi-gcc "../Core/Src/stm32f1xx_hal_msp.c" -mcpu=cortex-m3 -std=gnu11 -g3 -DDEBUG -DUSE_HAL_DRIVER -DSTM32F103xB -c -I../Core/Inc -I../Drivers/STM32F1xx_HAL_Driver/Inc/Legacy -I../Drivers/STM32F1xx_HAL_Driver/Inc -I../Drivers/CMSIS/Device/ST/STM32F1xx/Include -I../Drivers/CMSIS/Include -O0 -ffunction-sections -fdata-sections -Wall -fstack-usage -fcyclomatic-complexity -MMD -MP -MF"Core/Src/stm32f1xx_hal_msp.d" -MT"Core/Src/stm32f1xx_hal_msp.o" --specs=nano.specs -mfloat-abi=soft -mthumb -o "Core/Src/stm32f1xx_hal_msp.o"
arm-none-eabi-gcc "../Core/Src/stm32f1xx_it.c" -mcpu=cortex-m3 -std=gnu11 -g3 -DDEBUG -DUSE_HAL_DRIVER -DSTM32F103xB -c -I../Core/Inc -I../Drivers/STM32F1xx_HAL_Driver/Inc/Legacy -I../Drivers/STM32F1xx_HAL_Driver/Inc -I../Drivers/CMSIS/Device/ST/STM32F1xx/Include -I../Drivers/CMSIS/Include -O0 -ffunction-sections -fdata-sections -Wall -fstack-usage -fcyclomatic-complexity -MMD -MP -MF"Core/Src/stm32f1xx_it.d" -MT"Core/Src/stm32f1xx_it.o" --specs=nano.specs -mfloat-abi=soft -mthumb -o "Core/Src/stm32f1xx_it.o"
arm-none-eabi-gcc "../Core/Src/syscalls.c" -mcpu=cortex-m3 -std=gnu11 -g3 -DDEBUG -DUSE_HAL_DRIVER -DSTM32F103xB -c -I../Core/Inc -I../Drivers/STM32F1xx_HAL_Driver/Inc/Legacy -I../Drivers/STM32F1xx_HAL_Driver/Inc -I../Drivers/CMSIS/Device/ST/STM32F1xx/Include -I../Drivers/CMSIS/Include -O0 -ffunction-sections -fdata-sections -Wall -fstack-usage -fcyclomatic-complexity -MMD -MP -MF"Core/Src/syscalls.d" -MT"Core/Src/syscalls.o" --specs=nano.specs -mfloat-abi=soft -mthumb -o "Core/Src/syscalls.o"
arm-none-eabi-gcc "../Core/Src/sysmem.c" -mcpu=cortex-m3 -std=gnu11 -g3 -DDEBUG -DUSE_HAL_DRIVER -DSTM32F103xB -c -I../Core/Inc -I../Drivers/STM32F1xx_HAL_Driver/Inc/Legacy -I../Drivers/STM32F1xx_HAL_Driver/Inc -I../Drivers/CMSIS/Device/ST/STM32F1xx/Include -I../Drivers/CMSIS/Include -O0 -ffunction-sections -fdata-sections -Wall -fstack-usage -fcyclomatic-complexity -MMD -MP -MF"Core/Src/sysmem.d" -MT"Core/Src/sysmem.o" --specs=nano.specs -mfloat-abi=soft -mthumb -o "Core/Src/sysmem.o"
arm-none-eabi-gcc "../Core/Src/system_stm32f1xx.c" -mcpu=cortex-m3 -std=gnu11 -g3 -DDEBUG -DUSE_HAL_DRIVER -DSTM32F103xB -c -I../Core/Inc -I../Drivers/STM32F1xx_HAL_Driver/Inc/Legacy -I../Drivers/STM32F1xx_HAL_Driver/Inc -I../Drivers/CMSIS/Device/ST/STM32F1xx/Include -I../Drivers/CMSIS/Include -O0 -ffunction-sections -fdata-sections -Wall -fstack-usage -fcyclomatic-complexity -MMD -MP -MF"Core/Src/system_stm32f1xx.d" -MT"Core/Src/system_stm32f1xx.o" --specs=nano.specs -mfloat-abi=soft -mthumb -o "Core/Src/system_stm32f1xx.o"
../Core/Src/main.c:45:1: error: unknown type name 'I2C_HandleTypeDef'; did you mean 'SPI_HandleTypeDef'?
   45 | I2C_HandleTypeDef hi2c1;
      | ^~~~~~~~~~~~~~~~~
      | SPI_HandleTypeDef
../Core/Src/main.c: In function 'MX_I2C1_Init':
../Core/Src/main.c:215:8: error: request for member 'Instance' in something not a structure or union
  215 |   hi2c1.Instance = I2C1;
      |        ^
../Core/Src/main.c:216:8: error: request for member 'Init' in something not a structure or union
  216 |   hi2c1.Init.ClockSpeed = 100000;
      |        ^
../Core/Src/main.c:217:8: error: request for member 'Init' in something not a structure or union
  217 |   hi2c1.Init.DutyCycle = I2C_DUTYCYCLE_2;
      |        ^
../Core/Src/main.c:217:26: error: 'I2C_DUTYCYCLE_2' undeclared (first use in this function)
  217 |   hi2c1.Init.DutyCycle = I2C_DUTYCYCLE_2;
      |                          ^~~~~~~~~~~~~~~
../Core/Src/main.c:217:26: note: each undeclared identifier is reported only once for each function it appears in
../Core/Src/main.c:218:8: error: request for member 'Init' in something not a structure or union
  218 |   hi2c1.Init.OwnAddress1 = 0;
      |        ^
../Core/Src/main.c:219:8: error: request for member 'Init' in something not a structure or union
  219 |   hi2c1.Init.AddressingMode = I2C_ADDRESSINGMODE_7BIT;
      |        ^
../Core/Src/main.c:219:31: error: 'I2C_ADDRESSINGMODE_7BIT' undeclared (first use in this function)
  219 |   hi2c1.Init.AddressingMode = I2C_ADDRESSINGMODE_7BIT;
      |                               ^~~~~~~~~~~~~~~~~~~~~~~
../Core/Src/main.c:220:8: error: request for member 'Init' in something not a structure or union
  220 |   hi2c1.Init.DualAddressMode = I2C_DUALADDRESS_DISABLE;
      |        ^
../Core/Src/main.c:220:32: error: 'I2C_DUALADDRESS_DISABLE' undeclared (first use in this function); did you mean 'I2C_DUALADDRESS_DISABLED'?
  220 |   hi2c1.Init.DualAddressMode = I2C_DUALADDRESS_DISABLE;
      |                                ^~~~~~~~~~~~~~~~~~~~~~~
      |                                I2C_DUALADDRESS_DISABLED
../Core/Src/main.c:221:8: error: request for member 'Init' in something not a structure or union
  221 |   hi2c1.Init.OwnAddress2 = 0;
      |        ^
../Core/Src/main.c:222:8: error: request for member 'Init' in something not a structure or union
  222 |   hi2c1.Init.GeneralCallMode = I2C_GENERALCALL_DISABLE;
      |        ^
../Core/Src/main.c:222:32: error: 'I2C_GENERALCALL_DISABLE' undeclared (first use in this function); did you mean 'I2C_GENERALCALL_DISABLED'?
  222 |   hi2c1.Init.GeneralCallMode = I2C_GENERALCALL_DISABLE;
      |                                ^~~~~~~~~~~~~~~~~~~~~~~
      |                                I2C_GENERALCALL_DISABLED
../Core/Src/main.c:223:8: error: request for member 'Init' in something not a structure or union
  223 |   hi2c1.Init.NoStretchMode = I2C_NOSTRETCH_DISABLE;
      |        ^
../Core/Src/main.c:223:30: error: 'I2C_NOSTRETCH_DISABLE' undeclared (first use in this function); did you mean 'I2C_NOSTRETCH_DISABLED'?
  223 |   hi2c1.Init.NoStretchMode = I2C_NOSTRETCH_DISABLE;
      |                              ^~~~~~~~~~~~~~~~~~~~~
      |                              I2C_NOSTRETCH_DISABLED
../Core/Src/main.c:224:7: warning: implicit declaration of function 'HAL_I2C_Init'; did you mean 'HAL_LIN_Init'? [-Wimplicit-function-declaration]
  224 |   if (HAL_I2C_Init(&hi2c1) != HAL_OK)
      |       ^~~~~~~~~~~~
      |       HAL_LIN_Init
make: *** [Core/Src/subdir.mk:37: Core/Src/main.o] Error 1
make: *** Waiting for unfinished jobs....
"make -j12 all" terminated with exit code 2. Build might be incomplete.
20:39:58 **** Incremental Build of configuration Debug for project LORA_V2 ****
make -j12 all 
arm-none-eabi-gcc "../Drivers/STM32F1xx_HAL_Driver/Src/stm32f1xx_hal.c" -mcpu=cortex-m3 -std=gnu11 -g3 -DDEBUG -DUSE_HAL_DRIVER -DSTM32F103xB -c -I../Core/Inc -I../Drivers/STM32F1xx_HAL_Driver/Inc/Legacy -I../Drivers/STM32F1xx_HAL_Driver/Inc -I../Drivers/CMSIS/Device/ST/STM32F1xx/Include -I../Drivers/CMSIS/Include -O0 -ffunction-sections -fdata-sections -Wall -fstack-usage -fcyclomatic-complexity -MMD -MP -MF"Drivers/STM32F1xx_HAL_Driver/Src/stm32f1xx_hal.d" -MT"Drivers/STM32F1xx_HAL_Driver/Src/stm32f1xx_hal.o" --specs=nano.specs -mfloat-abi=soft -mthumb -o "Drivers/STM32F1xx_HAL_Driver/Src/stm32f1xx_hal.o"
arm-none-eabi-gcc "../Drivers/STM32F1xx_HAL_Driver/Src/stm32f1xx_hal_cortex.c" -mcpu=cortex-m3 -std=gnu11 -g3 -DDEBUG -DUSE_HAL_DRIVER -DSTM32F103xB -c -I../Core/Inc -I../Drivers/STM32F1xx_HAL_Driver/Inc/Legacy -I../Drivers/STM32F1xx_HAL_Driver/Inc -I../Drivers/CMSIS/Device/ST/STM32F1xx/Include -I../Drivers/CMSIS/Include -O0 -ffunction-sections -fdata-sections -Wall -fstack-usage -fcyclomatic-complexity -MMD -MP -MF"Drivers/STM32F1xx_HAL_Driver/Src/stm32f1xx_hal_cortex.d" -MT"Drivers/STM32F1xx_HAL_Driver/Src/stm32f1xx_hal_cortex.o" --specs=nano.specs -mfloat-abi=soft -mthumb -o "Drivers/STM32F1xx_HAL_Driver/Src/stm32f1xx_hal_cortex.o"
arm-none-eabi-gcc "../Drivers/STM32F1xx_HAL_Driver/Src/stm32f1xx_hal_dma.c" -mcpu=cortex-m3 -std=gnu11 -g3 -DDEBUG -DUSE_HAL_DRIVER -DSTM32F103xB -c -I../Core/Inc -I../Drivers/STM32F1xx_HAL_Driver/Inc/Legacy -I../Drivers/STM32F1xx_HAL_Driver/Inc -I../Drivers/CMSIS/Device/ST/STM32F1xx/Include -I../Drivers/CMSIS/Include -O0 -ffunction-sections -fdata-sections -Wall -fstack-usage -fcyclomatic-complexity -MMD -MP -MF"Drivers/STM32F1xx_HAL_Driver/Src/stm32f1xx_hal_dma.d" -MT"Drivers/STM32F1xx_HAL_Driver/Src/stm32f1xx_hal_dma.o" --specs=nano.specs -mfloat-abi=soft -mthumb -o "Drivers/STM32F1xx_HAL_Driver/Src/stm32f1xx_hal_dma.o"
arm-none-eabi-gcc "../Drivers/STM32F1xx_HAL_Driver/Src/stm32f1xx_hal_exti.c" -mcpu=cortex-m3 -std=gnu11 -g3 -DDEBUG -DUSE_HAL_DRIVER -DSTM32F103xB -c -I../Core/Inc -I../Drivers/STM32F1xx_HAL_Driver/Inc/Legacy -I../Drivers/STM32F1xx_HAL_Driver/Inc -I../Drivers/CMSIS/Device/ST/STM32F1xx/Include -I../Drivers/CMSIS/Include -O0 -ffunction-sections -fdata-sections -Wall -fstack-usage -fcyclomatic-complexity -MMD -MP -MF"Drivers/STM32F1xx_HAL_Driver/Src/stm32f1xx_hal_exti.d" -MT"Drivers/STM32F1xx_HAL_Driver/Src/stm32f1xx_hal_exti.o" --specs=nano.specs -mfloat-abi=soft -mthumb -o "Drivers/STM32F1xx_HAL_Driver/Src/stm32f1xx_hal_exti.o"
arm-none-eabi-gcc "../Drivers/STM32F1xx_HAL_Driver/Src/stm32f1xx_hal_flash.c" -mcpu=cortex-m3 -std=gnu11 -g3 -DDEBUG -DUSE_HAL_DRIVER -DSTM32F103xB -c -I../Core/Inc -I../Drivers/STM32F1xx_HAL_Driver/Inc/Legacy -I../Drivers/STM32F1xx_HAL_Driver/Inc -I../Drivers/CMSIS/Device/ST/STM32F1xx/Include -I../Drivers/CMSIS/Include -O0 -ffunction-sections -fdata-sections -Wall -fstack-usage -fcyclomatic-complexity -MMD -MP -MF"Drivers/STM32F1xx_HAL_Driver/Src/stm32f1xx_hal_flash.d" -MT"Drivers/STM32F1xx_HAL_Driver/Src/stm32f1xx_hal_flash.o" --specs=nano.specs -mfloat-abi=soft -mthumb -o "Drivers/STM32F1xx_HAL_Driver/Src/stm32f1xx_hal_flash.o"
arm-none-eabi-gcc "../Drivers/STM32F1xx_HAL_Driver/Src/stm32f1xx_hal_flash_ex.c" -mcpu=cortex-m3 -std=gnu11 -g3 -DDEBUG -DUSE_HAL_DRIVER -DSTM32F103xB -c -I../Core/Inc -I../Drivers/STM32F1xx_HAL_Driver/Inc/Legacy -I../Drivers/STM32F1xx_HAL_Driver/Inc -I../Drivers/CMSIS/Device/ST/STM32F1xx/Include -I../Drivers/CMSIS/Include -O0 -ffunction-sections -fdata-sections -Wall -fstack-usage -fcyclomatic-complexity -MMD -MP -MF"Drivers/STM32F1xx_HAL_Driver/Src/stm32f1xx_hal_flash_ex.d" -MT"Drivers/STM32F1xx_HAL_Driver/Src/stm32f1xx_hal_flash_ex.o" --specs=nano.specs -mfloat-abi=soft -mthumb -o "Drivers/STM32F1xx_HAL_Driver/Src/stm32f1xx_hal_flash_ex.o"
arm-none-eabi-gcc "../Drivers/STM32F1xx_HAL_Driver/Src/stm32f1xx_hal_gpio.c" -mcpu=cortex-m3 -std=gnu11 -g3 -DDEBUG -DUSE_HAL_DRIVER -DSTM32F103xB -c -I../Core/Inc -I../Drivers/STM32F1xx_HAL_Driver/Inc/Legacy -I../Drivers/STM32F1xx_HAL_Driver/Inc -I../Drivers/CMSIS/Device/ST/STM32F1xx/Include -I../Drivers/CMSIS/Include -O0 -ffunction-sections -fdata-sections -Wall -fstack-usage -fcyclomatic-complexity -MMD -MP -MF"Drivers/STM32F1xx_HAL_Driver/Src/stm32f1xx_hal_gpio.d" -MT"Drivers/STM32F1xx_HAL_Driver/Src/stm32f1xx_hal_gpio.o" --specs=nano.specs -mfloat-abi=soft -mthumb -o "Drivers/STM32F1xx_HAL_Driver/Src/stm32f1xx_hal_gpio.o"
arm-none-eabi-gcc "../Drivers/STM32F1xx_HAL_Driver/Src/stm32f1xx_hal_gpio_ex.c" -mcpu=cortex-m3 -std=gnu11 -g3 -DDEBUG -DUSE_HAL_DRIVER -DSTM32F103xB -c -I../Core/Inc -I../Drivers/STM32F1xx_HAL_Driver/Inc/Legacy -I../Drivers/STM32F1xx_HAL_Driver/Inc -I../Drivers/CMSIS/Device/ST/STM32F1xx/Include -I../Drivers/CMSIS/Include -O0 -ffunction-sections -fdata-sections -Wall -fstack-usage -fcyclomatic-complexity -MMD -MP -MF"Drivers/STM32F1xx_HAL_Driver/Src/stm32f1xx_hal_gpio_ex.d" -MT"Drivers/STM32F1xx_HAL_Driver/Src/stm32f1xx_hal_gpio_ex.o" --specs=nano.specs -mfloat-abi=soft -mthumb -o "Drivers/STM32F1xx_HAL_Driver/Src/stm32f1xx_hal_gpio_ex.o"
arm-none-eabi-gcc "../Drivers/STM32F1xx_HAL_Driver/Src/stm32f1xx_hal_i2c.c" -mcpu=cortex-m3 -std=gnu11 -g3 -DDEBUG -DUSE_HAL_DRIVER -DSTM32F103xB -c -I../Core/Inc -I../Drivers/STM32F1xx_HAL_Driver/Inc/Legacy -I../Drivers/STM32F1xx_HAL_Driver/Inc -I../Drivers/CMSIS/Device/ST/STM32F1xx/Include -I../Drivers/CMSIS/Include -O0 -ffunction-sections -fdata-sections -Wall -fstack-usage -fcyclomatic-complexity -MMD -MP -MF"Drivers/STM32F1xx_HAL_Driver/Src/stm32f1xx_hal_i2c.d" -MT"Drivers/STM32F1xx_HAL_Driver/Src/stm32f1xx_hal_i2c.o" --specs=nano.specs -mfloat-abi=soft -mthumb -o "Drivers/STM32F1xx_HAL_Driver/Src/stm32f1xx_hal_i2c.o"
arm-none-eabi-gcc "../Drivers/STM32F1xx_HAL_Driver/Src/stm32f1xx_hal_pwr.c" -mcpu=cortex-m3 -std=gnu11 -g3 -DDEBUG -DUSE_HAL_DRIVER -DSTM32F103xB -c -I../Core/Inc -I../Drivers/STM32F1xx_HAL_Driver/Inc/Legacy -I../Drivers/STM32F1xx_HAL_Driver/Inc -I../Drivers/CMSIS/Device/ST/STM32F1xx/Include -I../Drivers/CMSIS/Include -O0 -ffunction-sections -fdata-sections -Wall -fstack-usage -fcyclomatic-complexity -MMD -MP -MF"Drivers/STM32F1xx_HAL_Driver/Src/stm32f1xx_hal_pwr.d" -MT"Drivers/STM32F1xx_HAL_Driver/Src/stm32f1xx_hal_pwr.o" --specs=nano.specs -mfloat-abi=soft -mthumb -o "Drivers/STM32F1xx_HAL_Driver/Src/stm32f1xx_hal_pwr.o"
arm-none-eabi-gcc "../Drivers/STM32F1xx_HAL_Driver/Src/stm32f1xx_hal_rcc.c" -mcpu=cortex-m3 -std=gnu11 -g3 -DDEBUG -DUSE_HAL_DRIVER -DSTM32F103xB -c -I../Core/Inc -I../Drivers/STM32F1xx_HAL_Driver/Inc/Legacy -I../Drivers/STM32F1xx_HAL_Driver/Inc -I../Drivers/CMSIS/Device/ST/STM32F1xx/Include -I../Drivers/CMSIS/Include -O0 -ffunction-sections -fdata-sections -Wall -fstack-usage -fcyclomatic-complexity -MMD -MP -MF"Drivers/STM32F1xx_HAL_Driver/Src/stm32f1xx_hal_rcc.d" -MT"Drivers/STM32F1xx_HAL_Driver/Src/stm32f1xx_hal_rcc.o" --specs=nano.specs -mfloat-abi=soft -mthumb -o "Drivers/STM32F1xx_HAL_Driver/Src/stm32f1xx_hal_rcc.o"
arm-none-eabi-gcc "../Drivers/STM32F1xx_HAL_Driver/Src/stm32f1xx_hal_rcc_ex.c" -mcpu=cortex-m3 -std=gnu11 -g3 -DDEBUG -DUSE_HAL_DRIVER -DSTM32F103xB -c -I../Core/Inc -I../Drivers/STM32F1xx_HAL_Driver/Inc/Legacy -I../Drivers/STM32F1xx_HAL_Driver/Inc -I../Drivers/CMSIS/Device/ST/STM32F1xx/Include -I../Drivers/CMSIS/Include -O0 -ffunction-sections -fdata-sections -Wall -fstack-usage -fcyclomatic-complexity -MMD -MP -MF"Drivers/STM32F1xx_HAL_Driver/Src/stm32f1xx_hal_rcc_ex.d" -MT"Drivers/STM32F1xx_HAL_Driver/Src/stm32f1xx_hal_rcc_ex.o" --specs=nano.specs -mfloat-abi=soft -mthumb -o "Drivers/STM32F1xx_HAL_Driver/Src/stm32f1xx_hal_rcc_ex.o"
arm-none-eabi-gcc "../Drivers/STM32F1xx_HAL_Driver/Src/stm32f1xx_hal_spi.c" -mcpu=cortex-m3 -std=gnu11 -g3 -DDEBUG -DUSE_HAL_DRIVER -DSTM32F103xB -c -I../Core/Inc -I../Drivers/STM32F1xx_HAL_Driver/Inc/Legacy -I../Drivers/STM32F1xx_HAL_Driver/Inc -I../Drivers/CMSIS/Device/ST/STM32F1xx/Include -I../Drivers/CMSIS/Include -O0 -ffunction-sections -fdata-sections -Wall -fstack-usage -fcyclomatic-complexity -MMD -MP -MF"Drivers/STM32F1xx_HAL_Driver/Src/stm32f1xx_hal_spi.d" -MT"Drivers/STM32F1xx_HAL_Driver/Src/stm32f1xx_hal_spi.o" --specs=nano.specs -mfloat-abi=soft -mthumb -o "Drivers/STM32F1xx_HAL_Driver/Src/stm32f1xx_hal_spi.o"
arm-none-eabi-gcc "../Drivers/STM32F1xx_HAL_Driver/Src/stm32f1xx_hal_tim.c" -mcpu=cortex-m3 -std=gnu11 -g3 -DDEBUG -DUSE_HAL_DRIVER -DSTM32F103xB -c -I../Core/Inc -I../Drivers/STM32F1xx_HAL_Driver/Inc/Legacy -I../Drivers/STM32F1xx_HAL_Driver/Inc -I../Drivers/CMSIS/Device/ST/STM32F1xx/Include -I../Drivers/CMSIS/Include -O0 -ffunction-sections -fdata-sections -Wall -fstack-usage -fcyclomatic-complexity -MMD -MP -MF"Drivers/STM32F1xx_HAL_Driver/Src/stm32f1xx_hal_tim.d" -MT"Drivers/STM32F1xx_HAL_Driver/Src/stm32f1xx_hal_tim.o" --specs=nano.specs -mfloat-abi=soft -mthumb -o "Drivers/STM32F1xx_HAL_Driver/Src/stm32f1xx_hal_tim.o"
arm-none-eabi-gcc "../Drivers/STM32F1xx_HAL_Driver/Src/stm32f1xx_hal_tim_ex.c" -mcpu=cortex-m3 -std=gnu11 -g3 -DDEBUG -DUSE_HAL_DRIVER -DSTM32F103xB -c -I../Core/Inc -I../Drivers/STM32F1xx_HAL_Driver/Inc/Legacy -I../Drivers/STM32F1xx_HAL_Driver/Inc -I../Drivers/CMSIS/Device/ST/STM32F1xx/Include -I../Drivers/CMSIS/Include -O0 -ffunction-sections -fdata-sections -Wall -fstack-usage -fcyclomatic-complexity -MMD -MP -MF"Drivers/STM32F1xx_HAL_Driver/Src/stm32f1xx_hal_tim_ex.d" -MT"Drivers/STM32F1xx_HAL_Driver/Src/stm32f1xx_hal_tim_ex.o" --specs=nano.specs -mfloat-abi=soft -mthumb -o "Drivers/STM32F1xx_HAL_Driver/Src/stm32f1xx_hal_tim_ex.o"
arm-none-eabi-gcc "../Drivers/STM32F1xx_HAL_Driver/Src/stm32f1xx_hal_uart.c" -mcpu=cortex-m3 -std=gnu11 -g3 -DDEBUG -DUSE_HAL_DRIVER -DSTM32F103xB -c -I../Core/Inc -I../Drivers/STM32F1xx_HAL_Driver/Inc/Legacy -I../Drivers/STM32F1xx_HAL_Driver/Inc -I../Drivers/CMSIS/Device/ST/STM32F1xx/Include -I../Drivers/CMSIS/Include -O0 -ffunction-sections -fdata-sections -Wall -fstack-usage -fcyclomatic-complexity -MMD -MP -MF"Drivers/STM32F1xx_HAL_Driver/Src/stm32f1xx_hal_uart.d" -MT"Drivers/STM32F1xx_HAL_Driver/Src/stm32f1xx_hal_uart.o" --specs=nano.specs -mfloat-abi=soft -mthumb -o "Drivers/STM32F1xx_HAL_Driver/Src/stm32f1xx_hal_uart.o"
arm-none-eabi-gcc "../Core/Src/LoRa.c" -mcpu=cortex-m3 -std=gnu11 -g3 -DDEBUG -DUSE_HAL_DRIVER -DSTM32F103xB -c -I../Core/Inc -I../Drivers/STM32F1xx_HAL_Driver/Inc/Legacy -I../Drivers/STM32F1xx_HAL_Driver/Inc -I../Drivers/CMSIS/Device/ST/STM32F1xx/Include -I../Drivers/CMSIS/Include -O0 -ffunction-sections -fdata-sections -Wall -fstack-usage -fcyclomatic-complexity -MMD -MP -MF"Core/Src/LoRa.d" -MT"Core/Src/LoRa.o" --specs=nano.specs -mfloat-abi=soft -mthumb -o "Core/Src/LoRa.o"
arm-none-eabi-gcc "../Core/Src/main.c" -mcpu=cortex-m3 -std=gnu11 -g3 -DDEBUG -DUSE_HAL_DRIVER -DSTM32F103xB -c -I../Core/Inc -I../Drivers/STM32F1xx_HAL_Driver/Inc/Legacy -I../Drivers/STM32F1xx_HAL_Driver/Inc -I../Drivers/CMSIS/Device/ST/STM32F1xx/Include -I../Drivers/CMSIS/Include -O0 -ffunction-sections -fdata-sections -Wall -fstack-usage -fcyclomatic-complexity -MMD -MP -MF"Core/Src/main.d" -MT"Core/Src/main.o" --specs=nano.specs -mfloat-abi=soft -mthumb -o "Core/Src/main.o"
arm-none-eabi-gcc "../Core/Src/stm32f1xx_hal_msp.c" -mcpu=cortex-m3 -std=gnu11 -g3 -DDEBUG -DUSE_HAL_DRIVER -DSTM32F103xB -c -I../Core/Inc -I../Drivers/STM32F1xx_HAL_Driver/Inc/Legacy -I../Drivers/STM32F1xx_HAL_Driver/Inc -I../Drivers/CMSIS/Device/ST/STM32F1xx/Include -I../Drivers/CMSIS/Include -O0 -ffunction-sections -fdata-sections -Wall -fstack-usage -fcyclomatic-complexity -MMD -MP -MF"Core/Src/stm32f1xx_hal_msp.d" -MT"Core/Src/stm32f1xx_hal_msp.o" --specs=nano.specs -mfloat-abi=soft -mthumb -o "Core/Src/stm32f1xx_hal_msp.o"
arm-none-eabi-gcc "../Core/Src/stm32f1xx_it.c" -mcpu=cortex-m3 -std=gnu11 -g3 -DDEBUG -DUSE_HAL_DRIVER -DSTM32F103xB -c -I../Core/Inc -I../Drivers/STM32F1xx_HAL_Driver/Inc/Legacy -I../Drivers/STM32F1xx_HAL_Driver/Inc -I../Drivers/CMSIS/Device/ST/STM32F1xx/Include -I../Drivers/CMSIS/Include -O0 -ffunction-sections -fdata-sections -Wall -fstack-usage -fcyclomatic-complexity -MMD -MP -MF"Core/Src/stm32f1xx_it.d" -MT"Core/Src/stm32f1xx_it.o" --specs=nano.specs -mfloat-abi=soft -mthumb -o "Core/Src/stm32f1xx_it.o"
arm-none-eabi-gcc "../Core/Src/system_stm32f1xx.c" -mcpu=cortex-m3 -std=gnu11 -g3 -DDEBUG -DUSE_HAL_DRIVER -DSTM32F103xB -c -I../Core/Inc -I../Drivers/STM32F1xx_HAL_Driver/Inc/Legacy -I../Drivers/STM32F1xx_HAL_Driver/Inc -I../Drivers/CMSIS/Device/ST/STM32F1xx/Include -I../Drivers/CMSIS/Include -O0 -ffunction-sections -fdata-sections -Wall -fstack-usage -fcyclomatic-complexity -MMD -MP -MF"Core/Src/system_stm32f1xx.d" -MT"Core/Src/system_stm32f1xx.o" --specs=nano.specs -mfloat-abi=soft -mthumb -o "Core/Src/system_stm32f1xx.o"
arm-none-eabi-gcc -o "LORA_V2.elf" @"objects.list"   -mcpu=cortex-m3 -T"D:\smart_garden\LORA_V2\STM32F103C8TX_FLASH.ld" --specs=nosys.specs -Wl,-Map="LORA_V2.map" -Wl,--gc-sections -static --specs=nano.specs -mfloat-abi=soft -mthumb -Wl,--start-group -lc -lm -Wl,--end-group
Finished building target: LORA_V2.elf
 
arm-none-eabi-size   LORA_V2.elf 
arm-none-eabi-objdump -h -S  LORA_V2.elf  > "LORA_V2.list"
   text	   data	    bss	    dec	    hex	filename
  13424	     20	   1860	  15304	   3bc8	LORA_V2.elf
Finished building: default.size.stdout
 
Finished building: LORA_V2.list
 
20:40:42 **** Incremental Build of configuration Debug for project LORA_V2 ****
make -j12 all 
arm-none-eabi-gcc "../Core/Src/main.c" -mcpu=cortex-m3 -std=gnu11 -g3 -DDEBUG -DUSE_HAL_DRIVER -DSTM32F103xB -c -I../Core/Inc -I../Drivers/STM32F1xx_HAL_Driver/Inc/Legacy -I../Drivers/STM32F1xx_HAL_Driver/Inc -I../Drivers/CMSIS/Device/ST/STM32F1xx/Include -I../Drivers/CMSIS/Include -O0 -ffunction-sections -fdata-sections -Wall -fstack-usage -fcyclomatic-complexity -MMD -MP -MF"Core/Src/main.d" -MT"Core/Src/main.o" --specs=nano.specs -mfloat-abi=soft -mthumb -o "Core/Src/main.o"
arm-none-eabi-gcc -o "LORA_V2.elf" @"objects.list"   -mcpu=cortex-m3 -T"D:\smart_garden\LORA_V2\STM32F103C8TX_FLASH.ld" --specs=nosys.specs -Wl,-Map="LORA_V2.map" -Wl,--gc-sections -static --specs=nano.specs -mfloat-abi=soft -mthumb -Wl,--start-group -lc -lm -Wl,--end-group
Finished building target: LORA_V2.elf
 
arm-none-eabi-size   LORA_V2.elf 
arm-none-eabi-objdump -h -S  LORA_V2.elf  > "LORA_V2.list"
   text	   data	    bss	    dec	    hex	filename
  14496	     32	   1992	  16520	   4088	LORA_V2.elf
Finished building: default.size.stdout
 
Finished building: LORA_V2.list
 
20:49:23 **** Incremental Build of configuration Debug for project LORA_V2 ****
make -j12 all 
arm-none-eabi-size   LORA_V2.elf 
   text	   data	    bss	    dec	    hex	filename
  14496	     32	   1992	  16520	   4088	LORA_V2.elf
Finished building: default.size.stdout
 
20:50:14 **** Incremental Build of configuration Debug for project LORA_V2 ****
make -j12 all 
arm-none-eabi-size   LORA_V2.elf 
   text	   data	    bss	    dec	    hex	filename
  14496	     32	   1992	  16520	   4088	LORA_V2.elf
Finished building: default.size.stdout
 
20:50:56 **** Incremental Build of configuration Debug for project LORA_V2 ****
make -j12 all 
arm-none-eabi-size   LORA_V2.elf 
   text	   data	    bss	    dec	    hex	filename
  14496	     32	   1992	  16520	   4088	LORA_V2.elf
Finished building: default.size.stdout
 
20:51:15 **** Incremental Build of configuration Debug for project LoRa ****
make -j12 all 
Drivers/STM32F1xx_HAL_Driver/Src/subdir.mk:64: *** unable to generate command line.  Stop.
"make -j12 all" terminated with exit code 2. Build might be incomplete.
20:51:27 **** Incremental Build of configuration Debug for project LORA_V2 ****
make -j12 all 
arm-none-eabi-size   LORA_V2.elf 
   text	   data	    bss	    dec	    hex	filename
  14496	     32	   1992	  16520	   4088	LORA_V2.elf
Finished building: default.size.stdout
 
20:55:24 **** Incremental Build of configuration Debug for project LORA_V2 ****
make -j12 all 
arm-none-eabi-size   LORA_V2.elf 
   text	   data	    bss	    dec	    hex	filename
  14496	     32	   1992	  16520	   4088	LORA_V2.elf
Finished building: default.size.stdout
 
20:56:50 **** Incremental Build of configuration Debug for project LORA_V2 ****
make -j12 all 
arm-none-eabi-size   LORA_V2.elf 
   text	   data	    bss	    dec	    hex	filename
  14496	     32	   1992	  16520	   4088	LORA_V2.elf
Finished building: default.size.stdout
 
20:57:21 **** Incremental Build of configuration Debug for project LORA_V2 ****
make -j12 all 
arm-none-eabi-size   LORA_V2.elf 
   text	   data	    bss	    dec	    hex	filename
  14496	     32	   1992	  16520	   4088	LORA_V2.elf
Finished building: default.size.stdout
 
20:59:38 **** Incremental Build of configuration Debug for project LORA_V2 ****
make -j12 all 
arm-none-eabi-size   LORA_V2.elf 
   text	   data	    bss	    dec	    hex	filename
  14496	     32	   1992	  16520	   4088	LORA_V2.elf
Finished building: default.size.stdout
 
21:09:40 **** Incremental Build of configuration Debug for project LORA_V2 ****
make -j12 all 
arm-none-eabi-gcc "../Core/Src/main.c" -mcpu=cortex-m3 -std=gnu11 -g3 -DDEBUG -DUSE_HAL_DRIVER -DSTM32F103xB -c -I../Core/Inc -I../Drivers/STM32F1xx_HAL_Driver/Inc/Legacy -I../Drivers/STM32F1xx_HAL_Driver/Inc -I../Drivers/CMSIS/Device/ST/STM32F1xx/Include -I../Drivers/CMSIS/Include -O0 -ffunction-sections -fdata-sections -Wall -fstack-usage -fcyclomatic-complexity -MMD -MP -MF"Core/Src/main.d" -MT"Core/Src/main.o" --specs=nano.specs -mfloat-abi=soft -mthumb -o "Core/Src/main.o"
arm-none-eabi-gcc -o "LORA_V2.elf" @"objects.list"   -mcpu=cortex-m3 -T"D:\smart_garden\LORA_V2\STM32F103C8TX_FLASH.ld" --specs=nosys.specs -Wl,-Map="LORA_V2.map" -Wl,--gc-sections -static --specs=nano.specs -mfloat-abi=soft -mthumb -Wl,--start-group -lc -lm -Wl,--end-group
Finished building target: LORA_V2.elf
 
arm-none-eabi-size   LORA_V2.elf 
arm-none-eabi-objdump -h -S  LORA_V2.elf  > "LORA_V2.list"
   text	   data	    bss	    dec	    hex	filename
  14496	     32	   1992	  16520	   4088	LORA_V2.elf
Finished building: default.size.stdout
 
Finished building: LORA_V2.list
 
21:13:43 **** Incremental Build of configuration Debug for project LORA_V2 ****
make -j12 all 
arm-none-eabi-size   LORA_V2.elf 
   text	   data	    bss	    dec	    hex	filename
  14496	     32	   1992	  16520	   4088	LORA_V2.elf
Finished building: default.size.stdout
 
21:22:51 **** Incremental Build of configuration Debug for project LORA_V2 ****
make -j12 all 
arm-none-eabi-size   LORA_V2.elf 
   text	   data	    bss	    dec	    hex	filename
  14496	     32	   1992	  16520	   4088	LORA_V2.elf
Finished building: default.size.stdout
 
17:27:45 **** Build of configuration Debug for project tEST ****
make -j12 all 
arm-none-eabi-gcc "../Drivers/STM32F1xx_HAL_Driver/Src/stm32f1xx_hal.c" -mcpu=cortex-m3 -std=gnu11 -g3 -DDEBUG -DUSE_HAL_DRIVER -DSTM32F103xB -c -I../Core/Inc -I../Drivers/STM32F1xx_HAL_Driver/Inc/Legacy -I../Drivers/STM32F1xx_HAL_Driver/Inc -I../Drivers/CMSIS/Device/ST/STM32F1xx/Include -I../Drivers/CMSIS/Include -O0 -ffunction-sections -fdata-sections -Wall -fstack-usage -fcyclomatic-complexity -MMD -MP -MF"Drivers/STM32F1xx_HAL_Driver/Src/stm32f1xx_hal.d" -MT"Drivers/STM32F1xx_HAL_Driver/Src/stm32f1xx_hal.o" --specs=nano.specs -mfloat-abi=soft -mthumb -o "Drivers/STM32F1xx_HAL_Driver/Src/stm32f1xx_hal.o"
arm-none-eabi-gcc "../Drivers/STM32F1xx_HAL_Driver/Src/stm32f1xx_hal_cortex.c" -mcpu=cortex-m3 -std=gnu11 -g3 -DDEBUG -DUSE_HAL_DRIVER -DSTM32F103xB -c -I../Core/Inc -I../Drivers/STM32F1xx_HAL_Driver/Inc/Legacy -I../Drivers/STM32F1xx_HAL_Driver/Inc -I../Drivers/CMSIS/Device/ST/STM32F1xx/Include -I../Drivers/CMSIS/Include -O0 -ffunction-sections -fdata-sections -Wall -fstack-usage -fcyclomatic-complexity -MMD -MP -MF"Drivers/STM32F1xx_HAL_Driver/Src/stm32f1xx_hal_cortex.d" -MT"Drivers/STM32F1xx_HAL_Driver/Src/stm32f1xx_hal_cortex.o" --specs=nano.specs -mfloat-abi=soft -mthumb -o "Drivers/STM32F1xx_HAL_Driver/Src/stm32f1xx_hal_cortex.o"
arm-none-eabi-gcc "../Drivers/STM32F1xx_HAL_Driver/Src/stm32f1xx_hal_dma.c" -mcpu=cortex-m3 -std=gnu11 -g3 -DDEBUG -DUSE_HAL_DRIVER -DSTM32F103xB -c -I../Core/Inc -I../Drivers/STM32F1xx_HAL_Driver/Inc/Legacy -I../Drivers/STM32F1xx_HAL_Driver/Inc -I../Drivers/CMSIS/Device/ST/STM32F1xx/Include -I../Drivers/CMSIS/Include -O0 -ffunction-sections -fdata-sections -Wall -fstack-usage -fcyclomatic-complexity -MMD -MP -MF"Drivers/STM32F1xx_HAL_Driver/Src/stm32f1xx_hal_dma.d" -MT"Drivers/STM32F1xx_HAL_Driver/Src/stm32f1xx_hal_dma.o" --specs=nano.specs -mfloat-abi=soft -mthumb -o "Drivers/STM32F1xx_HAL_Driver/Src/stm32f1xx_hal_dma.o"
arm-none-eabi-gcc "../Drivers/STM32F1xx_HAL_Driver/Src/stm32f1xx_hal_exti.c" -mcpu=cortex-m3 -std=gnu11 -g3 -DDEBUG -DUSE_HAL_DRIVER -DSTM32F103xB -c -I../Core/Inc -I../Drivers/STM32F1xx_HAL_Driver/Inc/Legacy -I../Drivers/STM32F1xx_HAL_Driver/Inc -I../Drivers/CMSIS/Device/ST/STM32F1xx/Include -I../Drivers/CMSIS/Include -O0 -ffunction-sections -fdata-sections -Wall -fstack-usage -fcyclomatic-complexity -MMD -MP -MF"Drivers/STM32F1xx_HAL_Driver/Src/stm32f1xx_hal_exti.d" -MT"Drivers/STM32F1xx_HAL_Driver/Src/stm32f1xx_hal_exti.o" --specs=nano.specs -mfloat-abi=soft -mthumb -o "Drivers/STM32F1xx_HAL_Driver/Src/stm32f1xx_hal_exti.o"
arm-none-eabi-gcc "../Drivers/STM32F1xx_HAL_Driver/Src/stm32f1xx_hal_flash.c" -mcpu=cortex-m3 -std=gnu11 -g3 -DDEBUG -DUSE_HAL_DRIVER -DSTM32F103xB -c -I../Core/Inc -I../Drivers/STM32F1xx_HAL_Driver/Inc/Legacy -I../Drivers/STM32F1xx_HAL_Driver/Inc -I../Drivers/CMSIS/Device/ST/STM32F1xx/Include -I../Drivers/CMSIS/Include -O0 -ffunction-sections -fdata-sections -Wall -fstack-usage -fcyclomatic-complexity -MMD -MP -MF"Drivers/STM32F1xx_HAL_Driver/Src/stm32f1xx_hal_flash.d" -MT"Drivers/STM32F1xx_HAL_Driver/Src/stm32f1xx_hal_flash.o" --specs=nano.specs -mfloat-abi=soft -mthumb -o "Drivers/STM32F1xx_HAL_Driver/Src/stm32f1xx_hal_flash.o"
arm-none-eabi-gcc "../Drivers/STM32F1xx_HAL_Driver/Src/stm32f1xx_hal_flash_ex.c" -mcpu=cortex-m3 -std=gnu11 -g3 -DDEBUG -DUSE_HAL_DRIVER -DSTM32F103xB -c -I../Core/Inc -I../Drivers/STM32F1xx_HAL_Driver/Inc/Legacy -I../Drivers/STM32F1xx_HAL_Driver/Inc -I../Drivers/CMSIS/Device/ST/STM32F1xx/Include -I../Drivers/CMSIS/Include -O0 -ffunction-sections -fdata-sections -Wall -fstack-usage -fcyclomatic-complexity -MMD -MP -MF"Drivers/STM32F1xx_HAL_Driver/Src/stm32f1xx_hal_flash_ex.d" -MT"Drivers/STM32F1xx_HAL_Driver/Src/stm32f1xx_hal_flash_ex.o" --specs=nano.specs -mfloat-abi=soft -mthumb -o "Drivers/STM32F1xx_HAL_Driver/Src/stm32f1xx_hal_flash_ex.o"
arm-none-eabi-gcc "../Drivers/STM32F1xx_HAL_Driver/Src/stm32f1xx_hal_gpio.c" -mcpu=cortex-m3 -std=gnu11 -g3 -DDEBUG -DUSE_HAL_DRIVER -DSTM32F103xB -c -I../Core/Inc -I../Drivers/STM32F1xx_HAL_Driver/Inc/Legacy -I../Drivers/STM32F1xx_HAL_Driver/Inc -I../Drivers/CMSIS/Device/ST/STM32F1xx/Include -I../Drivers/CMSIS/Include -O0 -ffunction-sections -fdata-sections -Wall -fstack-usage -fcyclomatic-complexity -MMD -MP -MF"Drivers/STM32F1xx_HAL_Driver/Src/stm32f1xx_hal_gpio.d" -MT"Drivers/STM32F1xx_HAL_Driver/Src/stm32f1xx_hal_gpio.o" --specs=nano.specs -mfloat-abi=soft -mthumb -o "Drivers/STM32F1xx_HAL_Driver/Src/stm32f1xx_hal_gpio.o"
arm-none-eabi-gcc "../Drivers/STM32F1xx_HAL_Driver/Src/stm32f1xx_hal_gpio_ex.c" -mcpu=cortex-m3 -std=gnu11 -g3 -DDEBUG -DUSE_HAL_DRIVER -DSTM32F103xB -c -I../Core/Inc -I../Drivers/STM32F1xx_HAL_Driver/Inc/Legacy -I../Drivers/STM32F1xx_HAL_Driver/Inc -I../Drivers/CMSIS/Device/ST/STM32F1xx/Include -I../Drivers/CMSIS/Include -O0 -ffunction-sections -fdata-sections -Wall -fstack-usage -fcyclomatic-complexity -MMD -MP -MF"Drivers/STM32F1xx_HAL_Driver/Src/stm32f1xx_hal_gpio_ex.d" -MT"Drivers/STM32F1xx_HAL_Driver/Src/stm32f1xx_hal_gpio_ex.o" --specs=nano.specs -mfloat-abi=soft -mthumb -o "Drivers/STM32F1xx_HAL_Driver/Src/stm32f1xx_hal_gpio_ex.o"
arm-none-eabi-gcc "../Drivers/STM32F1xx_HAL_Driver/Src/stm32f1xx_hal_pwr.c" -mcpu=cortex-m3 -std=gnu11 -g3 -DDEBUG -DUSE_HAL_DRIVER -DSTM32F103xB -c -I../Core/Inc -I../Drivers/STM32F1xx_HAL_Driver/Inc/Legacy -I../Drivers/STM32F1xx_HAL_Driver/Inc -I../Drivers/CMSIS/Device/ST/STM32F1xx/Include -I../Drivers/CMSIS/Include -O0 -ffunction-sections -fdata-sections -Wall -fstack-usage -fcyclomatic-complexity -MMD -MP -MF"Drivers/STM32F1xx_HAL_Driver/Src/stm32f1xx_hal_pwr.d" -MT"Drivers/STM32F1xx_HAL_Driver/Src/stm32f1xx_hal_pwr.o" --specs=nano.specs -mfloat-abi=soft -mthumb -o "Drivers/STM32F1xx_HAL_Driver/Src/stm32f1xx_hal_pwr.o"
arm-none-eabi-gcc "../Drivers/STM32F1xx_HAL_Driver/Src/stm32f1xx_hal_rcc.c" -mcpu=cortex-m3 -std=gnu11 -g3 -DDEBUG -DUSE_HAL_DRIVER -DSTM32F103xB -c -I../Core/Inc -I../Drivers/STM32F1xx_HAL_Driver/Inc/Legacy -I../Drivers/STM32F1xx_HAL_Driver/Inc -I../Drivers/CMSIS/Device/ST/STM32F1xx/Include -I../Drivers/CMSIS/Include -O0 -ffunction-sections -fdata-sections -Wall -fstack-usage -fcyclomatic-complexity -MMD -MP -MF"Drivers/STM32F1xx_HAL_Driver/Src/stm32f1xx_hal_rcc.d" -MT"Drivers/STM32F1xx_HAL_Driver/Src/stm32f1xx_hal_rcc.o" --specs=nano.specs -mfloat-abi=soft -mthumb -o "Drivers/STM32F1xx_HAL_Driver/Src/stm32f1xx_hal_rcc.o"
arm-none-eabi-gcc "../Drivers/STM32F1xx_HAL_Driver/Src/stm32f1xx_hal_rcc_ex.c" -mcpu=cortex-m3 -std=gnu11 -g3 -DDEBUG -DUSE_HAL_DRIVER -DSTM32F103xB -c -I../Core/Inc -I../Drivers/STM32F1xx_HAL_Driver/Inc/Legacy -I../Drivers/STM32F1xx_HAL_Driver/Inc -I../Drivers/CMSIS/Device/ST/STM32F1xx/Include -I../Drivers/CMSIS/Include -O0 -ffunction-sections -fdata-sections -Wall -fstack-usage -fcyclomatic-complexity -MMD -MP -MF"Drivers/STM32F1xx_HAL_Driver/Src/stm32f1xx_hal_rcc_ex.d" -MT"Drivers/STM32F1xx_HAL_Driver/Src/stm32f1xx_hal_rcc_ex.o" --specs=nano.specs -mfloat-abi=soft -mthumb -o "Drivers/STM32F1xx_HAL_Driver/Src/stm32f1xx_hal_rcc_ex.o"
arm-none-eabi-gcc -mcpu=cortex-m3 -g3 -DDEBUG -c -x assembler-with-cpp -MMD -MP -MF"Core/Startup/startup_stm32f103c8tx.d" -MT"Core/Startup/startup_stm32f103c8tx.o" --specs=nano.specs -mfloat-abi=soft -mthumb -o "Core/Startup/startup_stm32f103c8tx.o" "../Core/Startup/startup_stm32f103c8tx.s"
arm-none-eabi-gcc "../Core/Src/main.c" -mcpu=cortex-m3 -std=gnu11 -g3 -DDEBUG -DUSE_HAL_DRIVER -DSTM32F103xB -c -I../Core/Inc -I../Drivers/STM32F1xx_HAL_Driver/Inc/Legacy -I../Drivers/STM32F1xx_HAL_Driver/Inc -I../Drivers/CMSIS/Device/ST/STM32F1xx/Include -I../Drivers/CMSIS/Include -O0 -ffunction-sections -fdata-sections -Wall -fstack-usage -fcyclomatic-complexity -MMD -MP -MF"Core/Src/main.d" -MT"Core/Src/main.o" --specs=nano.specs -mfloat-abi=soft -mthumb -o "Core/Src/main.o"
arm-none-eabi-gcc "../Core/Src/stm32f1xx_hal_msp.c" -mcpu=cortex-m3 -std=gnu11 -g3 -DDEBUG -DUSE_HAL_DRIVER -DSTM32F103xB -c -I../Core/Inc -I../Drivers/STM32F1xx_HAL_Driver/Inc/Legacy -I../Drivers/STM32F1xx_HAL_Driver/Inc -I../Drivers/CMSIS/Device/ST/STM32F1xx/Include -I../Drivers/CMSIS/Include -O0 -ffunction-sections -fdata-sections -Wall -fstack-usage -fcyclomatic-complexity -MMD -MP -MF"Core/Src/stm32f1xx_hal_msp.d" -MT"Core/Src/stm32f1xx_hal_msp.o" --specs=nano.specs -mfloat-abi=soft -mthumb -o "Core/Src/stm32f1xx_hal_msp.o"
arm-none-eabi-gcc "../Core/Src/stm32f1xx_it.c" -mcpu=cortex-m3 -std=gnu11 -g3 -DDEBUG -DUSE_HAL_DRIVER -DSTM32F103xB -c -I../Core/Inc -I../Drivers/STM32F1xx_HAL_Driver/Inc/Legacy -I../Drivers/STM32F1xx_HAL_Driver/Inc -I../Drivers/CMSIS/Device/ST/STM32F1xx/Include -I../Drivers/CMSIS/Include -O0 -ffunction-sections -fdata-sections -Wall -fstack-usage -fcyclomatic-complexity -MMD -MP -MF"Core/Src/stm32f1xx_it.d" -MT"Core/Src/stm32f1xx_it.o" --specs=nano.specs -mfloat-abi=soft -mthumb -o "Core/Src/stm32f1xx_it.o"
arm-none-eabi-gcc "../Core/Src/syscalls.c" -mcpu=cortex-m3 -std=gnu11 -g3 -DDEBUG -DUSE_HAL_DRIVER -DSTM32F103xB -c -I../Core/Inc -I../Drivers/STM32F1xx_HAL_Driver/Inc/Legacy -I../Drivers/STM32F1xx_HAL_Driver/Inc -I../Drivers/CMSIS/Device/ST/STM32F1xx/Include -I../Drivers/CMSIS/Include -O0 -ffunction-sections -fdata-sections -Wall -fstack-usage -fcyclomatic-complexity -MMD -MP -MF"Core/Src/syscalls.d" -MT"Core/Src/syscalls.o" --specs=nano.specs -mfloat-abi=soft -mthumb -o "Core/Src/syscalls.o"
arm-none-eabi-gcc "../Core/Src/sysmem.c" -mcpu=cortex-m3 -std=gnu11 -g3 -DDEBUG -DUSE_HAL_DRIVER -DSTM32F103xB -c -I../Core/Inc -I../Drivers/STM32F1xx_HAL_Driver/Inc/Legacy -I../Drivers/STM32F1xx_HAL_Driver/Inc -I../Drivers/CMSIS/Device/ST/STM32F1xx/Include -I../Drivers/CMSIS/Include -O0 -ffunction-sections -fdata-sections -Wall -fstack-usage -fcyclomatic-complexity -MMD -MP -MF"Core/Src/sysmem.d" -MT"Core/Src/sysmem.o" --specs=nano.specs -mfloat-abi=soft -mthumb -o "Core/Src/sysmem.o"
arm-none-eabi-gcc "../Core/Src/system_stm32f1xx.c" -mcpu=cortex-m3 -std=gnu11 -g3 -DDEBUG -DUSE_HAL_DRIVER -DSTM32F103xB -c -I../Core/Inc -I../Drivers/STM32F1xx_HAL_Driver/Inc/Legacy -I../Drivers/STM32F1xx_HAL_Driver/Inc -I../Drivers/CMSIS/Device/ST/STM32F1xx/Include -I../Drivers/CMSIS/Include -O0 -ffunction-sections -fdata-sections -Wall -fstack-usage -fcyclomatic-complexity -MMD -MP -MF"Core/Src/system_stm32f1xx.d" -MT"Core/Src/system_stm32f1xx.o" --specs=nano.specs -mfloat-abi=soft -mthumb -o "Core/Src/system_stm32f1xx.o"
arm-none-eabi-gcc -o "tEST.elf" @"objects.list"   -mcpu=cortex-m3 -T"D:\smart_garden\tEST\STM32F103C8TX_FLASH.ld" --specs=nosys.specs -Wl,-Map="tEST.map" -Wl,--gc-sections -static --specs=nano.specs -mfloat-abi=soft -mthumb -Wl,--start-group -lc -lm -Wl,--end-group
Finished building target: tEST.elf
 
arm-none-eabi-size   tEST.elf 
arm-none-eabi-objdump -h -S  tEST.elf  > "tEST.list"
   text	   data	    bss	    dec	    hex	filename
   4424	     20	   1572	   6016	   1780	tEST.elf
Finished building: default.size.stdout
 
Finished building: tEST.list
 
17:27:57 **** Incremental Build of configuration Debug for project tEST ****
make -j12 all 
arm-none-eabi-gcc "../Core/Src/main.c" -mcpu=cortex-m3 -std=gnu11 -g3 -DDEBUG -DUSE_HAL_DRIVER -DSTM32F103xB -c -I../Core/Inc -I../Drivers/STM32F1xx_HAL_Driver/Inc/Legacy -I../Drivers/STM32F1xx_HAL_Driver/Inc -I../Drivers/CMSIS/Device/ST/STM32F1xx/Include -I../Drivers/CMSIS/Include -O0 -ffunction-sections -fdata-sections -Wall -fstack-usage -fcyclomatic-complexity -MMD -MP -MF"Core/Src/main.d" -MT"Core/Src/main.o" --specs=nano.specs -mfloat-abi=soft -mthumb -o "Core/Src/main.o"
arm-none-eabi-gcc -o "tEST.elf" @"objects.list"   -mcpu=cortex-m3 -T"D:\smart_garden\tEST\STM32F103C8TX_FLASH.ld" --specs=nosys.specs -Wl,-Map="tEST.map" -Wl,--gc-sections -static --specs=nano.specs -mfloat-abi=soft -mthumb -Wl,--start-group -lc -lm -Wl,--end-group
Finished building target: tEST.elf
 
arm-none-eabi-size   tEST.elf 
arm-none-eabi-objdump -h -S  tEST.elf  > "tEST.list"
   text	   data	    bss	    dec	    hex	filename
   4572	     20	   1572	   6164	   1814	tEST.elf
Finished building: default.size.stdout
 
Finished building: tEST.list
 
17:28:54 **** Incremental Build of configuration Debug for project LORA_V2 ****
make -j12 all 
arm-none-eabi-size   LORA_V2.elf 
   text	   data	    bss	    dec	    hex	filename
  14496	     32	   1992	  16520	   4088	LORA_V2.elf
Finished building: default.size.stdout
 
17:40:42 **** Incremental Build of configuration Debug for project LORA_V2 ****
make -j12 all 
arm-none-eabi-gcc "../Core/Src/main.c" -mcpu=cortex-m3 -std=gnu11 -g3 -DDEBUG -DUSE_HAL_DRIVER -DSTM32F103xB -c -I../Core/Inc -I../Drivers/STM32F1xx_HAL_Driver/Inc/Legacy -I../Drivers/STM32F1xx_HAL_Driver/Inc -I../Drivers/CMSIS/Device/ST/STM32F1xx/Include -I../Drivers/CMSIS/Include -O0 -ffunction-sections -fdata-sections -Wall -fstack-usage -fcyclomatic-complexity -MMD -MP -MF"Core/Src/main.d" -MT"Core/Src/main.o" --specs=nano.specs -mfloat-abi=soft -mthumb -o "Core/Src/main.o"
arm-none-eabi-gcc -o "LORA_V2.elf" @"objects.list"   -mcpu=cortex-m3 -T"D:\smart_garden\LORA_V2\STM32F103C8TX_FLASH.ld" --specs=nosys.specs -Wl,-Map="LORA_V2.map" -Wl,--gc-sections -static --specs=nano.specs -mfloat-abi=soft -mthumb -Wl,--start-group -lc -lm -Wl,--end-group
Finished building target: LORA_V2.elf
 
arm-none-eabi-size   LORA_V2.elf 
arm-none-eabi-objdump -h -S  LORA_V2.elf  > "LORA_V2.list"
   text	   data	    bss	    dec	    hex	filename
  14496	     32	   1992	  16520	   4088	LORA_V2.elf
Finished building: default.size.stdout
 
Finished building: LORA_V2.list
 
17:45:29 **** Incremental Build of configuration Debug for project tEST ****
make -j12 all 
arm-none-eabi-size   tEST.elf 
   text	   data	    bss	    dec	    hex	filename
   4572	     20	   1572	   6164	   1814	tEST.elf
Finished building: default.size.stdout
 
17:46:12 **** Incremental Build of configuration Debug for project tEST ****
make -j12 all 
arm-none-eabi-size   tEST.elf 
   text	   data	    bss	    dec	    hex	filename
   4572	     20	   1572	   6164	   1814	tEST.elf
Finished building: default.size.stdout
 
17:46:55 **** Incremental Build of configuration Debug for project LORA_V2 ****
make -j12 all 
arm-none-eabi-size   LORA_V2.elf 
   text	   data	    bss	    dec	    hex	filename
  14496	     32	   1992	  16520	   4088	LORA_V2.elf
Finished building: default.size.stdout
 
17:47:46 **** Incremental Build of configuration Debug for project LORA_V2 ****
make -j12 all 
arm-none-eabi-size   LORA_V2.elf 
   text	   data	    bss	    dec	    hex	filename
  14496	     32	   1992	  16520	   4088	LORA_V2.elf
Finished building: default.size.stdout
 
17:49:49 **** Incremental Build of configuration Debug for project LORA_V2 ****
make -j12 all 
arm-none-eabi-size   LORA_V2.elf 
   text	   data	    bss	    dec	    hex	filename
  14496	     32	   1992	  16520	   4088	LORA_V2.elf
Finished building: default.size.stdout
 
17:55:58 **** Incremental Build of configuration Debug for project LORA_V2 ****
make -j12 all 
arm-none-eabi-gcc "../Core/Src/main.c" -mcpu=cortex-m3 -std=gnu11 -g3 -DDEBUG -DUSE_HAL_DRIVER -DSTM32F103xB -c -I../Core/Inc -I../Drivers/STM32F1xx_HAL_Driver/Inc/Legacy -I../Drivers/STM32F1xx_HAL_Driver/Inc -I../Drivers/CMSIS/Device/ST/STM32F1xx/Include -I../Drivers/CMSIS/Include -O0 -ffunction-sections -fdata-sections -Wall -fstack-usage -fcyclomatic-complexity -MMD -MP -MF"Core/Src/main.d" -MT"Core/Src/main.o" --specs=nano.specs -mfloat-abi=soft -mthumb -o "Core/Src/main.o"
arm-none-eabi-gcc -o "LORA_V2.elf" @"objects.list"   -mcpu=cortex-m3 -T"D:\smart_garden\LORA_V2\STM32F103C8TX_FLASH.ld" --specs=nosys.specs -Wl,-Map="LORA_V2.map" -Wl,--gc-sections -static --specs=nano.specs -mfloat-abi=soft -mthumb -Wl,--start-group -lc -lm -Wl,--end-group
Finished building target: LORA_V2.elf
 
arm-none-eabi-size   LORA_V2.elf 
arm-none-eabi-objdump -h -S  LORA_V2.elf  > "LORA_V2.list"
   text	   data	    bss	    dec	    hex	filename
  14464	     32	   1992	  16488	   4068	LORA_V2.elf
Finished building: default.size.stdout
 
Finished building: LORA_V2.list
 
17:57:33 **** Incremental Build of configuration Debug for project LORA_V2 ****
make -j12 all 
arm-none-eabi-gcc "../Core/Src/main.c" -mcpu=cortex-m3 -std=gnu11 -g3 -DDEBUG -DUSE_HAL_DRIVER -DSTM32F103xB -c -I../Core/Inc -I../Drivers/STM32F1xx_HAL_Driver/Inc/Legacy -I../Drivers/STM32F1xx_HAL_Driver/Inc -I../Drivers/CMSIS/Device/ST/STM32F1xx/Include -I../Drivers/CMSIS/Include -O0 -ffunction-sections -fdata-sections -Wall -fstack-usage -fcyclomatic-complexity -MMD -MP -MF"Core/Src/main.d" -MT"Core/Src/main.o" --specs=nano.specs -mfloat-abi=soft -mthumb -o "Core/Src/main.o"
arm-none-eabi-gcc -o "LORA_V2.elf" @"objects.list"   -mcpu=cortex-m3 -T"D:\smart_garden\LORA_V2\STM32F103C8TX_FLASH.ld" --specs=nosys.specs -Wl,-Map="LORA_V2.map" -Wl,--gc-sections -static --specs=nano.specs -mfloat-abi=soft -mthumb -Wl,--start-group -lc -lm -Wl,--end-group
Finished building target: LORA_V2.elf
 
arm-none-eabi-size   LORA_V2.elf 
arm-none-eabi-objdump -h -S  LORA_V2.elf  > "LORA_V2.list"
   text	   data	    bss	    dec	    hex	filename
  13764	     20	   1988	  15772	   3d9c	LORA_V2.elf
Finished building: default.size.stdout
 
Finished building: LORA_V2.list
 
17:58:08 **** Incremental Build of configuration Debug for project LORA_V2 ****
make -j12 all 
arm-none-eabi-gcc "../Core/Src/main.c" -mcpu=cortex-m3 -std=gnu11 -g3 -DDEBUG -DUSE_HAL_DRIVER -DSTM32F103xB -c -I../Core/Inc -I../Drivers/STM32F1xx_HAL_Driver/Inc/Legacy -I../Drivers/STM32F1xx_HAL_Driver/Inc -I../Drivers/CMSIS/Device/ST/STM32F1xx/Include -I../Drivers/CMSIS/Include -O0 -ffunction-sections -fdata-sections -Wall -fstack-usage -fcyclomatic-complexity -MMD -MP -MF"Core/Src/main.d" -MT"Core/Src/main.o" --specs=nano.specs -mfloat-abi=soft -mthumb -o "Core/Src/main.o"
arm-none-eabi-gcc -o "LORA_V2.elf" @"objects.list"   -mcpu=cortex-m3 -T"D:\smart_garden\LORA_V2\STM32F103C8TX_FLASH.ld" --specs=nosys.specs -Wl,-Map="LORA_V2.map" -Wl,--gc-sections -static --specs=nano.specs -mfloat-abi=soft -mthumb -Wl,--start-group -lc -lm -Wl,--end-group
Finished building target: LORA_V2.elf
 
arm-none-eabi-size   LORA_V2.elf 
arm-none-eabi-objdump -h -S  LORA_V2.elf  > "LORA_V2.list"
   text	   data	    bss	    dec	    hex	filename
  13772	     20	   1988	  15780	   3da4	LORA_V2.elf
Finished building: default.size.stdout
 
Finished building: LORA_V2.list
 
18:01:56 **** Incremental Build of configuration Debug for project LORA_V2 ****
make -j12 all 
arm-none-eabi-size   LORA_V2.elf 
   text	   data	    bss	    dec	    hex	filename
  13772	     20	   1988	  15780	   3da4	LORA_V2.elf
Finished building: default.size.stdout
 
18:09:51 **** Incremental Build of configuration Debug for project LORA_V2 ****
make -j12 all 
arm-none-eabi-size   LORA_V2.elf 
   text	   data	    bss	    dec	    hex	filename
  13772	     20	   1988	  15780	   3da4	LORA_V2.elf
Finished building: default.size.stdout
 
18:25:57 **** Incremental Build of configuration Debug for project LORA_V2 ****
make -j12 all 
arm-none-eabi-gcc "../Core/Src/main.c" -mcpu=cortex-m3 -std=gnu11 -g3 -DDEBUG -DUSE_HAL_DRIVER -DSTM32F103xB -c -I../Core/Inc -I../Drivers/STM32F1xx_HAL_Driver/Inc/Legacy -I../Drivers/STM32F1xx_HAL_Driver/Inc -I../Drivers/CMSIS/Device/ST/STM32F1xx/Include -I../Drivers/CMSIS/Include -O0 -ffunction-sections -fdata-sections -Wall -fstack-usage -fcyclomatic-complexity -MMD -MP -MF"Core/Src/main.d" -MT"Core/Src/main.o" --specs=nano.specs -mfloat-abi=soft -mthumb -o "Core/Src/main.o"
arm-none-eabi-gcc -o "LORA_V2.elf" @"objects.list"   -mcpu=cortex-m3 -T"D:\smart_garden\LORA_V2\STM32F103C8TX_FLASH.ld" --specs=nosys.specs -Wl,-Map="LORA_V2.map" -Wl,--gc-sections -static --specs=nano.specs -mfloat-abi=soft -mthumb -Wl,--start-group -lc -lm -Wl,--end-group
Finished building target: LORA_V2.elf
 
arm-none-eabi-size   LORA_V2.elf 
arm-none-eabi-objdump -h -S  LORA_V2.elf  > "LORA_V2.list"
   text	   data	    bss	    dec	    hex	filename
  13772	     20	   1988	  15780	   3da4	LORA_V2.elf
Finished building: default.size.stdout
 
Finished building: LORA_V2.list
 
18:26:21 **** Incremental Build of configuration Debug for project LORA_V2 ****
make -j12 all 
arm-none-eabi-size   LORA_V2.elf 
   text	   data	    bss	    dec	    hex	filename
  13772	     20	   1988	  15780	   3da4	LORA_V2.elf
Finished building: default.size.stdout
 
18:26:38 **** Incremental Build of configuration Debug for project LORA_V2 ****
make -j12 all 
arm-none-eabi-size   LORA_V2.elf 
   text	   data	    bss	    dec	    hex	filename
  13772	     20	   1988	  15780	   3da4	LORA_V2.elf
Finished building: default.size.stdout
 
18:27:11 **** Incremental Build of configuration Debug for project LORA_V2 ****
make -j12 all 
arm-none-eabi-size   LORA_V2.elf 
   text	   data	    bss	    dec	    hex	filename
  13772	     20	   1988	  15780	   3da4	LORA_V2.elf
Finished building: default.size.stdout
 
18:55:58 **** Incremental Build of configuration Debug for project LORA_V2 ****
make -j16 all 
arm-none-eabi-gcc "../Drivers/STM32F1xx_HAL_Driver/Src/stm32f1xx_hal.c" -mcpu=cortex-m3 -std=gnu11 -g3 -DDEBUG -DUSE_HAL_DRIVER -DSTM32F103xB -c -I../Core/Inc -I../Drivers/STM32F1xx_HAL_Driver/Inc/Legacy -I../Drivers/STM32F1xx_HAL_Driver/Inc -I../Drivers/CMSIS/Device/ST/STM32F1xx/Include -I../Drivers/CMSIS/Include -O0 -ffunction-sections -fdata-sections -Wall -fstack-usage -fcyclomatic-complexity -MMD -MP -MF"Drivers/STM32F1xx_HAL_Driver/Src/stm32f1xx_hal.d" -MT"Drivers/STM32F1xx_HAL_Driver/Src/stm32f1xx_hal.o" --specs=nano.specs -mfloat-abi=soft -mthumb -o "Drivers/STM32F1xx_HAL_Driver/Src/stm32f1xx_hal.o"
arm-none-eabi-gcc "../Drivers/STM32F1xx_HAL_Driver/Src/stm32f1xx_hal_cortex.c" -mcpu=cortex-m3 -std=gnu11 -g3 -DDEBUG -DUSE_HAL_DRIVER -DSTM32F103xB -c -I../Core/Inc -I../Drivers/STM32F1xx_HAL_Driver/Inc/Legacy -I../Drivers/STM32F1xx_HAL_Driver/Inc -I../Drivers/CMSIS/Device/ST/STM32F1xx/Include -I../Drivers/CMSIS/Include -O0 -ffunction-sections -fdata-sections -Wall -fstack-usage -fcyclomatic-complexity -MMD -MP -MF"Drivers/STM32F1xx_HAL_Driver/Src/stm32f1xx_hal_cortex.d" -MT"Drivers/STM32F1xx_HAL_Driver/Src/stm32f1xx_hal_cortex.o" --specs=nano.specs -mfloat-abi=soft -mthumb -o "Drivers/STM32F1xx_HAL_Driver/Src/stm32f1xx_hal_cortex.o"
arm-none-eabi-gcc "../Drivers/STM32F1xx_HAL_Driver/Src/stm32f1xx_hal_dma.c" -mcpu=cortex-m3 -std=gnu11 -g3 -DDEBUG -DUSE_HAL_DRIVER -DSTM32F103xB -c -I../Core/Inc -I../Drivers/STM32F1xx_HAL_Driver/Inc/Legacy -I../Drivers/STM32F1xx_HAL_Driver/Inc -I../Drivers/CMSIS/Device/ST/STM32F1xx/Include -I../Drivers/CMSIS/Include -O0 -ffunction-sections -fdata-sections -Wall -fstack-usage -fcyclomatic-complexity -MMD -MP -MF"Drivers/STM32F1xx_HAL_Driver/Src/stm32f1xx_hal_dma.d" -MT"Drivers/STM32F1xx_HAL_Driver/Src/stm32f1xx_hal_dma.o" --specs=nano.specs -mfloat-abi=soft -mthumb -o "Drivers/STM32F1xx_HAL_Driver/Src/stm32f1xx_hal_dma.o"
arm-none-eabi-gcc "../Drivers/STM32F1xx_HAL_Driver/Src/stm32f1xx_hal_exti.c" -mcpu=cortex-m3 -std=gnu11 -g3 -DDEBUG -DUSE_HAL_DRIVER -DSTM32F103xB -c -I../Core/Inc -I../Drivers/STM32F1xx_HAL_Driver/Inc/Legacy -I../Drivers/STM32F1xx_HAL_Driver/Inc -I../Drivers/CMSIS/Device/ST/STM32F1xx/Include -I../Drivers/CMSIS/Include -O0 -ffunction-sections -fdata-sections -Wall -fstack-usage -fcyclomatic-complexity -MMD -MP -MF"Drivers/STM32F1xx_HAL_Driver/Src/stm32f1xx_hal_exti.d" -MT"Drivers/STM32F1xx_HAL_Driver/Src/stm32f1xx_hal_exti.o" --specs=nano.specs -mfloat-abi=soft -mthumb -o "Drivers/STM32F1xx_HAL_Driver/Src/stm32f1xx_hal_exti.o"
arm-none-eabi-gcc "../Drivers/STM32F1xx_HAL_Driver/Src/stm32f1xx_hal_flash.c" -mcpu=cortex-m3 -std=gnu11 -g3 -DDEBUG -DUSE_HAL_DRIVER -DSTM32F103xB -c -I../Core/Inc -I../Drivers/STM32F1xx_HAL_Driver/Inc/Legacy -I../Drivers/STM32F1xx_HAL_Driver/Inc -I../Drivers/CMSIS/Device/ST/STM32F1xx/Include -I../Drivers/CMSIS/Include -O0 -ffunction-sections -fdata-sections -Wall -fstack-usage -fcyclomatic-complexity -MMD -MP -MF"Drivers/STM32F1xx_HAL_Driver/Src/stm32f1xx_hal_flash.d" -MT"Drivers/STM32F1xx_HAL_Driver/Src/stm32f1xx_hal_flash.o" --specs=nano.specs -mfloat-abi=soft -mthumb -o "Drivers/STM32F1xx_HAL_Driver/Src/stm32f1xx_hal_flash.o"
arm-none-eabi-gcc "../Drivers/STM32F1xx_HAL_Driver/Src/stm32f1xx_hal_flash_ex.c" -mcpu=cortex-m3 -std=gnu11 -g3 -DDEBUG -DUSE_HAL_DRIVER -DSTM32F103xB -c -I../Core/Inc -I../Drivers/STM32F1xx_HAL_Driver/Inc/Legacy -I../Drivers/STM32F1xx_HAL_Driver/Inc -I../Drivers/CMSIS/Device/ST/STM32F1xx/Include -I../Drivers/CMSIS/Include -O0 -ffunction-sections -fdata-sections -Wall -fstack-usage -fcyclomatic-complexity -MMD -MP -MF"Drivers/STM32F1xx_HAL_Driver/Src/stm32f1xx_hal_flash_ex.d" -MT"Drivers/STM32F1xx_HAL_Driver/Src/stm32f1xx_hal_flash_ex.o" --specs=nano.specs -mfloat-abi=soft -mthumb -o "Drivers/STM32F1xx_HAL_Driver/Src/stm32f1xx_hal_flash_ex.o"
arm-none-eabi-gcc "../Drivers/STM32F1xx_HAL_Driver/Src/stm32f1xx_hal_gpio.c" -mcpu=cortex-m3 -std=gnu11 -g3 -DDEBUG -DUSE_HAL_DRIVER -DSTM32F103xB -c -I../Core/Inc -I../Drivers/STM32F1xx_HAL_Driver/Inc/Legacy -I../Drivers/STM32F1xx_HAL_Driver/Inc -I../Drivers/CMSIS/Device/ST/STM32F1xx/Include -I../Drivers/CMSIS/Include -O0 -ffunction-sections -fdata-sections -Wall -fstack-usage -fcyclomatic-complexity -MMD -MP -MF"Drivers/STM32F1xx_HAL_Driver/Src/stm32f1xx_hal_gpio.d" -MT"Drivers/STM32F1xx_HAL_Driver/Src/stm32f1xx_hal_gpio.o" --specs=nano.specs -mfloat-abi=soft -mthumb -o "Drivers/STM32F1xx_HAL_Driver/Src/stm32f1xx_hal_gpio.o"
arm-none-eabi-gcc "../Drivers/STM32F1xx_HAL_Driver/Src/stm32f1xx_hal_gpio_ex.c" -mcpu=cortex-m3 -std=gnu11 -g3 -DDEBUG -DUSE_HAL_DRIVER -DSTM32F103xB -c -I../Core/Inc -I../Drivers/STM32F1xx_HAL_Driver/Inc/Legacy -I../Drivers/STM32F1xx_HAL_Driver/Inc -I../Drivers/CMSIS/Device/ST/STM32F1xx/Include -I../Drivers/CMSIS/Include -O0 -ffunction-sections -fdata-sections -Wall -fstack-usage -fcyclomatic-complexity -MMD -MP -MF"Drivers/STM32F1xx_HAL_Driver/Src/stm32f1xx_hal_gpio_ex.d" -MT"Drivers/STM32F1xx_HAL_Driver/Src/stm32f1xx_hal_gpio_ex.o" --specs=nano.specs -mfloat-abi=soft -mthumb -o "Drivers/STM32F1xx_HAL_Driver/Src/stm32f1xx_hal_gpio_ex.o"
arm-none-eabi-gcc "../Drivers/STM32F1xx_HAL_Driver/Src/stm32f1xx_hal_i2c.c" -mcpu=cortex-m3 -std=gnu11 -g3 -DDEBUG -DUSE_HAL_DRIVER -DSTM32F103xB -c -I../Core/Inc -I../Drivers/STM32F1xx_HAL_Driver/Inc/Legacy -I../Drivers/STM32F1xx_HAL_Driver/Inc -I../Drivers/CMSIS/Device/ST/STM32F1xx/Include -I../Drivers/CMSIS/Include -O0 -ffunction-sections -fdata-sections -Wall -fstack-usage -fcyclomatic-complexity -MMD -MP -MF"Drivers/STM32F1xx_HAL_Driver/Src/stm32f1xx_hal_i2c.d" -MT"Drivers/STM32F1xx_HAL_Driver/Src/stm32f1xx_hal_i2c.o" --specs=nano.specs -mfloat-abi=soft -mthumb -o "Drivers/STM32F1xx_HAL_Driver/Src/stm32f1xx_hal_i2c.o"
arm-none-eabi-gcc "../Drivers/STM32F1xx_HAL_Driver/Src/stm32f1xx_hal_pwr.c" -mcpu=cortex-m3 -std=gnu11 -g3 -DDEBUG -DUSE_HAL_DRIVER -DSTM32F103xB -c -I../Core/Inc -I../Drivers/STM32F1xx_HAL_Driver/Inc/Legacy -I../Drivers/STM32F1xx_HAL_Driver/Inc -I../Drivers/CMSIS/Device/ST/STM32F1xx/Include -I../Drivers/CMSIS/Include -O0 -ffunction-sections -fdata-sections -Wall -fstack-usage -fcyclomatic-complexity -MMD -MP -MF"Drivers/STM32F1xx_HAL_Driver/Src/stm32f1xx_hal_pwr.d" -MT"Drivers/STM32F1xx_HAL_Driver/Src/stm32f1xx_hal_pwr.o" --specs=nano.specs -mfloat-abi=soft -mthumb -o "Drivers/STM32F1xx_HAL_Driver/Src/stm32f1xx_hal_pwr.o"
arm-none-eabi-gcc "../Drivers/STM32F1xx_HAL_Driver/Src/stm32f1xx_hal_rcc.c" -mcpu=cortex-m3 -std=gnu11 -g3 -DDEBUG -DUSE_HAL_DRIVER -DSTM32F103xB -c -I../Core/Inc -I../Drivers/STM32F1xx_HAL_Driver/Inc/Legacy -I../Drivers/STM32F1xx_HAL_Driver/Inc -I../Drivers/CMSIS/Device/ST/STM32F1xx/Include -I../Drivers/CMSIS/Include -O0 -ffunction-sections -fdata-sections -Wall -fstack-usage -fcyclomatic-complexity -MMD -MP -MF"Drivers/STM32F1xx_HAL_Driver/Src/stm32f1xx_hal_rcc.d" -MT"Drivers/STM32F1xx_HAL_Driver/Src/stm32f1xx_hal_rcc.o" --specs=nano.specs -mfloat-abi=soft -mthumb -o "Drivers/STM32F1xx_HAL_Driver/Src/stm32f1xx_hal_rcc.o"
arm-none-eabi-gcc "../Drivers/STM32F1xx_HAL_Driver/Src/stm32f1xx_hal_rcc_ex.c" -mcpu=cortex-m3 -std=gnu11 -g3 -DDEBUG -DUSE_HAL_DRIVER -DSTM32F103xB -c -I../Core/Inc -I../Drivers/STM32F1xx_HAL_Driver/Inc/Legacy -I../Drivers/STM32F1xx_HAL_Driver/Inc -I../Drivers/CMSIS/Device/ST/STM32F1xx/Include -I../Drivers/CMSIS/Include -O0 -ffunction-sections -fdata-sections -Wall -fstack-usage -fcyclomatic-complexity -MMD -MP -MF"Drivers/STM32F1xx_HAL_Driver/Src/stm32f1xx_hal_rcc_ex.d" -MT"Drivers/STM32F1xx_HAL_Driver/Src/stm32f1xx_hal_rcc_ex.o" --specs=nano.specs -mfloat-abi=soft -mthumb -o "Drivers/STM32F1xx_HAL_Driver/Src/stm32f1xx_hal_rcc_ex.o"
arm-none-eabi-gcc "../Drivers/STM32F1xx_HAL_Driver/Src/stm32f1xx_hal_spi.c" -mcpu=cortex-m3 -std=gnu11 -g3 -DDEBUG -DUSE_HAL_DRIVER -DSTM32F103xB -c -I../Core/Inc -I../Drivers/STM32F1xx_HAL_Driver/Inc/Legacy -I../Drivers/STM32F1xx_HAL_Driver/Inc -I../Drivers/CMSIS/Device/ST/STM32F1xx/Include -I../Drivers/CMSIS/Include -O0 -ffunction-sections -fdata-sections -Wall -fstack-usage -fcyclomatic-complexity -MMD -MP -MF"Drivers/STM32F1xx_HAL_Driver/Src/stm32f1xx_hal_spi.d" -MT"Drivers/STM32F1xx_HAL_Driver/Src/stm32f1xx_hal_spi.o" --specs=nano.specs -mfloat-abi=soft -mthumb -o "Drivers/STM32F1xx_HAL_Driver/Src/stm32f1xx_hal_spi.o"
arm-none-eabi-gcc "../Drivers/STM32F1xx_HAL_Driver/Src/stm32f1xx_hal_tim.c" -mcpu=cortex-m3 -std=gnu11 -g3 -DDEBUG -DUSE_HAL_DRIVER -DSTM32F103xB -c -I../Core/Inc -I../Drivers/STM32F1xx_HAL_Driver/Inc/Legacy -I../Drivers/STM32F1xx_HAL_Driver/Inc -I../Drivers/CMSIS/Device/ST/STM32F1xx/Include -I../Drivers/CMSIS/Include -O0 -ffunction-sections -fdata-sections -Wall -fstack-usage -fcyclomatic-complexity -MMD -MP -MF"Drivers/STM32F1xx_HAL_Driver/Src/stm32f1xx_hal_tim.d" -MT"Drivers/STM32F1xx_HAL_Driver/Src/stm32f1xx_hal_tim.o" --specs=nano.specs -mfloat-abi=soft -mthumb -o "Drivers/STM32F1xx_HAL_Driver/Src/stm32f1xx_hal_tim.o"
arm-none-eabi-gcc "../Drivers/STM32F1xx_HAL_Driver/Src/stm32f1xx_hal_tim_ex.c" -mcpu=cortex-m3 -std=gnu11 -g3 -DDEBUG -DUSE_HAL_DRIVER -DSTM32F103xB -c -I../Core/Inc -I../Drivers/STM32F1xx_HAL_Driver/Inc/Legacy -I../Drivers/STM32F1xx_HAL_Driver/Inc -I../Drivers/CMSIS/Device/ST/STM32F1xx/Include -I../Drivers/CMSIS/Include -O0 -ffunction-sections -fdata-sections -Wall -fstack-usage -fcyclomatic-complexity -MMD -MP -MF"Drivers/STM32F1xx_HAL_Driver/Src/stm32f1xx_hal_tim_ex.d" -MT"Drivers/STM32F1xx_HAL_Driver/Src/stm32f1xx_hal_tim_ex.o" --specs=nano.specs -mfloat-abi=soft -mthumb -o "Drivers/STM32F1xx_HAL_Driver/Src/stm32f1xx_hal_tim_ex.o"
arm-none-eabi-gcc "../Drivers/STM32F1xx_HAL_Driver/Src/stm32f1xx_hal_uart.c" -mcpu=cortex-m3 -std=gnu11 -g3 -DDEBUG -DUSE_HAL_DRIVER -DSTM32F103xB -c -I../Core/Inc -I../Drivers/STM32F1xx_HAL_Driver/Inc/Legacy -I../Drivers/STM32F1xx_HAL_Driver/Inc -I../Drivers/CMSIS/Device/ST/STM32F1xx/Include -I../Drivers/CMSIS/Include -O0 -ffunction-sections -fdata-sections -Wall -fstack-usage -fcyclomatic-complexity -MMD -MP -MF"Drivers/STM32F1xx_HAL_Driver/Src/stm32f1xx_hal_uart.d" -MT"Drivers/STM32F1xx_HAL_Driver/Src/stm32f1xx_hal_uart.o" --specs=nano.specs -mfloat-abi=soft -mthumb -o "Drivers/STM32F1xx_HAL_Driver/Src/stm32f1xx_hal_uart.o"
arm-none-eabi-gcc -mcpu=cortex-m3 -g3 -DDEBUG -c -x assembler-with-cpp -MMD -MP -MF"Core/Startup/startup_stm32f103c8tx.d" -MT"Core/Startup/startup_stm32f103c8tx.o" --specs=nano.specs -mfloat-abi=soft -mthumb -o "Core/Startup/startup_stm32f103c8tx.o" "../Core/Startup/startup_stm32f103c8tx.s"
arm-none-eabi-gcc "../Core/Src/LoRa.c" -mcpu=cortex-m3 -std=gnu11 -g3 -DDEBUG -DUSE_HAL_DRIVER -DSTM32F103xB -c -I../Core/Inc -I../Drivers/STM32F1xx_HAL_Driver/Inc/Legacy -I../Drivers/STM32F1xx_HAL_Driver/Inc -I../Drivers/CMSIS/Device/ST/STM32F1xx/Include -I../Drivers/CMSIS/Include -O0 -ffunction-sections -fdata-sections -Wall -fstack-usage -fcyclomatic-complexity -MMD -MP -MF"Core/Src/LoRa.d" -MT"Core/Src/LoRa.o" --specs=nano.specs -mfloat-abi=soft -mthumb -o "Core/Src/LoRa.o"
arm-none-eabi-gcc "../Core/Src/main.c" -mcpu=cortex-m3 -std=gnu11 -g3 -DDEBUG -DUSE_HAL_DRIVER -DSTM32F103xB -c -I../Core/Inc -I../Drivers/STM32F1xx_HAL_Driver/Inc/Legacy -I../Drivers/STM32F1xx_HAL_Driver/Inc -I../Drivers/CMSIS/Device/ST/STM32F1xx/Include -I../Drivers/CMSIS/Include -O0 -ffunction-sections -fdata-sections -Wall -fstack-usage -fcyclomatic-complexity -MMD -MP -MF"Core/Src/main.d" -MT"Core/Src/main.o" --specs=nano.specs -mfloat-abi=soft -mthumb -o "Core/Src/main.o"
arm-none-eabi-gcc "../Core/Src/stm32f1xx_hal_msp.c" -mcpu=cortex-m3 -std=gnu11 -g3 -DDEBUG -DUSE_HAL_DRIVER -DSTM32F103xB -c -I../Core/Inc -I../Drivers/STM32F1xx_HAL_Driver/Inc/Legacy -I../Drivers/STM32F1xx_HAL_Driver/Inc -I../Drivers/CMSIS/Device/ST/STM32F1xx/Include -I../Drivers/CMSIS/Include -O0 -ffunction-sections -fdata-sections -Wall -fstack-usage -fcyclomatic-complexity -MMD -MP -MF"Core/Src/stm32f1xx_hal_msp.d" -MT"Core/Src/stm32f1xx_hal_msp.o" --specs=nano.specs -mfloat-abi=soft -mthumb -o "Core/Src/stm32f1xx_hal_msp.o"
arm-none-eabi-gcc "../Core/Src/stm32f1xx_it.c" -mcpu=cortex-m3 -std=gnu11 -g3 -DDEBUG -DUSE_HAL_DRIVER -DSTM32F103xB -c -I../Core/Inc -I../Drivers/STM32F1xx_HAL_Driver/Inc/Legacy -I../Drivers/STM32F1xx_HAL_Driver/Inc -I../Drivers/CMSIS/Device/ST/STM32F1xx/Include -I../Drivers/CMSIS/Include -O0 -ffunction-sections -fdata-sections -Wall -fstack-usage -fcyclomatic-complexity -MMD -MP -MF"Core/Src/stm32f1xx_it.d" -MT"Core/Src/stm32f1xx_it.o" --specs=nano.specs -mfloat-abi=soft -mthumb -o "Core/Src/stm32f1xx_it.o"
arm-none-eabi-gcc "../Core/Src/syscalls.c" -mcpu=cortex-m3 -std=gnu11 -g3 -DDEBUG -DUSE_HAL_DRIVER -DSTM32F103xB -c -I../Core/Inc -I../Drivers/STM32F1xx_HAL_Driver/Inc/Legacy -I../Drivers/STM32F1xx_HAL_Driver/Inc -I../Drivers/CMSIS/Device/ST/STM32F1xx/Include -I../Drivers/CMSIS/Include -O0 -ffunction-sections -fdata-sections -Wall -fstack-usage -fcyclomatic-complexity -MMD -MP -MF"Core/Src/syscalls.d" -MT"Core/Src/syscalls.o" --specs=nano.specs -mfloat-abi=soft -mthumb -o "Core/Src/syscalls.o"
arm-none-eabi-gcc "../Core/Src/sysmem.c" -mcpu=cortex-m3 -std=gnu11 -g3 -DDEBUG -DUSE_HAL_DRIVER -DSTM32F103xB -c -I../Core/Inc -I../Drivers/STM32F1xx_HAL_Driver/Inc/Legacy -I../Drivers/STM32F1xx_HAL_Driver/Inc -I../Drivers/CMSIS/Device/ST/STM32F1xx/Include -I../Drivers/CMSIS/Include -O0 -ffunction-sections -fdata-sections -Wall -fstack-usage -fcyclomatic-complexity -MMD -MP -MF"Core/Src/sysmem.d" -MT"Core/Src/sysmem.o" --specs=nano.specs -mfloat-abi=soft -mthumb -o "Core/Src/sysmem.o"
arm-none-eabi-gcc "../Core/Src/system_stm32f1xx.c" -mcpu=cortex-m3 -std=gnu11 -g3 -DDEBUG -DUSE_HAL_DRIVER -DSTM32F103xB -c -I../Core/Inc -I../Drivers/STM32F1xx_HAL_Driver/Inc/Legacy -I../Drivers/STM32F1xx_HAL_Driver/Inc -I../Drivers/CMSIS/Device/ST/STM32F1xx/Include -I../Drivers/CMSIS/Include -O0 -ffunction-sections -fdata-sections -Wall -fstack-usage -fcyclomatic-complexity -MMD -MP -MF"Core/Src/system_stm32f1xx.d" -MT"Core/Src/system_stm32f1xx.o" --specs=nano.specs -mfloat-abi=soft -mthumb -o "Core/Src/system_stm32f1xx.o"
arm-none-eabi-gcc -o "LORA_V2.elf" @"objects.list"   -mcpu=cortex-m3 -T"D:\smart_garden\LORA_V2\STM32F103C8TX_FLASH.ld" --specs=nosys.specs -Wl,-Map="LORA_V2.map" -Wl,--gc-sections -static --specs=nano.specs -mfloat-abi=soft -mthumb -Wl,--start-group -lc -lm -Wl,--end-group
Finished building target: LORA_V2.elf
 
arm-none-eabi-size   LORA_V2.elf 
arm-none-eabi-objdump -h -S  LORA_V2.elf  > "LORA_V2.list"
   text	   data	    bss	    dec	    hex	filename
  13644	     20	   1988	  15652	   3d24	LORA_V2.elf
Finished building: default.size.stdout
 
Finished building: LORA_V2.list
 
18:56:29 **** Incremental Build of configuration Debug for project LORA_V2 ****
make -j16 all 
arm-none-eabi-size   LORA_V2.elf 
   text	   data	    bss	    dec	    hex	filename
  13644	     20	   1988	  15652	   3d24	LORA_V2.elf
Finished building: default.size.stdout
 
19:00:36 **** Incremental Build of configuration Debug for project LORA_V2 ****
make -j16 all 
arm-none-eabi-size   LORA_V2.elf 
   text	   data	    bss	    dec	    hex	filename
  13644	     20	   1988	  15652	   3d24	LORA_V2.elf
Finished building: default.size.stdout
 
19:01:27 **** Incremental Build of configuration Debug for project LORA_V2 ****
make -j16 all 
arm-none-eabi-size   LORA_V2.elf 
   text	   data	    bss	    dec	    hex	filename
  13644	     20	   1988	  15652	   3d24	LORA_V2.elf
Finished building: default.size.stdout
 
19:01:41 **** Incremental Build of configuration Debug for project LORA_V2 ****
make -j16 all 
arm-none-eabi-size   LORA_V2.elf 
   text	   data	    bss	    dec	    hex	filename
  13644	     20	   1988	  15652	   3d24	LORA_V2.elf
Finished building: default.size.stdout
 
19:18:32 **** Incremental Build of configuration Debug for project LORA_V2 ****
make -j16 all 
arm-none-eabi-size   LORA_V2.elf 
   text	   data	    bss	    dec	    hex	filename
  13644	     20	   1988	  15652	   3d24	LORA_V2.elf
Finished building: default.size.stdout
 
19:18:38 **** Incremental Build of configuration Debug for project LORA_V2 ****
make -j16 all 
arm-none-eabi-size   LORA_V2.elf 
   text	   data	    bss	    dec	    hex	filename
  13644	     20	   1988	  15652	   3d24	LORA_V2.elf
Finished building: default.size.stdout
 
19:19:51 **** Incremental Build of configuration Debug for project LORA_V2 ****
make -j16 all 
arm-none-eabi-size   LORA_V2.elf 
   text	   data	    bss	    dec	    hex	filename
  13644	     20	   1988	  15652	   3d24	LORA_V2.elf
Finished building: default.size.stdout
 
19:23:51 **** Incremental Build of configuration Debug for project LORA_V2 ****
make -j16 all 
arm-none-eabi-size   LORA_V2.elf 
   text	   data	    bss	    dec	    hex	filename
  13644	     20	   1988	  15652	   3d24	LORA_V2.elf
Finished building: default.size.stdout
 
19:24:30 **** Incremental Build of configuration Debug for project LORA_V2 ****
make -j16 all 
arm-none-eabi-size   LORA_V2.elf 
   text	   data	    bss	    dec	    hex	filename
  13644	     20	   1988	  15652	   3d24	LORA_V2.elf
Finished building: default.size.stdout
 
19:26:36 **** Incremental Build of configuration Debug for project LORA_V2 ****
make -j16 all 
arm-none-eabi-gcc "../Drivers/STM32F1xx_HAL_Driver/Src/stm32f1xx_hal.c" -mcpu=cortex-m3 -std=gnu11 -g3 -DDEBUG -DUSE_HAL_DRIVER -DSTM32F103xB -c -I../Core/Inc -I../Drivers/STM32F1xx_HAL_Driver/Inc/Legacy -I../Drivers/STM32F1xx_HAL_Driver/Inc -I../Drivers/CMSIS/Device/ST/STM32F1xx/Include -I../Drivers/CMSIS/Include -O0 -ffunction-sections -fdata-sections -Wall -fstack-usage -fcyclomatic-complexity -MMD -MP -MF"Drivers/STM32F1xx_HAL_Driver/Src/stm32f1xx_hal.d" -MT"Drivers/STM32F1xx_HAL_Driver/Src/stm32f1xx_hal.o" --specs=nano.specs -mfloat-abi=soft -mthumb -o "Drivers/STM32F1xx_HAL_Driver/Src/stm32f1xx_hal.o"
arm-none-eabi-gcc "../Drivers/STM32F1xx_HAL_Driver/Src/stm32f1xx_hal_cortex.c" -mcpu=cortex-m3 -std=gnu11 -g3 -DDEBUG -DUSE_HAL_DRIVER -DSTM32F103xB -c -I../Core/Inc -I../Drivers/STM32F1xx_HAL_Driver/Inc/Legacy -I../Drivers/STM32F1xx_HAL_Driver/Inc -I../Drivers/CMSIS/Device/ST/STM32F1xx/Include -I../Drivers/CMSIS/Include -O0 -ffunction-sections -fdata-sections -Wall -fstack-usage -fcyclomatic-complexity -MMD -MP -MF"Drivers/STM32F1xx_HAL_Driver/Src/stm32f1xx_hal_cortex.d" -MT"Drivers/STM32F1xx_HAL_Driver/Src/stm32f1xx_hal_cortex.o" --specs=nano.specs -mfloat-abi=soft -mthumb -o "Drivers/STM32F1xx_HAL_Driver/Src/stm32f1xx_hal_cortex.o"
arm-none-eabi-gcc "../Drivers/STM32F1xx_HAL_Driver/Src/stm32f1xx_hal_dma.c" -mcpu=cortex-m3 -std=gnu11 -g3 -DDEBUG -DUSE_HAL_DRIVER -DSTM32F103xB -c -I../Core/Inc -I../Drivers/STM32F1xx_HAL_Driver/Inc/Legacy -I../Drivers/STM32F1xx_HAL_Driver/Inc -I../Drivers/CMSIS/Device/ST/STM32F1xx/Include -I../Drivers/CMSIS/Include -O0 -ffunction-sections -fdata-sections -Wall -fstack-usage -fcyclomatic-complexity -MMD -MP -MF"Drivers/STM32F1xx_HAL_Driver/Src/stm32f1xx_hal_dma.d" -MT"Drivers/STM32F1xx_HAL_Driver/Src/stm32f1xx_hal_dma.o" --specs=nano.specs -mfloat-abi=soft -mthumb -o "Drivers/STM32F1xx_HAL_Driver/Src/stm32f1xx_hal_dma.o"
arm-none-eabi-gcc "../Drivers/STM32F1xx_HAL_Driver/Src/stm32f1xx_hal_exti.c" -mcpu=cortex-m3 -std=gnu11 -g3 -DDEBUG -DUSE_HAL_DRIVER -DSTM32F103xB -c -I../Core/Inc -I../Drivers/STM32F1xx_HAL_Driver/Inc/Legacy -I../Drivers/STM32F1xx_HAL_Driver/Inc -I../Drivers/CMSIS/Device/ST/STM32F1xx/Include -I../Drivers/CMSIS/Include -O0 -ffunction-sections -fdata-sections -Wall -fstack-usage -fcyclomatic-complexity -MMD -MP -MF"Drivers/STM32F1xx_HAL_Driver/Src/stm32f1xx_hal_exti.d" -MT"Drivers/STM32F1xx_HAL_Driver/Src/stm32f1xx_hal_exti.o" --specs=nano.specs -mfloat-abi=soft -mthumb -o "Drivers/STM32F1xx_HAL_Driver/Src/stm32f1xx_hal_exti.o"
arm-none-eabi-gcc "../Drivers/STM32F1xx_HAL_Driver/Src/stm32f1xx_hal_flash.c" -mcpu=cortex-m3 -std=gnu11 -g3 -DDEBUG -DUSE_HAL_DRIVER -DSTM32F103xB -c -I../Core/Inc -I../Drivers/STM32F1xx_HAL_Driver/Inc/Legacy -I../Drivers/STM32F1xx_HAL_Driver/Inc -I../Drivers/CMSIS/Device/ST/STM32F1xx/Include -I../Drivers/CMSIS/Include -O0 -ffunction-sections -fdata-sections -Wall -fstack-usage -fcyclomatic-complexity -MMD -MP -MF"Drivers/STM32F1xx_HAL_Driver/Src/stm32f1xx_hal_flash.d" -MT"Drivers/STM32F1xx_HAL_Driver/Src/stm32f1xx_hal_flash.o" --specs=nano.specs -mfloat-abi=soft -mthumb -o "Drivers/STM32F1xx_HAL_Driver/Src/stm32f1xx_hal_flash.o"
arm-none-eabi-gcc "../Drivers/STM32F1xx_HAL_Driver/Src/stm32f1xx_hal_flash_ex.c" -mcpu=cortex-m3 -std=gnu11 -g3 -DDEBUG -DUSE_HAL_DRIVER -DSTM32F103xB -c -I../Core/Inc -I../Drivers/STM32F1xx_HAL_Driver/Inc/Legacy -I../Drivers/STM32F1xx_HAL_Driver/Inc -I../Drivers/CMSIS/Device/ST/STM32F1xx/Include -I../Drivers/CMSIS/Include -O0 -ffunction-sections -fdata-sections -Wall -fstack-usage -fcyclomatic-complexity -MMD -MP -MF"Drivers/STM32F1xx_HAL_Driver/Src/stm32f1xx_hal_flash_ex.d" -MT"Drivers/STM32F1xx_HAL_Driver/Src/stm32f1xx_hal_flash_ex.o" --specs=nano.specs -mfloat-abi=soft -mthumb -o "Drivers/STM32F1xx_HAL_Driver/Src/stm32f1xx_hal_flash_ex.o"
arm-none-eabi-gcc "../Drivers/STM32F1xx_HAL_Driver/Src/stm32f1xx_hal_gpio.c" -mcpu=cortex-m3 -std=gnu11 -g3 -DDEBUG -DUSE_HAL_DRIVER -DSTM32F103xB -c -I../Core/Inc -I../Drivers/STM32F1xx_HAL_Driver/Inc/Legacy -I../Drivers/STM32F1xx_HAL_Driver/Inc -I../Drivers/CMSIS/Device/ST/STM32F1xx/Include -I../Drivers/CMSIS/Include -O0 -ffunction-sections -fdata-sections -Wall -fstack-usage -fcyclomatic-complexity -MMD -MP -MF"Drivers/STM32F1xx_HAL_Driver/Src/stm32f1xx_hal_gpio.d" -MT"Drivers/STM32F1xx_HAL_Driver/Src/stm32f1xx_hal_gpio.o" --specs=nano.specs -mfloat-abi=soft -mthumb -o "Drivers/STM32F1xx_HAL_Driver/Src/stm32f1xx_hal_gpio.o"
arm-none-eabi-gcc "../Drivers/STM32F1xx_HAL_Driver/Src/stm32f1xx_hal_gpio_ex.c" -mcpu=cortex-m3 -std=gnu11 -g3 -DDEBUG -DUSE_HAL_DRIVER -DSTM32F103xB -c -I../Core/Inc -I../Drivers/STM32F1xx_HAL_Driver/Inc/Legacy -I../Drivers/STM32F1xx_HAL_Driver/Inc -I../Drivers/CMSIS/Device/ST/STM32F1xx/Include -I../Drivers/CMSIS/Include -O0 -ffunction-sections -fdata-sections -Wall -fstack-usage -fcyclomatic-complexity -MMD -MP -MF"Drivers/STM32F1xx_HAL_Driver/Src/stm32f1xx_hal_gpio_ex.d" -MT"Drivers/STM32F1xx_HAL_Driver/Src/stm32f1xx_hal_gpio_ex.o" --specs=nano.specs -mfloat-abi=soft -mthumb -o "Drivers/STM32F1xx_HAL_Driver/Src/stm32f1xx_hal_gpio_ex.o"
arm-none-eabi-gcc "../Drivers/STM32F1xx_HAL_Driver/Src/stm32f1xx_hal_i2c.c" -mcpu=cortex-m3 -std=gnu11 -g3 -DDEBUG -DUSE_HAL_DRIVER -DSTM32F103xB -c -I../Core/Inc -I../Drivers/STM32F1xx_HAL_Driver/Inc/Legacy -I../Drivers/STM32F1xx_HAL_Driver/Inc -I../Drivers/CMSIS/Device/ST/STM32F1xx/Include -I../Drivers/CMSIS/Include -O0 -ffunction-sections -fdata-sections -Wall -fstack-usage -fcyclomatic-complexity -MMD -MP -MF"Drivers/STM32F1xx_HAL_Driver/Src/stm32f1xx_hal_i2c.d" -MT"Drivers/STM32F1xx_HAL_Driver/Src/stm32f1xx_hal_i2c.o" --specs=nano.specs -mfloat-abi=soft -mthumb -o "Drivers/STM32F1xx_HAL_Driver/Src/stm32f1xx_hal_i2c.o"
arm-none-eabi-gcc "../Drivers/STM32F1xx_HAL_Driver/Src/stm32f1xx_hal_pwr.c" -mcpu=cortex-m3 -std=gnu11 -g3 -DDEBUG -DUSE_HAL_DRIVER -DSTM32F103xB -c -I../Core/Inc -I../Drivers/STM32F1xx_HAL_Driver/Inc/Legacy -I../Drivers/STM32F1xx_HAL_Driver/Inc -I../Drivers/CMSIS/Device/ST/STM32F1xx/Include -I../Drivers/CMSIS/Include -O0 -ffunction-sections -fdata-sections -Wall -fstack-usage -fcyclomatic-complexity -MMD -MP -MF"Drivers/STM32F1xx_HAL_Driver/Src/stm32f1xx_hal_pwr.d" -MT"Drivers/STM32F1xx_HAL_Driver/Src/stm32f1xx_hal_pwr.o" --specs=nano.specs -mfloat-abi=soft -mthumb -o "Drivers/STM32F1xx_HAL_Driver/Src/stm32f1xx_hal_pwr.o"
arm-none-eabi-gcc "../Drivers/STM32F1xx_HAL_Driver/Src/stm32f1xx_hal_rcc.c" -mcpu=cortex-m3 -std=gnu11 -g3 -DDEBUG -DUSE_HAL_DRIVER -DSTM32F103xB -c -I../Core/Inc -I../Drivers/STM32F1xx_HAL_Driver/Inc/Legacy -I../Drivers/STM32F1xx_HAL_Driver/Inc -I../Drivers/CMSIS/Device/ST/STM32F1xx/Include -I../Drivers/CMSIS/Include -O0 -ffunction-sections -fdata-sections -Wall -fstack-usage -fcyclomatic-complexity -MMD -MP -MF"Drivers/STM32F1xx_HAL_Driver/Src/stm32f1xx_hal_rcc.d" -MT"Drivers/STM32F1xx_HAL_Driver/Src/stm32f1xx_hal_rcc.o" --specs=nano.specs -mfloat-abi=soft -mthumb -o "Drivers/STM32F1xx_HAL_Driver/Src/stm32f1xx_hal_rcc.o"
arm-none-eabi-gcc "../Drivers/STM32F1xx_HAL_Driver/Src/stm32f1xx_hal_rcc_ex.c" -mcpu=cortex-m3 -std=gnu11 -g3 -DDEBUG -DUSE_HAL_DRIVER -DSTM32F103xB -c -I../Core/Inc -I../Drivers/STM32F1xx_HAL_Driver/Inc/Legacy -I../Drivers/STM32F1xx_HAL_Driver/Inc -I../Drivers/CMSIS/Device/ST/STM32F1xx/Include -I../Drivers/CMSIS/Include -O0 -ffunction-sections -fdata-sections -Wall -fstack-usage -fcyclomatic-complexity -MMD -MP -MF"Drivers/STM32F1xx_HAL_Driver/Src/stm32f1xx_hal_rcc_ex.d" -MT"Drivers/STM32F1xx_HAL_Driver/Src/stm32f1xx_hal_rcc_ex.o" --specs=nano.specs -mfloat-abi=soft -mthumb -o "Drivers/STM32F1xx_HAL_Driver/Src/stm32f1xx_hal_rcc_ex.o"
arm-none-eabi-gcc "../Drivers/STM32F1xx_HAL_Driver/Src/stm32f1xx_hal_spi.c" -mcpu=cortex-m3 -std=gnu11 -g3 -DDEBUG -DUSE_HAL_DRIVER -DSTM32F103xB -c -I../Core/Inc -I../Drivers/STM32F1xx_HAL_Driver/Inc/Legacy -I../Drivers/STM32F1xx_HAL_Driver/Inc -I../Drivers/CMSIS/Device/ST/STM32F1xx/Include -I../Drivers/CMSIS/Include -O0 -ffunction-sections -fdata-sections -Wall -fstack-usage -fcyclomatic-complexity -MMD -MP -MF"Drivers/STM32F1xx_HAL_Driver/Src/stm32f1xx_hal_spi.d" -MT"Drivers/STM32F1xx_HAL_Driver/Src/stm32f1xx_hal_spi.o" --specs=nano.specs -mfloat-abi=soft -mthumb -o "Drivers/STM32F1xx_HAL_Driver/Src/stm32f1xx_hal_spi.o"
arm-none-eabi-gcc "../Drivers/STM32F1xx_HAL_Driver/Src/stm32f1xx_hal_tim.c" -mcpu=cortex-m3 -std=gnu11 -g3 -DDEBUG -DUSE_HAL_DRIVER -DSTM32F103xB -c -I../Core/Inc -I../Drivers/STM32F1xx_HAL_Driver/Inc/Legacy -I../Drivers/STM32F1xx_HAL_Driver/Inc -I../Drivers/CMSIS/Device/ST/STM32F1xx/Include -I../Drivers/CMSIS/Include -O0 -ffunction-sections -fdata-sections -Wall -fstack-usage -fcyclomatic-complexity -MMD -MP -MF"Drivers/STM32F1xx_HAL_Driver/Src/stm32f1xx_hal_tim.d" -MT"Drivers/STM32F1xx_HAL_Driver/Src/stm32f1xx_hal_tim.o" --specs=nano.specs -mfloat-abi=soft -mthumb -o "Drivers/STM32F1xx_HAL_Driver/Src/stm32f1xx_hal_tim.o"
arm-none-eabi-gcc "../Drivers/STM32F1xx_HAL_Driver/Src/stm32f1xx_hal_tim_ex.c" -mcpu=cortex-m3 -std=gnu11 -g3 -DDEBUG -DUSE_HAL_DRIVER -DSTM32F103xB -c -I../Core/Inc -I../Drivers/STM32F1xx_HAL_Driver/Inc/Legacy -I../Drivers/STM32F1xx_HAL_Driver/Inc -I../Drivers/CMSIS/Device/ST/STM32F1xx/Include -I../Drivers/CMSIS/Include -O0 -ffunction-sections -fdata-sections -Wall -fstack-usage -fcyclomatic-complexity -MMD -MP -MF"Drivers/STM32F1xx_HAL_Driver/Src/stm32f1xx_hal_tim_ex.d" -MT"Drivers/STM32F1xx_HAL_Driver/Src/stm32f1xx_hal_tim_ex.o" --specs=nano.specs -mfloat-abi=soft -mthumb -o "Drivers/STM32F1xx_HAL_Driver/Src/stm32f1xx_hal_tim_ex.o"
arm-none-eabi-gcc "../Drivers/STM32F1xx_HAL_Driver/Src/stm32f1xx_hal_uart.c" -mcpu=cortex-m3 -std=gnu11 -g3 -DDEBUG -DUSE_HAL_DRIVER -DSTM32F103xB -c -I../Core/Inc -I../Drivers/STM32F1xx_HAL_Driver/Inc/Legacy -I../Drivers/STM32F1xx_HAL_Driver/Inc -I../Drivers/CMSIS/Device/ST/STM32F1xx/Include -I../Drivers/CMSIS/Include -O0 -ffunction-sections -fdata-sections -Wall -fstack-usage -fcyclomatic-complexity -MMD -MP -MF"Drivers/STM32F1xx_HAL_Driver/Src/stm32f1xx_hal_uart.d" -MT"Drivers/STM32F1xx_HAL_Driver/Src/stm32f1xx_hal_uart.o" --specs=nano.specs -mfloat-abi=soft -mthumb -o "Drivers/STM32F1xx_HAL_Driver/Src/stm32f1xx_hal_uart.o"
arm-none-eabi-gcc "../Core/Src/LoRa.c" -mcpu=cortex-m3 -std=gnu11 -g3 -DDEBUG -DUSE_HAL_DRIVER -DSTM32F103xB -c -I../Core/Inc -I../Drivers/STM32F1xx_HAL_Driver/Inc/Legacy -I../Drivers/STM32F1xx_HAL_Driver/Inc -I../Drivers/CMSIS/Device/ST/STM32F1xx/Include -I../Drivers/CMSIS/Include -O0 -ffunction-sections -fdata-sections -Wall -fstack-usage -fcyclomatic-complexity -MMD -MP -MF"Core/Src/LoRa.d" -MT"Core/Src/LoRa.o" --specs=nano.specs -mfloat-abi=soft -mthumb -o "Core/Src/LoRa.o"
arm-none-eabi-gcc "../Core/Src/main.c" -mcpu=cortex-m3 -std=gnu11 -g3 -DDEBUG -DUSE_HAL_DRIVER -DSTM32F103xB -c -I../Core/Inc -I../Drivers/STM32F1xx_HAL_Driver/Inc/Legacy -I../Drivers/STM32F1xx_HAL_Driver/Inc -I../Drivers/CMSIS/Device/ST/STM32F1xx/Include -I../Drivers/CMSIS/Include -O0 -ffunction-sections -fdata-sections -Wall -fstack-usage -fcyclomatic-complexity -MMD -MP -MF"Core/Src/main.d" -MT"Core/Src/main.o" --specs=nano.specs -mfloat-abi=soft -mthumb -o "Core/Src/main.o"
arm-none-eabi-gcc "../Core/Src/stm32f1xx_hal_msp.c" -mcpu=cortex-m3 -std=gnu11 -g3 -DDEBUG -DUSE_HAL_DRIVER -DSTM32F103xB -c -I../Core/Inc -I../Drivers/STM32F1xx_HAL_Driver/Inc/Legacy -I../Drivers/STM32F1xx_HAL_Driver/Inc -I../Drivers/CMSIS/Device/ST/STM32F1xx/Include -I../Drivers/CMSIS/Include -O0 -ffunction-sections -fdata-sections -Wall -fstack-usage -fcyclomatic-complexity -MMD -MP -MF"Core/Src/stm32f1xx_hal_msp.d" -MT"Core/Src/stm32f1xx_hal_msp.o" --specs=nano.specs -mfloat-abi=soft -mthumb -o "Core/Src/stm32f1xx_hal_msp.o"
arm-none-eabi-gcc "../Core/Src/stm32f1xx_it.c" -mcpu=cortex-m3 -std=gnu11 -g3 -DDEBUG -DUSE_HAL_DRIVER -DSTM32F103xB -c -I../Core/Inc -I../Drivers/STM32F1xx_HAL_Driver/Inc/Legacy -I../Drivers/STM32F1xx_HAL_Driver/Inc -I../Drivers/CMSIS/Device/ST/STM32F1xx/Include -I../Drivers/CMSIS/Include -O0 -ffunction-sections -fdata-sections -Wall -fstack-usage -fcyclomatic-complexity -MMD -MP -MF"Core/Src/stm32f1xx_it.d" -MT"Core/Src/stm32f1xx_it.o" --specs=nano.specs -mfloat-abi=soft -mthumb -o "Core/Src/stm32f1xx_it.o"
arm-none-eabi-gcc "../Core/Src/system_stm32f1xx.c" -mcpu=cortex-m3 -std=gnu11 -g3 -DDEBUG -DUSE_HAL_DRIVER -DSTM32F103xB -c -I../Core/Inc -I../Drivers/STM32F1xx_HAL_Driver/Inc/Legacy -I../Drivers/STM32F1xx_HAL_Driver/Inc -I../Drivers/CMSIS/Device/ST/STM32F1xx/Include -I../Drivers/CMSIS/Include -O0 -ffunction-sections -fdata-sections -Wall -fstack-usage -fcyclomatic-complexity -MMD -MP -MF"Core/Src/system_stm32f1xx.d" -MT"Core/Src/system_stm32f1xx.o" --specs=nano.specs -mfloat-abi=soft -mthumb -o "Core/Src/system_stm32f1xx.o"
arm-none-eabi-gcc -o "LORA_V2.elf" @"objects.list"   -mcpu=cortex-m3 -T"D:\smart_garden\LORA_V2\STM32F103C8TX_FLASH.ld" --specs=nosys.specs -Wl,-Map="LORA_V2.map" -Wl,--gc-sections -static --specs=nano.specs -mfloat-abi=soft -mthumb -Wl,--start-group -lc -lm -Wl,--end-group
Finished building target: LORA_V2.elf
 
arm-none-eabi-size   LORA_V2.elf 
arm-none-eabi-objdump -h -S  LORA_V2.elf  > "LORA_V2.list"
   text	   data	    bss	    dec	    hex	filename
  13852	     20	   1988	  15860	   3df4	LORA_V2.elf
Finished building: default.size.stdout
 
Finished building: LORA_V2.list
 
19:33:32 **** Incremental Build of configuration Debug for project LORA_V2 ****
make -j16 all 
arm-none-eabi-gcc "../Core/Src/main.c" -mcpu=cortex-m3 -std=gnu11 -g3 -DDEBUG -DUSE_HAL_DRIVER -DSTM32F103xB -c -I../Core/Inc -I../Drivers/STM32F1xx_HAL_Driver/Inc/Legacy -I../Drivers/STM32F1xx_HAL_Driver/Inc -I../Drivers/CMSIS/Device/ST/STM32F1xx/Include -I../Drivers/CMSIS/Include -O0 -ffunction-sections -fdata-sections -Wall -fstack-usage -fcyclomatic-complexity -MMD -MP -MF"Core/Src/main.d" -MT"Core/Src/main.o" --specs=nano.specs -mfloat-abi=soft -mthumb -o "Core/Src/main.o"
arm-none-eabi-gcc -o "LORA_V2.elf" @"objects.list"   -mcpu=cortex-m3 -T"D:\smart_garden\LORA_V2\STM32F103C8TX_FLASH.ld" --specs=nosys.specs -Wl,-Map="LORA_V2.map" -Wl,--gc-sections -static --specs=nano.specs -mfloat-abi=soft -mthumb -Wl,--start-group -lc -lm -Wl,--end-group
Finished building target: LORA_V2.elf
 
arm-none-eabi-size   LORA_V2.elf 
arm-none-eabi-objdump -h -S  LORA_V2.elf  > "LORA_V2.list"
   text	   data	    bss	    dec	    hex	filename
  13856	     20	   1988	  15864	   3df8	LORA_V2.elf
Finished building: default.size.stdout
 
Finished building: LORA_V2.list
 
20:11:37 **** Build of configuration Debug for project LORA_V3 ****
make -j16 all 
arm-none-eabi-gcc "../Drivers/STM32F1xx_HAL_Driver/Src/stm32f1xx_hal.c" -mcpu=cortex-m3 -std=gnu11 -g3 -DDEBUG -DUSE_HAL_DRIVER -DSTM32F103xB -c -I../Core/Inc -I../Drivers/STM32F1xx_HAL_Driver/Inc/Legacy -I../Drivers/STM32F1xx_HAL_Driver/Inc -I../Drivers/CMSIS/Device/ST/STM32F1xx/Include -I../Drivers/CMSIS/Include -O0 -ffunction-sections -fdata-sections -Wall -fstack-usage -fcyclomatic-complexity -MMD -MP -MF"Drivers/STM32F1xx_HAL_Driver/Src/stm32f1xx_hal.d" -MT"Drivers/STM32F1xx_HAL_Driver/Src/stm32f1xx_hal.o" --specs=nano.specs -mfloat-abi=soft -mthumb -o "Drivers/STM32F1xx_HAL_Driver/Src/stm32f1xx_hal.o"
arm-none-eabi-gcc "../Drivers/STM32F1xx_HAL_Driver/Src/stm32f1xx_hal_cortex.c" -mcpu=cortex-m3 -std=gnu11 -g3 -DDEBUG -DUSE_HAL_DRIVER -DSTM32F103xB -c -I../Core/Inc -I../Drivers/STM32F1xx_HAL_Driver/Inc/Legacy -I../Drivers/STM32F1xx_HAL_Driver/Inc -I../Drivers/CMSIS/Device/ST/STM32F1xx/Include -I../Drivers/CMSIS/Include -O0 -ffunction-sections -fdata-sections -Wall -fstack-usage -fcyclomatic-complexity -MMD -MP -MF"Drivers/STM32F1xx_HAL_Driver/Src/stm32f1xx_hal_cortex.d" -MT"Drivers/STM32F1xx_HAL_Driver/Src/stm32f1xx_hal_cortex.o" --specs=nano.specs -mfloat-abi=soft -mthumb -o "Drivers/STM32F1xx_HAL_Driver/Src/stm32f1xx_hal_cortex.o"
arm-none-eabi-gcc "../Drivers/STM32F1xx_HAL_Driver/Src/stm32f1xx_hal_dma.c" -mcpu=cortex-m3 -std=gnu11 -g3 -DDEBUG -DUSE_HAL_DRIVER -DSTM32F103xB -c -I../Core/Inc -I../Drivers/STM32F1xx_HAL_Driver/Inc/Legacy -I../Drivers/STM32F1xx_HAL_Driver/Inc -I../Drivers/CMSIS/Device/ST/STM32F1xx/Include -I../Drivers/CMSIS/Include -O0 -ffunction-sections -fdata-sections -Wall -fstack-usage -fcyclomatic-complexity -MMD -MP -MF"Drivers/STM32F1xx_HAL_Driver/Src/stm32f1xx_hal_dma.d" -MT"Drivers/STM32F1xx_HAL_Driver/Src/stm32f1xx_hal_dma.o" --specs=nano.specs -mfloat-abi=soft -mthumb -o "Drivers/STM32F1xx_HAL_Driver/Src/stm32f1xx_hal_dma.o"
arm-none-eabi-gcc "../Drivers/STM32F1xx_HAL_Driver/Src/stm32f1xx_hal_exti.c" -mcpu=cortex-m3 -std=gnu11 -g3 -DDEBUG -DUSE_HAL_DRIVER -DSTM32F103xB -c -I../Core/Inc -I../Drivers/STM32F1xx_HAL_Driver/Inc/Legacy -I../Drivers/STM32F1xx_HAL_Driver/Inc -I../Drivers/CMSIS/Device/ST/STM32F1xx/Include -I../Drivers/CMSIS/Include -O0 -ffunction-sections -fdata-sections -Wall -fstack-usage -fcyclomatic-complexity -MMD -MP -MF"Drivers/STM32F1xx_HAL_Driver/Src/stm32f1xx_hal_exti.d" -MT"Drivers/STM32F1xx_HAL_Driver/Src/stm32f1xx_hal_exti.o" --specs=nano.specs -mfloat-abi=soft -mthumb -o "Drivers/STM32F1xx_HAL_Driver/Src/stm32f1xx_hal_exti.o"
arm-none-eabi-gcc "../Drivers/STM32F1xx_HAL_Driver/Src/stm32f1xx_hal_flash.c" -mcpu=cortex-m3 -std=gnu11 -g3 -DDEBUG -DUSE_HAL_DRIVER -DSTM32F103xB -c -I../Core/Inc -I../Drivers/STM32F1xx_HAL_Driver/Inc/Legacy -I../Drivers/STM32F1xx_HAL_Driver/Inc -I../Drivers/CMSIS/Device/ST/STM32F1xx/Include -I../Drivers/CMSIS/Include -O0 -ffunction-sections -fdata-sections -Wall -fstack-usage -fcyclomatic-complexity -MMD -MP -MF"Drivers/STM32F1xx_HAL_Driver/Src/stm32f1xx_hal_flash.d" -MT"Drivers/STM32F1xx_HAL_Driver/Src/stm32f1xx_hal_flash.o" --specs=nano.specs -mfloat-abi=soft -mthumb -o "Drivers/STM32F1xx_HAL_Driver/Src/stm32f1xx_hal_flash.o"
arm-none-eabi-gcc "../Drivers/STM32F1xx_HAL_Driver/Src/stm32f1xx_hal_flash_ex.c" -mcpu=cortex-m3 -std=gnu11 -g3 -DDEBUG -DUSE_HAL_DRIVER -DSTM32F103xB -c -I../Core/Inc -I../Drivers/STM32F1xx_HAL_Driver/Inc/Legacy -I../Drivers/STM32F1xx_HAL_Driver/Inc -I../Drivers/CMSIS/Device/ST/STM32F1xx/Include -I../Drivers/CMSIS/Include -O0 -ffunction-sections -fdata-sections -Wall -fstack-usage -fcyclomatic-complexity -MMD -MP -MF"Drivers/STM32F1xx_HAL_Driver/Src/stm32f1xx_hal_flash_ex.d" -MT"Drivers/STM32F1xx_HAL_Driver/Src/stm32f1xx_hal_flash_ex.o" --specs=nano.specs -mfloat-abi=soft -mthumb -o "Drivers/STM32F1xx_HAL_Driver/Src/stm32f1xx_hal_flash_ex.o"
arm-none-eabi-gcc "../Drivers/STM32F1xx_HAL_Driver/Src/stm32f1xx_hal_gpio.c" -mcpu=cortex-m3 -std=gnu11 -g3 -DDEBUG -DUSE_HAL_DRIVER -DSTM32F103xB -c -I../Core/Inc -I../Drivers/STM32F1xx_HAL_Driver/Inc/Legacy -I../Drivers/STM32F1xx_HAL_Driver/Inc -I../Drivers/CMSIS/Device/ST/STM32F1xx/Include -I../Drivers/CMSIS/Include -O0 -ffunction-sections -fdata-sections -Wall -fstack-usage -fcyclomatic-complexity -MMD -MP -MF"Drivers/STM32F1xx_HAL_Driver/Src/stm32f1xx_hal_gpio.d" -MT"Drivers/STM32F1xx_HAL_Driver/Src/stm32f1xx_hal_gpio.o" --specs=nano.specs -mfloat-abi=soft -mthumb -o "Drivers/STM32F1xx_HAL_Driver/Src/stm32f1xx_hal_gpio.o"
arm-none-eabi-gcc "../Drivers/STM32F1xx_HAL_Driver/Src/stm32f1xx_hal_gpio_ex.c" -mcpu=cortex-m3 -std=gnu11 -g3 -DDEBUG -DUSE_HAL_DRIVER -DSTM32F103xB -c -I../Core/Inc -I../Drivers/STM32F1xx_HAL_Driver/Inc/Legacy -I../Drivers/STM32F1xx_HAL_Driver/Inc -I../Drivers/CMSIS/Device/ST/STM32F1xx/Include -I../Drivers/CMSIS/Include -O0 -ffunction-sections -fdata-sections -Wall -fstack-usage -fcyclomatic-complexity -MMD -MP -MF"Drivers/STM32F1xx_HAL_Driver/Src/stm32f1xx_hal_gpio_ex.d" -MT"Drivers/STM32F1xx_HAL_Driver/Src/stm32f1xx_hal_gpio_ex.o" --specs=nano.specs -mfloat-abi=soft -mthumb -o "Drivers/STM32F1xx_HAL_Driver/Src/stm32f1xx_hal_gpio_ex.o"
arm-none-eabi-gcc "../Drivers/STM32F1xx_HAL_Driver/Src/stm32f1xx_hal_pwr.c" -mcpu=cortex-m3 -std=gnu11 -g3 -DDEBUG -DUSE_HAL_DRIVER -DSTM32F103xB -c -I../Core/Inc -I../Drivers/STM32F1xx_HAL_Driver/Inc/Legacy -I../Drivers/STM32F1xx_HAL_Driver/Inc -I../Drivers/CMSIS/Device/ST/STM32F1xx/Include -I../Drivers/CMSIS/Include -O0 -ffunction-sections -fdata-sections -Wall -fstack-usage -fcyclomatic-complexity -MMD -MP -MF"Drivers/STM32F1xx_HAL_Driver/Src/stm32f1xx_hal_pwr.d" -MT"Drivers/STM32F1xx_HAL_Driver/Src/stm32f1xx_hal_pwr.o" --specs=nano.specs -mfloat-abi=soft -mthumb -o "Drivers/STM32F1xx_HAL_Driver/Src/stm32f1xx_hal_pwr.o"
arm-none-eabi-gcc "../Drivers/STM32F1xx_HAL_Driver/Src/stm32f1xx_hal_rcc.c" -mcpu=cortex-m3 -std=gnu11 -g3 -DDEBUG -DUSE_HAL_DRIVER -DSTM32F103xB -c -I../Core/Inc -I../Drivers/STM32F1xx_HAL_Driver/Inc/Legacy -I../Drivers/STM32F1xx_HAL_Driver/Inc -I../Drivers/CMSIS/Device/ST/STM32F1xx/Include -I../Drivers/CMSIS/Include -O0 -ffunction-sections -fdata-sections -Wall -fstack-usage -fcyclomatic-complexity -MMD -MP -MF"Drivers/STM32F1xx_HAL_Driver/Src/stm32f1xx_hal_rcc.d" -MT"Drivers/STM32F1xx_HAL_Driver/Src/stm32f1xx_hal_rcc.o" --specs=nano.specs -mfloat-abi=soft -mthumb -o "Drivers/STM32F1xx_HAL_Driver/Src/stm32f1xx_hal_rcc.o"
arm-none-eabi-gcc "../Drivers/STM32F1xx_HAL_Driver/Src/stm32f1xx_hal_rcc_ex.c" -mcpu=cortex-m3 -std=gnu11 -g3 -DDEBUG -DUSE_HAL_DRIVER -DSTM32F103xB -c -I../Core/Inc -I../Drivers/STM32F1xx_HAL_Driver/Inc/Legacy -I../Drivers/STM32F1xx_HAL_Driver/Inc -I../Drivers/CMSIS/Device/ST/STM32F1xx/Include -I../Drivers/CMSIS/Include -O0 -ffunction-sections -fdata-sections -Wall -fstack-usage -fcyclomatic-complexity -MMD -MP -MF"Drivers/STM32F1xx_HAL_Driver/Src/stm32f1xx_hal_rcc_ex.d" -MT"Drivers/STM32F1xx_HAL_Driver/Src/stm32f1xx_hal_rcc_ex.o" --specs=nano.specs -mfloat-abi=soft -mthumb -o "Drivers/STM32F1xx_HAL_Driver/Src/stm32f1xx_hal_rcc_ex.o"
arm-none-eabi-gcc "../Drivers/STM32F1xx_HAL_Driver/Src/stm32f1xx_hal_spi.c" -mcpu=cortex-m3 -std=gnu11 -g3 -DDEBUG -DUSE_HAL_DRIVER -DSTM32F103xB -c -I../Core/Inc -I../Drivers/STM32F1xx_HAL_Driver/Inc/Legacy -I../Drivers/STM32F1xx_HAL_Driver/Inc -I../Drivers/CMSIS/Device/ST/STM32F1xx/Include -I../Drivers/CMSIS/Include -O0 -ffunction-sections -fdata-sections -Wall -fstack-usage -fcyclomatic-complexity -MMD -MP -MF"Drivers/STM32F1xx_HAL_Driver/Src/stm32f1xx_hal_spi.d" -MT"Drivers/STM32F1xx_HAL_Driver/Src/stm32f1xx_hal_spi.o" --specs=nano.specs -mfloat-abi=soft -mthumb -o "Drivers/STM32F1xx_HAL_Driver/Src/stm32f1xx_hal_spi.o"
arm-none-eabi-gcc "../Drivers/STM32F1xx_HAL_Driver/Src/stm32f1xx_hal_tim.c" -mcpu=cortex-m3 -std=gnu11 -g3 -DDEBUG -DUSE_HAL_DRIVER -DSTM32F103xB -c -I../Core/Inc -I../Drivers/STM32F1xx_HAL_Driver/Inc/Legacy -I../Drivers/STM32F1xx_HAL_Driver/Inc -I../Drivers/CMSIS/Device/ST/STM32F1xx/Include -I../Drivers/CMSIS/Include -O0 -ffunction-sections -fdata-sections -Wall -fstack-usage -fcyclomatic-complexity -MMD -MP -MF"Drivers/STM32F1xx_HAL_Driver/Src/stm32f1xx_hal_tim.d" -MT"Drivers/STM32F1xx_HAL_Driver/Src/stm32f1xx_hal_tim.o" --specs=nano.specs -mfloat-abi=soft -mthumb -o "Drivers/STM32F1xx_HAL_Driver/Src/stm32f1xx_hal_tim.o"
arm-none-eabi-gcc "../Drivers/STM32F1xx_HAL_Driver/Src/stm32f1xx_hal_tim_ex.c" -mcpu=cortex-m3 -std=gnu11 -g3 -DDEBUG -DUSE_HAL_DRIVER -DSTM32F103xB -c -I../Core/Inc -I../Drivers/STM32F1xx_HAL_Driver/Inc/Legacy -I../Drivers/STM32F1xx_HAL_Driver/Inc -I../Drivers/CMSIS/Device/ST/STM32F1xx/Include -I../Drivers/CMSIS/Include -O0 -ffunction-sections -fdata-sections -Wall -fstack-usage -fcyclomatic-complexity -MMD -MP -MF"Drivers/STM32F1xx_HAL_Driver/Src/stm32f1xx_hal_tim_ex.d" -MT"Drivers/STM32F1xx_HAL_Driver/Src/stm32f1xx_hal_tim_ex.o" --specs=nano.specs -mfloat-abi=soft -mthumb -o "Drivers/STM32F1xx_HAL_Driver/Src/stm32f1xx_hal_tim_ex.o"
arm-none-eabi-gcc -mcpu=cortex-m3 -g3 -DDEBUG -c -x assembler-with-cpp -MMD -MP -MF"Core/Startup/startup_stm32f103c8tx.d" -MT"Core/Startup/startup_stm32f103c8tx.o" --specs=nano.specs -mfloat-abi=soft -mthumb -o "Core/Startup/startup_stm32f103c8tx.o" "../Core/Startup/startup_stm32f103c8tx.s"
arm-none-eabi-gcc "../Core/Src/main.c" -mcpu=cortex-m3 -std=gnu11 -g3 -DDEBUG -DUSE_HAL_DRIVER -DSTM32F103xB -c -I../Core/Inc -I../Drivers/STM32F1xx_HAL_Driver/Inc/Legacy -I../Drivers/STM32F1xx_HAL_Driver/Inc -I../Drivers/CMSIS/Device/ST/STM32F1xx/Include -I../Drivers/CMSIS/Include -O0 -ffunction-sections -fdata-sections -Wall -fstack-usage -fcyclomatic-complexity -MMD -MP -MF"Core/Src/main.d" -MT"Core/Src/main.o" --specs=nano.specs -mfloat-abi=soft -mthumb -o "Core/Src/main.o"
arm-none-eabi-gcc "../Core/Src/stm32f1xx_hal_msp.c" -mcpu=cortex-m3 -std=gnu11 -g3 -DDEBUG -DUSE_HAL_DRIVER -DSTM32F103xB -c -I../Core/Inc -I../Drivers/STM32F1xx_HAL_Driver/Inc/Legacy -I../Drivers/STM32F1xx_HAL_Driver/Inc -I../Drivers/CMSIS/Device/ST/STM32F1xx/Include -I../Drivers/CMSIS/Include -O0 -ffunction-sections -fdata-sections -Wall -fstack-usage -fcyclomatic-complexity -MMD -MP -MF"Core/Src/stm32f1xx_hal_msp.d" -MT"Core/Src/stm32f1xx_hal_msp.o" --specs=nano.specs -mfloat-abi=soft -mthumb -o "Core/Src/stm32f1xx_hal_msp.o"
arm-none-eabi-gcc "../Core/Src/stm32f1xx_it.c" -mcpu=cortex-m3 -std=gnu11 -g3 -DDEBUG -DUSE_HAL_DRIVER -DSTM32F103xB -c -I../Core/Inc -I../Drivers/STM32F1xx_HAL_Driver/Inc/Legacy -I../Drivers/STM32F1xx_HAL_Driver/Inc -I../Drivers/CMSIS/Device/ST/STM32F1xx/Include -I../Drivers/CMSIS/Include -O0 -ffunction-sections -fdata-sections -Wall -fstack-usage -fcyclomatic-complexity -MMD -MP -MF"Core/Src/stm32f1xx_it.d" -MT"Core/Src/stm32f1xx_it.o" --specs=nano.specs -mfloat-abi=soft -mthumb -o "Core/Src/stm32f1xx_it.o"
arm-none-eabi-gcc "../Core/Src/syscalls.c" -mcpu=cortex-m3 -std=gnu11 -g3 -DDEBUG -DUSE_HAL_DRIVER -DSTM32F103xB -c -I../Core/Inc -I../Drivers/STM32F1xx_HAL_Driver/Inc/Legacy -I../Drivers/STM32F1xx_HAL_Driver/Inc -I../Drivers/CMSIS/Device/ST/STM32F1xx/Include -I../Drivers/CMSIS/Include -O0 -ffunction-sections -fdata-sections -Wall -fstack-usage -fcyclomatic-complexity -MMD -MP -MF"Core/Src/syscalls.d" -MT"Core/Src/syscalls.o" --specs=nano.specs -mfloat-abi=soft -mthumb -o "Core/Src/syscalls.o"
arm-none-eabi-gcc "../Core/Src/sysmem.c" -mcpu=cortex-m3 -std=gnu11 -g3 -DDEBUG -DUSE_HAL_DRIVER -DSTM32F103xB -c -I../Core/Inc -I../Drivers/STM32F1xx_HAL_Driver/Inc/Legacy -I../Drivers/STM32F1xx_HAL_Driver/Inc -I../Drivers/CMSIS/Device/ST/STM32F1xx/Include -I../Drivers/CMSIS/Include -O0 -ffunction-sections -fdata-sections -Wall -fstack-usage -fcyclomatic-complexity -MMD -MP -MF"Core/Src/sysmem.d" -MT"Core/Src/sysmem.o" --specs=nano.specs -mfloat-abi=soft -mthumb -o "Core/Src/sysmem.o"
arm-none-eabi-gcc "../Core/Src/system_stm32f1xx.c" -mcpu=cortex-m3 -std=gnu11 -g3 -DDEBUG -DUSE_HAL_DRIVER -DSTM32F103xB -c -I../Core/Inc -I../Drivers/STM32F1xx_HAL_Driver/Inc/Legacy -I../Drivers/STM32F1xx_HAL_Driver/Inc -I../Drivers/CMSIS/Device/ST/STM32F1xx/Include -I../Drivers/CMSIS/Include -O0 -ffunction-sections -fdata-sections -Wall -fstack-usage -fcyclomatic-complexity -MMD -MP -MF"Core/Src/system_stm32f1xx.d" -MT"Core/Src/system_stm32f1xx.o" --specs=nano.specs -mfloat-abi=soft -mthumb -o "Core/Src/system_stm32f1xx.o"
arm-none-eabi-gcc -o "LORA_V3.elf" @"objects.list"   -mcpu=cortex-m3 -T"D:\smart_garden\LORA_V3\STM32F103C8TX_FLASH.ld" --specs=nosys.specs -Wl,-Map="LORA_V3.map" -Wl,--gc-sections -static --specs=nano.specs -mfloat-abi=soft -mthumb -Wl,--start-group -lc -lm -Wl,--end-group
Finished building target: LORA_V3.elf
 
arm-none-eabi-size   LORA_V3.elf 
arm-none-eabi-objdump -h -S  LORA_V3.elf  > "LORA_V3.list"
   text	   data	    bss	    dec	    hex	filename
   5312	     20	   1660	   6992	   1b50	LORA_V3.elf
Finished building: default.size.stdout
 
Finished building: LORA_V3.list
 
20:11:54 **** Incremental Build of configuration Debug for project LORA_V3 ****
make -j16 all 
arm-none-eabi-size   LORA_V3.elf 
   text	   data	    bss	    dec	    hex	filename
   5312	     20	   1660	   6992	   1b50	LORA_V3.elf
Finished building: default.size.stdout
 
20:12:56 **** Incremental Build of configuration Debug for project LORA_V3 ****
make -j16 all 
arm-none-eabi-size   LORA_V3.elf 
   text	   data	    bss	    dec	    hex	filename
   5312	     20	   1660	   6992	   1b50	LORA_V3.elf
Finished building: default.size.stdout
 
20:17:50 **** Incremental Build of configuration Debug for project LORA_V3 ****
make -j16 all 
arm-none-eabi-size   LORA_V3.elf 
   text	   data	    bss	    dec	    hex	filename
   5312	     20	   1660	   6992	   1b50	LORA_V3.elf
Finished building: default.size.stdout
 
21:15:32 **** Incremental Build of configuration Debug for project LORA_V3 ****
make -j16 all 
arm-none-eabi-size   LORA_V3.elf 
   text	   data	    bss	    dec	    hex	filename
   5312	     20	   1660	   6992	   1b50	LORA_V3.elf
Finished building: default.size.stdout
 
21:21:01 **** Incremental Build of configuration Debug for project LORA_V3 ****
make -j16 all 
arm-none-eabi-size   LORA_V3.elf 
   text	   data	    bss	    dec	    hex	filename
   5312	     20	   1660	   6992	   1b50	LORA_V3.elf
Finished building: default.size.stdout
 
05:53:52 **** Build of configuration Debug for project LORA_V2 ****
make -j16 all 
arm-none-eabi-gcc "../Core/Src/LoRa.c" -mcpu=cortex-m3 -std=gnu11 -g3 -DDEBUG -DUSE_HAL_DRIVER -DSTM32F103xB -c -I../Core/Inc -I../Drivers/STM32F1xx_HAL_Driver/Inc/Legacy -I../Drivers/STM32F1xx_HAL_Driver/Inc -I../Drivers/CMSIS/Device/ST/STM32F1xx/Include -I../Drivers/CMSIS/Include -O0 -ffunction-sections -fdata-sections -Wall -fstack-usage -fcyclomatic-complexity -MMD -MP -MF"Core/Src/LoRa.d" -MT"Core/Src/LoRa.o" --specs=nano.specs -mfloat-abi=soft -mthumb -o "Core/Src/LoRa.o"
arm-none-eabi-gcc "../Core/Src/main.c" -mcpu=cortex-m3 -std=gnu11 -g3 -DDEBUG -DUSE_HAL_DRIVER -DSTM32F103xB -c -I../Core/Inc -I../Drivers/STM32F1xx_HAL_Driver/Inc/Legacy -I../Drivers/STM32F1xx_HAL_Driver/Inc -I../Drivers/CMSIS/Device/ST/STM32F1xx/Include -I../Drivers/CMSIS/Include -O0 -ffunction-sections -fdata-sections -Wall -fstack-usage -fcyclomatic-complexity -MMD -MP -MF"Core/Src/main.d" -MT"Core/Src/main.o" --specs=nano.specs -mfloat-abi=soft -mthumb -o "Core/Src/main.o"
../Core/Src/main.c:160:1: error: expected identifier or '(' before '}' token
  160 | }
      | ^
make: *** [Core/Src/subdir.mk:37: Core/Src/main.o] Error 1
make: *** Waiting for unfinished jobs....
"make -j16 all" terminated with exit code 2. Build might be incomplete.
05:54:26 **** Incremental Build of configuration Debug for project LORA_V2 ****
make -j16 all 
arm-none-eabi-gcc "../Core/Src/main.c" -mcpu=cortex-m3 -std=gnu11 -g3 -DDEBUG -DUSE_HAL_DRIVER -DSTM32F103xB -c -I../Core/Inc -I../Drivers/STM32F1xx_HAL_Driver/Inc/Legacy -I../Drivers/STM32F1xx_HAL_Driver/Inc -I../Drivers/CMSIS/Device/ST/STM32F1xx/Include -I../Drivers/CMSIS/Include -O0 -ffunction-sections -fdata-sections -Wall -fstack-usage -fcyclomatic-complexity -MMD -MP -MF"Core/Src/main.d" -MT"Core/Src/main.o" --specs=nano.specs -mfloat-abi=soft -mthumb -o "Core/Src/main.o"
arm-none-eabi-gcc -o "LORA_V2.elf" @"objects.list"   -mcpu=cortex-m3 -T"D:\smart_garden\LORA_V2\STM32F103C8TX_FLASH.ld" --specs=nosys.specs -Wl,-Map="LORA_V2.map" -Wl,--gc-sections -static --specs=nano.specs -mfloat-abi=soft -mthumb -Wl,--start-group -lc -lm -Wl,--end-group
Finished building target: LORA_V2.elf
 
arm-none-eabi-size   LORA_V2.elf 
arm-none-eabi-objdump -h -S  LORA_V2.elf  > "LORA_V2.list"
   text	   data	    bss	    dec	    hex	filename
  13660	     20	   1860	  15540	   3cb4	LORA_V2.elf
Finished building: default.size.stdout
 
Finished building: LORA_V2.list
 
05:56:09 **** Incremental Build of configuration Debug for project LORA_V2 ****
make -j16 all 
arm-none-eabi-size   LORA_V2.elf 
   text	   data	    bss	    dec	    hex	filename
  13660	     20	   1860	  15540	   3cb4	LORA_V2.elf
Finished building: default.size.stdout
 
05:57:17 **** Incremental Build of configuration Debug for project LORA_V2 ****
make -j16 all 
arm-none-eabi-size   LORA_V2.elf 
   text	   data	    bss	    dec	    hex	filename
  13660	     20	   1860	  15540	   3cb4	LORA_V2.elf
Finished building: default.size.stdout
 
06:01:18 **** Incremental Build of configuration Debug for project LORA_V2 ****
make -j16 all 
arm-none-eabi-gcc "../Core/Src/main.c" -mcpu=cortex-m3 -std=gnu11 -g3 -DDEBUG -DUSE_HAL_DRIVER -DSTM32F103xB -c -I../Core/Inc -I../Drivers/STM32F1xx_HAL_Driver/Inc/Legacy -I../Drivers/STM32F1xx_HAL_Driver/Inc -I../Drivers/CMSIS/Device/ST/STM32F1xx/Include -I../Drivers/CMSIS/Include -O0 -ffunction-sections -fdata-sections -Wall -fstack-usage -fcyclomatic-complexity -MMD -MP -MF"Core/Src/main.d" -MT"Core/Src/main.o" --specs=nano.specs -mfloat-abi=soft -mthumb -o "Core/Src/main.o"
arm-none-eabi-gcc -o "LORA_V2.elf" @"objects.list"   -mcpu=cortex-m3 -T"D:\smart_garden\LORA_V2\STM32F103C8TX_FLASH.ld" --specs=nosys.specs -Wl,-Map="LORA_V2.map" -Wl,--gc-sections -static --specs=nano.specs -mfloat-abi=soft -mthumb -Wl,--start-group -lc -lm -Wl,--end-group
Finished building target: LORA_V2.elf
 
arm-none-eabi-size   LORA_V2.elf 
arm-none-eabi-objdump -h -S  LORA_V2.elf  > "LORA_V2.list"
   text	   data	    bss	    dec	    hex	filename
  13840	     20	   1988	  15848	   3de8	LORA_V2.elf
Finished building: default.size.stdout
 
Finished building: LORA_V2.list
 
06:21:33 **** Incremental Build of configuration Debug for project LORA_V2 ****
make -j16 all 
arm-none-eabi-gcc "../Core/Src/LoRa.c" -mcpu=cortex-m3 -std=gnu11 -g3 -DDEBUG -DUSE_HAL_DRIVER -DSTM32F103xB -c -I../Core/Inc -I../Drivers/STM32F1xx_HAL_Driver/Inc/Legacy -I../Drivers/STM32F1xx_HAL_Driver/Inc -I../Drivers/CMSIS/Device/ST/STM32F1xx/Include -I../Drivers/CMSIS/Include -O0 -ffunction-sections -fdata-sections -Wall -fstack-usage -fcyclomatic-complexity -MMD -MP -MF"Core/Src/LoRa.d" -MT"Core/Src/LoRa.o" --specs=nano.specs -mfloat-abi=soft -mthumb -o "Core/Src/LoRa.o"
arm-none-eabi-gcc "../Core/Src/main.c" -mcpu=cortex-m3 -std=gnu11 -g3 -DDEBUG -DUSE_HAL_DRIVER -DSTM32F103xB -c -I../Core/Inc -I../Drivers/STM32F1xx_HAL_Driver/Inc/Legacy -I../Drivers/STM32F1xx_HAL_Driver/Inc -I../Drivers/CMSIS/Device/ST/STM32F1xx/Include -I../Drivers/CMSIS/Include -O0 -ffunction-sections -fdata-sections -Wall -fstack-usage -fcyclomatic-complexity -MMD -MP -MF"Core/Src/main.d" -MT"Core/Src/main.o" --specs=nano.specs -mfloat-abi=soft -mthumb -o "Core/Src/main.o"
../Core/Src/main.c:56:23: warning: unsigned conversion from 'int' to 'uint8_t' {aka 'unsigned char'} changes value from '404' to '148' [-Woverflow]
   56 | uint8_t LoRa_init_stt=404;
      |                       ^~~
arm-none-eabi-gcc -o "LORA_V2.elf" @"objects.list"   -mcpu=cortex-m3 -T"D:\smart_garden\LORA_V2\STM32F103C8TX_FLASH.ld" --specs=nosys.specs -Wl,-Map="LORA_V2.map" -Wl,--gc-sections -static --specs=nano.specs -mfloat-abi=soft -mthumb -Wl,--start-group -lc -lm -Wl,--end-group
Finished building target: LORA_V2.elf
 
arm-none-eabi-size   LORA_V2.elf 
arm-none-eabi-objdump -h -S  LORA_V2.elf  > "LORA_V2.list"
   text	   data	    bss	    dec	    hex	filename
  13988	     24	   1992	  16004	   3e84	LORA_V2.elf
Finished building: default.size.stdout
 
Finished building: LORA_V2.list
 
06:22:58 **** Incremental Build of configuration Debug for project LORA_V2 ****
make -j16 all 
arm-none-eabi-gcc "../Core/Src/main.c" -mcpu=cortex-m3 -std=gnu11 -g3 -DDEBUG -DUSE_HAL_DRIVER -DSTM32F103xB -c -I../Core/Inc -I../Drivers/STM32F1xx_HAL_Driver/Inc/Legacy -I../Drivers/STM32F1xx_HAL_Driver/Inc -I../Drivers/CMSIS/Device/ST/STM32F1xx/Include -I../Drivers/CMSIS/Include -O0 -ffunction-sections -fdata-sections -Wall -fstack-usage -fcyclomatic-complexity -MMD -MP -MF"Core/Src/main.d" -MT"Core/Src/main.o" --specs=nano.specs -mfloat-abi=soft -mthumb -o "Core/Src/main.o"
arm-none-eabi-gcc -o "LORA_V2.elf" @"objects.list"   -mcpu=cortex-m3 -T"D:\smart_garden\LORA_V2\STM32F103C8TX_FLASH.ld" --specs=nosys.specs -Wl,-Map="LORA_V2.map" -Wl,--gc-sections -static --specs=nano.specs -mfloat-abi=soft -mthumb -Wl,--start-group -lc -lm -Wl,--end-group
Finished building target: LORA_V2.elf
 
arm-none-eabi-size   LORA_V2.elf 
arm-none-eabi-objdump -h -S  LORA_V2.elf  > "LORA_V2.list"
   text	   data	    bss	    dec	    hex	filename
  13988	     24	   1992	  16004	   3e84	LORA_V2.elf
Finished building: default.size.stdout
 
Finished building: LORA_V2.list
 
06:26:06 **** Cleaning Selected Files of configuration Debug for project LORA_V2 ****
Info: Internal Builder is used for build
Debug/Core/Src/main.o deleted.
Debug/Core/Src/main.su deleted.
Debug/Core/Src/main.cyclo deleted.
06:27:31 **** Incremental Build of configuration Debug for project LORA_V2 ****
make -j16 all 
arm-none-eabi-gcc "../Core/Src/main.c" -mcpu=cortex-m3 -std=gnu11 -g3 -DDEBUG -DUSE_HAL_DRIVER -DSTM32F103xB -c -I../Core/Inc -I../Drivers/STM32F1xx_HAL_Driver/Inc/Legacy -I../Drivers/STM32F1xx_HAL_Driver/Inc -I../Drivers/CMSIS/Device/ST/STM32F1xx/Include -I../Drivers/CMSIS/Include -O0 -ffunction-sections -fdata-sections -Wall -fstack-usage -fcyclomatic-complexity -MMD -MP -MF"Core/Src/main.d" -MT"Core/Src/main.o" --specs=nano.specs -mfloat-abi=soft -mthumb -o "Core/Src/main.o"
arm-none-eabi-gcc -o "LORA_V2.elf" @"objects.list"   -mcpu=cortex-m3 -T"D:\smart_garden\LORA_V2\STM32F103C8TX_FLASH.ld" --specs=nosys.specs -Wl,-Map="LORA_V2.map" -Wl,--gc-sections -static --specs=nano.specs -mfloat-abi=soft -mthumb -Wl,--start-group -lc -lm -Wl,--end-group
Finished building target: LORA_V2.elf
 
arm-none-eabi-size   LORA_V2.elf 
arm-none-eabi-objdump -h -S  LORA_V2.elf  > "LORA_V2.list"
   text	   data	    bss	    dec	    hex	filename
  13988	     24	   1992	  16004	   3e84	LORA_V2.elf
Finished building: default.size.stdout
 
Finished building: LORA_V2.list
 
06:39:01 **** Incremental Build of configuration Debug for project LORA_V2 ****
make -j16 all 
arm-none-eabi-gcc "../Core/Src/LoRa.c" -mcpu=cortex-m3 -std=gnu11 -g3 -DDEBUG -DUSE_HAL_DRIVER -DSTM32F103xB -c -I../Core/Inc -I../Drivers/STM32F1xx_HAL_Driver/Inc/Legacy -I../Drivers/STM32F1xx_HAL_Driver/Inc -I../Drivers/CMSIS/Device/ST/STM32F1xx/Include -I../Drivers/CMSIS/Include -O0 -ffunction-sections -fdata-sections -Wall -fstack-usage -fcyclomatic-complexity -MMD -MP -MF"Core/Src/LoRa.d" -MT"Core/Src/LoRa.o" --specs=nano.specs -mfloat-abi=soft -mthumb -o "Core/Src/LoRa.o"
arm-none-eabi-gcc "../Core/Src/main.c" -mcpu=cortex-m3 -std=gnu11 -g3 -DDEBUG -DUSE_HAL_DRIVER -DSTM32F103xB -c -I../Core/Inc -I../Drivers/STM32F1xx_HAL_Driver/Inc/Legacy -I../Drivers/STM32F1xx_HAL_Driver/Inc -I../Drivers/CMSIS/Device/ST/STM32F1xx/Include -I../Drivers/CMSIS/Include -O0 -ffunction-sections -fdata-sections -Wall -fstack-usage -fcyclomatic-complexity -MMD -MP -MF"Core/Src/main.d" -MT"Core/Src/main.o" --specs=nano.specs -mfloat-abi=soft -mthumb -o "Core/Src/main.o"
../Core/Src/LoRa.c: In function 'LoRa_transmit':
../Core/Src/LoRa.c:25:15: error: expected '=', ',', ';', 'asm' or '__attribute__' before '{' token
   25 | LoRa newLoRa(){
      |               ^
../Core/Src/LoRa.c:48:29: error: expected '=', ',', ';', 'asm' or '__attribute__' before '{' token
   48 | void LoRa_reset(LoRa* _LoRa){
      |                             ^
../Core/Src/LoRa.c:66:42: error: expected '=', ',', ';', 'asm' or '__attribute__' before '{' token
   66 | void LoRa_gotoMode(LoRa* _LoRa, int mode){
      |                                          ^
../Core/Src/LoRa.c:110:104: error: expected '=', ',', ';', 'asm' or '__attribute__' before '{' token
  110 | void LoRa_readReg(LoRa* _LoRa, uint8_t* address, uint16_t r_length, uint8_t* output, uint16_t w_length){
      |                                                                                                        ^
../Core/Src/LoRa.c:136:105: error: expected '=', ',', ';', 'asm' or '__attribute__' before '{' token
  136 | void LoRa_writeReg(LoRa* _LoRa, uint8_t* address, uint16_t r_length, uint8_t* values, uint16_t w_length){
      |                                                                                                         ^
../Core/Src/LoRa.c:158:65: error: expected '=', ',', ';', 'asm' or '__attribute__' before '{' token
  158 | void LoRa_setLowDaraRateOptimization(LoRa* _LoRa, uint8_t value){
      |                                                                 ^
../Core/Src/LoRa.c:183:34: error: expected '=', ',', ';', 'asm' or '__attribute__' before '{' token
  183 | void LoRa_setAutoLDO(LoRa* _LoRa){
      |                                  ^
../Core/Src/LoRa.c:200:46: error: expected '=', ',', ';', 'asm' or '__attribute__' before '{' token
  200 | void LoRa_setFrequency(LoRa* _LoRa, int freq){
      |                                              ^
../Core/Src/LoRa.c:232:50: error: expected '=', ',', ';', 'asm' or '__attribute__' before '{' token
  232 | void LoRa_setSpreadingFactor(LoRa* _LoRa, int SF){
      |                                                  ^
../Core/Src/LoRa.c:262:47: error: expected '=', ',', ';', 'asm' or '__attribute__' before '{' token
  262 | void LoRa_setPower(LoRa* _LoRa, uint8_t power){
      |                                               ^
../Core/Src/LoRa.c:278:47: error: expected '=', ',', ';', 'asm' or '__attribute__' before '{' token
  278 | void LoRa_setOCP(LoRa* _LoRa, uint8_t current){
      |                                               ^
../Core/Src/LoRa.c:306:41: error: expected '=', ',', ';', 'asm' or '__attribute__' before '{' token
  306 | void LoRa_setTOMsb_setCRCon(LoRa* _LoRa){
      |                                         ^
../Core/Src/LoRa.c:326:53: error: expected '=', ',', ';', 'asm' or '__attribute__' before '{' token
  326 | void LoRa_setSyncWord(LoRa* _LoRa, uint8_t syncword){
      |                                                     ^
../Core/Src/LoRa.c:342:48: error: expected '=', ',', ';', 'asm' or '__attribute__' before '{' token
  342 | uint8_t LoRa_read(LoRa* _LoRa, uint8_t address){
      |                                                ^
../Core/Src/LoRa.c:365:61: error: expected '=', ',', ';', 'asm' or '__attribute__' before '{' token
  365 | void LoRa_write(LoRa* _LoRa, uint8_t address, uint8_t value){
      |                                                             ^
../Core/Src/LoRa.c:387:83: error: expected '=', ',', ';', 'asm' or '__attribute__' before '{' token
  387 | void LoRa_BurstWrite(LoRa* _LoRa, uint8_t address, uint8_t *value, uint8_t length){
      |                                                                                   ^
../Core/Src/LoRa.c:415:34: error: expected '=', ',', ';', 'asm' or '__attribute__' before '{' token
  415 | uint8_t LoRa_isvalid(LoRa* _LoRa){
      |                                  ^
../Core/Src/LoRa.c:432:101: error: expected '=', ',', ';', 'asm' or '__attribute__' before '{' token
  432 | uint8_t LoRa_transmit(LoRa* _LoRa, uint8_t* data, uint8_t length, uint16_t timeout,uint8_t *regread){
      |                                                                                                     ^
../Core/Src/LoRa.c:470:38: error: expected '=', ',', ';', 'asm' or '__attribute__' before '{' token
  470 | void LoRa_startReceiving(LoRa* _LoRa){
      |                                      ^
../Core/Src/LoRa.c:486:65: error: expected '=', ',', ';', 'asm' or '__attribute__' before '{' token
  486 | uint8_t LoRa_receive(LoRa* _LoRa, uint8_t* data, uint8_t length){
      |                                                                 ^
../Core/Src/LoRa.c:519:30: error: expected '=', ',', ';', 'asm' or '__attribute__' before '{' token
  519 | int LoRa_getRSSI(LoRa* _LoRa){
      |                              ^
../Core/Src/LoRa.c:535:32: error: expected '=', ',', ';', 'asm' or '__attribute__' before '{' token
  535 | uint16_t LoRa_init(LoRa* _LoRa){
      |                                ^
In file included from ../Core/Src/LoRa.c:7:
../Core/Src/LoRa.h:129:9: error: old-style parameter declarations in prototyped function definition
  129 | uint8_t LoRa_transmit(LoRa* _LoRa, uint8_t* data, uint8_t length, uint16_t timeout,uint8_t *regread)
      |         ^~~~~~~~~~~~~
../Core/Src/LoRa.c:603: error: expected '{' at end of input
../Core/Src/LoRa.c:603: warning: control reaches end of non-void function [-Wreturn-type]
In file included from C:\ST\STM32CubeIDE_1.13.1\STM32CubeIDE\plugins\com.st.stm32cube.ide.mcu.externaltools.gnu-tools-for-stm32.11.3.rel1.win32_1.1.0.202305231506\tools\bin/../lib/gcc/arm-none-eabi/11.3.1/../../../../arm-none-eabi/include/sys/_types.h:24,
                 from C:\ST\STM32CubeIDE_1.13.1\STM32CubeIDE\plugins\com.st.stm32cube.ide.mcu.externaltools.gnu-tools-for-stm32.11.3.rel1.win32_1.1.0.202305231506\tools\bin/../lib/gcc/arm-none-eabi/11.3.1/../../../../arm-none-eabi/include/sys/reent.h:15,
                 from C:\ST\STM32CubeIDE_1.13.1\STM32CubeIDE\plugins\com.st.stm32cube.ide.mcu.externaltools.gnu-tools-for-stm32.11.3.rel1.win32_1.1.0.202305231506\tools\bin/../lib/gcc/arm-none-eabi/11.3.1/../../../../arm-none-eabi/include/stdlib.h:18,
                 from ../Core/Src/main.c:25:
C:\ST\STM32CubeIDE_1.13.1\STM32CubeIDE\plugins\com.st.stm32cube.ide.mcu.externaltools.gnu-tools-for-stm32.11.3.rel1.win32_1.1.0.202305231506\tools\bin/../lib/gcc/arm-none-eabi/11.3.1/include/stddef.h: In function 'LoRa_transmit':
C:\ST\STM32CubeIDE_1.13.1\STM32CubeIDE\plugins\com.st.stm32cube.ide.mcu.externaltools.gnu-tools-for-stm32.11.3.rel1.win32_1.1.0.202305231506\tools\bin/../lib/gcc/arm-none-eabi/11.3.1/include/stddef.h:350:23: error: storage class specified for parameter 'wint_t'
  350 | typedef __WINT_TYPE__ wint_t;
      |                       ^~~~~~
In file included from C:\ST\STM32CubeIDE_1.13.1\STM32CubeIDE\plugins\com.st.stm32cube.ide.mcu.externaltools.gnu-tools-for-stm32.11.3.rel1.win32_1.1.0.202305231506\tools\bin/../lib/gcc/arm-none-eabi/11.3.1/../../../../arm-none-eabi/include/sys/reent.h:15,
                 from C:\ST\STM32CubeIDE_1.13.1\STM32CubeIDE\plugins\com.st.stm32cube.ide.mcu.externaltools.gnu-tools-for-stm32.11.3.rel1.win32_1.1.0.202305231506\tools\bin/../lib/gcc/arm-none-eabi/11.3.1/../../../../arm-none-eabi/include/stdlib.h:18,
                 from ../Core/Src/main.c:25:
C:\ST\STM32CubeIDE_1.13.1\STM32CubeIDE\plugins\com.st.stm32cube.ide.mcu.externaltools.gnu-tools-for-stm32.11.3.rel1.win32_1.1.0.202305231506\tools\bin/../lib/gcc/arm-none-eabi/11.3.1/../../../../arm-none-eabi/include/sys/_types.h:30:14: error: storage class specified for parameter '__blkcnt_t'
   30 | typedef long __blkcnt_t;
      |              ^~~~~~~~~~
C:\ST\STM32CubeIDE_1.13.1\STM32CubeIDE\plugins\com.st.stm32cube.ide.mcu.externaltools.gnu-tools-for-stm32.11.3.rel1.win32_1.1.0.202305231506\tools\bin/../lib/gcc/arm-none-eabi/11.3.1/../../../../arm-none-eabi/include/sys/_types.h:34:14: error: storage class specified for parameter '__blksize_t'
   34 | typedef long __blksize_t;
      |              ^~~~~~~~~~~
C:\ST\STM32CubeIDE_1.13.1\STM32CubeIDE\plugins\com.st.stm32cube.ide.mcu.externaltools.gnu-tools-for-stm32.11.3.rel1.win32_1.1.0.202305231506\tools\bin/../lib/gcc/arm-none-eabi/11.3.1/../../../../arm-none-eabi/include/sys/_types.h:38:20: error: storage class specified for parameter '__fsblkcnt_t'
   38 | typedef __uint64_t __fsblkcnt_t;
      |                    ^~~~~~~~~~~~
C:\ST\STM32CubeIDE_1.13.1\STM32CubeIDE\plugins\com.st.stm32cube.ide.mcu.externaltools.gnu-tools-for-stm32.11.3.rel1.win32_1.1.0.202305231506\tools\bin/../lib/gcc/arm-none-eabi/11.3.1/../../../../arm-none-eabi/include/sys/_types.h:42:20: error: storage class specified for parameter '__fsfilcnt_t'
   42 | typedef __uint32_t __fsfilcnt_t;
      |                    ^~~~~~~~~~~~
C:\ST\STM32CubeIDE_1.13.1\STM32CubeIDE\plugins\com.st.stm32cube.ide.mcu.externaltools.gnu-tools-for-stm32.11.3.rel1.win32_1.1.0.202305231506\tools\bin/../lib/gcc/arm-none-eabi/11.3.1/../../../../arm-none-eabi/include/sys/_types.h:46:14: error: storage class specified for parameter '_off_t'
   46 | typedef long _off_t;
      |              ^~~~~~
C:\ST\STM32CubeIDE_1.13.1\STM32CubeIDE\plugins\com.st.stm32cube.ide.mcu.externaltools.gnu-tools-for-stm32.11.3.rel1.win32_1.1.0.202305231506\tools\bin/../lib/gcc/arm-none-eabi/11.3.1/../../../../arm-none-eabi/include/sys/_types.h:52:13: error: storage class specified for parameter '__pid_t'
   52 | typedef int __pid_t;
      |             ^~~~~~~
C:\ST\STM32CubeIDE_1.13.1\STM32CubeIDE\plugins\com.st.stm32cube.ide.mcu.externaltools.gnu-tools-for-stm32.11.3.rel1.win32_1.1.0.202305231506\tools\bin/../lib/gcc/arm-none-eabi/11.3.1/../../../../arm-none-eabi/include/sys/_types.h:56:15: error: storage class specified for parameter '__dev_t'
   56 | typedef short __dev_t;
      |               ^~~~~~~
C:\ST\STM32CubeIDE_1.13.1\STM32CubeIDE\plugins\com.st.stm32cube.ide.mcu.externaltools.gnu-tools-for-stm32.11.3.rel1.win32_1.1.0.202305231506\tools\bin/../lib/gcc/arm-none-eabi/11.3.1/../../../../arm-none-eabi/include/sys/_types.h:60:24: error: storage class specified for parameter '__uid_t'
   60 | typedef unsigned short __uid_t;
      |                        ^~~~~~~
C:\ST\STM32CubeIDE_1.13.1\STM32CubeIDE\plugins\com.st.stm32cube.ide.mcu.externaltools.gnu-tools-for-stm32.11.3.rel1.win32_1.1.0.202305231506\tools\bin/../lib/gcc/arm-none-eabi/11.3.1/../../../../arm-none-eabi/include/sys/_types.h:63:24: error: storage class specified for parameter '__gid_t'
   63 | typedef unsigned short __gid_t;
      |                        ^~~~~~~
C:\ST\STM32CubeIDE_1.13.1\STM32CubeIDE\plugins\com.st.stm32cube.ide.mcu.externaltools.gnu-tools-for-stm32.11.3.rel1.win32_1.1.0.202305231506\tools\bin/../lib/gcc/arm-none-eabi/11.3.1/../../../../arm-none-eabi/include/sys/_types.h:67:20: error: storage class specified for parameter '__id_t'
   67 | typedef __uint32_t __id_t;
      |                    ^~~~~~
C:\ST\STM32CubeIDE_1.13.1\STM32CubeIDE\plugins\com.st.stm32cube.ide.mcu.externaltools.gnu-tools-for-stm32.11.3.rel1.win32_1.1.0.202305231506\tools\bin/../lib/gcc/arm-none-eabi/11.3.1/../../../../arm-none-eabi/include/sys/_types.h:75:24: error: storage class specified for parameter '__ino_t'
   75 | typedef unsigned short __ino_t;
      |                        ^~~~~~~
make: *** [Core/Src/subdir.mk:37: Core/Src/LoRa.o] Error 1
C:\ST\STM32CubeIDE_1.13.1\STM32CubeIDE\plugins\com.st.stm32cube.ide.mcu.externaltools.gnu-tools-for-stm32.11.3.rel1.win32_1.1.0.202305231506\tools\bin/../lib/gcc/arm-none-eabi/11.3.1/../../../../arm-none-eabi/include/sys/_types.h:90:20: error: storage class specified for parameter '__mode_t'
   90 | typedef __uint32_t __mode_t;
      |                    ^~~~~~~~
make: *** Waiting for unfinished jobs....
C:\ST\STM32CubeIDE_1.13.1\STM32CubeIDE\plugins\com.st.stm32cube.ide.mcu.externaltools.gnu-tools-for-stm32.11.3.rel1.win32_1.1.0.202305231506\tools\bin/../lib/gcc/arm-none-eabi/11.3.1/../../../../arm-none-eabi/include/sys/_types.h:96:1: error: expected declaration specifiers before '__extension__'
   96 | __extension__ typedef long long _off64_t;
      | ^~~~~~~~~~~~~
C:\ST\STM32CubeIDE_1.13.1\STM32CubeIDE\plugins\com.st.stm32cube.ide.mcu.externaltools.gnu-tools-for-stm32.11.3.rel1.win32_1.1.0.202305231506\tools\bin/../lib/gcc/arm-none-eabi/11.3.1/../../../../arm-none-eabi/include/sys/_types.h:102:16: error: expected '=', ',', ';', 'asm' or '__attribute__' before '__off_t'
  102 | typedef _off_t __off_t;
      |                ^~~~~~~
C:\ST\STM32CubeIDE_1.13.1\STM32CubeIDE\plugins\com.st.stm32cube.ide.mcu.externaltools.gnu-tools-for-stm32.11.3.rel1.win32_1.1.0.202305231506\tools\bin/../lib/gcc/arm-none-eabi/11.3.1/../../../../arm-none-eabi/include/sys/_types.h:105:9: error: unknown type name '_off64_t'
  105 | typedef _off64_t __loff_t;
      |         ^~~~~~~~
C:\ST\STM32CubeIDE_1.13.1\STM32CubeIDE\plugins\com.st.stm32cube.ide.mcu.externaltools.gnu-tools-for-stm32.11.3.rel1.win32_1.1.0.202305231506\tools\bin/../lib/gcc/arm-none-eabi/11.3.1/../../../../arm-none-eabi/include/sys/_types.h:105:18: error: storage class specified for parameter '__loff_t'
  105 | typedef _off64_t __loff_t;
      |                  ^~~~~~~~
C:\ST\STM32CubeIDE_1.13.1\STM32CubeIDE\plugins\com.st.stm32cube.ide.mcu.externaltools.gnu-tools-for-stm32.11.3.rel1.win32_1.1.0.202305231506\tools\bin/../lib/gcc/arm-none-eabi/11.3.1/../../../../arm-none-eabi/include/sys/_types.h:108:14: error: storage class specified for parameter '__key_t'
  108 | typedef long __key_t;
      |              ^~~~~~~
C:\ST\STM32CubeIDE_1.13.1\STM32CubeIDE\plugins\com.st.stm32cube.ide.mcu.externaltools.gnu-tools-for-stm32.11.3.rel1.win32_1.1.0.202305231506\tools\bin/../lib/gcc/arm-none-eabi/11.3.1/../../../../arm-none-eabi/include/sys/_types.h:116:14: error: storage class specified for parameter '_fpos_t'
  116 | typedef long _fpos_t;           /* XXX must match off_t in <sys/types.h> */
      |              ^~~~~~~
C:\ST\STM32CubeIDE_1.13.1\STM32CubeIDE\plugins\com.st.stm32cube.ide.mcu.externaltools.gnu-tools-for-stm32.11.3.rel1.win32_1.1.0.202305231506\tools\bin/../lib/gcc/arm-none-eabi/11.3.1/../../../../arm-none-eabi/include/sys/_types.h:131:23: error: storage class specified for parameter '__size_t'
  131 | typedef __SIZE_TYPE__ __size_t;
      |                       ^~~~~~~~
C:\ST\STM32CubeIDE_1.13.1\STM32CubeIDE\plugins\com.st.stm32cube.ide.mcu.externaltools.gnu-tools-for-stm32.11.3.rel1.win32_1.1.0.202305231506\tools\bin/../lib/gcc/arm-none-eabi/11.3.1/../../../../arm-none-eabi/include/sys/_types.h:147:23: error: storage class specified for parameter '_ssize_t'
  147 | typedef __SIZE_TYPE__ _ssize_t;
      |                       ^~~~~~~~
C:\ST\STM32CubeIDE_1.13.1\STM32CubeIDE\plugins\com.st.stm32cube.ide.mcu.externaltools.gnu-tools-for-stm32.11.3.rel1.win32_1.1.0.202305231506\tools\bin/../lib/gcc/arm-none-eabi/11.3.1/../../../../arm-none-eabi/include/sys/_types.h:158:18: error: expected '=', ',', ';', 'asm' or '__attribute__' before '__ssize_t'
  158 | typedef _ssize_t __ssize_t;
      |                  ^~~~~~~~~
C:\ST\STM32CubeIDE_1.13.1\STM32CubeIDE\plugins\com.st.stm32cube.ide.mcu.externaltools.gnu-tools-for-stm32.11.3.rel1.win32_1.1.0.202305231506\tools\bin/../lib/gcc/arm-none-eabi/11.3.1/../../../../arm-none-eabi/include/sys/_types.h:167:5: error: expected specifier-qualifier-list before 'wint_t'
  167 |     wint_t __wch;
      |     ^~~~~~
C:\ST\STM32CubeIDE_1.13.1\STM32CubeIDE\plugins\com.st.stm32cube.ide.mcu.externaltools.gnu-tools-for-stm32.11.3.rel1.win32_1.1.0.202305231506\tools\bin/../lib/gcc/arm-none-eabi/11.3.1/../../../../arm-none-eabi/include/sys/_types.h:170:3: error: storage class specified for parameter '_mbstate_t'
  170 | } _mbstate_t;
      |   ^~~~~~~~~~
C:\ST\STM32CubeIDE_1.13.1\STM32CubeIDE\plugins\com.st.stm32cube.ide.mcu.externaltools.gnu-tools-for-stm32.11.3.rel1.win32_1.1.0.202305231506\tools\bin/../lib/gcc/arm-none-eabi/11.3.1/../../../../arm-none-eabi/include/sys/_types.h:175:15: error: storage class specified for parameter '_iconv_t'
  175 | typedef void *_iconv_t;
      |               ^~~~~~~~
C:\ST\STM32CubeIDE_1.13.1\STM32CubeIDE\plugins\com.st.stm32cube.ide.mcu.externaltools.gnu-tools-for-stm32.11.3.rel1.win32_1.1.0.202305231506\tools\bin/../lib/gcc/arm-none-eabi/11.3.1/../../../../arm-none-eabi/include/sys/_types.h:182:25: error: storage class specified for parameter '__clock_t'
  182 | typedef _CLOCK_T_       __clock_t;
      |                         ^~~~~~~~~
C:\ST\STM32CubeIDE_1.13.1\STM32CubeIDE\plugins\com.st.stm32cube.ide.mcu.externaltools.gnu-tools-for-stm32.11.3.rel1.win32_1.1.0.202305231506\tools\bin/../lib/gcc/arm-none-eabi/11.3.1/../../../../arm-none-eabi/include/sys/_types.h:189:25: error: storage class specified for parameter '__time_t'
  189 | typedef _TIME_T_        __time_t;
      |                         ^~~~~~~~
C:\ST\STM32CubeIDE_1.13.1\STM32CubeIDE\plugins\com.st.stm32cube.ide.mcu.externaltools.gnu-tools-for-stm32.11.3.rel1.win32_1.1.0.202305231506\tools\bin/../lib/gcc/arm-none-eabi/11.3.1/../../../../arm-none-eabi/include/sys/_types.h:195:25: error: storage class specified for parameter '__clockid_t'
  195 | typedef _CLOCKID_T_     __clockid_t;
      |                         ^~~~~~~~~~~
C:\ST\STM32CubeIDE_1.13.1\STM32CubeIDE\plugins\com.st.stm32cube.ide.mcu.externaltools.gnu-tools-for-stm32.11.3.rel1.win32_1.1.0.202305231506\tools\bin/../lib/gcc/arm-none-eabi/11.3.1/../../../../arm-none-eabi/include/sys/_types.h:198:25: error: storage class specified for parameter '__daddr_t'
  198 | typedef long            __daddr_t;
      |                         ^~~~~~~~~
C:\ST\STM32CubeIDE_1.13.1\STM32CubeIDE\plugins\com.st.stm32cube.ide.mcu.externaltools.gnu-tools-for-stm32.11.3.rel1.win32_1.1.0.202305231506\tools\bin/../lib/gcc/arm-none-eabi/11.3.1/../../../../arm-none-eabi/include/sys/_types.h:202:25: error: storage class specified for parameter '__timer_t'
  202 | typedef _TIMER_T_       __timer_t;
      |                         ^~~~~~~~~
C:\ST\STM32CubeIDE_1.13.1\STM32CubeIDE\plugins\com.st.stm32cube.ide.mcu.externaltools.gnu-tools-for-stm32.11.3.rel1.win32_1.1.0.202305231506\tools\bin/../lib/gcc/arm-none-eabi/11.3.1/../../../../arm-none-eabi/include/sys/_types.h:205:25: error: storage class specified for parameter '__sa_family_t'
  205 | typedef __uint8_t       __sa_family_t;
      |                         ^~~~~~~~~~~~~
C:\ST\STM32CubeIDE_1.13.1\STM32CubeIDE\plugins\com.st.stm32cube.ide.mcu.externaltools.gnu-tools-for-stm32.11.3.rel1.win32_1.1.0.202305231506\tools\bin/../lib/gcc/arm-none-eabi/11.3.1/../../../../arm-none-eabi/include/sys/_types.h:209:25: error: storage class specified for parameter '__socklen_t'
  209 | typedef __uint32_t      __socklen_t;
      |                         ^~~~~~~~~~~
C:\ST\STM32CubeIDE_1.13.1\STM32CubeIDE\plugins\com.st.stm32cube.ide.mcu.externaltools.gnu-tools-for-stm32.11.3.rel1.win32_1.1.0.202305231506\tools\bin/../lib/gcc/arm-none-eabi/11.3.1/../../../../arm-none-eabi/include/sys/_types.h:212:25: error: storage class specified for parameter '__nl_item'
  212 | typedef int             __nl_item;
      |                         ^~~~~~~~~
C:\ST\STM32CubeIDE_1.13.1\STM32CubeIDE\plugins\com.st.stm32cube.ide.mcu.externaltools.gnu-tools-for-stm32.11.3.rel1.win32_1.1.0.202305231506\tools\bin/../lib/gcc/arm-none-eabi/11.3.1/../../../../arm-none-eabi/include/sys/_types.h:213:25: error: storage class specified for parameter '__nlink_t'
  213 | typedef unsigned short  __nlink_t;
      |                         ^~~~~~~~~
C:\ST\STM32CubeIDE_1.13.1\STM32CubeIDE\plugins\com.st.stm32cube.ide.mcu.externaltools.gnu-tools-for-stm32.11.3.rel1.win32_1.1.0.202305231506\tools\bin/../lib/gcc/arm-none-eabi/11.3.1/../../../../arm-none-eabi/include/sys/_types.h:214:25: error: storage class specified for parameter '__suseconds_t'
  214 | typedef long            __suseconds_t;  /* microseconds (signed) */
      |                         ^~~~~~~~~~~~~
C:\ST\STM32CubeIDE_1.13.1\STM32CubeIDE\plugins\com.st.stm32cube.ide.mcu.externaltools.gnu-tools-for-stm32.11.3.rel1.win32_1.1.0.202305231506\tools\bin/../lib/gcc/arm-none-eabi/11.3.1/../../../../arm-none-eabi/include/sys/_types.h:215:25: error: storage class specified for parameter '__useconds_t'
  215 | typedef unsigned long   __useconds_t;   /* microseconds (unsigned) */
      |                         ^~~~~~~~~~~~
C:\ST\STM32CubeIDE_1.13.1\STM32CubeIDE\plugins\com.st.stm32cube.ide.mcu.externaltools.gnu-tools-for-stm32.11.3.rel1.win32_1.1.0.202305231506\tools\bin/../lib/gcc/arm-none-eabi/11.3.1/../../../../arm-none-eabi/include/sys/_types.h:223:33: error: storage class specified for parameter '__va_list'
  223 | typedef __builtin_va_list       __va_list;
      |                                 ^~~~~~~~~
In file included from C:\ST\STM32CubeIDE_1.13.1\STM32CubeIDE\plugins\com.st.stm32cube.ide.mcu.externaltools.gnu-tools-for-stm32.11.3.rel1.win32_1.1.0.202305231506\tools\bin/../lib/gcc/arm-none-eabi/11.3.1/../../../../arm-none-eabi/include/stdlib.h:18,
                 from ../Core/Src/main.c:25:
C:\ST\STM32CubeIDE_1.13.1\STM32CubeIDE\plugins\com.st.stm32cube.ide.mcu.externaltools.gnu-tools-for-stm32.11.3.rel1.win32_1.1.0.202305231506\tools\bin/../lib/gcc/arm-none-eabi/11.3.1/../../../../arm-none-eabi/include/sys/reent.h:22:25: error: storage class specified for parameter '__ULong'
   22 | typedef unsigned __Long __ULong;
      |                         ^~~~~~~
In file included from C:\ST\STM32CubeIDE_1.13.1\STM32CubeIDE\plugins\com.st.stm32cube.ide.mcu.externaltools.gnu-tools-for-stm32.11.3.rel1.win32_1.1.0.202305231506\tools\bin/../lib/gcc/arm-none-eabi/11.3.1/../../../../arm-none-eabi/include/sys/reent.h:34,
                 from C:\ST\STM32CubeIDE_1.13.1\STM32CubeIDE\plugins\com.st.stm32cube.ide.mcu.externaltools.gnu-tools-for-stm32.11.3.rel1.win32_1.1.0.202305231506\tools\bin/../lib/gcc/arm-none-eabi/11.3.1/../../../../arm-none-eabi/include/stdlib.h:18,
                 from ../Core/Src/main.c:25:
C:\ST\STM32CubeIDE_1.13.1\STM32CubeIDE\plugins\com.st.stm32cube.ide.mcu.externaltools.gnu-tools-for-stm32.11.3.rel1.win32_1.1.0.202305231506\tools\bin/../lib/gcc/arm-none-eabi/11.3.1/../../../../arm-none-eabi/include/sys/lock.h:34:25: error: storage class specified for parameter '_LOCK_T'
   34 | typedef struct __lock * _LOCK_T;
      |                         ^~~~~~~
C:\ST\STM32CubeIDE_1.13.1\STM32CubeIDE\plugins\com.st.stm32cube.ide.mcu.externaltools.gnu-tools-for-stm32.11.3.rel1.win32_1.1.0.202305231506\tools\bin/../lib/gcc/arm-none-eabi/11.3.1/../../../../arm-none-eabi/include/sys/lock.h:41:34: error: expected declaration specifiers or '...' before '_LOCK_T'
   41 | extern void __retarget_lock_init(_LOCK_T *lock);
      |                                  ^~~~~~~
C:\ST\STM32CubeIDE_1.13.1\STM32CubeIDE\plugins\com.st.stm32cube.ide.mcu.externaltools.gnu-tools-for-stm32.11.3.rel1.win32_1.1.0.202305231506\tools\bin/../lib/gcc/arm-none-eabi/11.3.1/../../../../arm-none-eabi/include/sys/lock.h:43:44: error: expected declaration specifiers or '...' before '_LOCK_T'
   43 | extern void __retarget_lock_init_recursive(_LOCK_T *lock);
      |                                            ^~~~~~~
C:\ST\STM32CubeIDE_1.13.1\STM32CubeIDE\plugins\com.st.stm32cube.ide.mcu.externaltools.gnu-tools-for-stm32.11.3.rel1.win32_1.1.0.202305231506\tools\bin/../lib/gcc/arm-none-eabi/11.3.1/../../../../arm-none-eabi/include/sys/lock.h:45:35: error: expected declaration specifiers or '...' before '_LOCK_T'
   45 | extern void __retarget_lock_close(_LOCK_T lock);
      |                                   ^~~~~~~
C:\ST\STM32CubeIDE_1.13.1\STM32CubeIDE\plugins\com.st.stm32cube.ide.mcu.externaltools.gnu-tools-for-stm32.11.3.rel1.win32_1.1.0.202305231506\tools\bin/../lib/gcc/arm-none-eabi/11.3.1/../../../../arm-none-eabi/include/sys/lock.h:47:45: error: expected declaration specifiers or '...' before '_LOCK_T'
   47 | extern void __retarget_lock_close_recursive(_LOCK_T lock);
      |                                             ^~~~~~~
C:\ST\STM32CubeIDE_1.13.1\STM32CubeIDE\plugins\com.st.stm32cube.ide.mcu.externaltools.gnu-tools-for-stm32.11.3.rel1.win32_1.1.0.202305231506\tools\bin/../lib/gcc/arm-none-eabi/11.3.1/../../../../arm-none-eabi/include/sys/lock.h:49:37: error: expected declaration specifiers or '...' before '_LOCK_T'
   49 | extern void __retarget_lock_acquire(_LOCK_T lock);
      |                                     ^~~~~~~
C:\ST\STM32CubeIDE_1.13.1\STM32CubeIDE\plugins\com.st.stm32cube.ide.mcu.externaltools.gnu-tools-for-stm32.11.3.rel1.win32_1.1.0.202305231506\tools\bin/../lib/gcc/arm-none-eabi/11.3.1/../../../../arm-none-eabi/include/sys/lock.h:51:47: error: expected declaration specifiers or '...' before '_LOCK_T'
   51 | extern void __retarget_lock_acquire_recursive(_LOCK_T lock);
      |                                               ^~~~~~~
C:\ST\STM32CubeIDE_1.13.1\STM32CubeIDE\plugins\com.st.stm32cube.ide.mcu.externaltools.gnu-tools-for-stm32.11.3.rel1.win32_1.1.0.202305231506\tools\bin/../lib/gcc/arm-none-eabi/11.3.1/../../../../arm-none-eabi/include/sys/lock.h:53:40: error: expected declaration specifiers or '...' before '_LOCK_T'
   53 | extern int __retarget_lock_try_acquire(_LOCK_T lock);
      |                                        ^~~~~~~
C:\ST\STM32CubeIDE_1.13.1\STM32CubeIDE\plugins\com.st.stm32cube.ide.mcu.externaltools.gnu-tools-for-stm32.11.3.rel1.win32_1.1.0.202305231506\tools\bin/../lib/gcc/arm-none-eabi/11.3.1/../../../../arm-none-eabi/include/sys/lock.h:55:50: error: expected declaration specifiers or '...' before '_LOCK_T'
   55 | extern int __retarget_lock_try_acquire_recursive(_LOCK_T lock);
      |                                                  ^~~~~~~
C:\ST\STM32CubeIDE_1.13.1\STM32CubeIDE\plugins\com.st.stm32cube.ide.mcu.externaltools.gnu-tools-for-stm32.11.3.rel1.win32_1.1.0.202305231506\tools\bin/../lib/gcc/arm-none-eabi/11.3.1/../../../../arm-none-eabi/include/sys/lock.h:58:37: error: expected declaration specifiers or '...' before '_LOCK_T'
   58 | extern void __retarget_lock_release(_LOCK_T lock);
      |                                     ^~~~~~~
C:\ST\STM32CubeIDE_1.13.1\STM32CubeIDE\plugins\com.st.stm32cube.ide.mcu.externaltools.gnu-tools-for-stm32.11.3.rel1.win32_1.1.0.202305231506\tools\bin/../lib/gcc/arm-none-eabi/11.3.1/../../../../arm-none-eabi/include/sys/lock.h:60:47: error: expected declaration specifiers or '...' before '_LOCK_T'
   60 | extern void __retarget_lock_release_recursive(_LOCK_T lock);
      |                                               ^~~~~~~
In file included from C:\ST\STM32CubeIDE_1.13.1\STM32CubeIDE\plugins\com.st.stm32cube.ide.mcu.externaltools.gnu-tools-for-stm32.11.3.rel1.win32_1.1.0.202305231506\tools\bin/../lib/gcc/arm-none-eabi/11.3.1/../../../../arm-none-eabi/include/stdlib.h:18,
                 from ../Core/Src/main.c:25:
C:\ST\STM32CubeIDE_1.13.1\STM32CubeIDE\plugins\com.st.stm32cube.ide.mcu.externaltools.gnu-tools-for-stm32.11.3.rel1.win32_1.1.0.202305231506\tools\bin/../lib/gcc/arm-none-eabi/11.3.1/../../../../arm-none-eabi/include/sys/reent.h:35:27: error: expected '=', ',', ';', 'asm' or '__attribute__' before '_flock_t'
   35 | typedef _LOCK_RECURSIVE_T _flock_t;
      |                           ^~~~~~~~
C:\ST\STM32CubeIDE_1.13.1\STM32CubeIDE\plugins\com.st.stm32cube.ide.mcu.externaltools.gnu-tools-for-stm32.11.3.rel1.win32_1.1.0.202305231506\tools\bin/../lib/gcc/arm-none-eabi/11.3.1/../../../../arm-none-eabi/include/sys/reent.h:56:3: error: expected specifier-qualifier-list before '__ULong'
   56 |   __ULong _x[1];
      |   ^~~~~~~
C:\ST\STM32CubeIDE_1.13.1\STM32CubeIDE\plugins\com.st.stm32cube.ide.mcu.externaltools.gnu-tools-for-stm32.11.3.rel1.win32_1.1.0.202305231506\tools\bin/../lib/gcc/arm-none-eabi/11.3.1/../../../../arm-none-eabi/include/sys/reent.h:83:9: error: expected specifier-qualifier-list before '__ULong'
   83 |         __ULong _fntypes;                       /* type of exit routine -
      |         ^~~~~~~
C:\ST\STM32CubeIDE_1.13.1\STM32CubeIDE\plugins\com.st.stm32cube.ide.mcu.externaltools.gnu-tools-for-stm32.11.3.rel1.win32_1.1.0.202305231506\tools\bin/../lib/gcc/arm-none-eabi/11.3.1/../../../../arm-none-eabi/include/sys/reent.h:168:3: error: expected specifier-qualifier-list before '_fpos_t'
  168 |   _fpos_t (*_seek) (struct _reent *, void *, _fpos_t, int);
      |   ^~~~~~~
C:\ST\STM32CubeIDE_1.13.1\STM32CubeIDE\plugins\com.st.stm32cube.ide.mcu.externaltools.gnu-tools-for-stm32.11.3.rel1.win32_1.1.0.202305231506\tools\bin/../lib/gcc/arm-none-eabi/11.3.1/../../../../arm-none-eabi/include/sys/reent.h:253:26: error: storage class specified for parameter '__FILE'
  253 | typedef struct __sFILE   __FILE;
      |                          ^~~~~~
C:\ST\STM32CubeIDE_1.13.1\STM32CubeIDE\plugins\com.st.stm32cube.ide.mcu.externaltools.gnu-tools-for-stm32.11.3.rel1.win32_1.1.0.202305231506\tools\bin/../lib/gcc/arm-none-eabi/11.3.1/../../../../arm-none-eabi/include/sys/reent.h:257:15: error: expected '=', ',', ';', 'asm' or '__attribute__' before '__sf'
  257 | extern __FILE __sf[3];
      |               ^~~~
C:\ST\STM32CubeIDE_1.13.1\STM32CubeIDE\plugins\com.st.stm32cube.ide.mcu.externaltools.gnu-tools-for-stm32.11.3.rel1.win32_1.1.0.202305231506\tools\bin/../lib/gcc/arm-none-eabi/11.3.1/../../../../arm-none-eabi/include/sys/reent.h:263:3: error: expected specifier-qualifier-list before '__FILE'
  263 |   __FILE *_iobs;
      |   ^~~~~~
C:\ST\STM32CubeIDE_1.13.1\STM32CubeIDE\plugins\com.st.stm32cube.ide.mcu.externaltools.gnu-tools-for-stm32.11.3.rel1.win32_1.1.0.202305231506\tools\bin/../lib/gcc/arm-none-eabi/11.3.1/../../../../arm-none-eabi/include/sys/reent.h:266:21: error: storage class specified for parameter '__sglue'
  266 | extern struct _glue __sglue;
      |                     ^~~~~~~
C:\ST\STM32CubeIDE_1.13.1\STM32CubeIDE\plugins\com.st.stm32cube.ide.mcu.externaltools.gnu-tools-for-stm32.11.3.rel1.win32_1.1.0.202305231506\tools\bin/../lib/gcc/arm-none-eabi/11.3.1/../../../../arm-none-eabi/include/sys/reent.h:345:3: error: expected specifier-qualifier-list before '_mbstate_t'
  345 |   _mbstate_t _mblen_state;
      |   ^~~~~~~~~~
C:\ST\STM32CubeIDE_1.13.1\STM32CubeIDE\plugins\com.st.stm32cube.ide.mcu.externaltools.gnu-tools-for-stm32.11.3.rel1.win32_1.1.0.202305231506\tools\bin/../lib/gcc/arm-none-eabi/11.3.1/../../../../arm-none-eabi/include/sys/reent.h:368:3: error: expected specifier-qualifier-list before '__FILE'
  368 |   __FILE *_stdin, *_stdout, *_stderr;   /* XXX */
      |   ^~~~~~
In file included from C:\ST\STM32CubeIDE_1.13.1\STM32CubeIDE\plugins\com.st.stm32cube.ide.mcu.externaltools.gnu-tools-for-stm32.11.3.rel1.win32_1.1.0.202305231506\tools\bin/../lib/gcc/arm-none-eabi/11.3.1/../../../../arm-none-eabi/include/stdlib.h:18,
                 from ../Core/Src/main.c:25:
C:\ST\STM32CubeIDE_1.13.1\STM32CubeIDE\plugins\com.st.stm32cube.ide.mcu.externaltools.gnu-tools-for-stm32.11.3.rel1.win32_1.1.0.202305231506\tools\bin/../lib/gcc/arm-none-eabi/11.3.1/../../../../arm-none-eabi/include/sys/reent.h:749:23: error: storage class specified for parameter '_impure_ptr'
  749 | extern struct _reent *_impure_ptr __ATTRIBUTE_IMPURE_PTR__;
      |                       ^~~~~~~~~~~
C:\ST\STM32CubeIDE_1.13.1\STM32CubeIDE\plugins\com.st.stm32cube.ide.mcu.externaltools.gnu-tools-for-stm32.11.3.rel1.win32_1.1.0.202305231506\tools\bin/../lib/gcc/arm-none-eabi/11.3.1/../../../../arm-none-eabi/include/sys/reent.h:755:22: error: storage class specified for parameter '_impure_data'
  755 | extern struct _reent _impure_data __ATTRIBUTE_IMPURE_DATA__;
      |                      ^~~~~~~~~~~~
C:\ST\STM32CubeIDE_1.13.1\STM32CubeIDE\plugins\com.st.stm32cube.ide.mcu.externaltools.gnu-tools-for-stm32.11.3.rel1.win32_1.1.0.202305231506\tools\bin/../lib/gcc/arm-none-eabi/11.3.1/../../../../arm-none-eabi/include/sys/reent.h:867:24: error: storage class specified for parameter '__atexit'
  867 | extern struct _atexit *__atexit; /* points to head of LIFO stack */
      |                        ^~~~~~~~
C:\ST\STM32CubeIDE_1.13.1\STM32CubeIDE\plugins\com.st.stm32cube.ide.mcu.externaltools.gnu-tools-for-stm32.11.3.rel1.win32_1.1.0.202305231506\tools\bin/../lib/gcc/arm-none-eabi/11.3.1/../../../../arm-none-eabi/include/sys/reent.h:868:23: error: storage class specified for parameter '__atexit0'
  868 | extern struct _atexit __atexit0; /* one guaranteed table, required by ANSI */
      |                       ^~~~~~~~~
C:\ST\STM32CubeIDE_1.13.1\STM32CubeIDE\plugins\com.st.stm32cube.ide.mcu.externaltools.gnu-tools-for-stm32.11.3.rel1.win32_1.1.0.202305231506\tools\bin/../lib/gcc/arm-none-eabi/11.3.1/../../../../arm-none-eabi/include/sys/reent.h:870:15: error: storage class specified for parameter '__stdio_exit_handler'
  870 | extern void (*__stdio_exit_handler) (void);
      |               ^~~~~~~~~~~~~~~~~~~~
C:\ST\STM32CubeIDE_1.13.1\STM32CubeIDE\plugins\com.st.stm32cube.ide.mcu.externaltools.gnu-tools-for-stm32.11.3.rel1.win32_1.1.0.202305231506\tools\bin/../lib/gcc/arm-none-eabi/11.3.1/../../../../arm-none-eabi/include/sys/reent.h:874:68: error: expected declaration specifiers or '...' before '__FILE'
  874 | extern int _fwalk_sglue (struct _reent *, int (*)(struct _reent *, __FILE *),
      |                                                                    ^~~~~~
C:\ST\STM32CubeIDE_1.13.1\STM32CubeIDE\plugins\com.st.stm32cube.ide.mcu.externaltools.gnu-tools-for-stm32.11.3.rel1.win32_1.1.0.202305231506\tools\bin/../lib/gcc/arm-none-eabi/11.3.1/../../../../arm-none-eabi/include/sys/reent.h:875:26: error: expected ';', ',' or ')' before 'struct'
  875 |                          struct _glue *);
      |                          ^~~~~~
In file included from ../Core/Src/main.c:25:
C:\ST\STM32CubeIDE_1.13.1\STM32CubeIDE\plugins\com.st.stm32cube.ide.mcu.externaltools.gnu-tools-for-stm32.11.3.rel1.win32_1.1.0.202305231506\tools\bin/../lib/gcc/arm-none-eabi/11.3.1/../../../../arm-none-eabi/include/stdlib.h:39:3: error: storage class specified for parameter 'div_t'
   39 | } div_t;
      |   ^~~~~
C:\ST\STM32CubeIDE_1.13.1\STM32CubeIDE\plugins\com.st.stm32cube.ide.mcu.externaltools.gnu-tools-for-stm32.11.3.rel1.win32_1.1.0.202305231506\tools\bin/../lib/gcc/arm-none-eabi/11.3.1/../../../../arm-none-eabi/include/stdlib.h:45:3: error: storage class specified for parameter 'ldiv_t'
   45 | } ldiv_t;
      |   ^~~~~~
C:\ST\STM32CubeIDE_1.13.1\STM32CubeIDE\plugins\com.st.stm32cube.ide.mcu.externaltools.gnu-tools-for-stm32.11.3.rel1.win32_1.1.0.202305231506\tools\bin/../lib/gcc/arm-none-eabi/11.3.1/../../../../arm-none-eabi/include/stdlib.h:52:3: error: storage class specified for parameter 'lldiv_t'
   52 | } lldiv_t;
      |   ^~~~~~~
C:\ST\STM32CubeIDE_1.13.1\STM32CubeIDE\plugins\com.st.stm32cube.ide.mcu.externaltools.gnu-tools-for-stm32.11.3.rel1.win32_1.1.0.202305231506\tools\bin/../lib/gcc/arm-none-eabi/11.3.1/../../../../arm-none-eabi/include/stdlib.h:57:15: error: storage class specified for parameter '__compar_fn_t'
   57 | typedef int (*__compar_fn_t) (const void *, const void *);
      |               ^~~~~~~~~~~~~
C:\ST\STM32CubeIDE_1.13.1\STM32CubeIDE\plugins\com.st.stm32cube.ide.mcu.externaltools.gnu-tools-for-stm32.11.3.rel1.win32_1.1.0.202305231506\tools\bin/../lib/gcc/arm-none-eabi/11.3.1/../../../../arm-none-eabi/include/stdlib.h:89:24: error: expected declaration specifiers or '...' before '__compar_fn_t'
   89 |                        __compar_fn_t _compar);
      |                        ^~~~~~~~~~~~~
C:\ST\STM32CubeIDE_1.13.1\STM32CubeIDE\plugins\com.st.stm32cube.ide.mcu.externaltools.gnu-tools-for-stm32.11.3.rel1.win32_1.1.0.202305231506\tools\bin/../lib/gcc/arm-none-eabi/11.3.1/../../../../arm-none-eabi/include/stdlib.h:92:1: error: expected declaration specifiers before 'div_t'
   92 | div_t   div (int __numer, int __denom);
      | ^~~~~
C:\ST\STM32CubeIDE_1.13.1\STM32CubeIDE\plugins\com.st.stm32cube.ide.mcu.externaltools.gnu-tools-for-stm32.11.3.rel1.win32_1.1.0.202305231506\tools\bin/../lib/gcc/arm-none-eabi/11.3.1/../../../../arm-none-eabi/include/stdlib.h:103:14: error: storage class specified for parameter 'suboptarg'
  103 | extern char *suboptarg;                 /* getsubopt(3) external variable */
      |              ^~~~~~~~~
C:\ST\STM32CubeIDE_1.13.1\STM32CubeIDE\plugins\com.st.stm32cube.ide.mcu.externaltools.gnu-tools-for-stm32.11.3.rel1.win32_1.1.0.202305231506\tools\bin/../lib/gcc/arm-none-eabi/11.3.1/../../../../arm-none-eabi/include/stdlib.h:107:1: error: expected declaration specifiers before 'ldiv_t'
  107 | ldiv_t  ldiv (long __numer, long __denom);
      | ^~~~~~
C:\ST\STM32CubeIDE_1.13.1\STM32CubeIDE\plugins\com.st.stm32cube.ide.mcu.externaltools.gnu-tools-for-stm32.11.3.rel1.win32_1.1.0.202305231506\tools\bin/../lib/gcc/arm-none-eabi/11.3.1/../../../../arm-none-eabi/include/stdlib.h:110:58: error: expected declaration specifiers or '...' before '_mbstate_t'
  110 | int     _mblen_r (struct _reent *, const char *, size_t, _mbstate_t *);
      |                                                          ^~~~~~~~~~
C:\ST\STM32CubeIDE_1.13.1\STM32CubeIDE\plugins\com.st.stm32cube.ide.mcu.externaltools.gnu-tools-for-stm32.11.3.rel1.win32_1.1.0.202305231506\tools\bin/../lib/gcc/arm-none-eabi/11.3.1/../../../../arm-none-eabi/include/stdlib.h:112:90: error: expected declaration specifiers or '...' before '_mbstate_t'
  112 | int     _mbtowc_r (struct _reent *, wchar_t *__restrict, const char *__restrict, size_t, _mbstate_t *);
      |                                                                                          ^~~~~~~~~~
C:\ST\STM32CubeIDE_1.13.1\STM32CubeIDE\plugins\com.st.stm32cube.ide.mcu.externaltools.gnu-tools-for-stm32.11.3.rel1.win32_1.1.0.202305231506\tools\bin/../lib/gcc/arm-none-eabi/11.3.1/../../../../arm-none-eabi/include/stdlib.h:114:54: error: expected declaration specifiers or '...' before '_mbstate_t'
  114 | int     _wctomb_r (struct _reent *, char *, wchar_t, _mbstate_t *);
      |                                                      ^~~~~~~~~~
C:\ST\STM32CubeIDE_1.13.1\STM32CubeIDE\plugins\com.st.stm32cube.ide.mcu.externaltools.gnu-tools-for-stm32.11.3.rel1.win32_1.1.0.202305231506\tools\bin/../lib/gcc/arm-none-eabi/11.3.1/../../../../arm-none-eabi/include/stdlib.h:116:92: error: expected declaration specifiers or '...' before '_mbstate_t'
  116 | size_t  _mbstowcs_r (struct _reent *, wchar_t *__restrict, const char *__restrict, size_t, _mbstate_t *);
      |                                                                                            ^~~~~~~~~~
C:\ST\STM32CubeIDE_1.13.1\STM32CubeIDE\plugins\com.st.stm32cube.ide.mcu.externaltools.gnu-tools-for-stm32.11.3.rel1.win32_1.1.0.202305231506\tools\bin/../lib/gcc/arm-none-eabi/11.3.1/../../../../arm-none-eabi/include/stdlib.h:118:92: error: expected declaration specifiers or '...' before '_mbstate_t'
  118 | size_t  _wcstombs_r (struct _reent *, char *__restrict, const wchar_t *__restrict, size_t, _mbstate_t *);
      |                                                                                            ^~~~~~~~~~
In file included from ../Core/Src/main.c:25:
C:\ST\STM32CubeIDE_1.13.1\STM32CubeIDE\plugins\com.st.stm32cube.ide.mcu.externaltools.gnu-tools-for-stm32.11.3.rel1.win32_1.1.0.202305231506\tools\bin/../lib/gcc/arm-none-eabi/11.3.1/../../../../arm-none-eabi/include/stdlib.h:143:61: error: expected declaration specifiers or '...' before '__compar_fn_t'
  143 | void    qsort (void *__base, size_t __nmemb, size_t __size, __compar_fn_t _compar);
      |                                                             ^~~~~~~~~~~~~
C:\ST\STM32CubeIDE_1.13.1\STM32CubeIDE\plugins\com.st.stm32cube.ide.mcu.externaltools.gnu-tools-for-stm32.11.3.rel1.win32_1.1.0.202305231506\tools\bin/../lib/gcc/arm-none-eabi/11.3.1/../../../../arm-none-eabi/include/stdlib.h:268:1: error: expected declaration specifiers before 'lldiv_t'
  268 | lldiv_t lldiv (long long __numer, long long __denom);
      | ^~~~~~~
C:\ST\STM32CubeIDE_1.13.1\STM32CubeIDE\plugins\com.st.stm32cube.ide.mcu.externaltools.gnu-tools-for-stm32.11.3.rel1.win32_1.1.0.202305231506\tools\bin/../lib/gcc/arm-none-eabi/11.3.1/../../../../arm-none-eabi/include/stdlib.h:322:20: error: storage class specified for parameter '_strtold_r'
  322 | extern long double _strtold_r (struct _reent *, const char *__restrict, char **__restrict);
      |                    ^~~~~~~~~~
C:\ST\STM32CubeIDE_1.13.1\STM32CubeIDE\plugins\com.st.stm32cube.ide.mcu.externaltools.gnu-tools-for-stm32.11.3.rel1.win32_1.1.0.202305231506\tools\bin/../lib/gcc/arm-none-eabi/11.3.1/../../../../arm-none-eabi/include/stdlib.h:324:20: error: storage class specified for parameter 'strtold'
  324 | extern long double strtold (const char *__restrict, char **__restrict);
      |                    ^~~~~~~
../Core/Src/main.c:55:1: error: parameter 'stt' is initialized
   55 | LoRa_stt stt=LoRa_FAIL;
      | ^~~~~~~~
../Core/Src/main.c:56:1: error: parameter 'LoRa_init_stt' is initialized
   56 | uint16_t LoRa_init_stt=404;
      | ^~~~~~~~
../Core/Src/main.c:63:1: error: parameter 'recieve_flag' is initialized
   63 | volatile uint8_t recieve_flag =0;
      | ^~~~~~~~
../Core/Src/main.c:68:13: error: storage class specified for parameter 'MX_GPIO_Init'
   68 | static void MX_GPIO_Init(void);
      |             ^~~~~~~~~~~~
../Core/Src/main.c:69:13: error: storage class specified for parameter 'MX_SPI1_Init'
   69 | static void MX_SPI1_Init(void);
      |             ^~~~~~~~~~~~
../Core/Src/main.c:70:13: error: storage class specified for parameter 'MX_USART1_UART_Init'
   70 | static void MX_USART1_UART_Init(void);
      |             ^~~~~~~~~~~~~~~~~~~
../Core/Src/main.c:71:13: error: storage class specified for parameter 'MX_I2C1_Init'
   71 | static void MX_I2C1_Init(void);
      |             ^~~~~~~~~~~~
../Core/Src/main.c:86:1: error: expected '=', ',', ';', 'asm' or '__attribute__' before '{' token
   86 | {
      | ^
../Core/Src/main.c:167:1: error: expected '=', ',', ';', 'asm' or '__attribute__' before '{' token
  167 | {
      | ^
../Core/Src/main.c:206:1: error: expected '=', ',', ';', 'asm' or '__attribute__' before '{' token
  206 | {
      | ^
../Core/Src/main.c:240:1: error: expected '=', ',', ';', 'asm' or '__attribute__' before '{' token
  240 | {
      | ^
../Core/Src/main.c:278:1: error: expected '=', ',', ';', 'asm' or '__attribute__' before '{' token
  278 | {
      | ^
../Core/Src/main.c:311:1: error: expected '=', ',', ';', 'asm' or '__attribute__' before '{' token
  311 | {
      | ^
../Core/Src/main.c:355:47: error: expected '=', ',', ';', 'asm' or '__attribute__' before '{' token
  355 | void HAL_GPIO_EXTI_Callback(uint16_t GPIO_Pin){
      |                                               ^
../Core/Src/main.c:367:1: error: expected '=', ',', ';', 'asm' or '__attribute__' before '{' token
  367 | {
      | ^
In file included from ../Core/Src/main.c:24:
../Core/Src/LoRa.h:129:9: error: old-style parameter declarations in prototyped function definition
  129 | uint8_t LoRa_transmit(LoRa* _LoRa, uint8_t* data, uint8_t length, uint16_t timeout,uint8_t *regread)
      |         ^~~~~~~~~~~~~
../Core/Src/main.c:394: error: expected '{' at end of input
../Core/Src/main.c:394: warning: control reaches end of non-void function [-Wreturn-type]
make: *** [Core/Src/subdir.mk:37: Core/Src/main.o] Error 1
"make -j16 all" terminated with exit code 2. Build might be incomplete.
06:39:59 **** Incremental Build of configuration Debug for project LORA_V2 ****
make -j16 all 
arm-none-eabi-gcc "../Core/Src/LoRa.c" -mcpu=cortex-m3 -std=gnu11 -g3 -DDEBUG -DUSE_HAL_DRIVER -DSTM32F103xB -c -I../Core/Inc -I../Drivers/STM32F1xx_HAL_Driver/Inc/Legacy -I../Drivers/STM32F1xx_HAL_Driver/Inc -I../Drivers/CMSIS/Device/ST/STM32F1xx/Include -I../Drivers/CMSIS/Include -O0 -ffunction-sections -fdata-sections -Wall -fstack-usage -fcyclomatic-complexity -MMD -MP -MF"Core/Src/LoRa.d" -MT"Core/Src/LoRa.o" --specs=nano.specs -mfloat-abi=soft -mthumb -o "Core/Src/LoRa.o"
arm-none-eabi-gcc "../Core/Src/main.c" -mcpu=cortex-m3 -std=gnu11 -g3 -DDEBUG -DUSE_HAL_DRIVER -DSTM32F103xB -c -I../Core/Inc -I../Drivers/STM32F1xx_HAL_Driver/Inc/Legacy -I../Drivers/STM32F1xx_HAL_Driver/Inc -I../Drivers/CMSIS/Device/ST/STM32F1xx/Include -I../Drivers/CMSIS/Include -O0 -ffunction-sections -fdata-sections -Wall -fstack-usage -fcyclomatic-complexity -MMD -MP -MF"Core/Src/main.d" -MT"Core/Src/main.o" --specs=nano.specs -mfloat-abi=soft -mthumb -o "Core/Src/main.o"
arm-none-eabi-gcc -o "LORA_V2.elf" @"objects.list"   -mcpu=cortex-m3 -T"D:\smart_garden\LORA_V2\STM32F103C8TX_FLASH.ld" --specs=nosys.specs -Wl,-Map="LORA_V2.map" -Wl,--gc-sections -static --specs=nano.specs -mfloat-abi=soft -mthumb -Wl,--start-group -lc -lm -Wl,--end-group
Finished building target: LORA_V2.elf
 
arm-none-eabi-size   LORA_V2.elf 
arm-none-eabi-objdump -h -S  LORA_V2.elf  > "LORA_V2.list"
   text	   data	    bss	    dec	    hex	filename
  14012	     24	   1992	  16028	   3e9c	LORA_V2.elf
Finished building: default.size.stdout
 
Finished building: LORA_V2.list
 
06:50:27 **** Incremental Build of configuration Debug for project LORA_V2 ****
make -j16 all 
arm-none-eabi-gcc "../Core/Src/LoRa.c" -mcpu=cortex-m3 -std=gnu11 -g3 -DDEBUG -DUSE_HAL_DRIVER -DSTM32F103xB -c -I../Core/Inc -I../Drivers/STM32F1xx_HAL_Driver/Inc/Legacy -I../Drivers/STM32F1xx_HAL_Driver/Inc -I../Drivers/CMSIS/Device/ST/STM32F1xx/Include -I../Drivers/CMSIS/Include -O0 -ffunction-sections -fdata-sections -Wall -fstack-usage -fcyclomatic-complexity -MMD -MP -MF"Core/Src/LoRa.d" -MT"Core/Src/LoRa.o" --specs=nano.specs -mfloat-abi=soft -mthumb -o "Core/Src/LoRa.o"
arm-none-eabi-gcc "../Core/Src/main.c" -mcpu=cortex-m3 -std=gnu11 -g3 -DDEBUG -DUSE_HAL_DRIVER -DSTM32F103xB -c -I../Core/Inc -I../Drivers/STM32F1xx_HAL_Driver/Inc/Legacy -I../Drivers/STM32F1xx_HAL_Driver/Inc -I../Drivers/CMSIS/Device/ST/STM32F1xx/Include -I../Drivers/CMSIS/Include -O0 -ffunction-sections -fdata-sections -Wall -fstack-usage -fcyclomatic-complexity -MMD -MP -MF"Core/Src/main.d" -MT"Core/Src/main.o" --specs=nano.specs -mfloat-abi=soft -mthumb -o "Core/Src/main.o"
arm-none-eabi-gcc -o "LORA_V2.elf" @"objects.list"   -mcpu=cortex-m3 -T"D:\smart_garden\LORA_V2\STM32F103C8TX_FLASH.ld" --specs=nosys.specs -Wl,-Map="LORA_V2.map" -Wl,--gc-sections -static --specs=nano.specs -mfloat-abi=soft -mthumb -Wl,--start-group -lc -lm -Wl,--end-group
Finished building target: LORA_V2.elf
 
arm-none-eabi-size   LORA_V2.elf 
arm-none-eabi-objdump -h -S  LORA_V2.elf  > "LORA_V2.list"
   text	   data	    bss	    dec	    hex	filename
  14032	     24	   1992	  16048	   3eb0	LORA_V2.elf
Finished building: default.size.stdout
 
Finished building: LORA_V2.list
 
06:54:51 **** Incremental Build of configuration Debug for project LORA_V2 ****
make -j16 all 
arm-none-eabi-size   LORA_V2.elf 
   text	   data	    bss	    dec	    hex	filename
  14032	     24	   1992	  16048	   3eb0	LORA_V2.elf
Finished building: default.size.stdout
 
06:58:57 **** Incremental Build of configuration Debug for project LORA_V2 ****
make -j16 all 
arm-none-eabi-gcc "../Core/Src/main.c" -mcpu=cortex-m3 -std=gnu11 -g3 -DDEBUG -DUSE_HAL_DRIVER -DSTM32F103xB -c -I../Core/Inc -I../Drivers/STM32F1xx_HAL_Driver/Inc/Legacy -I../Drivers/STM32F1xx_HAL_Driver/Inc -I../Drivers/CMSIS/Device/ST/STM32F1xx/Include -I../Drivers/CMSIS/Include -O0 -ffunction-sections -fdata-sections -Wall -fstack-usage -fcyclomatic-complexity -MMD -MP -MF"Core/Src/main.d" -MT"Core/Src/main.o" --specs=nano.specs -mfloat-abi=soft -mthumb -o "Core/Src/main.o"
arm-none-eabi-gcc -o "LORA_V2.elf" @"objects.list"   -mcpu=cortex-m3 -T"D:\smart_garden\LORA_V2\STM32F103C8TX_FLASH.ld" --specs=nosys.specs -Wl,-Map="LORA_V2.map" -Wl,--gc-sections -static --specs=nano.specs -mfloat-abi=soft -mthumb -Wl,--start-group -lc -lm -Wl,--end-group
Finished building target: LORA_V2.elf
 
arm-none-eabi-size   LORA_V2.elf 
arm-none-eabi-objdump -h -S  LORA_V2.elf  > "LORA_V2.list"
   text	   data	    bss	    dec	    hex	filename
  14040	     24	   1992	  16056	   3eb8	LORA_V2.elf
Finished building: default.size.stdout
 
Finished building: LORA_V2.list
 
07:00:38 **** Incremental Build of configuration Debug for project LORA_V2 ****
make -j16 all 
arm-none-eabi-size   LORA_V2.elf 
   text	   data	    bss	    dec	    hex	filename
  14040	     24	   1992	  16056	   3eb8	LORA_V2.elf
Finished building: default.size.stdout
 
07:00:51 **** Incremental Build of configuration Debug for project LORA_V2 ****
make -j16 all 
arm-none-eabi-size   LORA_V2.elf 
   text	   data	    bss	    dec	    hex	filename
  14040	     24	   1992	  16056	   3eb8	LORA_V2.elf
Finished building: default.size.stdout
 
07:04:55 **** Incremental Build of configuration Debug for project LORA_V2 ****
make -j16 all 
arm-none-eabi-gcc "../Core/Src/main.c" -mcpu=cortex-m3 -std=gnu11 -g3 -DDEBUG -DUSE_HAL_DRIVER -DSTM32F103xB -c -I../Core/Inc -I../Drivers/STM32F1xx_HAL_Driver/Inc/Legacy -I../Drivers/STM32F1xx_HAL_Driver/Inc -I../Drivers/CMSIS/Device/ST/STM32F1xx/Include -I../Drivers/CMSIS/Include -O0 -ffunction-sections -fdata-sections -Wall -fstack-usage -fcyclomatic-complexity -MMD -MP -MF"Core/Src/main.d" -MT"Core/Src/main.o" --specs=nano.specs -mfloat-abi=soft -mthumb -o "Core/Src/main.o"
arm-none-eabi-gcc -o "LORA_V2.elf" @"objects.list"   -mcpu=cortex-m3 -T"D:\smart_garden\LORA_V2\STM32F103C8TX_FLASH.ld" --specs=nosys.specs -Wl,-Map="LORA_V2.map" -Wl,--gc-sections -static --specs=nano.specs -mfloat-abi=soft -mthumb -Wl,--start-group -lc -lm -Wl,--end-group
Finished building target: LORA_V2.elf
 
arm-none-eabi-size   LORA_V2.elf 
arm-none-eabi-objdump -h -S  LORA_V2.elf  > "LORA_V2.list"
   text	   data	    bss	    dec	    hex	filename
  14016	     24	   1992	  16032	   3ea0	LORA_V2.elf
Finished building: default.size.stdout
 
Finished building: LORA_V2.list
 
07:06:40 **** Incremental Build of configuration Debug for project LORA_V2 ****
make -j16 all 
arm-none-eabi-gcc "../Core/Src/main.c" -mcpu=cortex-m3 -std=gnu11 -g3 -DDEBUG -DUSE_HAL_DRIVER -DSTM32F103xB -c -I../Core/Inc -I../Drivers/STM32F1xx_HAL_Driver/Inc/Legacy -I../Drivers/STM32F1xx_HAL_Driver/Inc -I../Drivers/CMSIS/Device/ST/STM32F1xx/Include -I../Drivers/CMSIS/Include -O0 -ffunction-sections -fdata-sections -Wall -fstack-usage -fcyclomatic-complexity -MMD -MP -MF"Core/Src/main.d" -MT"Core/Src/main.o" --specs=nano.specs -mfloat-abi=soft -mthumb -o "Core/Src/main.o"
arm-none-eabi-gcc -o "LORA_V2.elf" @"objects.list"   -mcpu=cortex-m3 -T"D:\smart_garden\LORA_V2\STM32F103C8TX_FLASH.ld" --specs=nosys.specs -Wl,-Map="LORA_V2.map" -Wl,--gc-sections -static --specs=nano.specs -mfloat-abi=soft -mthumb -Wl,--start-group -lc -lm -Wl,--end-group
Finished building target: LORA_V2.elf
 
arm-none-eabi-size   LORA_V2.elf 
arm-none-eabi-objdump -h -S  LORA_V2.elf  > "LORA_V2.list"
   text	   data	    bss	    dec	    hex	filename
  14016	     24	   1992	  16032	   3ea0	LORA_V2.elf
Finished building: default.size.stdout
 
Finished building: LORA_V2.list
 
07:07:35 **** Incremental Build of configuration Debug for project LORA_V2 ****
make -j16 all 
arm-none-eabi-size   LORA_V2.elf 
   text	   data	    bss	    dec	    hex	filename
  14016	     24	   1992	  16032	   3ea0	LORA_V2.elf
Finished building: default.size.stdout
 
07:26:14 **** Incremental Build of configuration Debug for project LORA_V2 ****
make -j16 all 
arm-none-eabi-gcc "../Core/Src/LoRa.c" -mcpu=cortex-m3 -std=gnu11 -g3 -DDEBUG -DUSE_HAL_DRIVER -DSTM32F103xB -c -I../Core/Inc -I../Drivers/STM32F1xx_HAL_Driver/Inc/Legacy -I../Drivers/STM32F1xx_HAL_Driver/Inc -I../Drivers/CMSIS/Device/ST/STM32F1xx/Include -I../Drivers/CMSIS/Include -O0 -ffunction-sections -fdata-sections -Wall -fstack-usage -fcyclomatic-complexity -MMD -MP -MF"Core/Src/LoRa.d" -MT"Core/Src/LoRa.o" --specs=nano.specs -mfloat-abi=soft -mthumb -o "Core/Src/LoRa.o"
arm-none-eabi-gcc "../Core/Src/main.c" -mcpu=cortex-m3 -std=gnu11 -g3 -DDEBUG -DUSE_HAL_DRIVER -DSTM32F103xB -c -I../Core/Inc -I../Drivers/STM32F1xx_HAL_Driver/Inc/Legacy -I../Drivers/STM32F1xx_HAL_Driver/Inc -I../Drivers/CMSIS/Device/ST/STM32F1xx/Include -I../Drivers/CMSIS/Include -O0 -ffunction-sections -fdata-sections -Wall -fstack-usage -fcyclomatic-complexity -MMD -MP -MF"Core/Src/main.d" -MT"Core/Src/main.o" --specs=nano.specs -mfloat-abi=soft -mthumb -o "Core/Src/main.o"
../Core/Src/LoRa.c:432:9: error: conflicting types for 'LoRa_transmit'; have 'uint8_t(LoRa *, uint8_t *, uint8_t,  uint16_t,  uint8_t *, uint8_t *)' {aka 'unsigned char(struct LoRa_setting *, unsigned char *, unsigned char,  short unsigned int,  unsigned char *, unsigned char *)'}
  432 | uint8_t LoRa_transmit(LoRa* _LoRa, uint8_t* data, uint8_t length, uint16_t timeout,uint8_t *regread,uint8_t *mode_r){
      |         ^~~~~~~~~~~~~
In file included from ../Core/Src/LoRa.c:7:
../Core/Src/LoRa.h:129:9: note: previous declaration of 'LoRa_transmit' with type 'uint8_t(LoRa *, uint8_t *, uint8_t,  uint16_t,  uint8_t *)' {aka 'unsigned char(struct LoRa_setting *, unsigned char *, unsigned char,  short unsigned int,  unsigned char *)'}
  129 | uint8_t LoRa_transmit(LoRa* _LoRa, uint8_t* data, uint8_t length, uint16_t timeout,uint8_t *regread);
      |         ^~~~~~~~~~~~~
make: *** [Core/Src/subdir.mk:37: Core/Src/LoRa.o] Error 1
make: *** Waiting for unfinished jobs....
../Core/Src/main.c: In function 'main':
../Core/Src/main.c:149:21: error: too many arguments to function 'LoRa_transmit'
  149 |                 stt=LoRa_transmit(&myLoRa,(uint8_t*)buf_tx, 128, 500,&regiqr,&mode);
      |                     ^~~~~~~~~~~~~
In file included from ../Core/Src/main.c:24:
../Core/Src/LoRa.h:129:9: note: declared here
  129 | uint8_t LoRa_transmit(LoRa* _LoRa, uint8_t* data, uint8_t length, uint16_t timeout,uint8_t *regread);
      |         ^~~~~~~~~~~~~
make: *** [Core/Src/subdir.mk:37: Core/Src/main.o] Error 1
"make -j16 all" terminated with exit code 2. Build might be incomplete.
07:27:02 **** Incremental Build of configuration Debug for project LORA_V2 ****
make -j16 all 
arm-none-eabi-gcc "../Core/Src/LoRa.c" -mcpu=cortex-m3 -std=gnu11 -g3 -DDEBUG -DUSE_HAL_DRIVER -DSTM32F103xB -c -I../Core/Inc -I../Drivers/STM32F1xx_HAL_Driver/Inc/Legacy -I../Drivers/STM32F1xx_HAL_Driver/Inc -I../Drivers/CMSIS/Device/ST/STM32F1xx/Include -I../Drivers/CMSIS/Include -O0 -ffunction-sections -fdata-sections -Wall -fstack-usage -fcyclomatic-complexity -MMD -MP -MF"Core/Src/LoRa.d" -MT"Core/Src/LoRa.o" --specs=nano.specs -mfloat-abi=soft -mthumb -o "Core/Src/LoRa.o"
arm-none-eabi-gcc "../Core/Src/main.c" -mcpu=cortex-m3 -std=gnu11 -g3 -DDEBUG -DUSE_HAL_DRIVER -DSTM32F103xB -c -I../Core/Inc -I../Drivers/STM32F1xx_HAL_Driver/Inc/Legacy -I../Drivers/STM32F1xx_HAL_Driver/Inc -I../Drivers/CMSIS/Device/ST/STM32F1xx/Include -I../Drivers/CMSIS/Include -O0 -ffunction-sections -fdata-sections -Wall -fstack-usage -fcyclomatic-complexity -MMD -MP -MF"Core/Src/main.d" -MT"Core/Src/main.o" --specs=nano.specs -mfloat-abi=soft -mthumb -o "Core/Src/main.o"
arm-none-eabi-gcc -o "LORA_V2.elf" @"objects.list"   -mcpu=cortex-m3 -T"D:\smart_garden\LORA_V2\STM32F103C8TX_FLASH.ld" --specs=nosys.specs -Wl,-Map="LORA_V2.map" -Wl,--gc-sections -static --specs=nano.specs -mfloat-abi=soft -mthumb -Wl,--start-group -lc -lm -Wl,--end-group
Finished building target: LORA_V2.elf
 
arm-none-eabi-size   LORA_V2.elf 
arm-none-eabi-objdump -h -S  LORA_V2.elf  > "LORA_V2.list"
   text	   data	    bss	    dec	    hex	filename
  14048	     24	   1992	  16064	   3ec0	LORA_V2.elf
Finished building: default.size.stdout
 
Finished building: LORA_V2.list
 
07:53:32 **** Incremental Build of configuration Debug for project LORA_V2 ****
make -j16 all 
arm-none-eabi-gcc "../Core/Src/LoRa.c" -mcpu=cortex-m3 -std=gnu11 -g3 -DDEBUG -DUSE_HAL_DRIVER -DSTM32F103xB -c -I../Core/Inc -I../Drivers/STM32F1xx_HAL_Driver/Inc/Legacy -I../Drivers/STM32F1xx_HAL_Driver/Inc -I../Drivers/CMSIS/Device/ST/STM32F1xx/Include -I../Drivers/CMSIS/Include -O0 -ffunction-sections -fdata-sections -Wall -fstack-usage -fcyclomatic-complexity -MMD -MP -MF"Core/Src/LoRa.d" -MT"Core/Src/LoRa.o" --specs=nano.specs -mfloat-abi=soft -mthumb -o "Core/Src/LoRa.o"
arm-none-eabi-gcc "../Core/Src/main.c" -mcpu=cortex-m3 -std=gnu11 -g3 -DDEBUG -DUSE_HAL_DRIVER -DSTM32F103xB -c -I../Core/Inc -I../Drivers/STM32F1xx_HAL_Driver/Inc/Legacy -I../Drivers/STM32F1xx_HAL_Driver/Inc -I../Drivers/CMSIS/Device/ST/STM32F1xx/Include -I../Drivers/CMSIS/Include -O0 -ffunction-sections -fdata-sections -Wall -fstack-usage -fcyclomatic-complexity -MMD -MP -MF"Core/Src/main.d" -MT"Core/Src/main.o" --specs=nano.specs -mfloat-abi=soft -mthumb -o "Core/Src/main.o"
arm-none-eabi-gcc -o "LORA_V2.elf" @"objects.list"   -mcpu=cortex-m3 -T"D:\smart_garden\LORA_V2\STM32F103C8TX_FLASH.ld" --specs=nosys.specs -Wl,-Map="LORA_V2.map" -Wl,--gc-sections -static --specs=nano.specs -mfloat-abi=soft -mthumb -Wl,--start-group -lc -lm -Wl,--end-group
Finished building target: LORA_V2.elf
 
arm-none-eabi-size   LORA_V2.elf 
arm-none-eabi-objdump -h -S  LORA_V2.elf  > "LORA_V2.list"
   text	   data	    bss	    dec	    hex	filename
  14080	     24	   1992	  16096	   3ee0	LORA_V2.elf
Finished building: default.size.stdout
 
Finished building: LORA_V2.list
 
08:00:26 **** Incremental Build of configuration Debug for project LORA_V2 ****
make -j16 all 
arm-none-eabi-gcc "../Core/Src/main.c" -mcpu=cortex-m3 -std=gnu11 -g3 -DDEBUG -DUSE_HAL_DRIVER -DSTM32F103xB -c -I../Core/Inc -I../Drivers/STM32F1xx_HAL_Driver/Inc/Legacy -I../Drivers/STM32F1xx_HAL_Driver/Inc -I../Drivers/CMSIS/Device/ST/STM32F1xx/Include -I../Drivers/CMSIS/Include -O0 -ffunction-sections -fdata-sections -Wall -fstack-usage -fcyclomatic-complexity -MMD -MP -MF"Core/Src/main.d" -MT"Core/Src/main.o" --specs=nano.specs -mfloat-abi=soft -mthumb -o "Core/Src/main.o"
arm-none-eabi-gcc -o "LORA_V2.elf" @"objects.list"   -mcpu=cortex-m3 -T"D:\smart_garden\LORA_V2\STM32F103C8TX_FLASH.ld" --specs=nosys.specs -Wl,-Map="LORA_V2.map" -Wl,--gc-sections -static --specs=nano.specs -mfloat-abi=soft -mthumb -Wl,--start-group -lc -lm -Wl,--end-group
Finished building target: LORA_V2.elf
 
arm-none-eabi-size   LORA_V2.elf 
arm-none-eabi-objdump -h -S  LORA_V2.elf  > "LORA_V2.list"
   text	   data	    bss	    dec	    hex	filename
  14092	     24	   1992	  16108	   3eec	LORA_V2.elf
Finished building: default.size.stdout
 
Finished building: LORA_V2.list
 
08:04:00 **** Incremental Build of configuration Debug for project LORA_V2 ****
make -j16 all 
arm-none-eabi-gcc "../Core/Src/LoRa.c" -mcpu=cortex-m3 -std=gnu11 -g3 -DDEBUG -DUSE_HAL_DRIVER -DSTM32F103xB -c -I../Core/Inc -I../Drivers/STM32F1xx_HAL_Driver/Inc/Legacy -I../Drivers/STM32F1xx_HAL_Driver/Inc -I../Drivers/CMSIS/Device/ST/STM32F1xx/Include -I../Drivers/CMSIS/Include -O0 -ffunction-sections -fdata-sections -Wall -fstack-usage -fcyclomatic-complexity -MMD -MP -MF"Core/Src/LoRa.d" -MT"Core/Src/LoRa.o" --specs=nano.specs -mfloat-abi=soft -mthumb -o "Core/Src/LoRa.o"
arm-none-eabi-gcc -o "LORA_V2.elf" @"objects.list"   -mcpu=cortex-m3 -T"D:\smart_garden\LORA_V2\STM32F103C8TX_FLASH.ld" --specs=nosys.specs -Wl,-Map="LORA_V2.map" -Wl,--gc-sections -static --specs=nano.specs -mfloat-abi=soft -mthumb -Wl,--start-group -lc -lm -Wl,--end-group
Finished building target: LORA_V2.elf
 
arm-none-eabi-size   LORA_V2.elf 
arm-none-eabi-objdump -h -S  LORA_V2.elf  > "LORA_V2.list"
   text	   data	    bss	    dec	    hex	filename
  14132	     24	   1992	  16148	   3f14	LORA_V2.elf
Finished building: default.size.stdout
 
Finished building: LORA_V2.list
 
08:11:36 **** Incremental Build of configuration Debug for project LORA_V2 ****
make -j16 all 
arm-none-eabi-gcc "../Core/Src/LoRa.c" -mcpu=cortex-m3 -std=gnu11 -g3 -DDEBUG -DUSE_HAL_DRIVER -DSTM32F103xB -c -I../Core/Inc -I../Drivers/STM32F1xx_HAL_Driver/Inc/Legacy -I../Drivers/STM32F1xx_HAL_Driver/Inc -I../Drivers/CMSIS/Device/ST/STM32F1xx/Include -I../Drivers/CMSIS/Include -O0 -ffunction-sections -fdata-sections -Wall -fstack-usage -fcyclomatic-complexity -MMD -MP -MF"Core/Src/LoRa.d" -MT"Core/Src/LoRa.o" --specs=nano.specs -mfloat-abi=soft -mthumb -o "Core/Src/LoRa.o"
arm-none-eabi-gcc -o "LORA_V2.elf" @"objects.list"   -mcpu=cortex-m3 -T"D:\smart_garden\LORA_V2\STM32F103C8TX_FLASH.ld" --specs=nosys.specs -Wl,-Map="LORA_V2.map" -Wl,--gc-sections -static --specs=nano.specs -mfloat-abi=soft -mthumb -Wl,--start-group -lc -lm -Wl,--end-group
Finished building target: LORA_V2.elf
 
arm-none-eabi-size   LORA_V2.elf 
arm-none-eabi-objdump -h -S  LORA_V2.elf  > "LORA_V2.list"
   text	   data	    bss	    dec	    hex	filename
  14132	     24	   1992	  16148	   3f14	LORA_V2.elf
Finished building: default.size.stdout
 
Finished building: LORA_V2.list
 
08:18:36 **** Incremental Build of configuration Debug for project LORA_V2 ****
make -j16 all 
arm-none-eabi-gcc "../Core/Src/main.c" -mcpu=cortex-m3 -std=gnu11 -g3 -DDEBUG -DUSE_HAL_DRIVER -DSTM32F103xB -c -I../Core/Inc -I../Drivers/STM32F1xx_HAL_Driver/Inc/Legacy -I../Drivers/STM32F1xx_HAL_Driver/Inc -I../Drivers/CMSIS/Device/ST/STM32F1xx/Include -I../Drivers/CMSIS/Include -O0 -ffunction-sections -fdata-sections -Wall -fstack-usage -fcyclomatic-complexity -MMD -MP -MF"Core/Src/main.d" -MT"Core/Src/main.o" --specs=nano.specs -mfloat-abi=soft -mthumb -o "Core/Src/main.o"
arm-none-eabi-gcc -o "LORA_V2.elf" @"objects.list"   -mcpu=cortex-m3 -T"D:\smart_garden\LORA_V2\STM32F103C8TX_FLASH.ld" --specs=nosys.specs -Wl,-Map="LORA_V2.map" -Wl,--gc-sections -static --specs=nano.specs -mfloat-abi=soft -mthumb -Wl,--start-group -lc -lm -Wl,--end-group
Finished building target: LORA_V2.elf
 
arm-none-eabi-size   LORA_V2.elf 
arm-none-eabi-objdump -h -S  LORA_V2.elf  > "LORA_V2.list"
   text	   data	    bss	    dec	    hex	filename
  13856	     24	   1992	  15872	   3e00	LORA_V2.elf
Finished building: default.size.stdout
 
Finished building: LORA_V2.list
 
08:20:08 **** Incremental Build of configuration Debug for project LORA_V2 ****
make -j16 all 
arm-none-eabi-size   LORA_V2.elf 
   text	   data	    bss	    dec	    hex	filename
  13856	     24	   1992	  15872	   3e00	LORA_V2.elf
Finished building: default.size.stdout
 
08:21:53 **** Incremental Build of configuration Debug for project LORA_V2 ****
make -j16 all 
arm-none-eabi-size   LORA_V2.elf 
   text	   data	    bss	    dec	    hex	filename
  13856	     24	   1992	  15872	   3e00	LORA_V2.elf
Finished building: default.size.stdout
 
08:28:58 **** Incremental Build of configuration Debug for project LORA_V2 ****
make -j16 all 
arm-none-eabi-gcc "../Core/Src/main.c" -mcpu=cortex-m3 -std=gnu11 -g3 -DDEBUG -DUSE_HAL_DRIVER -DSTM32F103xB -c -I../Core/Inc -I../Drivers/STM32F1xx_HAL_Driver/Inc/Legacy -I../Drivers/STM32F1xx_HAL_Driver/Inc -I../Drivers/CMSIS/Device/ST/STM32F1xx/Include -I../Drivers/CMSIS/Include -O0 -ffunction-sections -fdata-sections -Wall -fstack-usage -fcyclomatic-complexity -MMD -MP -MF"Core/Src/main.d" -MT"Core/Src/main.o" --specs=nano.specs -mfloat-abi=soft -mthumb -o "Core/Src/main.o"
../Core/Src/main.c: In function 'main':
../Core/Src/main.c:158:27: error: 'buf' undeclared (first use in this function)
  158 |                           buf[i]='0';
      |                           ^~~
../Core/Src/main.c:158:27: note: each undeclared identifier is reported only once for each function it appears in
make: *** [Core/Src/subdir.mk:37: Core/Src/main.o] Error 1
"make -j16 all" terminated with exit code 2. Build might be incomplete.
08:29:21 **** Incremental Build of configuration Debug for project LORA_V2 ****
make -j16 all 
arm-none-eabi-gcc "../Core/Src/main.c" -mcpu=cortex-m3 -std=gnu11 -g3 -DDEBUG -DUSE_HAL_DRIVER -DSTM32F103xB -c -I../Core/Inc -I../Drivers/STM32F1xx_HAL_Driver/Inc/Legacy -I../Drivers/STM32F1xx_HAL_Driver/Inc -I../Drivers/CMSIS/Device/ST/STM32F1xx/Include -I../Drivers/CMSIS/Include -O0 -ffunction-sections -fdata-sections -Wall -fstack-usage -fcyclomatic-complexity -MMD -MP -MF"Core/Src/main.d" -MT"Core/Src/main.o" --specs=nano.specs -mfloat-abi=soft -mthumb -o "Core/Src/main.o"
arm-none-eabi-gcc -o "LORA_V2.elf" @"objects.list"   -mcpu=cortex-m3 -T"D:\smart_garden\LORA_V2\STM32F103C8TX_FLASH.ld" --specs=nosys.specs -Wl,-Map="LORA_V2.map" -Wl,--gc-sections -static --specs=nano.specs -mfloat-abi=soft -mthumb -Wl,--start-group -lc -lm -Wl,--end-group
Finished building target: LORA_V2.elf
 
arm-none-eabi-size   LORA_V2.elf 
arm-none-eabi-objdump -h -S  LORA_V2.elf  > "LORA_V2.list"
   text	   data	    bss	    dec	    hex	filename
  13884	     24	   1912	  15820	   3dcc	LORA_V2.elf
Finished building: default.size.stdout
 
Finished building: LORA_V2.list
 
12:22:42 **** Build of configuration Debug for project I2C_SHT30_DS3231 ****
make -j16 all 
arm-none-eabi-gcc "../Drivers/STM32F1xx_HAL_Driver/Src/stm32f1xx_hal.c" -mcpu=cortex-m3 -std=gnu11 -g3 -DDEBUG -DUSE_HAL_DRIVER -DSTM32F103xB -c -I../Core/Inc -I../Drivers/STM32F1xx_HAL_Driver/Inc/Legacy -I../Drivers/STM32F1xx_HAL_Driver/Inc -I../Drivers/CMSIS/Device/ST/STM32F1xx/Include -I../Drivers/CMSIS/Include -O0 -ffunction-sections -fdata-sections -Wall -fstack-usage -fcyclomatic-complexity -MMD -MP -MF"Drivers/STM32F1xx_HAL_Driver/Src/stm32f1xx_hal.d" -MT"Drivers/STM32F1xx_HAL_Driver/Src/stm32f1xx_hal.o" --specs=nano.specs -mfloat-abi=soft -mthumb -o "Drivers/STM32F1xx_HAL_Driver/Src/stm32f1xx_hal.o"
arm-none-eabi-gcc "../Drivers/STM32F1xx_HAL_Driver/Src/stm32f1xx_hal_cortex.c" -mcpu=cortex-m3 -std=gnu11 -g3 -DDEBUG -DUSE_HAL_DRIVER -DSTM32F103xB -c -I../Core/Inc -I../Drivers/STM32F1xx_HAL_Driver/Inc/Legacy -I../Drivers/STM32F1xx_HAL_Driver/Inc -I../Drivers/CMSIS/Device/ST/STM32F1xx/Include -I../Drivers/CMSIS/Include -O0 -ffunction-sections -fdata-sections -Wall -fstack-usage -fcyclomatic-complexity -MMD -MP -MF"Drivers/STM32F1xx_HAL_Driver/Src/stm32f1xx_hal_cortex.d" -MT"Drivers/STM32F1xx_HAL_Driver/Src/stm32f1xx_hal_cortex.o" --specs=nano.specs -mfloat-abi=soft -mthumb -o "Drivers/STM32F1xx_HAL_Driver/Src/stm32f1xx_hal_cortex.o"
arm-none-eabi-gcc "../Drivers/STM32F1xx_HAL_Driver/Src/stm32f1xx_hal_dma.c" -mcpu=cortex-m3 -std=gnu11 -g3 -DDEBUG -DUSE_HAL_DRIVER -DSTM32F103xB -c -I../Core/Inc -I../Drivers/STM32F1xx_HAL_Driver/Inc/Legacy -I../Drivers/STM32F1xx_HAL_Driver/Inc -I../Drivers/CMSIS/Device/ST/STM32F1xx/Include -I../Drivers/CMSIS/Include -O0 -ffunction-sections -fdata-sections -Wall -fstack-usage -fcyclomatic-complexity -MMD -MP -MF"Drivers/STM32F1xx_HAL_Driver/Src/stm32f1xx_hal_dma.d" -MT"Drivers/STM32F1xx_HAL_Driver/Src/stm32f1xx_hal_dma.o" --specs=nano.specs -mfloat-abi=soft -mthumb -o "Drivers/STM32F1xx_HAL_Driver/Src/stm32f1xx_hal_dma.o"
arm-none-eabi-gcc "../Drivers/STM32F1xx_HAL_Driver/Src/stm32f1xx_hal_exti.c" -mcpu=cortex-m3 -std=gnu11 -g3 -DDEBUG -DUSE_HAL_DRIVER -DSTM32F103xB -c -I../Core/Inc -I../Drivers/STM32F1xx_HAL_Driver/Inc/Legacy -I../Drivers/STM32F1xx_HAL_Driver/Inc -I../Drivers/CMSIS/Device/ST/STM32F1xx/Include -I../Drivers/CMSIS/Include -O0 -ffunction-sections -fdata-sections -Wall -fstack-usage -fcyclomatic-complexity -MMD -MP -MF"Drivers/STM32F1xx_HAL_Driver/Src/stm32f1xx_hal_exti.d" -MT"Drivers/STM32F1xx_HAL_Driver/Src/stm32f1xx_hal_exti.o" --specs=nano.specs -mfloat-abi=soft -mthumb -o "Drivers/STM32F1xx_HAL_Driver/Src/stm32f1xx_hal_exti.o"
arm-none-eabi-gcc "../Drivers/STM32F1xx_HAL_Driver/Src/stm32f1xx_hal_flash.c" -mcpu=cortex-m3 -std=gnu11 -g3 -DDEBUG -DUSE_HAL_DRIVER -DSTM32F103xB -c -I../Core/Inc -I../Drivers/STM32F1xx_HAL_Driver/Inc/Legacy -I../Drivers/STM32F1xx_HAL_Driver/Inc -I../Drivers/CMSIS/Device/ST/STM32F1xx/Include -I../Drivers/CMSIS/Include -O0 -ffunction-sections -fdata-sections -Wall -fstack-usage -fcyclomatic-complexity -MMD -MP -MF"Drivers/STM32F1xx_HAL_Driver/Src/stm32f1xx_hal_flash.d" -MT"Drivers/STM32F1xx_HAL_Driver/Src/stm32f1xx_hal_flash.o" --specs=nano.specs -mfloat-abi=soft -mthumb -o "Drivers/STM32F1xx_HAL_Driver/Src/stm32f1xx_hal_flash.o"
arm-none-eabi-gcc "../Drivers/STM32F1xx_HAL_Driver/Src/stm32f1xx_hal_flash_ex.c" -mcpu=cortex-m3 -std=gnu11 -g3 -DDEBUG -DUSE_HAL_DRIVER -DSTM32F103xB -c -I../Core/Inc -I../Drivers/STM32F1xx_HAL_Driver/Inc/Legacy -I../Drivers/STM32F1xx_HAL_Driver/Inc -I../Drivers/CMSIS/Device/ST/STM32F1xx/Include -I../Drivers/CMSIS/Include -O0 -ffunction-sections -fdata-sections -Wall -fstack-usage -fcyclomatic-complexity -MMD -MP -MF"Drivers/STM32F1xx_HAL_Driver/Src/stm32f1xx_hal_flash_ex.d" -MT"Drivers/STM32F1xx_HAL_Driver/Src/stm32f1xx_hal_flash_ex.o" --specs=nano.specs -mfloat-abi=soft -mthumb -o "Drivers/STM32F1xx_HAL_Driver/Src/stm32f1xx_hal_flash_ex.o"
arm-none-eabi-gcc "../Drivers/STM32F1xx_HAL_Driver/Src/stm32f1xx_hal_gpio.c" -mcpu=cortex-m3 -std=gnu11 -g3 -DDEBUG -DUSE_HAL_DRIVER -DSTM32F103xB -c -I../Core/Inc -I../Drivers/STM32F1xx_HAL_Driver/Inc/Legacy -I../Drivers/STM32F1xx_HAL_Driver/Inc -I../Drivers/CMSIS/Device/ST/STM32F1xx/Include -I../Drivers/CMSIS/Include -O0 -ffunction-sections -fdata-sections -Wall -fstack-usage -fcyclomatic-complexity -MMD -MP -MF"Drivers/STM32F1xx_HAL_Driver/Src/stm32f1xx_hal_gpio.d" -MT"Drivers/STM32F1xx_HAL_Driver/Src/stm32f1xx_hal_gpio.o" --specs=nano.specs -mfloat-abi=soft -mthumb -o "Drivers/STM32F1xx_HAL_Driver/Src/stm32f1xx_hal_gpio.o"
arm-none-eabi-gcc "../Drivers/STM32F1xx_HAL_Driver/Src/stm32f1xx_hal_gpio_ex.c" -mcpu=cortex-m3 -std=gnu11 -g3 -DDEBUG -DUSE_HAL_DRIVER -DSTM32F103xB -c -I../Core/Inc -I../Drivers/STM32F1xx_HAL_Driver/Inc/Legacy -I../Drivers/STM32F1xx_HAL_Driver/Inc -I../Drivers/CMSIS/Device/ST/STM32F1xx/Include -I../Drivers/CMSIS/Include -O0 -ffunction-sections -fdata-sections -Wall -fstack-usage -fcyclomatic-complexity -MMD -MP -MF"Drivers/STM32F1xx_HAL_Driver/Src/stm32f1xx_hal_gpio_ex.d" -MT"Drivers/STM32F1xx_HAL_Driver/Src/stm32f1xx_hal_gpio_ex.o" --specs=nano.specs -mfloat-abi=soft -mthumb -o "Drivers/STM32F1xx_HAL_Driver/Src/stm32f1xx_hal_gpio_ex.o"
arm-none-eabi-gcc "../Drivers/STM32F1xx_HAL_Driver/Src/stm32f1xx_hal_i2c.c" -mcpu=cortex-m3 -std=gnu11 -g3 -DDEBUG -DUSE_HAL_DRIVER -DSTM32F103xB -c -I../Core/Inc -I../Drivers/STM32F1xx_HAL_Driver/Inc/Legacy -I../Drivers/STM32F1xx_HAL_Driver/Inc -I../Drivers/CMSIS/Device/ST/STM32F1xx/Include -I../Drivers/CMSIS/Include -O0 -ffunction-sections -fdata-sections -Wall -fstack-usage -fcyclomatic-complexity -MMD -MP -MF"Drivers/STM32F1xx_HAL_Driver/Src/stm32f1xx_hal_i2c.d" -MT"Drivers/STM32F1xx_HAL_Driver/Src/stm32f1xx_hal_i2c.o" --specs=nano.specs -mfloat-abi=soft -mthumb -o "Drivers/STM32F1xx_HAL_Driver/Src/stm32f1xx_hal_i2c.o"
arm-none-eabi-gcc "../Drivers/STM32F1xx_HAL_Driver/Src/stm32f1xx_hal_pwr.c" -mcpu=cortex-m3 -std=gnu11 -g3 -DDEBUG -DUSE_HAL_DRIVER -DSTM32F103xB -c -I../Core/Inc -I../Drivers/STM32F1xx_HAL_Driver/Inc/Legacy -I../Drivers/STM32F1xx_HAL_Driver/Inc -I../Drivers/CMSIS/Device/ST/STM32F1xx/Include -I../Drivers/CMSIS/Include -O0 -ffunction-sections -fdata-sections -Wall -fstack-usage -fcyclomatic-complexity -MMD -MP -MF"Drivers/STM32F1xx_HAL_Driver/Src/stm32f1xx_hal_pwr.d" -MT"Drivers/STM32F1xx_HAL_Driver/Src/stm32f1xx_hal_pwr.o" --specs=nano.specs -mfloat-abi=soft -mthumb -o "Drivers/STM32F1xx_HAL_Driver/Src/stm32f1xx_hal_pwr.o"
arm-none-eabi-gcc "../Drivers/STM32F1xx_HAL_Driver/Src/stm32f1xx_hal_rcc.c" -mcpu=cortex-m3 -std=gnu11 -g3 -DDEBUG -DUSE_HAL_DRIVER -DSTM32F103xB -c -I../Core/Inc -I../Drivers/STM32F1xx_HAL_Driver/Inc/Legacy -I../Drivers/STM32F1xx_HAL_Driver/Inc -I../Drivers/CMSIS/Device/ST/STM32F1xx/Include -I../Drivers/CMSIS/Include -O0 -ffunction-sections -fdata-sections -Wall -fstack-usage -fcyclomatic-complexity -MMD -MP -MF"Drivers/STM32F1xx_HAL_Driver/Src/stm32f1xx_hal_rcc.d" -MT"Drivers/STM32F1xx_HAL_Driver/Src/stm32f1xx_hal_rcc.o" --specs=nano.specs -mfloat-abi=soft -mthumb -o "Drivers/STM32F1xx_HAL_Driver/Src/stm32f1xx_hal_rcc.o"
arm-none-eabi-gcc "../Drivers/STM32F1xx_HAL_Driver/Src/stm32f1xx_hal_rcc_ex.c" -mcpu=cortex-m3 -std=gnu11 -g3 -DDEBUG -DUSE_HAL_DRIVER -DSTM32F103xB -c -I../Core/Inc -I../Drivers/STM32F1xx_HAL_Driver/Inc/Legacy -I../Drivers/STM32F1xx_HAL_Driver/Inc -I../Drivers/CMSIS/Device/ST/STM32F1xx/Include -I../Drivers/CMSIS/Include -O0 -ffunction-sections -fdata-sections -Wall -fstack-usage -fcyclomatic-complexity -MMD -MP -MF"Drivers/STM32F1xx_HAL_Driver/Src/stm32f1xx_hal_rcc_ex.d" -MT"Drivers/STM32F1xx_HAL_Driver/Src/stm32f1xx_hal_rcc_ex.o" --specs=nano.specs -mfloat-abi=soft -mthumb -o "Drivers/STM32F1xx_HAL_Driver/Src/stm32f1xx_hal_rcc_ex.o"
arm-none-eabi-gcc "../Drivers/STM32F1xx_HAL_Driver/Src/stm32f1xx_hal_tim.c" -mcpu=cortex-m3 -std=gnu11 -g3 -DDEBUG -DUSE_HAL_DRIVER -DSTM32F103xB -c -I../Core/Inc -I../Drivers/STM32F1xx_HAL_Driver/Inc/Legacy -I../Drivers/STM32F1xx_HAL_Driver/Inc -I../Drivers/CMSIS/Device/ST/STM32F1xx/Include -I../Drivers/CMSIS/Include -O0 -ffunction-sections -fdata-sections -Wall -fstack-usage -fcyclomatic-complexity -MMD -MP -MF"Drivers/STM32F1xx_HAL_Driver/Src/stm32f1xx_hal_tim.d" -MT"Drivers/STM32F1xx_HAL_Driver/Src/stm32f1xx_hal_tim.o" --specs=nano.specs -mfloat-abi=soft -mthumb -o "Drivers/STM32F1xx_HAL_Driver/Src/stm32f1xx_hal_tim.o"
arm-none-eabi-gcc "../Drivers/STM32F1xx_HAL_Driver/Src/stm32f1xx_hal_tim_ex.c" -mcpu=cortex-m3 -std=gnu11 -g3 -DDEBUG -DUSE_HAL_DRIVER -DSTM32F103xB -c -I../Core/Inc -I../Drivers/STM32F1xx_HAL_Driver/Inc/Legacy -I../Drivers/STM32F1xx_HAL_Driver/Inc -I../Drivers/CMSIS/Device/ST/STM32F1xx/Include -I../Drivers/CMSIS/Include -O0 -ffunction-sections -fdata-sections -Wall -fstack-usage -fcyclomatic-complexity -MMD -MP -MF"Drivers/STM32F1xx_HAL_Driver/Src/stm32f1xx_hal_tim_ex.d" -MT"Drivers/STM32F1xx_HAL_Driver/Src/stm32f1xx_hal_tim_ex.o" --specs=nano.specs -mfloat-abi=soft -mthumb -o "Drivers/STM32F1xx_HAL_Driver/Src/stm32f1xx_hal_tim_ex.o"
arm-none-eabi-gcc -mcpu=cortex-m3 -g3 -DDEBUG -c -x assembler-with-cpp -MMD -MP -MF"Core/Startup/startup_stm32f103c8tx.d" -MT"Core/Startup/startup_stm32f103c8tx.o" --specs=nano.specs -mfloat-abi=soft -mthumb -o "Core/Startup/startup_stm32f103c8tx.o" "../Core/Startup/startup_stm32f103c8tx.s"
arm-none-eabi-gcc "../Core/Src/main.c" -mcpu=cortex-m3 -std=gnu11 -g3 -DDEBUG -DUSE_HAL_DRIVER -DSTM32F103xB -c -I../Core/Inc -I../Drivers/STM32F1xx_HAL_Driver/Inc/Legacy -I../Drivers/STM32F1xx_HAL_Driver/Inc -I../Drivers/CMSIS/Device/ST/STM32F1xx/Include -I../Drivers/CMSIS/Include -O0 -ffunction-sections -fdata-sections -Wall -fstack-usage -fcyclomatic-complexity -MMD -MP -MF"Core/Src/main.d" -MT"Core/Src/main.o" --specs=nano.specs -mfloat-abi=soft -mthumb -o "Core/Src/main.o"
arm-none-eabi-gcc "../Core/Src/stm32f1xx_hal_msp.c" -mcpu=cortex-m3 -std=gnu11 -g3 -DDEBUG -DUSE_HAL_DRIVER -DSTM32F103xB -c -I../Core/Inc -I../Drivers/STM32F1xx_HAL_Driver/Inc/Legacy -I../Drivers/STM32F1xx_HAL_Driver/Inc -I../Drivers/CMSIS/Device/ST/STM32F1xx/Include -I../Drivers/CMSIS/Include -O0 -ffunction-sections -fdata-sections -Wall -fstack-usage -fcyclomatic-complexity -MMD -MP -MF"Core/Src/stm32f1xx_hal_msp.d" -MT"Core/Src/stm32f1xx_hal_msp.o" --specs=nano.specs -mfloat-abi=soft -mthumb -o "Core/Src/stm32f1xx_hal_msp.o"
arm-none-eabi-gcc "../Core/Src/stm32f1xx_it.c" -mcpu=cortex-m3 -std=gnu11 -g3 -DDEBUG -DUSE_HAL_DRIVER -DSTM32F103xB -c -I../Core/Inc -I../Drivers/STM32F1xx_HAL_Driver/Inc/Legacy -I../Drivers/STM32F1xx_HAL_Driver/Inc -I../Drivers/CMSIS/Device/ST/STM32F1xx/Include -I../Drivers/CMSIS/Include -O0 -ffunction-sections -fdata-sections -Wall -fstack-usage -fcyclomatic-complexity -MMD -MP -MF"Core/Src/stm32f1xx_it.d" -MT"Core/Src/stm32f1xx_it.o" --specs=nano.specs -mfloat-abi=soft -mthumb -o "Core/Src/stm32f1xx_it.o"
arm-none-eabi-gcc "../Core/Src/syscalls.c" -mcpu=cortex-m3 -std=gnu11 -g3 -DDEBUG -DUSE_HAL_DRIVER -DSTM32F103xB -c -I../Core/Inc -I../Drivers/STM32F1xx_HAL_Driver/Inc/Legacy -I../Drivers/STM32F1xx_HAL_Driver/Inc -I../Drivers/CMSIS/Device/ST/STM32F1xx/Include -I../Drivers/CMSIS/Include -O0 -ffunction-sections -fdata-sections -Wall -fstack-usage -fcyclomatic-complexity -MMD -MP -MF"Core/Src/syscalls.d" -MT"Core/Src/syscalls.o" --specs=nano.specs -mfloat-abi=soft -mthumb -o "Core/Src/syscalls.o"
arm-none-eabi-gcc "../Core/Src/sysmem.c" -mcpu=cortex-m3 -std=gnu11 -g3 -DDEBUG -DUSE_HAL_DRIVER -DSTM32F103xB -c -I../Core/Inc -I../Drivers/STM32F1xx_HAL_Driver/Inc/Legacy -I../Drivers/STM32F1xx_HAL_Driver/Inc -I../Drivers/CMSIS/Device/ST/STM32F1xx/Include -I../Drivers/CMSIS/Include -O0 -ffunction-sections -fdata-sections -Wall -fstack-usage -fcyclomatic-complexity -MMD -MP -MF"Core/Src/sysmem.d" -MT"Core/Src/sysmem.o" --specs=nano.specs -mfloat-abi=soft -mthumb -o "Core/Src/sysmem.o"
arm-none-eabi-gcc "../Core/Src/system_stm32f1xx.c" -mcpu=cortex-m3 -std=gnu11 -g3 -DDEBUG -DUSE_HAL_DRIVER -DSTM32F103xB -c -I../Core/Inc -I../Drivers/STM32F1xx_HAL_Driver/Inc/Legacy -I../Drivers/STM32F1xx_HAL_Driver/Inc -I../Drivers/CMSIS/Device/ST/STM32F1xx/Include -I../Drivers/CMSIS/Include -O0 -ffunction-sections -fdata-sections -Wall -fstack-usage -fcyclomatic-complexity -MMD -MP -MF"Core/Src/system_stm32f1xx.d" -MT"Core/Src/system_stm32f1xx.o" --specs=nano.specs -mfloat-abi=soft -mthumb -o "Core/Src/system_stm32f1xx.o"
arm-none-eabi-gcc -o "I2C_SHT30_DS3231.elf" @"objects.list"   -mcpu=cortex-m3 -T"D:\smart_garden\I2C_SHT30_DS3231\STM32F103C8TX_FLASH.ld" --specs=nosys.specs -Wl,-Map="I2C_SHT30_DS3231.map" -Wl,--gc-sections -static --specs=nano.specs -mfloat-abi=soft -mthumb -Wl,--start-group -lc -lm -Wl,--end-group
Finished building target: I2C_SHT30_DS3231.elf
 
arm-none-eabi-size   I2C_SHT30_DS3231.elf 
arm-none-eabi-objdump -h -S  I2C_SHT30_DS3231.elf  > "I2C_SHT30_DS3231.list"
   text	   data	    bss	    dec	    hex	filename
  10696	     24	   1672	  12392	   3068	I2C_SHT30_DS3231.elf
Finished building: default.size.stdout
 
Finished building: I2C_SHT30_DS3231.list
 
12:22:57 **** Incremental Build of configuration Debug for project I2C_SHT30_DS3231 ****
make -j16 all 
arm-none-eabi-size   I2C_SHT30_DS3231.elf 
   text	   data	    bss	    dec	    hex	filename
  10696	     24	   1672	  12392	   3068	I2C_SHT30_DS3231.elf
Finished building: default.size.stdout
 
12:25:46 **** Incremental Build of configuration Debug for project I2C_SHT30_DS3231 ****
make -j16 all 
arm-none-eabi-size   I2C_SHT30_DS3231.elf 
   text	   data	    bss	    dec	    hex	filename
  10696	     24	   1672	  12392	   3068	I2C_SHT30_DS3231.elf
Finished building: default.size.stdout
 
12:34:07 **** Incremental Build of configuration Debug for project I2C_SHT30_DS3231 ****
make -j16 all 
arm-none-eabi-gcc "../Core/Src/main.c" -mcpu=cortex-m3 -std=gnu11 -g3 -DDEBUG -DUSE_HAL_DRIVER -DSTM32F103xB -c -I../Core/Inc -I../Drivers/STM32F1xx_HAL_Driver/Inc/Legacy -I../Drivers/STM32F1xx_HAL_Driver/Inc -I../Drivers/CMSIS/Device/ST/STM32F1xx/Include -I../Drivers/CMSIS/Include -O0 -ffunction-sections -fdata-sections -Wall -fstack-usage -fcyclomatic-complexity -MMD -MP -MF"Core/Src/main.d" -MT"Core/Src/main.o" --specs=nano.specs -mfloat-abi=soft -mthumb -o "Core/Src/main.o"
../Core/Src/main.c: In function 'main':
../Core/Src/main.c:150:38: error: 'AHT30' undeclared (first use in this function)
  150 |   { if(HAL_I2C_IsDeviceReady(&hi2c1, AHT30<<1, 3, 100)==HAL_OK){
      |                                      ^~~~~
../Core/Src/main.c:150:38: note: each undeclared identifier is reported only once for each function it appears in
make: *** [Core/Src/subdir.mk:34: Core/Src/main.o] Error 1
"make -j16 all" terminated with exit code 2. Build might be incomplete.
12:34:23 **** Incremental Build of configuration Debug for project I2C_SHT30_DS3231 ****
make -j16 all 
arm-none-eabi-gcc "../Core/Src/main.c" -mcpu=cortex-m3 -std=gnu11 -g3 -DDEBUG -DUSE_HAL_DRIVER -DSTM32F103xB -c -I../Core/Inc -I../Drivers/STM32F1xx_HAL_Driver/Inc/Legacy -I../Drivers/STM32F1xx_HAL_Driver/Inc -I../Drivers/CMSIS/Device/ST/STM32F1xx/Include -I../Drivers/CMSIS/Include -O0 -ffunction-sections -fdata-sections -Wall -fstack-usage -fcyclomatic-complexity -MMD -MP -MF"Core/Src/main.d" -MT"Core/Src/main.o" --specs=nano.specs -mfloat-abi=soft -mthumb -o "Core/Src/main.o"
arm-none-eabi-gcc -o "I2C_SHT30_DS3231.elf" @"objects.list"   -mcpu=cortex-m3 -T"D:\smart_garden\I2C_SHT30_DS3231\STM32F103C8TX_FLASH.ld" --specs=nosys.specs -Wl,-Map="I2C_SHT30_DS3231.map" -Wl,--gc-sections -static --specs=nano.specs -mfloat-abi=soft -mthumb -Wl,--start-group -lc -lm -Wl,--end-group
Finished building target: I2C_SHT30_DS3231.elf
 
arm-none-eabi-size   I2C_SHT30_DS3231.elf 
arm-none-eabi-objdump -h -S  I2C_SHT30_DS3231.elf  > "I2C_SHT30_DS3231.list"
   text	   data	    bss	    dec	    hex	filename
  11348	     24	   1672	  13044	   32f4	I2C_SHT30_DS3231.elf
Finished building: default.size.stdout
 
Finished building: I2C_SHT30_DS3231.list
 
12:36:31 **** Incremental Build of configuration Debug for project I2C_SHT30_DS3231 ****
make -j16 all 
arm-none-eabi-gcc "../Core/Src/main.c" -mcpu=cortex-m3 -std=gnu11 -g3 -DDEBUG -DUSE_HAL_DRIVER -DSTM32F103xB -c -I../Core/Inc -I../Drivers/STM32F1xx_HAL_Driver/Inc/Legacy -I../Drivers/STM32F1xx_HAL_Driver/Inc -I../Drivers/CMSIS/Device/ST/STM32F1xx/Include -I../Drivers/CMSIS/Include -O0 -ffunction-sections -fdata-sections -Wall -fstack-usage -fcyclomatic-complexity -MMD -MP -MF"Core/Src/main.d" -MT"Core/Src/main.o" --specs=nano.specs -mfloat-abi=soft -mthumb -o "Core/Src/main.o"
arm-none-eabi-gcc -o "I2C_SHT30_DS3231.elf" @"objects.list"   -mcpu=cortex-m3 -T"D:\smart_garden\I2C_SHT30_DS3231\STM32F103C8TX_FLASH.ld" --specs=nosys.specs -Wl,-Map="I2C_SHT30_DS3231.map" -Wl,--gc-sections -static --specs=nano.specs -mfloat-abi=soft -mthumb -Wl,--start-group -lc -lm -Wl,--end-group
Finished building target: I2C_SHT30_DS3231.elf
 
arm-none-eabi-size   I2C_SHT30_DS3231.elf 
arm-none-eabi-objdump -h -S  I2C_SHT30_DS3231.elf  > "I2C_SHT30_DS3231.list"
   text	   data	    bss	    dec	    hex	filename
  11356	     24	   1672	  13052	   32fc	I2C_SHT30_DS3231.elf
Finished building: default.size.stdout
 
Finished building: I2C_SHT30_DS3231.list
 
03:20:17 **** Build of configuration Debug for project I2C_SHT30_DS3231 ****
make -j16 all 
arm-none-eabi-gcc "../Core/Src/main.c" -mcpu=cortex-m3 -std=gnu11 -g3 -DDEBUG -DUSE_HAL_DRIVER -DSTM32F103xB -c -I../Core/Inc -I../Drivers/STM32F1xx_HAL_Driver/Inc/Legacy -I../Drivers/STM32F1xx_HAL_Driver/Inc -I../Drivers/CMSIS/Device/ST/STM32F1xx/Include -I../Drivers/CMSIS/Include -O0 -ffunction-sections -fdata-sections -Wall -fstack-usage -fcyclomatic-complexity -MMD -MP -MF"Core/Src/main.d" -MT"Core/Src/main.o" --specs=nano.specs -mfloat-abi=soft -mthumb -o "Core/Src/main.o"
arm-none-eabi-gcc -o "I2C_SHT30_DS3231.elf" @"objects.list"   -mcpu=cortex-m3 -T"D:\smart_garden\I2C_SHT30_DS3231\STM32F103C8TX_FLASH.ld" --specs=nosys.specs -Wl,-Map="I2C_SHT30_DS3231.map" -Wl,--gc-sections -static --specs=nano.specs -mfloat-abi=soft -mthumb -Wl,--start-group -lc -lm -Wl,--end-group
Finished building target: I2C_SHT30_DS3231.elf
 
arm-none-eabi-size   I2C_SHT30_DS3231.elf 
arm-none-eabi-objdump -h -S  I2C_SHT30_DS3231.elf  > "I2C_SHT30_DS3231.list"
   text	   data	    bss	    dec	    hex	filename
  10084	     24	   1664	  11772	   2dfc	I2C_SHT30_DS3231.elf
Finished building: default.size.stdout
 
Finished building: I2C_SHT30_DS3231.list
 
03:25:42 **** Incremental Build of configuration Debug for project I2C_SHT30_DS3231 ****
make -j16 all 
arm-none-eabi-gcc "../Core/Src/main.c" -mcpu=cortex-m3 -std=gnu11 -g3 -DDEBUG -DUSE_HAL_DRIVER -DSTM32F103xB -c -I../Core/Inc -I../Drivers/STM32F1xx_HAL_Driver/Inc/Legacy -I../Drivers/STM32F1xx_HAL_Driver/Inc -I../Drivers/CMSIS/Device/ST/STM32F1xx/Include -I../Drivers/CMSIS/Include -O0 -ffunction-sections -fdata-sections -Wall -fstack-usage -fcyclomatic-complexity -MMD -MP -MF"Core/Src/main.d" -MT"Core/Src/main.o" --specs=nano.specs -mfloat-abi=soft -mthumb -o "Core/Src/main.o"
arm-none-eabi-gcc -o "I2C_SHT30_DS3231.elf" @"objects.list"   -mcpu=cortex-m3 -T"D:\smart_garden\I2C_SHT30_DS3231\STM32F103C8TX_FLASH.ld" --specs=nosys.specs -Wl,-Map="I2C_SHT30_DS3231.map" -Wl,--gc-sections -static --specs=nano.specs -mfloat-abi=soft -mthumb -Wl,--start-group -lc -lm -Wl,--end-group
Finished building target: I2C_SHT30_DS3231.elf
 
arm-none-eabi-size   I2C_SHT30_DS3231.elf 
arm-none-eabi-objdump -h -S  I2C_SHT30_DS3231.elf  > "I2C_SHT30_DS3231.list"
   text	   data	    bss	    dec	    hex	filename
  10084	     24	   1664	  11772	   2dfc	I2C_SHT30_DS3231.elf
Finished building: default.size.stdout
 
Finished building: I2C_SHT30_DS3231.list
 
03:26:45 **** Incremental Build of configuration Debug for project I2C_SHT30_DS3231 ****
make -j16 all 
arm-none-eabi-gcc "../Core/Src/main.c" -mcpu=cortex-m3 -std=gnu11 -g3 -DDEBUG -DUSE_HAL_DRIVER -DSTM32F103xB -c -I../Core/Inc -I../Drivers/STM32F1xx_HAL_Driver/Inc/Legacy -I../Drivers/STM32F1xx_HAL_Driver/Inc -I../Drivers/CMSIS/Device/ST/STM32F1xx/Include -I../Drivers/CMSIS/Include -O0 -ffunction-sections -fdata-sections -Wall -fstack-usage -fcyclomatic-complexity -MMD -MP -MF"Core/Src/main.d" -MT"Core/Src/main.o" --specs=nano.specs -mfloat-abi=soft -mthumb -o "Core/Src/main.o"
arm-none-eabi-gcc -o "I2C_SHT30_DS3231.elf" @"objects.list"   -mcpu=cortex-m3 -T"D:\smart_garden\I2C_SHT30_DS3231\STM32F103C8TX_FLASH.ld" --specs=nosys.specs -Wl,-Map="I2C_SHT30_DS3231.map" -Wl,--gc-sections -static --specs=nano.specs -mfloat-abi=soft -mthumb -Wl,--start-group -lc -lm -Wl,--end-group
Finished building target: I2C_SHT30_DS3231.elf
 
arm-none-eabi-size   I2C_SHT30_DS3231.elf 
arm-none-eabi-objdump -h -S  I2C_SHT30_DS3231.elf  > "I2C_SHT30_DS3231.list"
   text	   data	    bss	    dec	    hex	filename
  10088	     24	   1664	  11776	   2e00	I2C_SHT30_DS3231.elf
Finished building: default.size.stdout
 
Finished building: I2C_SHT30_DS3231.list
 
09:06:13 **** Build of configuration Debug for project LORA_V2 ****
make -j16 all 
arm-none-eabi-gcc "../Core/Src/main.c" -mcpu=cortex-m3 -std=gnu11 -g3 -DDEBUG -DUSE_HAL_DRIVER -DSTM32F103xB -c -I../Core/Inc -I../Drivers/STM32F1xx_HAL_Driver/Inc/Legacy -I../Drivers/STM32F1xx_HAL_Driver/Inc -I../Drivers/CMSIS/Device/ST/STM32F1xx/Include -I../Drivers/CMSIS/Include -O0 -ffunction-sections -fdata-sections -Wall -fstack-usage -fcyclomatic-complexity -MMD -MP -MF"Core/Src/main.d" -MT"Core/Src/main.o" --specs=nano.specs -mfloat-abi=soft -mthumb -o "Core/Src/main.o"
arm-none-eabi-gcc -o "LORA_V2.elf" @"objects.list"   -mcpu=cortex-m3 -T"D:\smart_garden\LORA_V2\STM32F103C8TX_FLASH.ld" --specs=nosys.specs -Wl,-Map="LORA_V2.map" -Wl,--gc-sections -static --specs=nano.specs -mfloat-abi=soft -mthumb -Wl,--start-group -lc -lm -Wl,--end-group
Finished building target: LORA_V2.elf
 
arm-none-eabi-size   LORA_V2.elf 
arm-none-eabi-objdump -h -S  LORA_V2.elf  > "LORA_V2.list"
   text	   data	    bss	    dec	    hex	filename
  14144	     24	   1992	  16160	   3f20	LORA_V2.elf
Finished building: default.size.stdout
 
Finished building: LORA_V2.list
 
09:08:34 **** Incremental Build of configuration Debug for project LORA_V2 ****
make -j16 all 
arm-none-eabi-gcc "../Core/Src/main.c" -mcpu=cortex-m3 -std=gnu11 -g3 -DDEBUG -DUSE_HAL_DRIVER -DSTM32F103xB -c -I../Core/Inc -I../Drivers/STM32F1xx_HAL_Driver/Inc/Legacy -I../Drivers/STM32F1xx_HAL_Driver/Inc -I../Drivers/CMSIS/Device/ST/STM32F1xx/Include -I../Drivers/CMSIS/Include -O0 -ffunction-sections -fdata-sections -Wall -fstack-usage -fcyclomatic-complexity -MMD -MP -MF"Core/Src/main.d" -MT"Core/Src/main.o" --specs=nano.specs -mfloat-abi=soft -mthumb -o "Core/Src/main.o"
arm-none-eabi-gcc -o "LORA_V2.elf" @"objects.list"   -mcpu=cortex-m3 -T"D:\smart_garden\LORA_V2\STM32F103C8TX_FLASH.ld" --specs=nosys.specs -Wl,-Map="LORA_V2.map" -Wl,--gc-sections -static --specs=nano.specs -mfloat-abi=soft -mthumb -Wl,--start-group -lc -lm -Wl,--end-group
Finished building target: LORA_V2.elf
 
arm-none-eabi-size   LORA_V2.elf 
arm-none-eabi-objdump -h -S  LORA_V2.elf  > "LORA_V2.list"
   text	   data	    bss	    dec	    hex	filename
  13884	     24	   1912	  15820	   3dcc	LORA_V2.elf
Finished building: default.size.stdout
 
Finished building: LORA_V2.list
 
09:13:26 **** Incremental Build of configuration Debug for project LORA_V2 ****
make -j16 all 
arm-none-eabi-size   LORA_V2.elf 
   text	   data	    bss	    dec	    hex	filename
  13884	     24	   1912	  15820	   3dcc	LORA_V2.elf
Finished building: default.size.stdout
 
09:25:19 **** Incremental Build of configuration Debug for project LORA_V2 ****
make -j16 all 
arm-none-eabi-gcc "../Core/Src/main.c" -mcpu=cortex-m3 -std=gnu11 -g3 -DDEBUG -DUSE_HAL_DRIVER -DSTM32F103xB -c -I../Core/Inc -I../Drivers/STM32F1xx_HAL_Driver/Inc/Legacy -I../Drivers/STM32F1xx_HAL_Driver/Inc -I../Drivers/CMSIS/Device/ST/STM32F1xx/Include -I../Drivers/CMSIS/Include -O0 -ffunction-sections -fdata-sections -Wall -fstack-usage -fcyclomatic-complexity -MMD -MP -MF"Core/Src/main.d" -MT"Core/Src/main.o" --specs=nano.specs -mfloat-abi=soft -mthumb -o "Core/Src/main.o"
arm-none-eabi-gcc -o "LORA_V2.elf" @"objects.list"   -mcpu=cortex-m3 -T"D:\smart_garden\LORA_V2\STM32F103C8TX_FLASH.ld" --specs=nosys.specs -Wl,-Map="LORA_V2.map" -Wl,--gc-sections -static --specs=nano.specs -mfloat-abi=soft -mthumb -Wl,--start-group -lc -lm -Wl,--end-group
Finished building target: LORA_V2.elf
 
arm-none-eabi-size   LORA_V2.elf 
arm-none-eabi-objdump -h -S  LORA_V2.elf  > "LORA_V2.list"
   text	   data	    bss	    dec	    hex	filename
  13904	     24	   1912	  15840	   3de0	LORA_V2.elf
Finished building: default.size.stdout
 
Finished building: LORA_V2.list
 
09:30:04 **** Incremental Build of configuration Debug for project LORA_V2 ****
make -j16 all 
arm-none-eabi-gcc "../Core/Src/main.c" -mcpu=cortex-m3 -std=gnu11 -g3 -DDEBUG -DUSE_HAL_DRIVER -DSTM32F103xB -c -I../Core/Inc -I../Drivers/STM32F1xx_HAL_Driver/Inc/Legacy -I../Drivers/STM32F1xx_HAL_Driver/Inc -I../Drivers/CMSIS/Device/ST/STM32F1xx/Include -I../Drivers/CMSIS/Include -O0 -ffunction-sections -fdata-sections -Wall -fstack-usage -fcyclomatic-complexity -MMD -MP -MF"Core/Src/main.d" -MT"Core/Src/main.o" --specs=nano.specs -mfloat-abi=soft -mthumb -o "Core/Src/main.o"
arm-none-eabi-gcc -o "LORA_V2.elf" @"objects.list"   -mcpu=cortex-m3 -T"D:\smart_garden\LORA_V2\STM32F103C8TX_FLASH.ld" --specs=nosys.specs -Wl,-Map="LORA_V2.map" -Wl,--gc-sections -static --specs=nano.specs -mfloat-abi=soft -mthumb -Wl,--start-group -lc -lm -Wl,--end-group
Finished building target: LORA_V2.elf
 
arm-none-eabi-size   LORA_V2.elf 
arm-none-eabi-objdump -h -S  LORA_V2.elf  > "LORA_V2.list"
   text	   data	    bss	    dec	    hex	filename
  13912	     24	   1912	  15848	   3de8	LORA_V2.elf
Finished building: default.size.stdout
 
Finished building: LORA_V2.list
 
09:33:38 **** Incremental Build of configuration Debug for project LORA_V2 ****
make -j16 all 
arm-none-eabi-size   LORA_V2.elf 
   text	   data	    bss	    dec	    hex	filename
  13912	     24	   1912	  15848	   3de8	LORA_V2.elf
Finished building: default.size.stdout
 
09:35:35 **** Incremental Build of configuration Debug for project LORA_V2 ****
make -j16 all 
arm-none-eabi-gcc "../Core/Src/main.c" -mcpu=cortex-m3 -std=gnu11 -g3 -DDEBUG -DUSE_HAL_DRIVER -DSTM32F103xB -c -I../Core/Inc -I../Drivers/STM32F1xx_HAL_Driver/Inc/Legacy -I../Drivers/STM32F1xx_HAL_Driver/Inc -I../Drivers/CMSIS/Device/ST/STM32F1xx/Include -I../Drivers/CMSIS/Include -O0 -ffunction-sections -fdata-sections -Wall -fstack-usage -fcyclomatic-complexity -MMD -MP -MF"Core/Src/main.d" -MT"Core/Src/main.o" --specs=nano.specs -mfloat-abi=soft -mthumb -o "Core/Src/main.o"
arm-none-eabi-gcc -o "LORA_V2.elf" @"objects.list"   -mcpu=cortex-m3 -T"D:\smart_garden\LORA_V2\STM32F103C8TX_FLASH.ld" --specs=nosys.specs -Wl,-Map="LORA_V2.map" -Wl,--gc-sections -static --specs=nano.specs -mfloat-abi=soft -mthumb -Wl,--start-group -lc -lm -Wl,--end-group
Finished building target: LORA_V2.elf
 
arm-none-eabi-size   LORA_V2.elf 
arm-none-eabi-objdump -h -S  LORA_V2.elf  > "LORA_V2.list"
   text	   data	    bss	    dec	    hex	filename
  13884	     24	   1912	  15820	   3dcc	LORA_V2.elf
Finished building: default.size.stdout
 
Finished building: LORA_V2.list
 
09:39:50 **** Incremental Build of configuration Debug for project LORA_V2 ****
make -j16 all 
arm-none-eabi-size   LORA_V2.elf 
   text	   data	    bss	    dec	    hex	filename
  13884	     24	   1912	  15820	   3dcc	LORA_V2.elf
Finished building: default.size.stdout
 
09:42:33 **** Incremental Build of configuration Debug for project LORA_V2 ****
make -j16 all 
arm-none-eabi-size   LORA_V2.elf 
   text	   data	    bss	    dec	    hex	filename
  13884	     24	   1912	  15820	   3dcc	LORA_V2.elf
Finished building: default.size.stdout
 
09:48:02 **** Incremental Build of configuration Debug for project LORA_V2 ****
make -j16 all 
arm-none-eabi-gcc "../Core/Src/main.c" -mcpu=cortex-m3 -std=gnu11 -g3 -DDEBUG -DUSE_HAL_DRIVER -DSTM32F103xB -c -I../Core/Inc -I../Drivers/STM32F1xx_HAL_Driver/Inc/Legacy -I../Drivers/STM32F1xx_HAL_Driver/Inc -I../Drivers/CMSIS/Device/ST/STM32F1xx/Include -I../Drivers/CMSIS/Include -O0 -ffunction-sections -fdata-sections -Wall -fstack-usage -fcyclomatic-complexity -MMD -MP -MF"Core/Src/main.d" -MT"Core/Src/main.o" --specs=nano.specs -mfloat-abi=soft -mthumb -o "Core/Src/main.o"
arm-none-eabi-gcc -o "LORA_V2.elf" @"objects.list"   -mcpu=cortex-m3 -T"D:\smart_garden\LORA_V2\STM32F103C8TX_FLASH.ld" --specs=nosys.specs -Wl,-Map="LORA_V2.map" -Wl,--gc-sections -static --specs=nano.specs -mfloat-abi=soft -mthumb -Wl,--start-group -lc -lm -Wl,--end-group
Finished building target: LORA_V2.elf
 
arm-none-eabi-size   LORA_V2.elf 
arm-none-eabi-objdump -h -S  LORA_V2.elf  > "LORA_V2.list"
   text	   data	    bss	    dec	    hex	filename
  13884	     24	   1912	  15820	   3dcc	LORA_V2.elf
Finished building: default.size.stdout
 
Finished building: LORA_V2.list
 
09:51:33 **** Incremental Build of configuration Debug for project LORA_V2 ****
make -j16 all 
arm-none-eabi-gcc "../Core/Src/main.c" -mcpu=cortex-m3 -std=gnu11 -g3 -DDEBUG -DUSE_HAL_DRIVER -DSTM32F103xB -c -I../Core/Inc -I../Drivers/STM32F1xx_HAL_Driver/Inc/Legacy -I../Drivers/STM32F1xx_HAL_Driver/Inc -I../Drivers/CMSIS/Device/ST/STM32F1xx/Include -I../Drivers/CMSIS/Include -O0 -ffunction-sections -fdata-sections -Wall -fstack-usage -fcyclomatic-complexity -MMD -MP -MF"Core/Src/main.d" -MT"Core/Src/main.o" --specs=nano.specs -mfloat-abi=soft -mthumb -o "Core/Src/main.o"
arm-none-eabi-gcc -o "LORA_V2.elf" @"objects.list"   -mcpu=cortex-m3 -T"D:\smart_garden\LORA_V2\STM32F103C8TX_FLASH.ld" --specs=nosys.specs -Wl,-Map="LORA_V2.map" -Wl,--gc-sections -static --specs=nano.specs -mfloat-abi=soft -mthumb -Wl,--start-group -lc -lm -Wl,--end-group
Finished building target: LORA_V2.elf
 
arm-none-eabi-size   LORA_V2.elf 
arm-none-eabi-objdump -h -S  LORA_V2.elf  > "LORA_V2.list"
   text	   data	    bss	    dec	    hex	filename
  14144	     24	   1992	  16160	   3f20	LORA_V2.elf
Finished building: default.size.stdout
 
Finished building: LORA_V2.list
 
09:55:36 **** Incremental Build of configuration Debug for project LORA_V2 ****
make -j16 all 
arm-none-eabi-size   LORA_V2.elf 
   text	   data	    bss	    dec	    hex	filename
  14144	     24	   1992	  16160	   3f20	LORA_V2.elf
Finished building: default.size.stdout
 
09:56:09 **** Incremental Build of configuration Debug for project LORA_V2 ****
make -j16 all 
arm-none-eabi-gcc "../Core/Src/main.c" -mcpu=cortex-m3 -std=gnu11 -g3 -DDEBUG -DUSE_HAL_DRIVER -DSTM32F103xB -c -I../Core/Inc -I../Drivers/STM32F1xx_HAL_Driver/Inc/Legacy -I../Drivers/STM32F1xx_HAL_Driver/Inc -I../Drivers/CMSIS/Device/ST/STM32F1xx/Include -I../Drivers/CMSIS/Include -O0 -ffunction-sections -fdata-sections -Wall -fstack-usage -fcyclomatic-complexity -MMD -MP -MF"Core/Src/main.d" -MT"Core/Src/main.o" --specs=nano.specs -mfloat-abi=soft -mthumb -o "Core/Src/main.o"
arm-none-eabi-gcc -o "LORA_V2.elf" @"objects.list"   -mcpu=cortex-m3 -T"D:\smart_garden\LORA_V2\STM32F103C8TX_FLASH.ld" --specs=nosys.specs -Wl,-Map="LORA_V2.map" -Wl,--gc-sections -static --specs=nano.specs -mfloat-abi=soft -mthumb -Wl,--start-group -lc -lm -Wl,--end-group
Finished building target: LORA_V2.elf
 
arm-none-eabi-size   LORA_V2.elf 
arm-none-eabi-objdump -h -S  LORA_V2.elf  > "LORA_V2.list"
   text	   data	    bss	    dec	    hex	filename
  14144	     24	   1992	  16160	   3f20	LORA_V2.elf
Finished building: default.size.stdout
 
Finished building: LORA_V2.list
 
09:57:08 **** Incremental Build of configuration Debug for project LORA_V2 ****
make -j16 all 
arm-none-eabi-gcc "../Core/Src/LoRa.c" -mcpu=cortex-m3 -std=gnu11 -g3 -DDEBUG -DUSE_HAL_DRIVER -DSTM32F103xB -c -I../Core/Inc -I../Drivers/STM32F1xx_HAL_Driver/Inc/Legacy -I../Drivers/STM32F1xx_HAL_Driver/Inc -I../Drivers/CMSIS/Device/ST/STM32F1xx/Include -I../Drivers/CMSIS/Include -O0 -ffunction-sections -fdata-sections -Wall -fstack-usage -fcyclomatic-complexity -MMD -MP -MF"Core/Src/LoRa.d" -MT"Core/Src/LoRa.o" --specs=nano.specs -mfloat-abi=soft -mthumb -o "Core/Src/LoRa.o"
arm-none-eabi-gcc "../Core/Src/main.c" -mcpu=cortex-m3 -std=gnu11 -g3 -DDEBUG -DUSE_HAL_DRIVER -DSTM32F103xB -c -I../Core/Inc -I../Drivers/STM32F1xx_HAL_Driver/Inc/Legacy -I../Drivers/STM32F1xx_HAL_Driver/Inc -I../Drivers/CMSIS/Device/ST/STM32F1xx/Include -I../Drivers/CMSIS/Include -O0 -ffunction-sections -fdata-sections -Wall -fstack-usage -fcyclomatic-complexity -MMD -MP -MF"Core/Src/main.d" -MT"Core/Src/main.o" --specs=nano.specs -mfloat-abi=soft -mthumb -o "Core/Src/main.o"
arm-none-eabi-gcc -o "LORA_V2.elf" @"objects.list"   -mcpu=cortex-m3 -T"D:\smart_garden\LORA_V2\STM32F103C8TX_FLASH.ld" --specs=nosys.specs -Wl,-Map="LORA_V2.map" -Wl,--gc-sections -static --specs=nano.specs -mfloat-abi=soft -mthumb -Wl,--start-group -lc -lm -Wl,--end-group
Finished building target: LORA_V2.elf
 
arm-none-eabi-size   LORA_V2.elf 
arm-none-eabi-objdump -h -S  LORA_V2.elf  > "LORA_V2.list"
   text	   data	    bss	    dec	    hex	filename
  14144	     24	   1992	  16160	   3f20	LORA_V2.elf
Finished building: default.size.stdout
 
Finished building: LORA_V2.list
 
11:18:15 **** Build of configuration Debug for project I2C_SHT30_DS3231 ****
make -j16 all 
arm-none-eabi-gcc "../Core/Src/AHT30.c" -mcpu=cortex-m3 -std=gnu11 -g3 -DDEBUG -DUSE_HAL_DRIVER -DSTM32F103xB -c -I../Core/Inc -I../Drivers/STM32F1xx_HAL_Driver/Inc/Legacy -I../Drivers/STM32F1xx_HAL_Driver/Inc -I../Drivers/CMSIS/Device/ST/STM32F1xx/Include -I../Drivers/CMSIS/Include -O0 -ffunction-sections -fdata-sections -Wall -fstack-usage -fcyclomatic-complexity -MMD -MP -MF"Core/Src/AHT30.d" -MT"Core/Src/AHT30.o" --specs=nano.specs -mfloat-abi=soft -mthumb -o "Core/Src/AHT30.o"
arm-none-eabi-gcc "../Core/Src/main.c" -mcpu=cortex-m3 -std=gnu11 -g3 -DDEBUG -DUSE_HAL_DRIVER -DSTM32F103xB -c -I../Core/Inc -I../Drivers/STM32F1xx_HAL_Driver/Inc/Legacy -I../Drivers/STM32F1xx_HAL_Driver/Inc -I../Drivers/CMSIS/Device/ST/STM32F1xx/Include -I../Drivers/CMSIS/Include -O0 -ffunction-sections -fdata-sections -Wall -fstack-usage -fcyclomatic-complexity -MMD -MP -MF"Core/Src/main.d" -MT"Core/Src/main.o" --specs=nano.specs -mfloat-abi=soft -mthumb -o "Core/Src/main.o"
arm-none-eabi-gcc "../Core/Src/stm32f1xx_hal_msp.c" -mcpu=cortex-m3 -std=gnu11 -g3 -DDEBUG -DUSE_HAL_DRIVER -DSTM32F103xB -c -I../Core/Inc -I../Drivers/STM32F1xx_HAL_Driver/Inc/Legacy -I../Drivers/STM32F1xx_HAL_Driver/Inc -I../Drivers/CMSIS/Device/ST/STM32F1xx/Include -I../Drivers/CMSIS/Include -O0 -ffunction-sections -fdata-sections -Wall -fstack-usage -fcyclomatic-complexity -MMD -MP -MF"Core/Src/stm32f1xx_hal_msp.d" -MT"Core/Src/stm32f1xx_hal_msp.o" --specs=nano.specs -mfloat-abi=soft -mthumb -o "Core/Src/stm32f1xx_hal_msp.o"
arm-none-eabi-gcc "../Core/Src/stm32f1xx_it.c" -mcpu=cortex-m3 -std=gnu11 -g3 -DDEBUG -DUSE_HAL_DRIVER -DSTM32F103xB -c -I../Core/Inc -I../Drivers/STM32F1xx_HAL_Driver/Inc/Legacy -I../Drivers/STM32F1xx_HAL_Driver/Inc -I../Drivers/CMSIS/Device/ST/STM32F1xx/Include -I../Drivers/CMSIS/Include -O0 -ffunction-sections -fdata-sections -Wall -fstack-usage -fcyclomatic-complexity -MMD -MP -MF"Core/Src/stm32f1xx_it.d" -MT"Core/Src/stm32f1xx_it.o" --specs=nano.specs -mfloat-abi=soft -mthumb -o "Core/Src/stm32f1xx_it.o"
arm-none-eabi-gcc "../Core/Src/syscalls.c" -mcpu=cortex-m3 -std=gnu11 -g3 -DDEBUG -DUSE_HAL_DRIVER -DSTM32F103xB -c -I../Core/Inc -I../Drivers/STM32F1xx_HAL_Driver/Inc/Legacy -I../Drivers/STM32F1xx_HAL_Driver/Inc -I../Drivers/CMSIS/Device/ST/STM32F1xx/Include -I../Drivers/CMSIS/Include -O0 -ffunction-sections -fdata-sections -Wall -fstack-usage -fcyclomatic-complexity -MMD -MP -MF"Core/Src/syscalls.d" -MT"Core/Src/syscalls.o" --specs=nano.specs -mfloat-abi=soft -mthumb -o "Core/Src/syscalls.o"
arm-none-eabi-gcc "../Core/Src/sysmem.c" -mcpu=cortex-m3 -std=gnu11 -g3 -DDEBUG -DUSE_HAL_DRIVER -DSTM32F103xB -c -I../Core/Inc -I../Drivers/STM32F1xx_HAL_Driver/Inc/Legacy -I../Drivers/STM32F1xx_HAL_Driver/Inc -I../Drivers/CMSIS/Device/ST/STM32F1xx/Include -I../Drivers/CMSIS/Include -O0 -ffunction-sections -fdata-sections -Wall -fstack-usage -fcyclomatic-complexity -MMD -MP -MF"Core/Src/sysmem.d" -MT"Core/Src/sysmem.o" --specs=nano.specs -mfloat-abi=soft -mthumb -o "Core/Src/sysmem.o"
arm-none-eabi-gcc "../Core/Src/system_stm32f1xx.c" -mcpu=cortex-m3 -std=gnu11 -g3 -DDEBUG -DUSE_HAL_DRIVER -DSTM32F103xB -c -I../Core/Inc -I../Drivers/STM32F1xx_HAL_Driver/Inc/Legacy -I../Drivers/STM32F1xx_HAL_Driver/Inc -I../Drivers/CMSIS/Device/ST/STM32F1xx/Include -I../Drivers/CMSIS/Include -O0 -ffunction-sections -fdata-sections -Wall -fstack-usage -fcyclomatic-complexity -MMD -MP -MF"Core/Src/system_stm32f1xx.d" -MT"Core/Src/system_stm32f1xx.o" --specs=nano.specs -mfloat-abi=soft -mthumb -o "Core/Src/system_stm32f1xx.o"
../Core/Src/AHT30.c:1:10: fatal error: AHT30.h: No such file or directory
    1 | #include <AHT30.h>
      |          ^~~~~~~~~
compilation terminated.
make: *** [Core/Src/subdir.mk:37: Core/Src/AHT30.o] Error 1
make: *** Waiting for unfinished jobs....
"make -j16 all" terminated with exit code 2. Build might be incomplete.
11:18:40 **** Incremental Build of configuration Debug for project I2C_SHT30_DS3231 ****
make -j16 all 
arm-none-eabi-gcc "../Core/Src/AHT30.c" -mcpu=cortex-m3 -std=gnu11 -g3 -DDEBUG -DUSE_HAL_DRIVER -DSTM32F103xB -c -I../Core/Inc -I../Drivers/STM32F1xx_HAL_Driver/Inc/Legacy -I../Drivers/STM32F1xx_HAL_Driver/Inc -I../Drivers/CMSIS/Device/ST/STM32F1xx/Include -I../Drivers/CMSIS/Include -O0 -ffunction-sections -fdata-sections -Wall -fstack-usage -fcyclomatic-complexity -MMD -MP -MF"Core/Src/AHT30.d" -MT"Core/Src/AHT30.o" --specs=nano.specs -mfloat-abi=soft -mthumb -o "Core/Src/AHT30.o"
../Core/Src/AHT30.c:1:10: fatal error: AHT30.h: No such file or directory
    1 | #include <AHT30.h>
      |          ^~~~~~~~~
compilation terminated.
make: *** [Core/Src/subdir.mk:37: Core/Src/AHT30.o] Error 1
"make -j16 all" terminated with exit code 2. Build might be incomplete.
11:19:35 **** Incremental Build of configuration Debug for project I2C_SHT30_DS3231 ****
make -j16 all 
arm-none-eabi-gcc "../Core/Src/AHT30.c" -mcpu=cortex-m3 -std=gnu11 -g3 -DDEBUG -DUSE_HAL_DRIVER -DSTM32F103xB -c -I../Core/Inc -I../Drivers/STM32F1xx_HAL_Driver/Inc/Legacy -I../Drivers/STM32F1xx_HAL_Driver/Inc -I../Drivers/CMSIS/Device/ST/STM32F1xx/Include -I../Drivers/CMSIS/Include -O0 -ffunction-sections -fdata-sections -Wall -fstack-usage -fcyclomatic-complexity -MMD -MP -MF"Core/Src/AHT30.d" -MT"Core/Src/AHT30.o" --specs=nano.specs -mfloat-abi=soft -mthumb -o "Core/Src/AHT30.o"
../Core/Src/AHT30.c: In function 'AHT30_read_data':
../Core/Src/AHT30.c:111:5: warning: implicit declaration of function 'read_data' [-Wimplicit-function-declaration]
  111 |     read_data(pData, &RH, &Temp);
      |     ^~~~~~~~~
../Core/Src/AHT30.c:111:23: error: 'RH' undeclared (first use in this function)
  111 |     read_data(pData, &RH, &Temp);
      |                       ^~
../Core/Src/AHT30.c:111:23: note: each undeclared identifier is reported only once for each function it appears in
../Core/Src/AHT30.c:111:28: error: 'Temp' undeclared (first use in this function)
  111 |     read_data(pData, &RH, &Temp);
      |                            ^~~~
../Core/Src/AHT30.c:114:19: warning: implicit declaration of function 'Calc_CRC8' [-Wimplicit-function-declaration]
  114 |     uint8_t crc = Calc_CRC8(pData, 6);
      |                   ^~~~~~~~~
../Core/Src/AHT30.c:114:13: warning: unused variable 'crc' [-Wunused-variable]
  114 |     uint8_t crc = Calc_CRC8(pData, 6);
      |             ^~~
../Core/Src/AHT30.c:113:13: warning: unused variable 'isbusy' [-Wunused-variable]
  113 |     uint8_t isbusy = AHT30_isbusy(pData);
      |             ^~~~~~
make: *** [Core/Src/subdir.mk:37: Core/Src/AHT30.o] Error 1
"make -j16 all" terminated with exit code 2. Build might be incomplete.
11:20:43 **** Incremental Build of configuration Debug for project I2C_SHT30_DS3231 ****
make -j16 all 
arm-none-eabi-gcc "../Core/Src/AHT30.c" -mcpu=cortex-m3 -std=gnu11 -g3 -DDEBUG -DUSE_HAL_DRIVER -DSTM32F103xB -c -I../Core/Inc -I../Drivers/STM32F1xx_HAL_Driver/Inc/Legacy -I../Drivers/STM32F1xx_HAL_Driver/Inc -I../Drivers/CMSIS/Device/ST/STM32F1xx/Include -I../Drivers/CMSIS/Include -O0 -ffunction-sections -fdata-sections -Wall -fstack-usage -fcyclomatic-complexity -MMD -MP -MF"Core/Src/AHT30.d" -MT"Core/Src/AHT30.o" --specs=nano.specs -mfloat-abi=soft -mthumb -o "Core/Src/AHT30.o"
arm-none-eabi-gcc -o "I2C_SHT30_DS3231.elf" @"objects.list"   -mcpu=cortex-m3 -T"D:\smart_garden\I2C_SHT30_DS3231\STM32F103C8TX_FLASH.ld" --specs=nosys.specs -Wl,-Map="I2C_SHT30_DS3231.map" -Wl,--gc-sections -static --specs=nano.specs -mfloat-abi=soft -mthumb -Wl,--start-group -lc -lm -Wl,--end-group
Finished building target: I2C_SHT30_DS3231.elf
 
arm-none-eabi-size   I2C_SHT30_DS3231.elf 
arm-none-eabi-objdump -h -S  I2C_SHT30_DS3231.elf  > "I2C_SHT30_DS3231.list"
   text	   data	    bss	    dec	    hex	filename
  10004	     24	   1664	  11692	   2dac	I2C_SHT30_DS3231.elf
Finished building: default.size.stdout
 
Finished building: I2C_SHT30_DS3231.list
 
12:06:10 **** Incremental Build of configuration Debug for project I2C_SHT30_DS3231 ****
make -j16 all 
arm-none-eabi-gcc "../Core/Src/AHT30.c" -mcpu=cortex-m3 -std=gnu11 -g3 -DDEBUG -DUSE_HAL_DRIVER -DSTM32F103xB -c -I../Core/Inc -I../Drivers/STM32F1xx_HAL_Driver/Inc/Legacy -I../Drivers/STM32F1xx_HAL_Driver/Inc -I../Drivers/CMSIS/Device/ST/STM32F1xx/Include -I../Drivers/CMSIS/Include -O0 -ffunction-sections -fdata-sections -Wall -fstack-usage -fcyclomatic-complexity -MMD -MP -MF"Core/Src/AHT30.d" -MT"Core/Src/AHT30.o" --specs=nano.specs -mfloat-abi=soft -mthumb -o "Core/Src/AHT30.o"
arm-none-eabi-gcc "../Core/Src/main.c" -mcpu=cortex-m3 -std=gnu11 -g3 -DDEBUG -DUSE_HAL_DRIVER -DSTM32F103xB -c -I../Core/Inc -I../Drivers/STM32F1xx_HAL_Driver/Inc/Legacy -I../Drivers/STM32F1xx_HAL_Driver/Inc -I../Drivers/CMSIS/Device/ST/STM32F1xx/Include -I../Drivers/CMSIS/Include -O0 -ffunction-sections -fdata-sections -Wall -fstack-usage -fcyclomatic-complexity -MMD -MP -MF"Core/Src/main.d" -MT"Core/Src/main.o" --specs=nano.specs -mfloat-abi=soft -mthumb -o "Core/Src/main.o"
arm-none-eabi-gcc -o "I2C_SHT30_DS3231.elf" @"objects.list"   -mcpu=cortex-m3 -T"D:\smart_garden\I2C_SHT30_DS3231\STM32F103C8TX_FLASH.ld" --specs=nosys.specs -Wl,-Map="I2C_SHT30_DS3231.map" -Wl,--gc-sections -static --specs=nano.specs -mfloat-abi=soft -mthumb -Wl,--start-group -lc -lm -Wl,--end-group
Finished building target: I2C_SHT30_DS3231.elf
 
arm-none-eabi-size   I2C_SHT30_DS3231.elf 
arm-none-eabi-objdump -h -S  I2C_SHT30_DS3231.elf  > "I2C_SHT30_DS3231.list"
   text	   data	    bss	    dec	    hex	filename
   9764	     24	   1664	  11452	   2cbc	I2C_SHT30_DS3231.elf
Finished building: default.size.stdout
 
Finished building: I2C_SHT30_DS3231.list
 
12:09:29 **** Incremental Build of configuration Debug for project I2C_SHT30_DS3231 ****
make -j16 all 
arm-none-eabi-gcc "../Core/Src/main.c" -mcpu=cortex-m3 -std=gnu11 -g3 -DDEBUG -DUSE_HAL_DRIVER -DSTM32F103xB -c -I../Core/Inc -I../Drivers/STM32F1xx_HAL_Driver/Inc/Legacy -I../Drivers/STM32F1xx_HAL_Driver/Inc -I../Drivers/CMSIS/Device/ST/STM32F1xx/Include -I../Drivers/CMSIS/Include -O0 -ffunction-sections -fdata-sections -Wall -fstack-usage -fcyclomatic-complexity -MMD -MP -MF"Core/Src/main.d" -MT"Core/Src/main.o" --specs=nano.specs -mfloat-abi=soft -mthumb -o "Core/Src/main.o"
arm-none-eabi-gcc -o "I2C_SHT30_DS3231.elf" @"objects.list"   -mcpu=cortex-m3 -T"D:\smart_garden\I2C_SHT30_DS3231\STM32F103C8TX_FLASH.ld" --specs=nosys.specs -Wl,-Map="I2C_SHT30_DS3231.map" -Wl,--gc-sections -static --specs=nano.specs -mfloat-abi=soft -mthumb -Wl,--start-group -lc -lm -Wl,--end-group
Finished building target: I2C_SHT30_DS3231.elf
 
arm-none-eabi-size   I2C_SHT30_DS3231.elf 
arm-none-eabi-objdump -h -S  I2C_SHT30_DS3231.elf  > "I2C_SHT30_DS3231.list"
   text	   data	    bss	    dec	    hex	filename
   9784	     24	   1664	  11472	   2cd0	I2C_SHT30_DS3231.elf
Finished building: default.size.stdout
 
Finished building: I2C_SHT30_DS3231.list
 
12:36:47 **** Incremental Build of configuration Debug for project I2C_SHT30_DS3231 ****
make -j16 all 
arm-none-eabi-gcc "../Core/Src/AHT30.c" -mcpu=cortex-m3 -std=gnu11 -g3 -DDEBUG -DUSE_HAL_DRIVER -DSTM32F103xB -c -I../Core/Inc -I../Drivers/STM32F1xx_HAL_Driver/Inc/Legacy -I../Drivers/STM32F1xx_HAL_Driver/Inc -I../Drivers/CMSIS/Device/ST/STM32F1xx/Include -I../Drivers/CMSIS/Include -O0 -ffunction-sections -fdata-sections -Wall -fstack-usage -fcyclomatic-complexity -MMD -MP -MF"Core/Src/AHT30.d" -MT"Core/Src/AHT30.o" --specs=nano.specs -mfloat-abi=soft -mthumb -o "Core/Src/AHT30.o"
arm-none-eabi-gcc "../Core/Src/main.c" -mcpu=cortex-m3 -std=gnu11 -g3 -DDEBUG -DUSE_HAL_DRIVER -DSTM32F103xB -c -I../Core/Inc -I../Drivers/STM32F1xx_HAL_Driver/Inc/Legacy -I../Drivers/STM32F1xx_HAL_Driver/Inc -I../Drivers/CMSIS/Device/ST/STM32F1xx/Include -I../Drivers/CMSIS/Include -O0 -ffunction-sections -fdata-sections -Wall -fstack-usage -fcyclomatic-complexity -MMD -MP -MF"Core/Src/main.d" -MT"Core/Src/main.o" --specs=nano.specs -mfloat-abi=soft -mthumb -o "Core/Src/main.o"
arm-none-eabi-gcc "../Core/Src/stm32f1xx_hal_msp.c" -mcpu=cortex-m3 -std=gnu11 -g3 -DDEBUG -DUSE_HAL_DRIVER -DSTM32F103xB -c -I../Core/Inc -I../Drivers/STM32F1xx_HAL_Driver/Inc/Legacy -I../Drivers/STM32F1xx_HAL_Driver/Inc -I../Drivers/CMSIS/Device/ST/STM32F1xx/Include -I../Drivers/CMSIS/Include -O0 -ffunction-sections -fdata-sections -Wall -fstack-usage -fcyclomatic-complexity -MMD -MP -MF"Core/Src/stm32f1xx_hal_msp.d" -MT"Core/Src/stm32f1xx_hal_msp.o" --specs=nano.specs -mfloat-abi=soft -mthumb -o "Core/Src/stm32f1xx_hal_msp.o"
arm-none-eabi-gcc "../Core/Src/stm32f1xx_it.c" -mcpu=cortex-m3 -std=gnu11 -g3 -DDEBUG -DUSE_HAL_DRIVER -DSTM32F103xB -c -I../Core/Inc -I../Drivers/STM32F1xx_HAL_Driver/Inc/Legacy -I../Drivers/STM32F1xx_HAL_Driver/Inc -I../Drivers/CMSIS/Device/ST/STM32F1xx/Include -I../Drivers/CMSIS/Include -O0 -ffunction-sections -fdata-sections -Wall -fstack-usage -fcyclomatic-complexity -MMD -MP -MF"Core/Src/stm32f1xx_it.d" -MT"Core/Src/stm32f1xx_it.o" --specs=nano.specs -mfloat-abi=soft -mthumb -o "Core/Src/stm32f1xx_it.o"
../Core/Src/main.c: In function 'DS3231_Alarm1_Set_HMS':
../Core/Src/main.c:153:33: warning: implicit declaration of function 'dec2bcd'; did you mean 'dec2BCD'? [-Wimplicit-function-declaration]
  153 |     DS3231_WriteReg(hi2c, 0x07, dec2bcd(sec) & 0x7F);
      |                                 ^~~~~~~
      |                                 dec2BCD
../Core/Src/main.c: In function 'HAL_GPIO_EXTI_Callback':
../Core/Src/main.c:362:9: error: 'alarm_flag' undeclared (first use in this function)
  362 |         alarm_flag = 1;
      |         ^~~~~~~~~~
../Core/Src/main.c:362:9: note: each undeclared identifier is reported only once for each function it appears in
make: *** [Core/Src/subdir.mk:37: Core/Src/main.o] Error 1
make: *** Waiting for unfinished jobs....
"make -j16 all" terminated with exit code 2. Build might be incomplete.
12:37:53 **** Incremental Build of configuration Debug for project I2C_SHT30_DS3231 ****
make -j16 all 
arm-none-eabi-gcc "../Core/Src/main.c" -mcpu=cortex-m3 -std=gnu11 -g3 -DDEBUG -DUSE_HAL_DRIVER -DSTM32F103xB -c -I../Core/Inc -I../Drivers/STM32F1xx_HAL_Driver/Inc/Legacy -I../Drivers/STM32F1xx_HAL_Driver/Inc -I../Drivers/CMSIS/Device/ST/STM32F1xx/Include -I../Drivers/CMSIS/Include -O0 -ffunction-sections -fdata-sections -Wall -fstack-usage -fcyclomatic-complexity -MMD -MP -MF"Core/Src/main.d" -MT"Core/Src/main.o" --specs=nano.specs -mfloat-abi=soft -mthumb -o "Core/Src/main.o"
../Core/Src/main.c: In function 'DS3231_Alarm1_Set_HMS':
../Core/Src/main.c:154:33: warning: implicit declaration of function 'dec2BDC'; did you mean 'dec2BCD'? [-Wimplicit-function-declaration]
  154 |     DS3231_WriteReg(hi2c, 0x07, dec2BDC(sec) & 0x7F);
      |                                 ^~~~~~~
      |                                 dec2BCD
arm-none-eabi-gcc -o "I2C_SHT30_DS3231.elf" @"objects.list"   -mcpu=cortex-m3 -T"D:\smart_garden\I2C_SHT30_DS3231\STM32F103C8TX_FLASH.ld" --specs=nosys.specs -Wl,-Map="I2C_SHT30_DS3231.map" -Wl,--gc-sections -static --specs=nano.specs -mfloat-abi=soft -mthumb -Wl,--start-group -lc -lm -Wl,--end-group
C:/ST/STM32CubeIDE_1.13.1/STM32CubeIDE/plugins/com.st.stm32cube.ide.mcu.externaltools.gnu-tools-for-stm32.11.3.rel1.win32_1.1.0.202305231506/tools/bin/../lib/gcc/arm-none-eabi/11.3.1/../../../../arm-none-eabi/bin/ld.exe: ./Core/Src/main.o: in function `DS3231_Alarm1_Set_HMS':
D:/smart_garden/I2C_SHT30_DS3231/Debug/../Core/Src/main.c:154: undefined reference to `dec2BDC'
collect2.exe: error: ld returned 1 exit status
make: *** [makefile:64: I2C_SHT30_DS3231.elf] Error 1
"make -j16 all" terminated with exit code 2. Build might be incomplete.
12:38:12 **** Incremental Build of configuration Debug for project I2C_SHT30_DS3231 ****
make -j16 all 
arm-none-eabi-gcc "../Core/Src/main.c" -mcpu=cortex-m3 -std=gnu11 -g3 -DDEBUG -DUSE_HAL_DRIVER -DSTM32F103xB -c -I../Core/Inc -I../Drivers/STM32F1xx_HAL_Driver/Inc/Legacy -I../Drivers/STM32F1xx_HAL_Driver/Inc -I../Drivers/CMSIS/Device/ST/STM32F1xx/Include -I../Drivers/CMSIS/Include -O0 -ffunction-sections -fdata-sections -Wall -fstack-usage -fcyclomatic-complexity -MMD -MP -MF"Core/Src/main.d" -MT"Core/Src/main.o" --specs=nano.specs -mfloat-abi=soft -mthumb -o "Core/Src/main.o"
arm-none-eabi-gcc -o "I2C_SHT30_DS3231.elf" @"objects.list"   -mcpu=cortex-m3 -T"D:\smart_garden\I2C_SHT30_DS3231\STM32F103C8TX_FLASH.ld" --specs=nosys.specs -Wl,-Map="I2C_SHT30_DS3231.map" -Wl,--gc-sections -static --specs=nano.specs -mfloat-abi=soft -mthumb -Wl,--start-group -lc -lm -Wl,--end-group
Finished building target: I2C_SHT30_DS3231.elf
 
arm-none-eabi-size   I2C_SHT30_DS3231.elf 
arm-none-eabi-objdump -h -S  I2C_SHT30_DS3231.elf  > "I2C_SHT30_DS3231.list"
   text	   data	    bss	    dec	    hex	filename
  10816	     24	   1664	  12504	   30d8	I2C_SHT30_DS3231.elf
Finished building: default.size.stdout
 
Finished building: I2C_SHT30_DS3231.list
 
12:57:28 **** Incremental Build of configuration Debug for project I2C_SHT30_DS3231 ****
make -j16 all 
arm-none-eabi-gcc "../Core/Src/AHT30.c" -mcpu=cortex-m3 -std=gnu11 -g3 -DDEBUG -DUSE_HAL_DRIVER -DSTM32F103xB -c -I../Core/Inc -I../Drivers/STM32F1xx_HAL_Driver/Inc/Legacy -I../Drivers/STM32F1xx_HAL_Driver/Inc -I../Drivers/CMSIS/Device/ST/STM32F1xx/Include -I../Drivers/CMSIS/Include -O0 -ffunction-sections -fdata-sections -Wall -fstack-usage -fcyclomatic-complexity -MMD -MP -MF"Core/Src/AHT30.d" -MT"Core/Src/AHT30.o" --specs=nano.specs -mfloat-abi=soft -mthumb -o "Core/Src/AHT30.o"
arm-none-eabi-gcc "../Core/Src/main.c" -mcpu=cortex-m3 -std=gnu11 -g3 -DDEBUG -DUSE_HAL_DRIVER -DSTM32F103xB -c -I../Core/Inc -I../Drivers/STM32F1xx_HAL_Driver/Inc/Legacy -I../Drivers/STM32F1xx_HAL_Driver/Inc -I../Drivers/CMSIS/Device/ST/STM32F1xx/Include -I../Drivers/CMSIS/Include -O0 -ffunction-sections -fdata-sections -Wall -fstack-usage -fcyclomatic-complexity -MMD -MP -MF"Core/Src/main.d" -MT"Core/Src/main.o" --specs=nano.specs -mfloat-abi=soft -mthumb -o "Core/Src/main.o"
arm-none-eabi-gcc "../Core/Src/stm32f1xx_hal_msp.c" -mcpu=cortex-m3 -std=gnu11 -g3 -DDEBUG -DUSE_HAL_DRIVER -DSTM32F103xB -c -I../Core/Inc -I../Drivers/STM32F1xx_HAL_Driver/Inc/Legacy -I../Drivers/STM32F1xx_HAL_Driver/Inc -I../Drivers/CMSIS/Device/ST/STM32F1xx/Include -I../Drivers/CMSIS/Include -O0 -ffunction-sections -fdata-sections -Wall -fstack-usage -fcyclomatic-complexity -MMD -MP -MF"Core/Src/stm32f1xx_hal_msp.d" -MT"Core/Src/stm32f1xx_hal_msp.o" --specs=nano.specs -mfloat-abi=soft -mthumb -o "Core/Src/stm32f1xx_hal_msp.o"
arm-none-eabi-gcc "../Core/Src/stm32f1xx_it.c" -mcpu=cortex-m3 -std=gnu11 -g3 -DDEBUG -DUSE_HAL_DRIVER -DSTM32F103xB -c -I../Core/Inc -I../Drivers/STM32F1xx_HAL_Driver/Inc/Legacy -I../Drivers/STM32F1xx_HAL_Driver/Inc -I../Drivers/CMSIS/Device/ST/STM32F1xx/Include -I../Drivers/CMSIS/Include -O0 -ffunction-sections -fdata-sections -Wall -fstack-usage -fcyclomatic-complexity -MMD -MP -MF"Core/Src/stm32f1xx_it.d" -MT"Core/Src/stm32f1xx_it.o" --specs=nano.specs -mfloat-abi=soft -mthumb -o "Core/Src/stm32f1xx_it.o"
arm-none-eabi-gcc -o "I2C_SHT30_DS3231.elf" @"objects.list"   -mcpu=cortex-m3 -T"D:\smart_garden\I2C_SHT30_DS3231\STM32F103C8TX_FLASH.ld" --specs=nosys.specs -Wl,-Map="I2C_SHT30_DS3231.map" -Wl,--gc-sections -static --specs=nano.specs -mfloat-abi=soft -mthumb -Wl,--start-group -lc -lm -Wl,--end-group
Finished building target: I2C_SHT30_DS3231.elf
 
arm-none-eabi-size   I2C_SHT30_DS3231.elf 
arm-none-eabi-objdump -h -S  I2C_SHT30_DS3231.elf  > "I2C_SHT30_DS3231.list"
   text	   data	    bss	    dec	    hex	filename
  11116	     24	   1664	  12804	   3204	I2C_SHT30_DS3231.elf
Finished building: default.size.stdout
 
Finished building: I2C_SHT30_DS3231.list
 
12:58:28 **** Incremental Build of configuration Debug for project I2C_SHT30_DS3231 ****
make -j16 all 
arm-none-eabi-gcc "../Core/Src/main.c" -mcpu=cortex-m3 -std=gnu11 -g3 -DDEBUG -DUSE_HAL_DRIVER -DSTM32F103xB -c -I../Core/Inc -I../Drivers/STM32F1xx_HAL_Driver/Inc/Legacy -I../Drivers/STM32F1xx_HAL_Driver/Inc -I../Drivers/CMSIS/Device/ST/STM32F1xx/Include -I../Drivers/CMSIS/Include -O0 -ffunction-sections -fdata-sections -Wall -fstack-usage -fcyclomatic-complexity -MMD -MP -MF"Core/Src/main.d" -MT"Core/Src/main.o" --specs=nano.specs -mfloat-abi=soft -mthumb -o "Core/Src/main.o"
arm-none-eabi-gcc -o "I2C_SHT30_DS3231.elf" @"objects.list"   -mcpu=cortex-m3 -T"D:\smart_garden\I2C_SHT30_DS3231\STM32F103C8TX_FLASH.ld" --specs=nosys.specs -Wl,-Map="I2C_SHT30_DS3231.map" -Wl,--gc-sections -static --specs=nano.specs -mfloat-abi=soft -mthumb -Wl,--start-group -lc -lm -Wl,--end-group
Finished building target: I2C_SHT30_DS3231.elf
 
arm-none-eabi-size   I2C_SHT30_DS3231.elf 
arm-none-eabi-objdump -h -S  I2C_SHT30_DS3231.elf  > "I2C_SHT30_DS3231.list"
   text	   data	    bss	    dec	    hex	filename
  11116	     24	   1664	  12804	   3204	I2C_SHT30_DS3231.elf
Finished building: default.size.stdout
 
Finished building: I2C_SHT30_DS3231.list
 
13:00:58 **** Incremental Build of configuration Debug for project I2C_SHT30_DS3231 ****
make -j16 all 
arm-none-eabi-gcc "../Core/Src/main.c" -mcpu=cortex-m3 -std=gnu11 -g3 -DDEBUG -DUSE_HAL_DRIVER -DSTM32F103xB -c -I../Core/Inc -I../Drivers/STM32F1xx_HAL_Driver/Inc/Legacy -I../Drivers/STM32F1xx_HAL_Driver/Inc -I../Drivers/CMSIS/Device/ST/STM32F1xx/Include -I../Drivers/CMSIS/Include -O0 -ffunction-sections -fdata-sections -Wall -fstack-usage -fcyclomatic-complexity -MMD -MP -MF"Core/Src/main.d" -MT"Core/Src/main.o" --specs=nano.specs -mfloat-abi=soft -mthumb -o "Core/Src/main.o"
arm-none-eabi-gcc -o "I2C_SHT30_DS3231.elf" @"objects.list"   -mcpu=cortex-m3 -T"D:\smart_garden\I2C_SHT30_DS3231\STM32F103C8TX_FLASH.ld" --specs=nosys.specs -Wl,-Map="I2C_SHT30_DS3231.map" -Wl,--gc-sections -static --specs=nano.specs -mfloat-abi=soft -mthumb -Wl,--start-group -lc -lm -Wl,--end-group
Finished building target: I2C_SHT30_DS3231.elf
 
arm-none-eabi-size   I2C_SHT30_DS3231.elf 
arm-none-eabi-objdump -h -S  I2C_SHT30_DS3231.elf  > "I2C_SHT30_DS3231.list"
   text	   data	    bss	    dec	    hex	filename
  11116	     24	   1664	  12804	   3204	I2C_SHT30_DS3231.elf
Finished building: default.size.stdout
 
Finished building: I2C_SHT30_DS3231.list
 
13:02:17 **** Incremental Build of configuration Debug for project I2C_SHT30_DS3231 ****
make -j16 all 
arm-none-eabi-gcc "../Core/Src/main.c" -mcpu=cortex-m3 -std=gnu11 -g3 -DDEBUG -DUSE_HAL_DRIVER -DSTM32F103xB -c -I../Core/Inc -I../Drivers/STM32F1xx_HAL_Driver/Inc/Legacy -I../Drivers/STM32F1xx_HAL_Driver/Inc -I../Drivers/CMSIS/Device/ST/STM32F1xx/Include -I../Drivers/CMSIS/Include -O0 -ffunction-sections -fdata-sections -Wall -fstack-usage -fcyclomatic-complexity -MMD -MP -MF"Core/Src/main.d" -MT"Core/Src/main.o" --specs=nano.specs -mfloat-abi=soft -mthumb -o "Core/Src/main.o"
arm-none-eabi-gcc -o "I2C_SHT30_DS3231.elf" @"objects.list"   -mcpu=cortex-m3 -T"D:\smart_garden\I2C_SHT30_DS3231\STM32F103C8TX_FLASH.ld" --specs=nosys.specs -Wl,-Map="I2C_SHT30_DS3231.map" -Wl,--gc-sections -static --specs=nano.specs -mfloat-abi=soft -mthumb -Wl,--start-group -lc -lm -Wl,--end-group
Finished building target: I2C_SHT30_DS3231.elf
 
arm-none-eabi-size   I2C_SHT30_DS3231.elf 
arm-none-eabi-objdump -h -S  I2C_SHT30_DS3231.elf  > "I2C_SHT30_DS3231.list"
   text	   data	    bss	    dec	    hex	filename
  11116	     24	   1664	  12804	   3204	I2C_SHT30_DS3231.elf
Finished building: default.size.stdout
 
Finished building: I2C_SHT30_DS3231.list
 
13:02:58 **** Incremental Build of configuration Debug for project I2C_SHT30_DS3231 ****
make -j16 all 
arm-none-eabi-size   I2C_SHT30_DS3231.elf 
   text	   data	    bss	    dec	    hex	filename
  11116	     24	   1664	  12804	   3204	I2C_SHT30_DS3231.elf
Finished building: default.size.stdout
 
13:07:19 **** Incremental Build of configuration Debug for project I2C_SHT30_DS3231 ****
make -j16 all 
arm-none-eabi-gcc "../Core/Src/main.c" -mcpu=cortex-m3 -std=gnu11 -g3 -DDEBUG -DUSE_HAL_DRIVER -DSTM32F103xB -c -I../Core/Inc -I../Drivers/STM32F1xx_HAL_Driver/Inc/Legacy -I../Drivers/STM32F1xx_HAL_Driver/Inc -I../Drivers/CMSIS/Device/ST/STM32F1xx/Include -I../Drivers/CMSIS/Include -O0 -ffunction-sections -fdata-sections -Wall -fstack-usage -fcyclomatic-complexity -MMD -MP -MF"Core/Src/main.d" -MT"Core/Src/main.o" --specs=nano.specs -mfloat-abi=soft -mthumb -o "Core/Src/main.o"
../Core/Src/main.c: In function 'DS3231_WriteReg':
../Core/Src/main.c:134:36: error: 'RTC_ADDR' undeclared (first use in this function); did you mean 'MAC_ADDR0'?
  134 |     HAL_I2C_Master_Transmit(hi2c, (RTC_ADDR<<1)|0x0, buf, 2, 100);
      |                                    ^~~~~~~~
      |                                    MAC_ADDR0
../Core/Src/main.c:134:36: note: each undeclared identifier is reported only once for each function it appears in
../Core/Src/main.c: In function 'DS3231_Alarm1_Enable':
../Core/Src/main.c:171:29: error: 'RTC_ADDR' undeclared (first use in this function); did you mean 'MAC_ADDR0'?
  171 |     HAL_I2C_Mem_Read(hi2c, (RTC_ADDR<<1)&0xFE, 0x0E, 1, &ctrl, 1, 100);
      |                             ^~~~~~~~
      |                             MAC_ADDR0
../Core/Src/main.c: In function 'DS3231_Clear_A1F':
../Core/Src/main.c:183:29: error: 'RTC_ADDR' undeclared (first use in this function); did you mean 'MAC_ADDR0'?
  183 |     HAL_I2C_Mem_Read(hi2c, (RTC_ADDR<<1)&0xFE, 0x0F, 1, &status, 1, 100);
      |                             ^~~~~~~~
      |                             MAC_ADDR0
make: *** [Core/Src/subdir.mk:37: Core/Src/main.o] Error 1
"make -j16 all" terminated with exit code 2. Build might be incomplete.
13:08:46 **** Incremental Build of configuration Debug for project I2C_SHT30_DS3231 ****
make -j16 all 
arm-none-eabi-gcc "../Core/Src/main.c" -mcpu=cortex-m3 -std=gnu11 -g3 -DDEBUG -DUSE_HAL_DRIVER -DSTM32F103xB -c -I../Core/Inc -I../Drivers/STM32F1xx_HAL_Driver/Inc/Legacy -I../Drivers/STM32F1xx_HAL_Driver/Inc -I../Drivers/CMSIS/Device/ST/STM32F1xx/Include -I../Drivers/CMSIS/Include -O0 -ffunction-sections -fdata-sections -Wall -fstack-usage -fcyclomatic-complexity -MMD -MP -MF"Core/Src/main.d" -MT"Core/Src/main.o" --specs=nano.specs -mfloat-abi=soft -mthumb -o "Core/Src/main.o"
../Core/Src/main.c: In function 'DS3231_WriteReg':
../Core/Src/main.c:134:36: error: 'RTC_ADDR' undeclared (first use in this function); did you mean 'MAC_ADDR0'?
  134 |     HAL_I2C_Master_Transmit(hi2c, (RTC_ADDR<<1)|0x0, buf, 2, 100);
      |                                    ^~~~~~~~
      |                                    MAC_ADDR0
../Core/Src/main.c:134:36: note: each undeclared identifier is reported only once for each function it appears in
../Core/Src/main.c: In function 'DS3231_Alarm1_Enable':
../Core/Src/main.c:176:30: error: 'RTC_ADDR' undeclared (first use in this function); did you mean 'MAC_ADDR0'?
  176 |     HAL_I2C_Mem_Write(hi2c, (RTC_ADDR<<1)|0x0, 0x0E, 1, &ctrl, 1, 100);
      |                              ^~~~~~~~
      |                              MAC_ADDR0
make: *** [Core/Src/subdir.mk:37: Core/Src/main.o] Error 1
"make -j16 all" terminated with exit code 2. Build might be incomplete.
13:09:15 **** Incremental Build of configuration Debug for project I2C_SHT30_DS3231 ****
make -j16 all 
arm-none-eabi-gcc "../Core/Src/main.c" -mcpu=cortex-m3 -std=gnu11 -g3 -DDEBUG -DUSE_HAL_DRIVER -DSTM32F103xB -c -I../Core/Inc -I../Drivers/STM32F1xx_HAL_Driver/Inc/Legacy -I../Drivers/STM32F1xx_HAL_Driver/Inc -I../Drivers/CMSIS/Device/ST/STM32F1xx/Include -I../Drivers/CMSIS/Include -O0 -ffunction-sections -fdata-sections -Wall -fstack-usage -fcyclomatic-complexity -MMD -MP -MF"Core/Src/main.d" -MT"Core/Src/main.o" --specs=nano.specs -mfloat-abi=soft -mthumb -o "Core/Src/main.o"
arm-none-eabi-gcc -o "I2C_SHT30_DS3231.elf" @"objects.list"   -mcpu=cortex-m3 -T"D:\smart_garden\I2C_SHT30_DS3231\STM32F103C8TX_FLASH.ld" --specs=nosys.specs -Wl,-Map="I2C_SHT30_DS3231.map" -Wl,--gc-sections -static --specs=nano.specs -mfloat-abi=soft -mthumb -Wl,--start-group -lc -lm -Wl,--end-group
Finished building target: I2C_SHT30_DS3231.elf
 
arm-none-eabi-size   I2C_SHT30_DS3231.elf 
arm-none-eabi-objdump -h -S  I2C_SHT30_DS3231.elf  > "I2C_SHT30_DS3231.list"
   text	   data	    bss	    dec	    hex	filename
  11120	     24	   1664	  12808	   3208	I2C_SHT30_DS3231.elf
Finished building: default.size.stdout
 
Finished building: I2C_SHT30_DS3231.list
 
13:12:32 **** Incremental Build of configuration Debug for project I2C_SHT30_DS3231 ****
make -j16 all 
arm-none-eabi-gcc "../Core/Src/main.c" -mcpu=cortex-m3 -std=gnu11 -g3 -DDEBUG -DUSE_HAL_DRIVER -DSTM32F103xB -c -I../Core/Inc -I../Drivers/STM32F1xx_HAL_Driver/Inc/Legacy -I../Drivers/STM32F1xx_HAL_Driver/Inc -I../Drivers/CMSIS/Device/ST/STM32F1xx/Include -I../Drivers/CMSIS/Include -O0 -ffunction-sections -fdata-sections -Wall -fstack-usage -fcyclomatic-complexity -MMD -MP -MF"Core/Src/main.d" -MT"Core/Src/main.o" --specs=nano.specs -mfloat-abi=soft -mthumb -o "Core/Src/main.o"
arm-none-eabi-gcc -o "I2C_SHT30_DS3231.elf" @"objects.list"   -mcpu=cortex-m3 -T"D:\smart_garden\I2C_SHT30_DS3231\STM32F103C8TX_FLASH.ld" --specs=nosys.specs -Wl,-Map="I2C_SHT30_DS3231.map" -Wl,--gc-sections -static --specs=nano.specs -mfloat-abi=soft -mthumb -Wl,--start-group -lc -lm -Wl,--end-group
Finished building target: I2C_SHT30_DS3231.elf
 
arm-none-eabi-size   I2C_SHT30_DS3231.elf 
arm-none-eabi-objdump -h -S  I2C_SHT30_DS3231.elf  > "I2C_SHT30_DS3231.list"
   text	   data	    bss	    dec	    hex	filename
  11120	     24	   1664	  12808	   3208	I2C_SHT30_DS3231.elf
Finished building: default.size.stdout
 
Finished building: I2C_SHT30_DS3231.list
 
13:13:51 **** Incremental Build of configuration Debug for project I2C_SHT30_DS3231 ****
make -j16 all 
arm-none-eabi-size   I2C_SHT30_DS3231.elf 
   text	   data	    bss	    dec	    hex	filename
  11120	     24	   1664	  12808	   3208	I2C_SHT30_DS3231.elf
Finished building: default.size.stdout
 
13:13:56 **** Incremental Build of configuration Debug for project I2C_SHT30_DS3231 ****
make -j16 all 
arm-none-eabi-size   I2C_SHT30_DS3231.elf 
   text	   data	    bss	    dec	    hex	filename
  11120	     24	   1664	  12808	   3208	I2C_SHT30_DS3231.elf
Finished building: default.size.stdout
 
11:23:40 **** Incremental Build of configuration Debug for project LORA_V2 ****
make -j16 all 
arm-none-eabi-gcc "../Core/Src/main.c" -mcpu=cortex-m3 -std=gnu11 -g3 -DDEBUG -DUSE_HAL_DRIVER -DSTM32F103xB -c -I../Core/Inc -I../Drivers/STM32F1xx_HAL_Driver/Inc/Legacy -I../Drivers/STM32F1xx_HAL_Driver/Inc -I../Drivers/CMSIS/Device/ST/STM32F1xx/Include -I../Drivers/CMSIS/Include -O0 -ffunction-sections -fdata-sections -Wall -fstack-usage -fcyclomatic-complexity -MMD -MP -MF"Core/Src/main.d" -MT"Core/Src/main.o" --specs=nano.specs -mfloat-abi=soft -mthumb -o "Core/Src/main.o"
arm-none-eabi-gcc -o "LORA_V2.elf" @"objects.list"   -mcpu=cortex-m3 -T"D:\smart_garden\LORA_V2\STM32F103C8TX_FLASH.ld" --specs=nosys.specs -Wl,-Map="LORA_V2.map" -Wl,--gc-sections -static --specs=nano.specs -mfloat-abi=soft -mthumb -Wl,--start-group -lc -lm -Wl,--end-group
Finished building target: LORA_V2.elf
 
arm-none-eabi-size   LORA_V2.elf 
arm-none-eabi-objdump -h -S  LORA_V2.elf  > "LORA_V2.list"
   text	   data	    bss	    dec	    hex	filename
  14168	     24	   1992	  16184	   3f38	LORA_V2.elf
Finished building: default.size.stdout
 
Finished building: LORA_V2.list
 
11:39:38 **** Incremental Build of configuration Debug for project LORA_V2 ****
make -j16 all 
arm-none-eabi-size   LORA_V2.elf 
   text	   data	    bss	    dec	    hex	filename
  14168	     24	   1992	  16184	   3f38	LORA_V2.elf
Finished building: default.size.stdout
 
11:46:54 **** Incremental Build of configuration Debug for project LORA_V2 ****
make -j16 all 
arm-none-eabi-gcc "../Core/Src/main.c" -mcpu=cortex-m3 -std=gnu11 -g3 -DDEBUG -DUSE_HAL_DRIVER -DSTM32F103xB -c -I../Core/Inc -I../Drivers/STM32F1xx_HAL_Driver/Inc/Legacy -I../Drivers/STM32F1xx_HAL_Driver/Inc -I../Drivers/CMSIS/Device/ST/STM32F1xx/Include -I../Drivers/CMSIS/Include -O0 -ffunction-sections -fdata-sections -Wall -fstack-usage -fcyclomatic-complexity -MMD -MP -MF"Core/Src/main.d" -MT"Core/Src/main.o" --specs=nano.specs -mfloat-abi=soft -mthumb -o "Core/Src/main.o"
arm-none-eabi-gcc -o "LORA_V2.elf" @"objects.list"   -mcpu=cortex-m3 -T"D:\smart_garden\LORA_V2\STM32F103C8TX_FLASH.ld" --specs=nosys.specs -Wl,-Map="LORA_V2.map" -Wl,--gc-sections -static --specs=nano.specs -mfloat-abi=soft -mthumb -Wl,--start-group -lc -lm -Wl,--end-group
Finished building target: LORA_V2.elf
 
arm-none-eabi-size   LORA_V2.elf 
arm-none-eabi-objdump -h -S  LORA_V2.elf  > "LORA_V2.list"
   text	   data	    bss	    dec	    hex	filename
  14188	     24	   1992	  16204	   3f4c	LORA_V2.elf
Finished building: default.size.stdout
 
Finished building: LORA_V2.list
 
11:47:28 **** Incremental Build of configuration Debug for project LORA_V2 ****
make -j16 all 
arm-none-eabi-size   LORA_V2.elf 
   text	   data	    bss	    dec	    hex	filename
  14188	     24	   1992	  16204	   3f4c	LORA_V2.elf
Finished building: default.size.stdout
 
11:49:42 **** Incremental Build of configuration Debug for project LORA_V2 ****
make -j16 all 
arm-none-eabi-gcc "../Core/Src/LoRa.c" -mcpu=cortex-m3 -std=gnu11 -g3 -DDEBUG -DUSE_HAL_DRIVER -DSTM32F103xB -c -I../Core/Inc -I../Drivers/STM32F1xx_HAL_Driver/Inc/Legacy -I../Drivers/STM32F1xx_HAL_Driver/Inc -I../Drivers/CMSIS/Device/ST/STM32F1xx/Include -I../Drivers/CMSIS/Include -O0 -ffunction-sections -fdata-sections -Wall -fstack-usage -fcyclomatic-complexity -MMD -MP -MF"Core/Src/LoRa.d" -MT"Core/Src/LoRa.o" --specs=nano.specs -mfloat-abi=soft -mthumb -o "Core/Src/LoRa.o"
arm-none-eabi-gcc -o "LORA_V2.elf" @"objects.list"   -mcpu=cortex-m3 -T"D:\smart_garden\LORA_V2\STM32F103C8TX_FLASH.ld" --specs=nosys.specs -Wl,-Map="LORA_V2.map" -Wl,--gc-sections -static --specs=nano.specs -mfloat-abi=soft -mthumb -Wl,--start-group -lc -lm -Wl,--end-group
Finished building target: LORA_V2.elf
 
arm-none-eabi-size   LORA_V2.elf 
arm-none-eabi-objdump -h -S  LORA_V2.elf  > "LORA_V2.list"
   text	   data	    bss	    dec	    hex	filename
  14184	     24	   1992	  16200	   3f48	LORA_V2.elf
Finished building: default.size.stdout
 
Finished building: LORA_V2.list
 
11:52:44 **** Incremental Build of configuration Debug for project LORA_V2 ****
make -j16 all 
arm-none-eabi-gcc "../Core/Src/LoRa.c" -mcpu=cortex-m3 -std=gnu11 -g3 -DDEBUG -DUSE_HAL_DRIVER -DSTM32F103xB -c -I../Core/Inc -I../Drivers/STM32F1xx_HAL_Driver/Inc/Legacy -I../Drivers/STM32F1xx_HAL_Driver/Inc -I../Drivers/CMSIS/Device/ST/STM32F1xx/Include -I../Drivers/CMSIS/Include -O0 -ffunction-sections -fdata-sections -Wall -fstack-usage -fcyclomatic-complexity -MMD -MP -MF"Core/Src/LoRa.d" -MT"Core/Src/LoRa.o" --specs=nano.specs -mfloat-abi=soft -mthumb -o "Core/Src/LoRa.o"
arm-none-eabi-gcc "../Core/Src/main.c" -mcpu=cortex-m3 -std=gnu11 -g3 -DDEBUG -DUSE_HAL_DRIVER -DSTM32F103xB -c -I../Core/Inc -I../Drivers/STM32F1xx_HAL_Driver/Inc/Legacy -I../Drivers/STM32F1xx_HAL_Driver/Inc -I../Drivers/CMSIS/Device/ST/STM32F1xx/Include -I../Drivers/CMSIS/Include -O0 -ffunction-sections -fdata-sections -Wall -fstack-usage -fcyclomatic-complexity -MMD -MP -MF"Core/Src/main.d" -MT"Core/Src/main.o" --specs=nano.specs -mfloat-abi=soft -mthumb -o "Core/Src/main.o"
arm-none-eabi-gcc -o "LORA_V2.elf" @"objects.list"   -mcpu=cortex-m3 -T"D:\smart_garden\LORA_V2\STM32F103C8TX_FLASH.ld" --specs=nosys.specs -Wl,-Map="LORA_V2.map" -Wl,--gc-sections -static --specs=nano.specs -mfloat-abi=soft -mthumb -Wl,--start-group -lc -lm -Wl,--end-group
Finished building target: LORA_V2.elf
 
arm-none-eabi-size   LORA_V2.elf 
arm-none-eabi-objdump -h -S  LORA_V2.elf  > "LORA_V2.list"
   text	   data	    bss	    dec	    hex	filename
  14180	     24	   1992	  16196	   3f44	LORA_V2.elf
Finished building: default.size.stdout
 
Finished building: LORA_V2.list
 
11:54:05 **** Incremental Build of configuration Debug for project LORA_V2 ****
make -j16 all 
arm-none-eabi-gcc "../Core/Src/main.c" -mcpu=cortex-m3 -std=gnu11 -g3 -DDEBUG -DUSE_HAL_DRIVER -DSTM32F103xB -c -I../Core/Inc -I../Drivers/STM32F1xx_HAL_Driver/Inc/Legacy -I../Drivers/STM32F1xx_HAL_Driver/Inc -I../Drivers/CMSIS/Device/ST/STM32F1xx/Include -I../Drivers/CMSIS/Include -O0 -ffunction-sections -fdata-sections -Wall -fstack-usage -fcyclomatic-complexity -MMD -MP -MF"Core/Src/main.d" -MT"Core/Src/main.o" --specs=nano.specs -mfloat-abi=soft -mthumb -o "Core/Src/main.o"
arm-none-eabi-gcc -o "LORA_V2.elf" @"objects.list"   -mcpu=cortex-m3 -T"D:\smart_garden\LORA_V2\STM32F103C8TX_FLASH.ld" --specs=nosys.specs -Wl,-Map="LORA_V2.map" -Wl,--gc-sections -static --specs=nano.specs -mfloat-abi=soft -mthumb -Wl,--start-group -lc -lm -Wl,--end-group
Finished building target: LORA_V2.elf
 
arm-none-eabi-size   LORA_V2.elf 
arm-none-eabi-objdump -h -S  LORA_V2.elf  > "LORA_V2.list"
   text	   data	    bss	    dec	    hex	filename
  14176	     24	   1992	  16192	   3f40	LORA_V2.elf
Finished building: default.size.stdout
 
Finished building: LORA_V2.list
 
11:57:45 **** Incremental Build of configuration Debug for project LORA_V2 ****
make -j16 all 
arm-none-eabi-gcc "../Core/Src/LoRa.c" -mcpu=cortex-m3 -std=gnu11 -g3 -DDEBUG -DUSE_HAL_DRIVER -DSTM32F103xB -c -I../Core/Inc -I../Drivers/STM32F1xx_HAL_Driver/Inc/Legacy -I../Drivers/STM32F1xx_HAL_Driver/Inc -I../Drivers/CMSIS/Device/ST/STM32F1xx/Include -I../Drivers/CMSIS/Include -O0 -ffunction-sections -fdata-sections -Wall -fstack-usage -fcyclomatic-complexity -MMD -MP -MF"Core/Src/LoRa.d" -MT"Core/Src/LoRa.o" --specs=nano.specs -mfloat-abi=soft -mthumb -o "Core/Src/LoRa.o"
arm-none-eabi-gcc "../Core/Src/main.c" -mcpu=cortex-m3 -std=gnu11 -g3 -DDEBUG -DUSE_HAL_DRIVER -DSTM32F103xB -c -I../Core/Inc -I../Drivers/STM32F1xx_HAL_Driver/Inc/Legacy -I../Drivers/STM32F1xx_HAL_Driver/Inc -I../Drivers/CMSIS/Device/ST/STM32F1xx/Include -I../Drivers/CMSIS/Include -O0 -ffunction-sections -fdata-sections -Wall -fstack-usage -fcyclomatic-complexity -MMD -MP -MF"Core/Src/main.d" -MT"Core/Src/main.o" --specs=nano.specs -mfloat-abi=soft -mthumb -o "Core/Src/main.o"
arm-none-eabi-gcc -o "LORA_V2.elf" @"objects.list"   -mcpu=cortex-m3 -T"D:\smart_garden\LORA_V2\STM32F103C8TX_FLASH.ld" --specs=nosys.specs -Wl,-Map="LORA_V2.map" -Wl,--gc-sections -static --specs=nano.specs -mfloat-abi=soft -mthumb -Wl,--start-group -lc -lm -Wl,--end-group
Finished building target: LORA_V2.elf
 
arm-none-eabi-size   LORA_V2.elf 
arm-none-eabi-objdump -h -S  LORA_V2.elf  > "LORA_V2.list"
   text	   data	    bss	    dec	    hex	filename
  14184	     24	   1992	  16200	   3f48	LORA_V2.elf
Finished building: default.size.stdout
 
Finished building: LORA_V2.list
 
12:02:11 **** Incremental Build of configuration Debug for project LORA_V2 ****
make -j16 all 
arm-none-eabi-gcc "../Core/Src/LoRa.c" -mcpu=cortex-m3 -std=gnu11 -g3 -DDEBUG -DUSE_HAL_DRIVER -DSTM32F103xB -c -I../Core/Inc -I../Drivers/STM32F1xx_HAL_Driver/Inc/Legacy -I../Drivers/STM32F1xx_HAL_Driver/Inc -I../Drivers/CMSIS/Device/ST/STM32F1xx/Include -I../Drivers/CMSIS/Include -O0 -ffunction-sections -fdata-sections -Wall -fstack-usage -fcyclomatic-complexity -MMD -MP -MF"Core/Src/LoRa.d" -MT"Core/Src/LoRa.o" --specs=nano.specs -mfloat-abi=soft -mthumb -o "Core/Src/LoRa.o"
arm-none-eabi-gcc -o "LORA_V2.elf" @"objects.list"   -mcpu=cortex-m3 -T"D:\smart_garden\LORA_V2\STM32F103C8TX_FLASH.ld" --specs=nosys.specs -Wl,-Map="LORA_V2.map" -Wl,--gc-sections -static --specs=nano.specs -mfloat-abi=soft -mthumb -Wl,--start-group -lc -lm -Wl,--end-group
Finished building target: LORA_V2.elf
 
arm-none-eabi-size   LORA_V2.elf 
arm-none-eabi-objdump -h -S  LORA_V2.elf  > "LORA_V2.list"
   text	   data	    bss	    dec	    hex	filename
  14192	     24	   1992	  16208	   3f50	LORA_V2.elf
Finished building: default.size.stdout
 
Finished building: LORA_V2.list
 
12:06:43 **** Incremental Build of configuration Debug for project LORA_V2 ****
make -j16 all 
arm-none-eabi-gcc "../Core/Src/main.c" -mcpu=cortex-m3 -std=gnu11 -g3 -DDEBUG -DUSE_HAL_DRIVER -DSTM32F103xB -c -I../Core/Inc -I../Drivers/STM32F1xx_HAL_Driver/Inc/Legacy -I../Drivers/STM32F1xx_HAL_Driver/Inc -I../Drivers/CMSIS/Device/ST/STM32F1xx/Include -I../Drivers/CMSIS/Include -O0 -ffunction-sections -fdata-sections -Wall -fstack-usage -fcyclomatic-complexity -MMD -MP -MF"Core/Src/main.d" -MT"Core/Src/main.o" --specs=nano.specs -mfloat-abi=soft -mthumb -o "Core/Src/main.o"
arm-none-eabi-gcc -o "LORA_V2.elf" @"objects.list"   -mcpu=cortex-m3 -T"D:\smart_garden\LORA_V2\STM32F103C8TX_FLASH.ld" --specs=nosys.specs -Wl,-Map="LORA_V2.map" -Wl,--gc-sections -static --specs=nano.specs -mfloat-abi=soft -mthumb -Wl,--start-group -lc -lm -Wl,--end-group
Finished building target: LORA_V2.elf
 
arm-none-eabi-size   LORA_V2.elf 
arm-none-eabi-objdump -h -S  LORA_V2.elf  > "LORA_V2.list"
   text	   data	    bss	    dec	    hex	filename
  14192	     24	   1992	  16208	   3f50	LORA_V2.elf
Finished building: default.size.stdout
 
Finished building: LORA_V2.list
 
12:07:39 **** Incremental Build of configuration Debug for project LORA_V2 ****
make -j16 all 
arm-none-eabi-gcc "../Core/Src/main.c" -mcpu=cortex-m3 -std=gnu11 -g3 -DDEBUG -DUSE_HAL_DRIVER -DSTM32F103xB -c -I../Core/Inc -I../Drivers/STM32F1xx_HAL_Driver/Inc/Legacy -I../Drivers/STM32F1xx_HAL_Driver/Inc -I../Drivers/CMSIS/Device/ST/STM32F1xx/Include -I../Drivers/CMSIS/Include -O0 -ffunction-sections -fdata-sections -Wall -fstack-usage -fcyclomatic-complexity -MMD -MP -MF"Core/Src/main.d" -MT"Core/Src/main.o" --specs=nano.specs -mfloat-abi=soft -mthumb -o "Core/Src/main.o"
arm-none-eabi-gcc -o "LORA_V2.elf" @"objects.list"   -mcpu=cortex-m3 -T"D:\smart_garden\LORA_V2\STM32F103C8TX_FLASH.ld" --specs=nosys.specs -Wl,-Map="LORA_V2.map" -Wl,--gc-sections -static --specs=nano.specs -mfloat-abi=soft -mthumb -Wl,--start-group -lc -lm -Wl,--end-group
Finished building target: LORA_V2.elf
 
arm-none-eabi-size   LORA_V2.elf 
arm-none-eabi-objdump -h -S  LORA_V2.elf  > "LORA_V2.list"
   text	   data	    bss	    dec	    hex	filename
  14188	     24	   1992	  16204	   3f4c	LORA_V2.elf
Finished building: default.size.stdout
 
Finished building: LORA_V2.list
 
12:13:20 **** Incremental Build of configuration Debug for project LORA_V2 ****
make -j16 all 
arm-none-eabi-gcc "../Core/Src/main.c" -mcpu=cortex-m3 -std=gnu11 -g3 -DDEBUG -DUSE_HAL_DRIVER -DSTM32F103xB -c -I../Core/Inc -I../Drivers/STM32F1xx_HAL_Driver/Inc/Legacy -I../Drivers/STM32F1xx_HAL_Driver/Inc -I../Drivers/CMSIS/Device/ST/STM32F1xx/Include -I../Drivers/CMSIS/Include -O0 -ffunction-sections -fdata-sections -Wall -fstack-usage -fcyclomatic-complexity -MMD -MP -MF"Core/Src/main.d" -MT"Core/Src/main.o" --specs=nano.specs -mfloat-abi=soft -mthumb -o "Core/Src/main.o"
../Core/Src/main.c:58:1: error: unknown type name 'uint32'; did you mean 'uint32_t'?
   58 | uint32 tick;
      | ^~~~~~
      | uint32_t
make: *** [Core/Src/subdir.mk:37: Core/Src/main.o] Error 1
"make -j16 all" terminated with exit code 2. Build might be incomplete.
12:13:33 **** Incremental Build of configuration Debug for project LORA_V2 ****
make -j16 all 
arm-none-eabi-gcc "../Core/Src/main.c" -mcpu=cortex-m3 -std=gnu11 -g3 -DDEBUG -DUSE_HAL_DRIVER -DSTM32F103xB -c -I../Core/Inc -I../Drivers/STM32F1xx_HAL_Driver/Inc/Legacy -I../Drivers/STM32F1xx_HAL_Driver/Inc -I../Drivers/CMSIS/Device/ST/STM32F1xx/Include -I../Drivers/CMSIS/Include -O0 -ffunction-sections -fdata-sections -Wall -fstack-usage -fcyclomatic-complexity -MMD -MP -MF"Core/Src/main.d" -MT"Core/Src/main.o" --specs=nano.specs -mfloat-abi=soft -mthumb -o "Core/Src/main.o"
arm-none-eabi-gcc -o "LORA_V2.elf" @"objects.list"   -mcpu=cortex-m3 -T"D:\smart_garden\LORA_V2\STM32F103C8TX_FLASH.ld" --specs=nosys.specs -Wl,-Map="LORA_V2.map" -Wl,--gc-sections -static --specs=nano.specs -mfloat-abi=soft -mthumb -Wl,--start-group -lc -lm -Wl,--end-group
Finished building target: LORA_V2.elf
 
arm-none-eabi-size   LORA_V2.elf 
arm-none-eabi-objdump -h -S  LORA_V2.elf  > "LORA_V2.list"
   text	   data	    bss	    dec	    hex	filename
  14220	     24	   2000	  16244	   3f74	LORA_V2.elf
Finished building: default.size.stdout
 
Finished building: LORA_V2.list
 
12:14:53 **** Incremental Build of configuration Debug for project LORA_V2 ****
make -j16 all 
arm-none-eabi-size   LORA_V2.elf 
   text	   data	    bss	    dec	    hex	filename
  14220	     24	   2000	  16244	   3f74	LORA_V2.elf
Finished building: default.size.stdout
 
12:21:52 **** Incremental Build of configuration Debug for project LORA_V2 ****
make -j16 all 
arm-none-eabi-gcc "../Core/Src/main.c" -mcpu=cortex-m3 -std=gnu11 -g3 -DDEBUG -DUSE_HAL_DRIVER -DSTM32F103xB -c -I../Core/Inc -I../Drivers/STM32F1xx_HAL_Driver/Inc/Legacy -I../Drivers/STM32F1xx_HAL_Driver/Inc -I../Drivers/CMSIS/Device/ST/STM32F1xx/Include -I../Drivers/CMSIS/Include -O0 -ffunction-sections -fdata-sections -Wall -fstack-usage -fcyclomatic-complexity -MMD -MP -MF"Core/Src/main.d" -MT"Core/Src/main.o" --specs=nano.specs -mfloat-abi=soft -mthumb -o "Core/Src/main.o"
arm-none-eabi-gcc -o "LORA_V2.elf" @"objects.list"   -mcpu=cortex-m3 -T"D:\smart_garden\LORA_V2\STM32F103C8TX_FLASH.ld" --specs=nosys.specs -Wl,-Map="LORA_V2.map" -Wl,--gc-sections -static --specs=nano.specs -mfloat-abi=soft -mthumb -Wl,--start-group -lc -lm -Wl,--end-group
Finished building target: LORA_V2.elf
 
arm-none-eabi-size   LORA_V2.elf 
arm-none-eabi-objdump -h -S  LORA_V2.elf  > "LORA_V2.list"
   text	   data	    bss	    dec	    hex	filename
  13896	     24	   1912	  15832	   3dd8	LORA_V2.elf
Finished building: default.size.stdout
 
Finished building: LORA_V2.list
 
12:26:28 **** Incremental Build of configuration Debug for project LORA_V2 ****
make -j16 all 
arm-none-eabi-gcc "../Core/Src/LoRa.c" -mcpu=cortex-m3 -std=gnu11 -g3 -DDEBUG -DUSE_HAL_DRIVER -DSTM32F103xB -c -I../Core/Inc -I../Drivers/STM32F1xx_HAL_Driver/Inc/Legacy -I../Drivers/STM32F1xx_HAL_Driver/Inc -I../Drivers/CMSIS/Device/ST/STM32F1xx/Include -I../Drivers/CMSIS/Include -O0 -ffunction-sections -fdata-sections -Wall -fstack-usage -fcyclomatic-complexity -MMD -MP -MF"Core/Src/LoRa.d" -MT"Core/Src/LoRa.o" --specs=nano.specs -mfloat-abi=soft -mthumb -o "Core/Src/LoRa.o"
arm-none-eabi-gcc "../Core/Src/main.c" -mcpu=cortex-m3 -std=gnu11 -g3 -DDEBUG -DUSE_HAL_DRIVER -DSTM32F103xB -c -I../Core/Inc -I../Drivers/STM32F1xx_HAL_Driver/Inc/Legacy -I../Drivers/STM32F1xx_HAL_Driver/Inc -I../Drivers/CMSIS/Device/ST/STM32F1xx/Include -I../Drivers/CMSIS/Include -O0 -ffunction-sections -fdata-sections -Wall -fstack-usage -fcyclomatic-complexity -MMD -MP -MF"Core/Src/main.d" -MT"Core/Src/main.o" --specs=nano.specs -mfloat-abi=soft -mthumb -o "Core/Src/main.o"
arm-none-eabi-gcc -o "LORA_V2.elf" @"objects.list"   -mcpu=cortex-m3 -T"D:\smart_garden\LORA_V2\STM32F103C8TX_FLASH.ld" --specs=nosys.specs -Wl,-Map="LORA_V2.map" -Wl,--gc-sections -static --specs=nano.specs -mfloat-abi=soft -mthumb -Wl,--start-group -lc -lm -Wl,--end-group
Finished building target: LORA_V2.elf
 
arm-none-eabi-size   LORA_V2.elf 
arm-none-eabi-objdump -h -S  LORA_V2.elf  > "LORA_V2.list"
   text	   data	    bss	    dec	    hex	filename
  13924	     24	   1912	  15860	   3df4	LORA_V2.elf
Finished building: default.size.stdout
 
Finished building: LORA_V2.list
 
12:29:35 **** Incremental Build of configuration Debug for project LORA_V2 ****
make -j16 all 
arm-none-eabi-gcc "../Core/Src/main.c" -mcpu=cortex-m3 -std=gnu11 -g3 -DDEBUG -DUSE_HAL_DRIVER -DSTM32F103xB -c -I../Core/Inc -I../Drivers/STM32F1xx_HAL_Driver/Inc/Legacy -I../Drivers/STM32F1xx_HAL_Driver/Inc -I../Drivers/CMSIS/Device/ST/STM32F1xx/Include -I../Drivers/CMSIS/Include -O0 -ffunction-sections -fdata-sections -Wall -fstack-usage -fcyclomatic-complexity -MMD -MP -MF"Core/Src/main.d" -MT"Core/Src/main.o" --specs=nano.specs -mfloat-abi=soft -mthumb -o "Core/Src/main.o"
arm-none-eabi-gcc -o "LORA_V2.elf" @"objects.list"   -mcpu=cortex-m3 -T"D:\smart_garden\LORA_V2\STM32F103C8TX_FLASH.ld" --specs=nosys.specs -Wl,-Map="LORA_V2.map" -Wl,--gc-sections -static --specs=nano.specs -mfloat-abi=soft -mthumb -Wl,--start-group -lc -lm -Wl,--end-group
Finished building target: LORA_V2.elf
 
arm-none-eabi-size   LORA_V2.elf 
arm-none-eabi-objdump -h -S  LORA_V2.elf  > "LORA_V2.list"
   text	   data	    bss	    dec	    hex	filename
  13952	     24	   1912	  15888	   3e10	LORA_V2.elf
Finished building: default.size.stdout
 
Finished building: LORA_V2.list
 
12:29:47 **** Incremental Build of configuration Debug for project LORA_V2 ****
make -j16 all 
arm-none-eabi-size   LORA_V2.elf 
   text	   data	    bss	    dec	    hex	filename
  13952	     24	   1912	  15888	   3e10	LORA_V2.elf
Finished building: default.size.stdout
 
12:31:49 **** Incremental Build of configuration Debug for project LORA_V2 ****
make -j16 all 
arm-none-eabi-gcc "../Core/Src/main.c" -mcpu=cortex-m3 -std=gnu11 -g3 -DDEBUG -DUSE_HAL_DRIVER -DSTM32F103xB -c -I../Core/Inc -I../Drivers/STM32F1xx_HAL_Driver/Inc/Legacy -I../Drivers/STM32F1xx_HAL_Driver/Inc -I../Drivers/CMSIS/Device/ST/STM32F1xx/Include -I../Drivers/CMSIS/Include -O0 -ffunction-sections -fdata-sections -Wall -fstack-usage -fcyclomatic-complexity -MMD -MP -MF"Core/Src/main.d" -MT"Core/Src/main.o" --specs=nano.specs -mfloat-abi=soft -mthumb -o "Core/Src/main.o"
arm-none-eabi-gcc -o "LORA_V2.elf" @"objects.list"   -mcpu=cortex-m3 -T"D:\smart_garden\LORA_V2\STM32F103C8TX_FLASH.ld" --specs=nosys.specs -Wl,-Map="LORA_V2.map" -Wl,--gc-sections -static --specs=nano.specs -mfloat-abi=soft -mthumb -Wl,--start-group -lc -lm -Wl,--end-group
Finished building target: LORA_V2.elf
 
arm-none-eabi-size   LORA_V2.elf 
arm-none-eabi-objdump -h -S  LORA_V2.elf  > "LORA_V2.list"
   text	   data	    bss	    dec	    hex	filename
  13916	     24	   1912	  15852	   3dec	LORA_V2.elf
Finished building: default.size.stdout
 
Finished building: LORA_V2.list
 
12:32:00 **** Incremental Build of configuration Debug for project LORA_V2 ****
make -j16 all 
arm-none-eabi-size   LORA_V2.elf 
   text	   data	    bss	    dec	    hex	filename
  13916	     24	   1912	  15852	   3dec	LORA_V2.elf
Finished building: default.size.stdout
 
12:33:30 **** Incremental Build of configuration Debug for project LORA_V2 ****
make -j16 all 
arm-none-eabi-gcc "../Core/Src/main.c" -mcpu=cortex-m3 -std=gnu11 -g3 -DDEBUG -DUSE_HAL_DRIVER -DSTM32F103xB -c -I../Core/Inc -I../Drivers/STM32F1xx_HAL_Driver/Inc/Legacy -I../Drivers/STM32F1xx_HAL_Driver/Inc -I../Drivers/CMSIS/Device/ST/STM32F1xx/Include -I../Drivers/CMSIS/Include -O0 -ffunction-sections -fdata-sections -Wall -fstack-usage -fcyclomatic-complexity -MMD -MP -MF"Core/Src/main.d" -MT"Core/Src/main.o" --specs=nano.specs -mfloat-abi=soft -mthumb -o "Core/Src/main.o"
arm-none-eabi-gcc -o "LORA_V2.elf" @"objects.list"   -mcpu=cortex-m3 -T"D:\smart_garden\LORA_V2\STM32F103C8TX_FLASH.ld" --specs=nosys.specs -Wl,-Map="LORA_V2.map" -Wl,--gc-sections -static --specs=nano.specs -mfloat-abi=soft -mthumb -Wl,--start-group -lc -lm -Wl,--end-group
Finished building target: LORA_V2.elf
 
arm-none-eabi-size   LORA_V2.elf 
arm-none-eabi-objdump -h -S  LORA_V2.elf  > "LORA_V2.list"
   text	   data	    bss	    dec	    hex	filename
  13916	     24	   1912	  15852	   3dec	LORA_V2.elf
Finished building: default.size.stdout
 
Finished building: LORA_V2.list
 
12:34:38 **** Incremental Build of configuration Debug for project LORA_V2 ****
make -j16 all 
arm-none-eabi-gcc "../Core/Src/main.c" -mcpu=cortex-m3 -std=gnu11 -g3 -DDEBUG -DUSE_HAL_DRIVER -DSTM32F103xB -c -I../Core/Inc -I../Drivers/STM32F1xx_HAL_Driver/Inc/Legacy -I../Drivers/STM32F1xx_HAL_Driver/Inc -I../Drivers/CMSIS/Device/ST/STM32F1xx/Include -I../Drivers/CMSIS/Include -O0 -ffunction-sections -fdata-sections -Wall -fstack-usage -fcyclomatic-complexity -MMD -MP -MF"Core/Src/main.d" -MT"Core/Src/main.o" --specs=nano.specs -mfloat-abi=soft -mthumb -o "Core/Src/main.o"
arm-none-eabi-gcc -o "LORA_V2.elf" @"objects.list"   -mcpu=cortex-m3 -T"D:\smart_garden\LORA_V2\STM32F103C8TX_FLASH.ld" --specs=nosys.specs -Wl,-Map="LORA_V2.map" -Wl,--gc-sections -static --specs=nano.specs -mfloat-abi=soft -mthumb -Wl,--start-group -lc -lm -Wl,--end-group
Finished building target: LORA_V2.elf
 
arm-none-eabi-size   LORA_V2.elf 
arm-none-eabi-objdump -h -S  LORA_V2.elf  > "LORA_V2.list"
   text	   data	    bss	    dec	    hex	filename
  13888	     24	   1912	  15824	   3dd0	LORA_V2.elf
Finished building: default.size.stdout
 
Finished building: LORA_V2.list
 
12:36:31 **** Incremental Build of configuration Debug for project LORA_V2 ****
make -j16 all 
arm-none-eabi-gcc "../Core/Src/main.c" -mcpu=cortex-m3 -std=gnu11 -g3 -DDEBUG -DUSE_HAL_DRIVER -DSTM32F103xB -c -I../Core/Inc -I../Drivers/STM32F1xx_HAL_Driver/Inc/Legacy -I../Drivers/STM32F1xx_HAL_Driver/Inc -I../Drivers/CMSIS/Device/ST/STM32F1xx/Include -I../Drivers/CMSIS/Include -O0 -ffunction-sections -fdata-sections -Wall -fstack-usage -fcyclomatic-complexity -MMD -MP -MF"Core/Src/main.d" -MT"Core/Src/main.o" --specs=nano.specs -mfloat-abi=soft -mthumb -o "Core/Src/main.o"
arm-none-eabi-gcc -o "LORA_V2.elf" @"objects.list"   -mcpu=cortex-m3 -T"D:\smart_garden\LORA_V2\STM32F103C8TX_FLASH.ld" --specs=nosys.specs -Wl,-Map="LORA_V2.map" -Wl,--gc-sections -static --specs=nano.specs -mfloat-abi=soft -mthumb -Wl,--start-group -lc -lm -Wl,--end-group
Finished building target: LORA_V2.elf
 
arm-none-eabi-size   LORA_V2.elf 
arm-none-eabi-objdump -h -S  LORA_V2.elf  > "LORA_V2.list"
   text	   data	    bss	    dec	    hex	filename
  13888	     24	   1912	  15824	   3dd0	LORA_V2.elf
Finished building: default.size.stdout
 
Finished building: LORA_V2.list
 
12:37:46 **** Incremental Build of configuration Debug for project LORA_V2 ****
make -j16 all 
arm-none-eabi-gcc "../Core/Src/main.c" -mcpu=cortex-m3 -std=gnu11 -g3 -DDEBUG -DUSE_HAL_DRIVER -DSTM32F103xB -c -I../Core/Inc -I../Drivers/STM32F1xx_HAL_Driver/Inc/Legacy -I../Drivers/STM32F1xx_HAL_Driver/Inc -I../Drivers/CMSIS/Device/ST/STM32F1xx/Include -I../Drivers/CMSIS/Include -O0 -ffunction-sections -fdata-sections -Wall -fstack-usage -fcyclomatic-complexity -MMD -MP -MF"Core/Src/main.d" -MT"Core/Src/main.o" --specs=nano.specs -mfloat-abi=soft -mthumb -o "Core/Src/main.o"
arm-none-eabi-gcc -o "LORA_V2.elf" @"objects.list"   -mcpu=cortex-m3 -T"D:\smart_garden\LORA_V2\STM32F103C8TX_FLASH.ld" --specs=nosys.specs -Wl,-Map="LORA_V2.map" -Wl,--gc-sections -static --specs=nano.specs -mfloat-abi=soft -mthumb -Wl,--start-group -lc -lm -Wl,--end-group
Finished building target: LORA_V2.elf
 
arm-none-eabi-size   LORA_V2.elf 
arm-none-eabi-objdump -h -S  LORA_V2.elf  > "LORA_V2.list"
   text	   data	    bss	    dec	    hex	filename
  13888	     24	   1912	  15824	   3dd0	LORA_V2.elf
Finished building: default.size.stdout
 
Finished building: LORA_V2.list
 
12:41:30 **** Incremental Build of configuration Debug for project LORA_V2 ****
make -j16 all 
arm-none-eabi-gcc "../Core/Src/main.c" -mcpu=cortex-m3 -std=gnu11 -g3 -DDEBUG -DUSE_HAL_DRIVER -DSTM32F103xB -c -I../Core/Inc -I../Drivers/STM32F1xx_HAL_Driver/Inc/Legacy -I../Drivers/STM32F1xx_HAL_Driver/Inc -I../Drivers/CMSIS/Device/ST/STM32F1xx/Include -I../Drivers/CMSIS/Include -O0 -ffunction-sections -fdata-sections -Wall -fstack-usage -fcyclomatic-complexity -MMD -MP -MF"Core/Src/main.d" -MT"Core/Src/main.o" --specs=nano.specs -mfloat-abi=soft -mthumb -o "Core/Src/main.o"
arm-none-eabi-gcc -o "LORA_V2.elf" @"objects.list"   -mcpu=cortex-m3 -T"D:\smart_garden\LORA_V2\STM32F103C8TX_FLASH.ld" --specs=nosys.specs -Wl,-Map="LORA_V2.map" -Wl,--gc-sections -static --specs=nano.specs -mfloat-abi=soft -mthumb -Wl,--start-group -lc -lm -Wl,--end-group
Finished building target: LORA_V2.elf
 
arm-none-eabi-size   LORA_V2.elf 
arm-none-eabi-objdump -h -S  LORA_V2.elf  > "LORA_V2.list"
   text	   data	    bss	    dec	    hex	filename
  14188	     24	   1992	  16204	   3f4c	LORA_V2.elf
Finished building: default.size.stdout
 
Finished building: LORA_V2.list
 
12:44:26 **** Incremental Build of configuration Debug for project LORA_V2 ****
make -j16 all 
arm-none-eabi-gcc "../Core/Src/main.c" -mcpu=cortex-m3 -std=gnu11 -g3 -DDEBUG -DUSE_HAL_DRIVER -DSTM32F103xB -c -I../Core/Inc -I../Drivers/STM32F1xx_HAL_Driver/Inc/Legacy -I../Drivers/STM32F1xx_HAL_Driver/Inc -I../Drivers/CMSIS/Device/ST/STM32F1xx/Include -I../Drivers/CMSIS/Include -O0 -ffunction-sections -fdata-sections -Wall -fstack-usage -fcyclomatic-complexity -MMD -MP -MF"Core/Src/main.d" -MT"Core/Src/main.o" --specs=nano.specs -mfloat-abi=soft -mthumb -o "Core/Src/main.o"
arm-none-eabi-gcc -o "LORA_V2.elf" @"objects.list"   -mcpu=cortex-m3 -T"D:\smart_garden\LORA_V2\STM32F103C8TX_FLASH.ld" --specs=nosys.specs -Wl,-Map="LORA_V2.map" -Wl,--gc-sections -static --specs=nano.specs -mfloat-abi=soft -mthumb -Wl,--start-group -lc -lm -Wl,--end-group
Finished building target: LORA_V2.elf
 
arm-none-eabi-size   LORA_V2.elf 
arm-none-eabi-objdump -h -S  LORA_V2.elf  > "LORA_V2.list"
   text	   data	    bss	    dec	    hex	filename
  13872	     24	   1912	  15808	   3dc0	LORA_V2.elf
Finished building: default.size.stdout
 
Finished building: LORA_V2.list
 
12:47:11 **** Incremental Build of configuration Debug for project LORA_V2 ****
make -j16 all 
arm-none-eabi-gcc "../Core/Src/main.c" -mcpu=cortex-m3 -std=gnu11 -g3 -DDEBUG -DUSE_HAL_DRIVER -DSTM32F103xB -c -I../Core/Inc -I../Drivers/STM32F1xx_HAL_Driver/Inc/Legacy -I../Drivers/STM32F1xx_HAL_Driver/Inc -I../Drivers/CMSIS/Device/ST/STM32F1xx/Include -I../Drivers/CMSIS/Include -O0 -ffunction-sections -fdata-sections -Wall -fstack-usage -fcyclomatic-complexity -MMD -MP -MF"Core/Src/main.d" -MT"Core/Src/main.o" --specs=nano.specs -mfloat-abi=soft -mthumb -o "Core/Src/main.o"
arm-none-eabi-gcc -o "LORA_V2.elf" @"objects.list"   -mcpu=cortex-m3 -T"D:\smart_garden\LORA_V2\STM32F103C8TX_FLASH.ld" --specs=nosys.specs -Wl,-Map="LORA_V2.map" -Wl,--gc-sections -static --specs=nano.specs -mfloat-abi=soft -mthumb -Wl,--start-group -lc -lm -Wl,--end-group
Finished building target: LORA_V2.elf
 
arm-none-eabi-size   LORA_V2.elf 
arm-none-eabi-objdump -h -S  LORA_V2.elf  > "LORA_V2.list"
   text	   data	    bss	    dec	    hex	filename
  13876	     24	   1912	  15812	   3dc4	LORA_V2.elf
Finished building: default.size.stdout
 
Finished building: LORA_V2.list
 
12:48:53 **** Incremental Build of configuration Debug for project LORA_V2 ****
make -j16 all 
arm-none-eabi-gcc "../Core/Src/main.c" -mcpu=cortex-m3 -std=gnu11 -g3 -DDEBUG -DUSE_HAL_DRIVER -DSTM32F103xB -c -I../Core/Inc -I../Drivers/STM32F1xx_HAL_Driver/Inc/Legacy -I../Drivers/STM32F1xx_HAL_Driver/Inc -I../Drivers/CMSIS/Device/ST/STM32F1xx/Include -I../Drivers/CMSIS/Include -O0 -ffunction-sections -fdata-sections -Wall -fstack-usage -fcyclomatic-complexity -MMD -MP -MF"Core/Src/main.d" -MT"Core/Src/main.o" --specs=nano.specs -mfloat-abi=soft -mthumb -o "Core/Src/main.o"
arm-none-eabi-gcc -o "LORA_V2.elf" @"objects.list"   -mcpu=cortex-m3 -T"D:\smart_garden\LORA_V2\STM32F103C8TX_FLASH.ld" --specs=nosys.specs -Wl,-Map="LORA_V2.map" -Wl,--gc-sections -static --specs=nano.specs -mfloat-abi=soft -mthumb -Wl,--start-group -lc -lm -Wl,--end-group
Finished building target: LORA_V2.elf
 
arm-none-eabi-size   LORA_V2.elf 
arm-none-eabi-objdump -h -S  LORA_V2.elf  > "LORA_V2.list"
   text	   data	    bss	    dec	    hex	filename
  13876	     24	   1912	  15812	   3dc4	LORA_V2.elf
Finished building: default.size.stdout
 
Finished building: LORA_V2.list
 
12:49:27 **** Incremental Build of configuration Debug for project LORA_V2 ****
make -j16 all 
arm-none-eabi-gcc "../Core/Src/main.c" -mcpu=cortex-m3 -std=gnu11 -g3 -DDEBUG -DUSE_HAL_DRIVER -DSTM32F103xB -c -I../Core/Inc -I../Drivers/STM32F1xx_HAL_Driver/Inc/Legacy -I../Drivers/STM32F1xx_HAL_Driver/Inc -I../Drivers/CMSIS/Device/ST/STM32F1xx/Include -I../Drivers/CMSIS/Include -O0 -ffunction-sections -fdata-sections -Wall -fstack-usage -fcyclomatic-complexity -MMD -MP -MF"Core/Src/main.d" -MT"Core/Src/main.o" --specs=nano.specs -mfloat-abi=soft -mthumb -o "Core/Src/main.o"
arm-none-eabi-gcc -o "LORA_V2.elf" @"objects.list"   -mcpu=cortex-m3 -T"D:\smart_garden\LORA_V2\STM32F103C8TX_FLASH.ld" --specs=nosys.specs -Wl,-Map="LORA_V2.map" -Wl,--gc-sections -static --specs=nano.specs -mfloat-abi=soft -mthumb -Wl,--start-group -lc -lm -Wl,--end-group
Finished building target: LORA_V2.elf
 
arm-none-eabi-size   LORA_V2.elf 
arm-none-eabi-objdump -h -S  LORA_V2.elf  > "LORA_V2.list"
   text	   data	    bss	    dec	    hex	filename
  13876	     24	   1912	  15812	   3dc4	LORA_V2.elf
Finished building: default.size.stdout
 
Finished building: LORA_V2.list
 
04:13:41 **** Incremental Build of configuration Debug for project LORA_V2 ****
make -j16 all 
arm-none-eabi-gcc "../Core/Src/LoRa.c" -mcpu=cortex-m3 -std=gnu11 -g3 -DDEBUG -DUSE_HAL_DRIVER -DSTM32F103xB -c -I../Core/Inc -I../Drivers/STM32F1xx_HAL_Driver/Inc/Legacy -I../Drivers/STM32F1xx_HAL_Driver/Inc -I../Drivers/CMSIS/Device/ST/STM32F1xx/Include -I../Drivers/CMSIS/Include -O0 -ffunction-sections -fdata-sections -Wall -fstack-usage -fcyclomatic-complexity -MMD -MP -MF"Core/Src/LoRa.d" -MT"Core/Src/LoRa.o" --specs=nano.specs -mfloat-abi=soft -mthumb -o "Core/Src/LoRa.o"
arm-none-eabi-gcc "../Core/Src/main.c" -mcpu=cortex-m3 -std=gnu11 -g3 -DDEBUG -DUSE_HAL_DRIVER -DSTM32F103xB -c -I../Core/Inc -I../Drivers/STM32F1xx_HAL_Driver/Inc/Legacy -I../Drivers/STM32F1xx_HAL_Driver/Inc -I../Drivers/CMSIS/Device/ST/STM32F1xx/Include -I../Drivers/CMSIS/Include -O0 -ffunction-sections -fdata-sections -Wall -fstack-usage -fcyclomatic-complexity -MMD -MP -MF"Core/Src/main.d" -MT"Core/Src/main.o" --specs=nano.specs -mfloat-abi=soft -mthumb -o "Core/Src/main.o"
In file included from ../Core/Src/main.c:24:
../Core/Src/LoRa.h:145:2: error: #endif without #if
  145 | #endif
      |  ^~~~~
In file included from ../Core/Src/LoRa.c:7:
../Core/Src/LoRa.h:145:2: error: #endif without #if
  145 | #endif
      |  ^~~~~
../Core/Src/main.c: In function 'LoRa_rx_byte':
../Core/Src/main.c:269:5: warning: enumeration value 'IDLE' not handled in switch [-Wswitch]
  269 |     switch(frame_data_rx->rx_state){
      |     ^~~~~~
make: *** [Core/Src/subdir.mk:37: Core/Src/LoRa.o] Error 1
make: *** Waiting for unfinished jobs....
../Core/Src/main.c: In function 'create_payload':
../Core/Src/main.c:252:1: warning: control reaches end of non-void function [-Wreturn-type]
  252 | }
      | ^
../Core/Src/main.c: In function 'LoRa_rx_byte':
../Core/Src/main.c:379:1: warning: control reaches end of non-void function [-Wreturn-type]
  379 | }
      | ^
make: *** [Core/Src/subdir.mk:37: Core/Src/main.o] Error 1
"make -j16 all" terminated with exit code 2. Build might be incomplete.
04:21:30 **** Incremental Build of configuration Debug for project LORA_V2 ****
make -j16 all 
arm-none-eabi-gcc "../Core/Src/LoRa.c" -mcpu=cortex-m3 -std=gnu11 -g3 -DDEBUG -DUSE_HAL_DRIVER -DSTM32F103xB -c -I../Core/Inc -I../Drivers/STM32F1xx_HAL_Driver/Inc/Legacy -I../Drivers/STM32F1xx_HAL_Driver/Inc -I../Drivers/CMSIS/Device/ST/STM32F1xx/Include -I../Drivers/CMSIS/Include -O0 -ffunction-sections -fdata-sections -Wall -fstack-usage -fcyclomatic-complexity -MMD -MP -MF"Core/Src/LoRa.d" -MT"Core/Src/LoRa.o" --specs=nano.specs -mfloat-abi=soft -mthumb -o "Core/Src/LoRa.o"
arm-none-eabi-gcc "../Core/Src/main.c" -mcpu=cortex-m3 -std=gnu11 -g3 -DDEBUG -DUSE_HAL_DRIVER -DSTM32F103xB -c -I../Core/Inc -I../Drivers/STM32F1xx_HAL_Driver/Inc/Legacy -I../Drivers/STM32F1xx_HAL_Driver/Inc -I../Drivers/CMSIS/Device/ST/STM32F1xx/Include -I../Drivers/CMSIS/Include -O0 -ffunction-sections -fdata-sections -Wall -fstack-usage -fcyclomatic-complexity -MMD -MP -MF"Core/Src/main.d" -MT"Core/Src/main.o" --specs=nano.specs -mfloat-abi=soft -mthumb -o "Core/Src/main.o"
arm-none-eabi-gcc -o "LORA_V2.elf" @"objects.list"   -mcpu=cortex-m3 -T"D:\smart_garden\LORA_V2\STM32F103C8TX_FLASH.ld" --specs=nosys.specs -Wl,-Map="LORA_V2.map" -Wl,--gc-sections -static --specs=nano.specs -mfloat-abi=soft -mthumb -Wl,--start-group -lc -lm -Wl,--end-group
Finished building target: LORA_V2.elf
 
arm-none-eabi-size   LORA_V2.elf 
arm-none-eabi-objdump -h -S  LORA_V2.elf  > "LORA_V2.list"
   text	   data	    bss	    dec	    hex	filename
  14700	     32	   1896	  16628	   40f4	LORA_V2.elf
Finished building: default.size.stdout
 
Finished building: LORA_V2.list
 
04:21:48 **** Incremental Build of configuration Debug for project LORA_V2 ****
make -j16 all 
arm-none-eabi-gcc "../Core/Src/main.c" -mcpu=cortex-m3 -std=gnu11 -g3 -DDEBUG -DUSE_HAL_DRIVER -DSTM32F103xB -c -I../Core/Inc -I../Drivers/STM32F1xx_HAL_Driver/Inc/Legacy -I../Drivers/STM32F1xx_HAL_Driver/Inc -I../Drivers/CMSIS/Device/ST/STM32F1xx/Include -I../Drivers/CMSIS/Include -O0 -ffunction-sections -fdata-sections -Wall -fstack-usage -fcyclomatic-complexity -MMD -MP -MF"Core/Src/main.d" -MT"Core/Src/main.o" --specs=nano.specs -mfloat-abi=soft -mthumb -o "Core/Src/main.o"
../Core/Src/main.c: In function 'create_payload':
../Core/Src/main.c:250:9: error: expected expression before 'default'
  250 |         default:
      |         ^~~~~~~
../Core/Src/main.c:254:1: warning: control reaches end of non-void function [-Wreturn-type]
  254 | }
      | ^
make: *** [Core/Src/subdir.mk:37: Core/Src/main.o] Error 1
"make -j16 all" terminated with exit code 2. Build might be incomplete.
04:21:58 **** Incremental Build of configuration Debug for project LORA_V2 ****
make -j16 all 
arm-none-eabi-gcc "../Core/Src/main.c" -mcpu=cortex-m3 -std=gnu11 -g3 -DDEBUG -DUSE_HAL_DRIVER -DSTM32F103xB -c -I../Core/Inc -I../Drivers/STM32F1xx_HAL_Driver/Inc/Legacy -I../Drivers/STM32F1xx_HAL_Driver/Inc -I../Drivers/CMSIS/Device/ST/STM32F1xx/Include -I../Drivers/CMSIS/Include -O0 -ffunction-sections -fdata-sections -Wall -fstack-usage -fcyclomatic-complexity -MMD -MP -MF"Core/Src/main.d" -MT"Core/Src/main.o" --specs=nano.specs -mfloat-abi=soft -mthumb -o "Core/Src/main.o"
arm-none-eabi-gcc -o "LORA_V2.elf" @"objects.list"   -mcpu=cortex-m3 -T"D:\smart_garden\LORA_V2\STM32F103C8TX_FLASH.ld" --specs=nosys.specs -Wl,-Map="LORA_V2.map" -Wl,--gc-sections -static --specs=nano.specs -mfloat-abi=soft -mthumb -Wl,--start-group -lc -lm -Wl,--end-group
Finished building target: LORA_V2.elf
 
arm-none-eabi-size   LORA_V2.elf 
arm-none-eabi-objdump -h -S  LORA_V2.elf  > "LORA_V2.list"
   text	   data	    bss	    dec	    hex	filename
  14700	     32	   1896	  16628	   40f4	LORA_V2.elf
Finished building: default.size.stdout
 
Finished building: LORA_V2.list
 
04:22:06 **** Incremental Build of configuration Debug for project LORA_V2 ****
make -j16 all 
arm-none-eabi-size   LORA_V2.elf 
   text	   data	    bss	    dec	    hex	filename
  14700	     32	   1896	  16628	   40f4	LORA_V2.elf
Finished building: default.size.stdout
 
04:28:39 **** Incremental Build of configuration Debug for project LORA_V2 ****
make -j16 all 
arm-none-eabi-gcc "../Core/Src/main.c" -mcpu=cortex-m3 -std=gnu11 -g3 -DDEBUG -DUSE_HAL_DRIVER -DSTM32F103xB -c -I../Core/Inc -I../Drivers/STM32F1xx_HAL_Driver/Inc/Legacy -I../Drivers/STM32F1xx_HAL_Driver/Inc -I../Drivers/CMSIS/Device/ST/STM32F1xx/Include -I../Drivers/CMSIS/Include -O0 -ffunction-sections -fdata-sections -Wall -fstack-usage -fcyclomatic-complexity -MMD -MP -MF"Core/Src/main.d" -MT"Core/Src/main.o" --specs=nano.specs -mfloat-abi=soft -mthumb -o "Core/Src/main.o"
arm-none-eabi-gcc -o "LORA_V2.elf" @"objects.list"   -mcpu=cortex-m3 -T"D:\smart_garden\LORA_V2\STM32F103C8TX_FLASH.ld" --specs=nosys.specs -Wl,-Map="LORA_V2.map" -Wl,--gc-sections -static --specs=nano.specs -mfloat-abi=soft -mthumb -Wl,--start-group -lc -lm -Wl,--end-group
Finished building target: LORA_V2.elf
 
arm-none-eabi-size   LORA_V2.elf 
arm-none-eabi-objdump -h -S  LORA_V2.elf  > "LORA_V2.list"
   text	   data	    bss	    dec	    hex	filename
  14964	     32	   1888	  16884	   41f4	LORA_V2.elf
Finished building: default.size.stdout
 
Finished building: LORA_V2.list
 
04:29:08 **** Incremental Build of configuration Debug for project LORA_V2 ****
make -j16 all 
arm-none-eabi-size   LORA_V2.elf 
   text	   data	    bss	    dec	    hex	filename
  14964	     32	   1888	  16884	   41f4	LORA_V2.elf
Finished building: default.size.stdout
 
04:30:37 **** Incremental Build of configuration Debug for project LORA_V2 ****
make -j16 all 
arm-none-eabi-size   LORA_V2.elf 
   text	   data	    bss	    dec	    hex	filename
  14964	     32	   1888	  16884	   41f4	LORA_V2.elf
Finished building: default.size.stdout
 
04:37:09 **** Incremental Build of configuration Debug for project LORA_V2 ****
make -j16 all 
arm-none-eabi-gcc "../Core/Src/main.c" -mcpu=cortex-m3 -std=gnu11 -g3 -DDEBUG -DUSE_HAL_DRIVER -DSTM32F103xB -c -I../Core/Inc -I../Drivers/STM32F1xx_HAL_Driver/Inc/Legacy -I../Drivers/STM32F1xx_HAL_Driver/Inc -I../Drivers/CMSIS/Device/ST/STM32F1xx/Include -I../Drivers/CMSIS/Include -O0 -ffunction-sections -fdata-sections -Wall -fstack-usage -fcyclomatic-complexity -MMD -MP -MF"Core/Src/main.d" -MT"Core/Src/main.o" --specs=nano.specs -mfloat-abi=soft -mthumb -o "Core/Src/main.o"
arm-none-eabi-gcc -o "LORA_V2.elf" @"objects.list"   -mcpu=cortex-m3 -T"D:\smart_garden\LORA_V2\STM32F103C8TX_FLASH.ld" --specs=nosys.specs -Wl,-Map="LORA_V2.map" -Wl,--gc-sections -static --specs=nano.specs -mfloat-abi=soft -mthumb -Wl,--start-group -lc -lm -Wl,--end-group
Finished building target: LORA_V2.elf
 
arm-none-eabi-size   LORA_V2.elf 
arm-none-eabi-objdump -h -S  LORA_V2.elf  > "LORA_V2.list"
   text	   data	    bss	    dec	    hex	filename
  14492	     24	   1872	  16388	   4004	LORA_V2.elf
Finished building: default.size.stdout
 
Finished building: LORA_V2.list
 
04:37:58 **** Incremental Build of configuration Debug for project LORA_V2 ****
make -j16 all 
arm-none-eabi-gcc "../Core/Src/main.c" -mcpu=cortex-m3 -std=gnu11 -g3 -DDEBUG -DUSE_HAL_DRIVER -DSTM32F103xB -c -I../Core/Inc -I../Drivers/STM32F1xx_HAL_Driver/Inc/Legacy -I../Drivers/STM32F1xx_HAL_Driver/Inc -I../Drivers/CMSIS/Device/ST/STM32F1xx/Include -I../Drivers/CMSIS/Include -O0 -ffunction-sections -fdata-sections -Wall -fstack-usage -fcyclomatic-complexity -MMD -MP -MF"Core/Src/main.d" -MT"Core/Src/main.o" --specs=nano.specs -mfloat-abi=soft -mthumb -o "Core/Src/main.o"
arm-none-eabi-gcc -o "LORA_V2.elf" @"objects.list"   -mcpu=cortex-m3 -T"D:\smart_garden\LORA_V2\STM32F103C8TX_FLASH.ld" --specs=nosys.specs -Wl,-Map="LORA_V2.map" -Wl,--gc-sections -static --specs=nano.specs -mfloat-abi=soft -mthumb -Wl,--start-group -lc -lm -Wl,--end-group
Finished building target: LORA_V2.elf
 
arm-none-eabi-size   LORA_V2.elf 
arm-none-eabi-objdump -h -S  LORA_V2.elf  > "LORA_V2.list"
   text	   data	    bss	    dec	    hex	filename
  14524	     24	   1872	  16420	   4024	LORA_V2.elf
Finished building: default.size.stdout
 
Finished building: LORA_V2.list
 
04:46:40 **** Incremental Build of configuration Debug for project LORA_V2 ****
make -j16 all 
arm-none-eabi-gcc "../Core/Src/main.c" -mcpu=cortex-m3 -std=gnu11 -g3 -DDEBUG -DUSE_HAL_DRIVER -DSTM32F103xB -c -I../Core/Inc -I../Drivers/STM32F1xx_HAL_Driver/Inc/Legacy -I../Drivers/STM32F1xx_HAL_Driver/Inc -I../Drivers/CMSIS/Device/ST/STM32F1xx/Include -I../Drivers/CMSIS/Include -O0 -ffunction-sections -fdata-sections -Wall -fstack-usage -fcyclomatic-complexity -MMD -MP -MF"Core/Src/main.d" -MT"Core/Src/main.o" --specs=nano.specs -mfloat-abi=soft -mthumb -o "Core/Src/main.o"
../Core/Src/main.c: In function 'LoRa_rx_byte':
../Core/Src/main.c:325:17: error: 'frame' undeclared (first use in this function)
  325 |                 frame->length=FRAME_TYPE_DATA_LENGTH;
      |                 ^~~~~
../Core/Src/main.c:325:17: note: each undeclared identifier is reported only once for each function it appears in
make: *** [Core/Src/subdir.mk:37: Core/Src/main.o] Error 1
"make -j16 all" terminated with exit code 2. Build might be incomplete.
04:47:24 **** Incremental Build of configuration Debug for project LORA_V2 ****
make -j16 all 
arm-none-eabi-gcc "../Core/Src/main.c" -mcpu=cortex-m3 -std=gnu11 -g3 -DDEBUG -DUSE_HAL_DRIVER -DSTM32F103xB -c -I../Core/Inc -I../Drivers/STM32F1xx_HAL_Driver/Inc/Legacy -I../Drivers/STM32F1xx_HAL_Driver/Inc -I../Drivers/CMSIS/Device/ST/STM32F1xx/Include -I../Drivers/CMSIS/Include -O0 -ffunction-sections -fdata-sections -Wall -fstack-usage -fcyclomatic-complexity -MMD -MP -MF"Core/Src/main.d" -MT"Core/Src/main.o" --specs=nano.specs -mfloat-abi=soft -mthumb -o "Core/Src/main.o"
arm-none-eabi-gcc -o "LORA_V2.elf" @"objects.list"   -mcpu=cortex-m3 -T"D:\smart_garden\LORA_V2\STM32F103C8TX_FLASH.ld" --specs=nosys.specs -Wl,-Map="LORA_V2.map" -Wl,--gc-sections -static --specs=nano.specs -mfloat-abi=soft -mthumb -Wl,--start-group -lc -lm -Wl,--end-group
Finished building target: LORA_V2.elf
 
arm-none-eabi-size   LORA_V2.elf 
arm-none-eabi-objdump -h -S  LORA_V2.elf  > "LORA_V2.list"
   text	   data	    bss	    dec	    hex	filename
  14552	     24	   1872	  16448	   4040	LORA_V2.elf
Finished building: default.size.stdout
 
Finished building: LORA_V2.list
 
04:49:52 **** Incremental Build of configuration Debug for project LORA_V2 ****
make -j16 all 
arm-none-eabi-gcc "../Core/Src/main.c" -mcpu=cortex-m3 -std=gnu11 -g3 -DDEBUG -DUSE_HAL_DRIVER -DSTM32F103xB -c -I../Core/Inc -I../Drivers/STM32F1xx_HAL_Driver/Inc/Legacy -I../Drivers/STM32F1xx_HAL_Driver/Inc -I../Drivers/CMSIS/Device/ST/STM32F1xx/Include -I../Drivers/CMSIS/Include -O0 -ffunction-sections -fdata-sections -Wall -fstack-usage -fcyclomatic-complexity -MMD -MP -MF"Core/Src/main.d" -MT"Core/Src/main.o" --specs=nano.specs -mfloat-abi=soft -mthumb -o "Core/Src/main.o"
arm-none-eabi-gcc -o "LORA_V2.elf" @"objects.list"   -mcpu=cortex-m3 -T"D:\smart_garden\LORA_V2\STM32F103C8TX_FLASH.ld" --specs=nosys.specs -Wl,-Map="LORA_V2.map" -Wl,--gc-sections -static --specs=nano.specs -mfloat-abi=soft -mthumb -Wl,--start-group -lc -lm -Wl,--end-group
Finished building target: LORA_V2.elf
 
arm-none-eabi-size   LORA_V2.elf 
arm-none-eabi-objdump -h -S  LORA_V2.elf  > "LORA_V2.list"
   text	   data	    bss	    dec	    hex	filename
  14556	     24	   1872	  16452	   4044	LORA_V2.elf
Finished building: default.size.stdout
 
Finished building: LORA_V2.list
 
04:53:39 **** Incremental Build of configuration Debug for project LORA_V2 ****
make -j16 all 
arm-none-eabi-gcc "../Core/Src/main.c" -mcpu=cortex-m3 -std=gnu11 -g3 -DDEBUG -DUSE_HAL_DRIVER -DSTM32F103xB -c -I../Core/Inc -I../Drivers/STM32F1xx_HAL_Driver/Inc/Legacy -I../Drivers/STM32F1xx_HAL_Driver/Inc -I../Drivers/CMSIS/Device/ST/STM32F1xx/Include -I../Drivers/CMSIS/Include -O0 -ffunction-sections -fdata-sections -Wall -fstack-usage -fcyclomatic-complexity -MMD -MP -MF"Core/Src/main.d" -MT"Core/Src/main.o" --specs=nano.specs -mfloat-abi=soft -mthumb -o "Core/Src/main.o"
arm-none-eabi-gcc -o "LORA_V2.elf" @"objects.list"   -mcpu=cortex-m3 -T"D:\smart_garden\LORA_V2\STM32F103C8TX_FLASH.ld" --specs=nosys.specs -Wl,-Map="LORA_V2.map" -Wl,--gc-sections -static --specs=nano.specs -mfloat-abi=soft -mthumb -Wl,--start-group -lc -lm -Wl,--end-group
Finished building target: LORA_V2.elf
 
arm-none-eabi-size   LORA_V2.elf 
arm-none-eabi-objdump -h -S  LORA_V2.elf  > "LORA_V2.list"
   text	   data	    bss	    dec	    hex	filename
  14564	     24	   1872	  16460	   404c	LORA_V2.elf
Finished building: default.size.stdout
 
Finished building: LORA_V2.list
 
15:04:36 **** Build of configuration Debug for project LORA_V2 ****
make -j16 all 
arm-none-eabi-gcc "../Core/Src/AHT30.c" -mcpu=cortex-m3 -std=gnu11 -g3 -DDEBUG -DUSE_HAL_DRIVER -DSTM32F103xB -c -I../Core/Inc -I../Drivers/STM32F1xx_HAL_Driver/Inc/Legacy -I../Drivers/STM32F1xx_HAL_Driver/Inc -I../Drivers/CMSIS/Device/ST/STM32F1xx/Include -I../Drivers/CMSIS/Include -O0 -ffunction-sections -fdata-sections -Wall -fstack-usage -fcyclomatic-complexity -MMD -MP -MF"Core/Src/AHT30.d" -MT"Core/Src/AHT30.o" --specs=nano.specs -mfloat-abi=soft -mthumb -o "Core/Src/AHT30.o"
arm-none-eabi-gcc "../Core/Src/LoRa.c" -mcpu=cortex-m3 -std=gnu11 -g3 -DDEBUG -DUSE_HAL_DRIVER -DSTM32F103xB -c -I../Core/Inc -I../Drivers/STM32F1xx_HAL_Driver/Inc/Legacy -I../Drivers/STM32F1xx_HAL_Driver/Inc -I../Drivers/CMSIS/Device/ST/STM32F1xx/Include -I../Drivers/CMSIS/Include -O0 -ffunction-sections -fdata-sections -Wall -fstack-usage -fcyclomatic-complexity -MMD -MP -MF"Core/Src/LoRa.d" -MT"Core/Src/LoRa.o" --specs=nano.specs -mfloat-abi=soft -mthumb -o "Core/Src/LoRa.o"
arm-none-eabi-gcc "../Core/Src/main.c" -mcpu=cortex-m3 -std=gnu11 -g3 -DDEBUG -DUSE_HAL_DRIVER -DSTM32F103xB -c -I../Core/Inc -I../Drivers/STM32F1xx_HAL_Driver/Inc/Legacy -I../Drivers/STM32F1xx_HAL_Driver/Inc -I../Drivers/CMSIS/Device/ST/STM32F1xx/Include -I../Drivers/CMSIS/Include -O0 -ffunction-sections -fdata-sections -Wall -fstack-usage -fcyclomatic-complexity -MMD -MP -MF"Core/Src/main.d" -MT"Core/Src/main.o" --specs=nano.specs -mfloat-abi=soft -mthumb -o "Core/Src/main.o"
arm-none-eabi-gcc "../Core/Src/stm32f1xx_hal_msp.c" -mcpu=cortex-m3 -std=gnu11 -g3 -DDEBUG -DUSE_HAL_DRIVER -DSTM32F103xB -c -I../Core/Inc -I../Drivers/STM32F1xx_HAL_Driver/Inc/Legacy -I../Drivers/STM32F1xx_HAL_Driver/Inc -I../Drivers/CMSIS/Device/ST/STM32F1xx/Include -I../Drivers/CMSIS/Include -O0 -ffunction-sections -fdata-sections -Wall -fstack-usage -fcyclomatic-complexity -MMD -MP -MF"Core/Src/stm32f1xx_hal_msp.d" -MT"Core/Src/stm32f1xx_hal_msp.o" --specs=nano.specs -mfloat-abi=soft -mthumb -o "Core/Src/stm32f1xx_hal_msp.o"
arm-none-eabi-gcc "../Core/Src/stm32f1xx_it.c" -mcpu=cortex-m3 -std=gnu11 -g3 -DDEBUG -DUSE_HAL_DRIVER -DSTM32F103xB -c -I../Core/Inc -I../Drivers/STM32F1xx_HAL_Driver/Inc/Legacy -I../Drivers/STM32F1xx_HAL_Driver/Inc -I../Drivers/CMSIS/Device/ST/STM32F1xx/Include -I../Drivers/CMSIS/Include -O0 -ffunction-sections -fdata-sections -Wall -fstack-usage -fcyclomatic-complexity -MMD -MP -MF"Core/Src/stm32f1xx_it.d" -MT"Core/Src/stm32f1xx_it.o" --specs=nano.specs -mfloat-abi=soft -mthumb -o "Core/Src/stm32f1xx_it.o"
arm-none-eabi-gcc "../Core/Src/syscalls.c" -mcpu=cortex-m3 -std=gnu11 -g3 -DDEBUG -DUSE_HAL_DRIVER -DSTM32F103xB -c -I../Core/Inc -I../Drivers/STM32F1xx_HAL_Driver/Inc/Legacy -I../Drivers/STM32F1xx_HAL_Driver/Inc -I../Drivers/CMSIS/Device/ST/STM32F1xx/Include -I../Drivers/CMSIS/Include -O0 -ffunction-sections -fdata-sections -Wall -fstack-usage -fcyclomatic-complexity -MMD -MP -MF"Core/Src/syscalls.d" -MT"Core/Src/syscalls.o" --specs=nano.specs -mfloat-abi=soft -mthumb -o "Core/Src/syscalls.o"
arm-none-eabi-gcc "../Core/Src/sysmem.c" -mcpu=cortex-m3 -std=gnu11 -g3 -DDEBUG -DUSE_HAL_DRIVER -DSTM32F103xB -c -I../Core/Inc -I../Drivers/STM32F1xx_HAL_Driver/Inc/Legacy -I../Drivers/STM32F1xx_HAL_Driver/Inc -I../Drivers/CMSIS/Device/ST/STM32F1xx/Include -I../Drivers/CMSIS/Include -O0 -ffunction-sections -fdata-sections -Wall -fstack-usage -fcyclomatic-complexity -MMD -MP -MF"Core/Src/sysmem.d" -MT"Core/Src/sysmem.o" --specs=nano.specs -mfloat-abi=soft -mthumb -o "Core/Src/sysmem.o"
arm-none-eabi-gcc "../Core/Src/system_stm32f1xx.c" -mcpu=cortex-m3 -std=gnu11 -g3 -DDEBUG -DUSE_HAL_DRIVER -DSTM32F103xB -c -I../Core/Inc -I../Drivers/STM32F1xx_HAL_Driver/Inc/Legacy -I../Drivers/STM32F1xx_HAL_Driver/Inc -I../Drivers/CMSIS/Device/ST/STM32F1xx/Include -I../Drivers/CMSIS/Include -O0 -ffunction-sections -fdata-sections -Wall -fstack-usage -fcyclomatic-complexity -MMD -MP -MF"Core/Src/system_stm32f1xx.d" -MT"Core/Src/system_stm32f1xx.o" --specs=nano.specs -mfloat-abi=soft -mthumb -o "Core/Src/system_stm32f1xx.o"
arm-none-eabi-gcc -o "LORA_V2.elf" @"objects.list"   -mcpu=cortex-m3 -T"D:\smart_garden\LORA_V2\STM32F103C8TX_FLASH.ld" --specs=nosys.specs -Wl,-Map="LORA_V2.map" -Wl,--gc-sections -static --specs=nano.specs -mfloat-abi=soft -mthumb -Wl,--start-group -lc -lm -Wl,--end-group
Finished building target: LORA_V2.elf
 
arm-none-eabi-size   LORA_V2.elf 
arm-none-eabi-objdump -h -S  LORA_V2.elf  > "LORA_V2.list"
   text	   data	    bss	    dec	    hex	filename
  14572	     24	   1872	  16468	   4054	LORA_V2.elf
Finished building: default.size.stdout
 
Finished building: LORA_V2.list
 
15:05:10 **** Build of configuration Debug for project I2C_SHT30_DS3231 ****
make -j16 all 
arm-none-eabi-size   I2C_SHT30_DS3231.elf 
   text	   data	    bss	    dec	    hex	filename
  11120	     24	   1664	  12808	   3208	I2C_SHT30_DS3231.elf
Finished building: default.size.stdout
 
15:08:12 **** Incremental Build of configuration Debug for project I2C_SHT30_DS3231 ****
make -j16 all 
arm-none-eabi-size   I2C_SHT30_DS3231.elf 
   text	   data	    bss	    dec	    hex	filename
  11120	     24	   1664	  12808	   3208	I2C_SHT30_DS3231.elf
Finished building: default.size.stdout
 
15:11:12 **** Incremental Build of configuration Debug for project I2C_SHT30_DS3231 ****
make -j16 all 
arm-none-eabi-gcc "../Core/Src/main.c" -mcpu=cortex-m3 -std=gnu11 -g3 -DDEBUG -DUSE_HAL_DRIVER -DSTM32F103xB -c -I../Core/Inc -I../Drivers/STM32F1xx_HAL_Driver/Inc/Legacy -I../Drivers/STM32F1xx_HAL_Driver/Inc -I../Drivers/CMSIS/Device/ST/STM32F1xx/Include -I../Drivers/CMSIS/Include -O0 -ffunction-sections -fdata-sections -Wall -fstack-usage -fcyclomatic-complexity -MMD -MP -MF"Core/Src/main.d" -MT"Core/Src/main.o" --specs=nano.specs -mfloat-abi=soft -mthumb -o "Core/Src/main.o"
arm-none-eabi-gcc -o "I2C_SHT30_DS3231.elf" @"objects.list"   -mcpu=cortex-m3 -T"D:\smart_garden\I2C_SHT30_DS3231\STM32F103C8TX_FLASH.ld" --specs=nosys.specs -Wl,-Map="I2C_SHT30_DS3231.map" -Wl,--gc-sections -static --specs=nano.specs -mfloat-abi=soft -mthumb -Wl,--start-group -lc -lm -Wl,--end-group
Finished building target: I2C_SHT30_DS3231.elf
 
arm-none-eabi-size   I2C_SHT30_DS3231.elf 
arm-none-eabi-objdump -h -S  I2C_SHT30_DS3231.elf  > "I2C_SHT30_DS3231.list"
   text	   data	    bss	    dec	    hex	filename
  10068	     24	   1664	  11756	   2dec	I2C_SHT30_DS3231.elf
Finished building: default.size.stdout
 
Finished building: I2C_SHT30_DS3231.list
 
15:13:01 **** Incremental Build of configuration Debug for project I2C_SHT30_DS3231 ****
make -j16 all 
arm-none-eabi-size   I2C_SHT30_DS3231.elf 
   text	   data	    bss	    dec	    hex	filename
  10068	     24	   1664	  11756	   2dec	I2C_SHT30_DS3231.elf
Finished building: default.size.stdout
 
15:18:19 **** Incremental Build of configuration Debug for project LORA_V2 ****
make -j16 all 
arm-none-eabi-gcc "../Core/Src/AHT30.c" -mcpu=cortex-m3 -std=gnu11 -g3 -DDEBUG -DUSE_HAL_DRIVER -DSTM32F103xB -c -I../Core/Inc -I../Drivers/STM32F1xx_HAL_Driver/Inc/Legacy -I../Drivers/STM32F1xx_HAL_Driver/Inc -I../Drivers/CMSIS/Device/ST/STM32F1xx/Include -I../Drivers/CMSIS/Include -O0 -ffunction-sections -fdata-sections -Wall -fstack-usage -fcyclomatic-complexity -MMD -MP -MF"Core/Src/AHT30.d" -MT"Core/Src/AHT30.o" --specs=nano.specs -mfloat-abi=soft -mthumb -o "Core/Src/AHT30.o"
arm-none-eabi-gcc "../Core/Src/DS3231.c" -mcpu=cortex-m3 -std=gnu11 -g3 -DDEBUG -DUSE_HAL_DRIVER -DSTM32F103xB -c -I../Core/Inc -I../Drivers/STM32F1xx_HAL_Driver/Inc/Legacy -I../Drivers/STM32F1xx_HAL_Driver/Inc -I../Drivers/CMSIS/Device/ST/STM32F1xx/Include -I../Drivers/CMSIS/Include -O0 -ffunction-sections -fdata-sections -Wall -fstack-usage -fcyclomatic-complexity -MMD -MP -MF"Core/Src/DS3231.d" -MT"Core/Src/DS3231.o" --specs=nano.specs -mfloat-abi=soft -mthumb -o "Core/Src/DS3231.o"
arm-none-eabi-gcc "../Core/Src/LoRa.c" -mcpu=cortex-m3 -std=gnu11 -g3 -DDEBUG -DUSE_HAL_DRIVER -DSTM32F103xB -c -I../Core/Inc -I../Drivers/STM32F1xx_HAL_Driver/Inc/Legacy -I../Drivers/STM32F1xx_HAL_Driver/Inc -I../Drivers/CMSIS/Device/ST/STM32F1xx/Include -I../Drivers/CMSIS/Include -O0 -ffunction-sections -fdata-sections -Wall -fstack-usage -fcyclomatic-complexity -MMD -MP -MF"Core/Src/LoRa.d" -MT"Core/Src/LoRa.o" --specs=nano.specs -mfloat-abi=soft -mthumb -o "Core/Src/LoRa.o"
arm-none-eabi-gcc "../Core/Src/main.c" -mcpu=cortex-m3 -std=gnu11 -g3 -DDEBUG -DUSE_HAL_DRIVER -DSTM32F103xB -c -I../Core/Inc -I../Drivers/STM32F1xx_HAL_Driver/Inc/Legacy -I../Drivers/STM32F1xx_HAL_Driver/Inc -I../Drivers/CMSIS/Device/ST/STM32F1xx/Include -I../Drivers/CMSIS/Include -O0 -ffunction-sections -fdata-sections -Wall -fstack-usage -fcyclomatic-complexity -MMD -MP -MF"Core/Src/main.d" -MT"Core/Src/main.o" --specs=nano.specs -mfloat-abi=soft -mthumb -o "Core/Src/main.o"
arm-none-eabi-gcc "../Core/Src/stm32f1xx_hal_msp.c" -mcpu=cortex-m3 -std=gnu11 -g3 -DDEBUG -DUSE_HAL_DRIVER -DSTM32F103xB -c -I../Core/Inc -I../Drivers/STM32F1xx_HAL_Driver/Inc/Legacy -I../Drivers/STM32F1xx_HAL_Driver/Inc -I../Drivers/CMSIS/Device/ST/STM32F1xx/Include -I../Drivers/CMSIS/Include -O0 -ffunction-sections -fdata-sections -Wall -fstack-usage -fcyclomatic-complexity -MMD -MP -MF"Core/Src/stm32f1xx_hal_msp.d" -MT"Core/Src/stm32f1xx_hal_msp.o" --specs=nano.specs -mfloat-abi=soft -mthumb -o "Core/Src/stm32f1xx_hal_msp.o"
arm-none-eabi-gcc "../Core/Src/stm32f1xx_it.c" -mcpu=cortex-m3 -std=gnu11 -g3 -DDEBUG -DUSE_HAL_DRIVER -DSTM32F103xB -c -I../Core/Inc -I../Drivers/STM32F1xx_HAL_Driver/Inc/Legacy -I../Drivers/STM32F1xx_HAL_Driver/Inc -I../Drivers/CMSIS/Device/ST/STM32F1xx/Include -I../Drivers/CMSIS/Include -O0 -ffunction-sections -fdata-sections -Wall -fstack-usage -fcyclomatic-complexity -MMD -MP -MF"Core/Src/stm32f1xx_it.d" -MT"Core/Src/stm32f1xx_it.o" --specs=nano.specs -mfloat-abi=soft -mthumb -o "Core/Src/stm32f1xx_it.o"
arm-none-eabi-gcc "../Core/Src/syscalls.c" -mcpu=cortex-m3 -std=gnu11 -g3 -DDEBUG -DUSE_HAL_DRIVER -DSTM32F103xB -c -I../Core/Inc -I../Drivers/STM32F1xx_HAL_Driver/Inc/Legacy -I../Drivers/STM32F1xx_HAL_Driver/Inc -I../Drivers/CMSIS/Device/ST/STM32F1xx/Include -I../Drivers/CMSIS/Include -O0 -ffunction-sections -fdata-sections -Wall -fstack-usage -fcyclomatic-complexity -MMD -MP -MF"Core/Src/syscalls.d" -MT"Core/Src/syscalls.o" --specs=nano.specs -mfloat-abi=soft -mthumb -o "Core/Src/syscalls.o"
arm-none-eabi-gcc "../Core/Src/sysmem.c" -mcpu=cortex-m3 -std=gnu11 -g3 -DDEBUG -DUSE_HAL_DRIVER -DSTM32F103xB -c -I../Core/Inc -I../Drivers/STM32F1xx_HAL_Driver/Inc/Legacy -I../Drivers/STM32F1xx_HAL_Driver/Inc -I../Drivers/CMSIS/Device/ST/STM32F1xx/Include -I../Drivers/CMSIS/Include -O0 -ffunction-sections -fdata-sections -Wall -fstack-usage -fcyclomatic-complexity -MMD -MP -MF"Core/Src/sysmem.d" -MT"Core/Src/sysmem.o" --specs=nano.specs -mfloat-abi=soft -mthumb -o "Core/Src/sysmem.o"
arm-none-eabi-gcc "../Core/Src/system_stm32f1xx.c" -mcpu=cortex-m3 -std=gnu11 -g3 -DDEBUG -DUSE_HAL_DRIVER -DSTM32F103xB -c -I../Core/Inc -I../Drivers/STM32F1xx_HAL_Driver/Inc/Legacy -I../Drivers/STM32F1xx_HAL_Driver/Inc -I../Drivers/CMSIS/Device/ST/STM32F1xx/Include -I../Drivers/CMSIS/Include -O0 -ffunction-sections -fdata-sections -Wall -fstack-usage -fcyclomatic-complexity -MMD -MP -MF"Core/Src/system_stm32f1xx.d" -MT"Core/Src/system_stm32f1xx.o" --specs=nano.specs -mfloat-abi=soft -mthumb -o "Core/Src/system_stm32f1xx.o"
arm-none-eabi-gcc -o "LORA_V2.elf" @"objects.list"   -mcpu=cortex-m3 -T"D:\smart_garden\LORA_V2\STM32F103C8TX_FLASH.ld" --specs=nosys.specs -Wl,-Map="LORA_V2.map" -Wl,--gc-sections -static --specs=nano.specs -mfloat-abi=soft -mthumb -Wl,--start-group -lc -lm -Wl,--end-group
Finished building target: LORA_V2.elf
 
arm-none-eabi-size   LORA_V2.elf 
arm-none-eabi-objdump -h -S  LORA_V2.elf  > "LORA_V2.list"
   text	   data	    bss	    dec	    hex	filename
  14728	     32	   1896	  16656	   4110	LORA_V2.elf
Finished building: default.size.stdout
 
Finished building: LORA_V2.list
 
15:19:41 **** Incremental Build of configuration Debug for project LORA_V2 ****
make -j16 all 
arm-none-eabi-size   LORA_V2.elf 
   text	   data	    bss	    dec	    hex	filename
  14728	     32	   1896	  16656	   4110	LORA_V2.elf
Finished building: default.size.stdout
 
15:20:50 **** Incremental Build of configuration Debug for project LORA_V2 ****
make -j16 all 
arm-none-eabi-size   LORA_V2.elf 
   text	   data	    bss	    dec	    hex	filename
  14728	     32	   1896	  16656	   4110	LORA_V2.elf
Finished building: default.size.stdout
 
15:23:07 **** Incremental Build of configuration Debug for project LORA_V2 ****
make -j16 all 
arm-none-eabi-size   LORA_V2.elf 
   text	   data	    bss	    dec	    hex	filename
  14728	     32	   1896	  16656	   4110	LORA_V2.elf
Finished building: default.size.stdout
 
15:25:56 **** Incremental Build of configuration Debug for project LORA_V2 ****
make -j16 all 
arm-none-eabi-size   LORA_V2.elf 
   text	   data	    bss	    dec	    hex	filename
  14728	     32	   1896	  16656	   4110	LORA_V2.elf
Finished building: default.size.stdout
 
15:33:38 **** Incremental Build of configuration Debug for project LORA_V2 ****
make -j16 all 
arm-none-eabi-size   LORA_V2.elf 
   text	   data	    bss	    dec	    hex	filename
  14728	     32	   1896	  16656	   4110	LORA_V2.elf
Finished building: default.size.stdout
 
15:36:18 **** Incremental Build of configuration Debug for project LORA_V2 ****
make -j16 all 
arm-none-eabi-size   LORA_V2.elf 
   text	   data	    bss	    dec	    hex	filename
  14728	     32	   1896	  16656	   4110	LORA_V2.elf
Finished building: default.size.stdout
 
15:38:17 **** Incremental Build of configuration Debug for project LORA_V2 ****
make -j16 all 
arm-none-eabi-gcc "../Core/Src/main.c" -mcpu=cortex-m3 -std=gnu11 -g3 -DDEBUG -DUSE_HAL_DRIVER -DSTM32F103xB -c -I../Core/Inc -I../Drivers/STM32F1xx_HAL_Driver/Inc/Legacy -I../Drivers/STM32F1xx_HAL_Driver/Inc -I../Drivers/CMSIS/Device/ST/STM32F1xx/Include -I../Drivers/CMSIS/Include -O0 -ffunction-sections -fdata-sections -Wall -fstack-usage -fcyclomatic-complexity -MMD -MP -MF"Core/Src/main.d" -MT"Core/Src/main.o" --specs=nano.specs -mfloat-abi=soft -mthumb -o "Core/Src/main.o"
arm-none-eabi-gcc -o "LORA_V2.elf" @"objects.list"   -mcpu=cortex-m3 -T"D:\smart_garden\LORA_V2\STM32F103C8TX_FLASH.ld" --specs=nosys.specs -Wl,-Map="LORA_V2.map" -Wl,--gc-sections -static --specs=nano.specs -mfloat-abi=soft -mthumb -Wl,--start-group -lc -lm -Wl,--end-group
Finished building target: LORA_V2.elf
 
arm-none-eabi-size   LORA_V2.elf 
arm-none-eabi-objdump -h -S  LORA_V2.elf  > "LORA_V2.list"
   text	   data	    bss	    dec	    hex	filename
  14572	     24	   1872	  16468	   4054	LORA_V2.elf
Finished building: default.size.stdout
 
Finished building: LORA_V2.list
 
15:43:27 **** Incremental Build of configuration Debug for project LORA_V2 ****
make -j16 all 
arm-none-eabi-size   LORA_V2.elf 
   text	   data	    bss	    dec	    hex	filename
  14572	     24	   1872	  16468	   4054	LORA_V2.elf
Finished building: default.size.stdout
 
17:53:30 **** Build of configuration Debug for project I2C_SHT30 ****
make -j16 all 
arm-none-eabi-gcc "../Drivers/STM32F1xx_HAL_Driver/Src/stm32f1xx_hal.c" -mcpu=cortex-m3 -std=gnu11 -g3 -DDEBUG -DUSE_HAL_DRIVER -DSTM32F103xB -c -I../Core/Inc -I../Drivers/STM32F1xx_HAL_Driver/Inc/Legacy -I../Drivers/STM32F1xx_HAL_Driver/Inc -I../Drivers/CMSIS/Device/ST/STM32F1xx/Include -I../Drivers/CMSIS/Include -O0 -ffunction-sections -fdata-sections -Wall -fstack-usage -fcyclomatic-complexity -MMD -MP -MF"Drivers/STM32F1xx_HAL_Driver/Src/stm32f1xx_hal.d" -MT"Drivers/STM32F1xx_HAL_Driver/Src/stm32f1xx_hal.o" --specs=nano.specs -mfloat-abi=soft -mthumb -o "Drivers/STM32F1xx_HAL_Driver/Src/stm32f1xx_hal.o"
arm-none-eabi-gcc "../Drivers/STM32F1xx_HAL_Driver/Src/stm32f1xx_hal_cortex.c" -mcpu=cortex-m3 -std=gnu11 -g3 -DDEBUG -DUSE_HAL_DRIVER -DSTM32F103xB -c -I../Core/Inc -I../Drivers/STM32F1xx_HAL_Driver/Inc/Legacy -I../Drivers/STM32F1xx_HAL_Driver/Inc -I../Drivers/CMSIS/Device/ST/STM32F1xx/Include -I../Drivers/CMSIS/Include -O0 -ffunction-sections -fdata-sections -Wall -fstack-usage -fcyclomatic-complexity -MMD -MP -MF"Drivers/STM32F1xx_HAL_Driver/Src/stm32f1xx_hal_cortex.d" -MT"Drivers/STM32F1xx_HAL_Driver/Src/stm32f1xx_hal_cortex.o" --specs=nano.specs -mfloat-abi=soft -mthumb -o "Drivers/STM32F1xx_HAL_Driver/Src/stm32f1xx_hal_cortex.o"
arm-none-eabi-gcc "../Drivers/STM32F1xx_HAL_Driver/Src/stm32f1xx_hal_dma.c" -mcpu=cortex-m3 -std=gnu11 -g3 -DDEBUG -DUSE_HAL_DRIVER -DSTM32F103xB -c -I../Core/Inc -I../Drivers/STM32F1xx_HAL_Driver/Inc/Legacy -I../Drivers/STM32F1xx_HAL_Driver/Inc -I../Drivers/CMSIS/Device/ST/STM32F1xx/Include -I../Drivers/CMSIS/Include -O0 -ffunction-sections -fdata-sections -Wall -fstack-usage -fcyclomatic-complexity -MMD -MP -MF"Drivers/STM32F1xx_HAL_Driver/Src/stm32f1xx_hal_dma.d" -MT"Drivers/STM32F1xx_HAL_Driver/Src/stm32f1xx_hal_dma.o" --specs=nano.specs -mfloat-abi=soft -mthumb -o "Drivers/STM32F1xx_HAL_Driver/Src/stm32f1xx_hal_dma.o"
arm-none-eabi-gcc "../Drivers/STM32F1xx_HAL_Driver/Src/stm32f1xx_hal_exti.c" -mcpu=cortex-m3 -std=gnu11 -g3 -DDEBUG -DUSE_HAL_DRIVER -DSTM32F103xB -c -I../Core/Inc -I../Drivers/STM32F1xx_HAL_Driver/Inc/Legacy -I../Drivers/STM32F1xx_HAL_Driver/Inc -I../Drivers/CMSIS/Device/ST/STM32F1xx/Include -I../Drivers/CMSIS/Include -O0 -ffunction-sections -fdata-sections -Wall -fstack-usage -fcyclomatic-complexity -MMD -MP -MF"Drivers/STM32F1xx_HAL_Driver/Src/stm32f1xx_hal_exti.d" -MT"Drivers/STM32F1xx_HAL_Driver/Src/stm32f1xx_hal_exti.o" --specs=nano.specs -mfloat-abi=soft -mthumb -o "Drivers/STM32F1xx_HAL_Driver/Src/stm32f1xx_hal_exti.o"
arm-none-eabi-gcc "../Drivers/STM32F1xx_HAL_Driver/Src/stm32f1xx_hal_flash.c" -mcpu=cortex-m3 -std=gnu11 -g3 -DDEBUG -DUSE_HAL_DRIVER -DSTM32F103xB -c -I../Core/Inc -I../Drivers/STM32F1xx_HAL_Driver/Inc/Legacy -I../Drivers/STM32F1xx_HAL_Driver/Inc -I../Drivers/CMSIS/Device/ST/STM32F1xx/Include -I../Drivers/CMSIS/Include -O0 -ffunction-sections -fdata-sections -Wall -fstack-usage -fcyclomatic-complexity -MMD -MP -MF"Drivers/STM32F1xx_HAL_Driver/Src/stm32f1xx_hal_flash.d" -MT"Drivers/STM32F1xx_HAL_Driver/Src/stm32f1xx_hal_flash.o" --specs=nano.specs -mfloat-abi=soft -mthumb -o "Drivers/STM32F1xx_HAL_Driver/Src/stm32f1xx_hal_flash.o"
arm-none-eabi-gcc "../Drivers/STM32F1xx_HAL_Driver/Src/stm32f1xx_hal_flash_ex.c" -mcpu=cortex-m3 -std=gnu11 -g3 -DDEBUG -DUSE_HAL_DRIVER -DSTM32F103xB -c -I../Core/Inc -I../Drivers/STM32F1xx_HAL_Driver/Inc/Legacy -I../Drivers/STM32F1xx_HAL_Driver/Inc -I../Drivers/CMSIS/Device/ST/STM32F1xx/Include -I../Drivers/CMSIS/Include -O0 -ffunction-sections -fdata-sections -Wall -fstack-usage -fcyclomatic-complexity -MMD -MP -MF"Drivers/STM32F1xx_HAL_Driver/Src/stm32f1xx_hal_flash_ex.d" -MT"Drivers/STM32F1xx_HAL_Driver/Src/stm32f1xx_hal_flash_ex.o" --specs=nano.specs -mfloat-abi=soft -mthumb -o "Drivers/STM32F1xx_HAL_Driver/Src/stm32f1xx_hal_flash_ex.o"
arm-none-eabi-gcc "../Drivers/STM32F1xx_HAL_Driver/Src/stm32f1xx_hal_gpio.c" -mcpu=cortex-m3 -std=gnu11 -g3 -DDEBUG -DUSE_HAL_DRIVER -DSTM32F103xB -c -I../Core/Inc -I../Drivers/STM32F1xx_HAL_Driver/Inc/Legacy -I../Drivers/STM32F1xx_HAL_Driver/Inc -I../Drivers/CMSIS/Device/ST/STM32F1xx/Include -I../Drivers/CMSIS/Include -O0 -ffunction-sections -fdata-sections -Wall -fstack-usage -fcyclomatic-complexity -MMD -MP -MF"Drivers/STM32F1xx_HAL_Driver/Src/stm32f1xx_hal_gpio.d" -MT"Drivers/STM32F1xx_HAL_Driver/Src/stm32f1xx_hal_gpio.o" --specs=nano.specs -mfloat-abi=soft -mthumb -o "Drivers/STM32F1xx_HAL_Driver/Src/stm32f1xx_hal_gpio.o"
arm-none-eabi-gcc "../Drivers/STM32F1xx_HAL_Driver/Src/stm32f1xx_hal_gpio_ex.c" -mcpu=cortex-m3 -std=gnu11 -g3 -DDEBUG -DUSE_HAL_DRIVER -DSTM32F103xB -c -I../Core/Inc -I../Drivers/STM32F1xx_HAL_Driver/Inc/Legacy -I../Drivers/STM32F1xx_HAL_Driver/Inc -I../Drivers/CMSIS/Device/ST/STM32F1xx/Include -I../Drivers/CMSIS/Include -O0 -ffunction-sections -fdata-sections -Wall -fstack-usage -fcyclomatic-complexity -MMD -MP -MF"Drivers/STM32F1xx_HAL_Driver/Src/stm32f1xx_hal_gpio_ex.d" -MT"Drivers/STM32F1xx_HAL_Driver/Src/stm32f1xx_hal_gpio_ex.o" --specs=nano.specs -mfloat-abi=soft -mthumb -o "Drivers/STM32F1xx_HAL_Driver/Src/stm32f1xx_hal_gpio_ex.o"
arm-none-eabi-gcc "../Drivers/STM32F1xx_HAL_Driver/Src/stm32f1xx_hal_i2c.c" -mcpu=cortex-m3 -std=gnu11 -g3 -DDEBUG -DUSE_HAL_DRIVER -DSTM32F103xB -c -I../Core/Inc -I../Drivers/STM32F1xx_HAL_Driver/Inc/Legacy -I../Drivers/STM32F1xx_HAL_Driver/Inc -I../Drivers/CMSIS/Device/ST/STM32F1xx/Include -I../Drivers/CMSIS/Include -O0 -ffunction-sections -fdata-sections -Wall -fstack-usage -fcyclomatic-complexity -MMD -MP -MF"Drivers/STM32F1xx_HAL_Driver/Src/stm32f1xx_hal_i2c.d" -MT"Drivers/STM32F1xx_HAL_Driver/Src/stm32f1xx_hal_i2c.o" --specs=nano.specs -mfloat-abi=soft -mthumb -o "Drivers/STM32F1xx_HAL_Driver/Src/stm32f1xx_hal_i2c.o"
arm-none-eabi-gcc "../Drivers/STM32F1xx_HAL_Driver/Src/stm32f1xx_hal_pwr.c" -mcpu=cortex-m3 -std=gnu11 -g3 -DDEBUG -DUSE_HAL_DRIVER -DSTM32F103xB -c -I../Core/Inc -I../Drivers/STM32F1xx_HAL_Driver/Inc/Legacy -I../Drivers/STM32F1xx_HAL_Driver/Inc -I../Drivers/CMSIS/Device/ST/STM32F1xx/Include -I../Drivers/CMSIS/Include -O0 -ffunction-sections -fdata-sections -Wall -fstack-usage -fcyclomatic-complexity -MMD -MP -MF"Drivers/STM32F1xx_HAL_Driver/Src/stm32f1xx_hal_pwr.d" -MT"Drivers/STM32F1xx_HAL_Driver/Src/stm32f1xx_hal_pwr.o" --specs=nano.specs -mfloat-abi=soft -mthumb -o "Drivers/STM32F1xx_HAL_Driver/Src/stm32f1xx_hal_pwr.o"
arm-none-eabi-gcc "../Drivers/STM32F1xx_HAL_Driver/Src/stm32f1xx_hal_rcc.c" -mcpu=cortex-m3 -std=gnu11 -g3 -DDEBUG -DUSE_HAL_DRIVER -DSTM32F103xB -c -I../Core/Inc -I../Drivers/STM32F1xx_HAL_Driver/Inc/Legacy -I../Drivers/STM32F1xx_HAL_Driver/Inc -I../Drivers/CMSIS/Device/ST/STM32F1xx/Include -I../Drivers/CMSIS/Include -O0 -ffunction-sections -fdata-sections -Wall -fstack-usage -fcyclomatic-complexity -MMD -MP -MF"Drivers/STM32F1xx_HAL_Driver/Src/stm32f1xx_hal_rcc.d" -MT"Drivers/STM32F1xx_HAL_Driver/Src/stm32f1xx_hal_rcc.o" --specs=nano.specs -mfloat-abi=soft -mthumb -o "Drivers/STM32F1xx_HAL_Driver/Src/stm32f1xx_hal_rcc.o"
arm-none-eabi-gcc "../Drivers/STM32F1xx_HAL_Driver/Src/stm32f1xx_hal_rcc_ex.c" -mcpu=cortex-m3 -std=gnu11 -g3 -DDEBUG -DUSE_HAL_DRIVER -DSTM32F103xB -c -I../Core/Inc -I../Drivers/STM32F1xx_HAL_Driver/Inc/Legacy -I../Drivers/STM32F1xx_HAL_Driver/Inc -I../Drivers/CMSIS/Device/ST/STM32F1xx/Include -I../Drivers/CMSIS/Include -O0 -ffunction-sections -fdata-sections -Wall -fstack-usage -fcyclomatic-complexity -MMD -MP -MF"Drivers/STM32F1xx_HAL_Driver/Src/stm32f1xx_hal_rcc_ex.d" -MT"Drivers/STM32F1xx_HAL_Driver/Src/stm32f1xx_hal_rcc_ex.o" --specs=nano.specs -mfloat-abi=soft -mthumb -o "Drivers/STM32F1xx_HAL_Driver/Src/stm32f1xx_hal_rcc_ex.o"
arm-none-eabi-gcc "../Drivers/STM32F1xx_HAL_Driver/Src/stm32f1xx_hal_tim.c" -mcpu=cortex-m3 -std=gnu11 -g3 -DDEBUG -DUSE_HAL_DRIVER -DSTM32F103xB -c -I../Core/Inc -I../Drivers/STM32F1xx_HAL_Driver/Inc/Legacy -I../Drivers/STM32F1xx_HAL_Driver/Inc -I../Drivers/CMSIS/Device/ST/STM32F1xx/Include -I../Drivers/CMSIS/Include -O0 -ffunction-sections -fdata-sections -Wall -fstack-usage -fcyclomatic-complexity -MMD -MP -MF"Drivers/STM32F1xx_HAL_Driver/Src/stm32f1xx_hal_tim.d" -MT"Drivers/STM32F1xx_HAL_Driver/Src/stm32f1xx_hal_tim.o" --specs=nano.specs -mfloat-abi=soft -mthumb -o "Drivers/STM32F1xx_HAL_Driver/Src/stm32f1xx_hal_tim.o"
arm-none-eabi-gcc "../Drivers/STM32F1xx_HAL_Driver/Src/stm32f1xx_hal_tim_ex.c" -mcpu=cortex-m3 -std=gnu11 -g3 -DDEBUG -DUSE_HAL_DRIVER -DSTM32F103xB -c -I../Core/Inc -I../Drivers/STM32F1xx_HAL_Driver/Inc/Legacy -I../Drivers/STM32F1xx_HAL_Driver/Inc -I../Drivers/CMSIS/Device/ST/STM32F1xx/Include -I../Drivers/CMSIS/Include -O0 -ffunction-sections -fdata-sections -Wall -fstack-usage -fcyclomatic-complexity -MMD -MP -MF"Drivers/STM32F1xx_HAL_Driver/Src/stm32f1xx_hal_tim_ex.d" -MT"Drivers/STM32F1xx_HAL_Driver/Src/stm32f1xx_hal_tim_ex.o" --specs=nano.specs -mfloat-abi=soft -mthumb -o "Drivers/STM32F1xx_HAL_Driver/Src/stm32f1xx_hal_tim_ex.o"
arm-none-eabi-gcc -mcpu=cortex-m3 -g3 -DDEBUG -c -x assembler-with-cpp -MMD -MP -MF"Core/Startup/startup_stm32f103c8tx.d" -MT"Core/Startup/startup_stm32f103c8tx.o" --specs=nano.specs -mfloat-abi=soft -mthumb -o "Core/Startup/startup_stm32f103c8tx.o" "../Core/Startup/startup_stm32f103c8tx.s"
arm-none-eabi-gcc "../Core/Src/main.c" -mcpu=cortex-m3 -std=gnu11 -g3 -DDEBUG -DUSE_HAL_DRIVER -DSTM32F103xB -c -I../Core/Inc -I../Drivers/STM32F1xx_HAL_Driver/Inc/Legacy -I../Drivers/STM32F1xx_HAL_Driver/Inc -I../Drivers/CMSIS/Device/ST/STM32F1xx/Include -I../Drivers/CMSIS/Include -O0 -ffunction-sections -fdata-sections -Wall -fstack-usage -fcyclomatic-complexity -MMD -MP -MF"Core/Src/main.d" -MT"Core/Src/main.o" --specs=nano.specs -mfloat-abi=soft -mthumb -o "Core/Src/main.o"
arm-none-eabi-gcc "../Core/Src/stm32f1xx_hal_msp.c" -mcpu=cortex-m3 -std=gnu11 -g3 -DDEBUG -DUSE_HAL_DRIVER -DSTM32F103xB -c -I../Core/Inc -I../Drivers/STM32F1xx_HAL_Driver/Inc/Legacy -I../Drivers/STM32F1xx_HAL_Driver/Inc -I../Drivers/CMSIS/Device/ST/STM32F1xx/Include -I../Drivers/CMSIS/Include -O0 -ffunction-sections -fdata-sections -Wall -fstack-usage -fcyclomatic-complexity -MMD -MP -MF"Core/Src/stm32f1xx_hal_msp.d" -MT"Core/Src/stm32f1xx_hal_msp.o" --specs=nano.specs -mfloat-abi=soft -mthumb -o "Core/Src/stm32f1xx_hal_msp.o"
../Core/Src/main.c: In function 'main':
../Core/Src/main.c:124:34: error: 'ADDR' undeclared (first use in this function)
  124 |           SHT30_send_cmd(&hi2c1, ADDR, cmd_buf);
      |                                  ^~~~
../Core/Src/main.c:124:34: note: each undeclared identifier is reported only once for each function it appears in
../Core/Src/main.c:124:40: error: 'cmd_buf' undeclared (first use in this function)
  124 |           SHT30_send_cmd(&hi2c1, ADDR, cmd_buf);
      |                                        ^~~~~~~
../Core/Src/main.c:125:45: warning: passing argument 3 of 'SHT_30_receive_data' makes pointer from integer without a cast [-Wint-conversion]
  125 |           SHT_30_receive_data(&hi2c1, ADDR, data);
      |                                             ^~~~
      |                                             |
      |                                             uint8_t {aka unsigned char}
../Core/Src/main.c:66:73: note: expected 'uint8_t *' {aka 'unsigned char *'} but argument is of type 'uint8_t' {aka 'unsigned char'}
   66 | void SHT_30_receive_data(I2C_HandleTypeDef *hi2c,uint8_t ADDR, uint8_t *data){
      |                                                                ~~~~~~~~~^~~~
../Core/Src/main.c:126:28: warning: passing argument 1 of 'SHT_30_read_data' makes pointer from integer without a cast [-Wint-conversion]
  126 |           SHT_30_read_data(data, &temp, &humi);
      |                            ^~~~
      |                            |
      |                            uint8_t {aka unsigned char}
../Core/Src/main.c:70:32: note: expected 'uint8_t *' {aka 'unsigned char *'} but argument is of type 'uint8_t' {aka 'unsigned char'}
   70 | void SHT_30_read_data(uint8_t *data,uint32_t* temp, uint32_t* humi){
      |                       ~~~~~~~~~^~~~
make: *** [Core/Src/subdir.mk:34: Core/Src/main.o] Error 1
make: *** Waiting for unfinished jobs....
"make -j16 all" terminated with exit code 2. Build might be incomplete.
17:54:16 **** Incremental Build of configuration Debug for project I2C_SHT30 ****
make -j16 all 
arm-none-eabi-gcc "../Core/Src/main.c" -mcpu=cortex-m3 -std=gnu11 -g3 -DDEBUG -DUSE_HAL_DRIVER -DSTM32F103xB -c -I../Core/Inc -I../Drivers/STM32F1xx_HAL_Driver/Inc/Legacy -I../Drivers/STM32F1xx_HAL_Driver/Inc -I../Drivers/CMSIS/Device/ST/STM32F1xx/Include -I../Drivers/CMSIS/Include -O0 -ffunction-sections -fdata-sections -Wall -fstack-usage -fcyclomatic-complexity -MMD -MP -MF"Core/Src/main.d" -MT"Core/Src/main.o" --specs=nano.specs -mfloat-abi=soft -mthumb -o "Core/Src/main.o"
arm-none-eabi-gcc "../Core/Src/stm32f1xx_it.c" -mcpu=cortex-m3 -std=gnu11 -g3 -DDEBUG -DUSE_HAL_DRIVER -DSTM32F103xB -c -I../Core/Inc -I../Drivers/STM32F1xx_HAL_Driver/Inc/Legacy -I../Drivers/STM32F1xx_HAL_Driver/Inc -I../Drivers/CMSIS/Device/ST/STM32F1xx/Include -I../Drivers/CMSIS/Include -O0 -ffunction-sections -fdata-sections -Wall -fstack-usage -fcyclomatic-complexity -MMD -MP -MF"Core/Src/stm32f1xx_it.d" -MT"Core/Src/stm32f1xx_it.o" --specs=nano.specs -mfloat-abi=soft -mthumb -o "Core/Src/stm32f1xx_it.o"
arm-none-eabi-gcc "../Core/Src/syscalls.c" -mcpu=cortex-m3 -std=gnu11 -g3 -DDEBUG -DUSE_HAL_DRIVER -DSTM32F103xB -c -I../Core/Inc -I../Drivers/STM32F1xx_HAL_Driver/Inc/Legacy -I../Drivers/STM32F1xx_HAL_Driver/Inc -I../Drivers/CMSIS/Device/ST/STM32F1xx/Include -I../Drivers/CMSIS/Include -O0 -ffunction-sections -fdata-sections -Wall -fstack-usage -fcyclomatic-complexity -MMD -MP -MF"Core/Src/syscalls.d" -MT"Core/Src/syscalls.o" --specs=nano.specs -mfloat-abi=soft -mthumb -o "Core/Src/syscalls.o"
arm-none-eabi-gcc "../Core/Src/sysmem.c" -mcpu=cortex-m3 -std=gnu11 -g3 -DDEBUG -DUSE_HAL_DRIVER -DSTM32F103xB -c -I../Core/Inc -I../Drivers/STM32F1xx_HAL_Driver/Inc/Legacy -I../Drivers/STM32F1xx_HAL_Driver/Inc -I../Drivers/CMSIS/Device/ST/STM32F1xx/Include -I../Drivers/CMSIS/Include -O0 -ffunction-sections -fdata-sections -Wall -fstack-usage -fcyclomatic-complexity -MMD -MP -MF"Core/Src/sysmem.d" -MT"Core/Src/sysmem.o" --specs=nano.specs -mfloat-abi=soft -mthumb -o "Core/Src/sysmem.o"
arm-none-eabi-gcc "../Core/Src/system_stm32f1xx.c" -mcpu=cortex-m3 -std=gnu11 -g3 -DDEBUG -DUSE_HAL_DRIVER -DSTM32F103xB -c -I../Core/Inc -I../Drivers/STM32F1xx_HAL_Driver/Inc/Legacy -I../Drivers/STM32F1xx_HAL_Driver/Inc -I../Drivers/CMSIS/Device/ST/STM32F1xx/Include -I../Drivers/CMSIS/Include -O0 -ffunction-sections -fdata-sections -Wall -fstack-usage -fcyclomatic-complexity -MMD -MP -MF"Core/Src/system_stm32f1xx.d" -MT"Core/Src/system_stm32f1xx.o" --specs=nano.specs -mfloat-abi=soft -mthumb -o "Core/Src/system_stm32f1xx.o"
../Core/Src/main.c: In function 'main':
../Core/Src/main.c:125:40: error: 'cmd_buf' undeclared (first use in this function)
  125 |           SHT30_send_cmd(&hi2c1, ADDR, cmd_buf);
      |                                        ^~~~~~~
../Core/Src/main.c:125:40: note: each undeclared identifier is reported only once for each function it appears in
../Core/Src/main.c:126:45: warning: passing argument 3 of 'SHT_30_receive_data' makes pointer from integer without a cast [-Wint-conversion]
  126 |           SHT_30_receive_data(&hi2c1, ADDR, data);
      |                                             ^~~~
      |                                             |
      |                                             uint8_t {aka unsigned char}
../Core/Src/main.c:67:73: note: expected 'uint8_t *' {aka 'unsigned char *'} but argument is of type 'uint8_t' {aka 'unsigned char'}
   67 | void SHT_30_receive_data(I2C_HandleTypeDef *hi2c,uint8_t ADDR, uint8_t *data){
      |                                                                ~~~~~~~~~^~~~
../Core/Src/main.c:127:28: warning: passing argument 1 of 'SHT_30_read_data' makes pointer from integer without a cast [-Wint-conversion]
  127 |           SHT_30_read_data(data, &temp, &humi);
      |                            ^~~~
      |                            |
      |                            uint8_t {aka unsigned char}
../Core/Src/main.c:71:32: note: expected 'uint8_t *' {aka 'unsigned char *'} but argument is of type 'uint8_t' {aka 'unsigned char'}
   71 | void SHT_30_read_data(uint8_t *data,uint32_t* temp, uint32_t* humi){
      |                       ~~~~~~~~~^~~~
make: *** [Core/Src/subdir.mk:34: Core/Src/main.o] Error 1
make: *** Waiting for unfinished jobs....
"make -j16 all" terminated with exit code 2. Build might be incomplete.
17:55:28 **** Incremental Build of configuration Debug for project I2C_SHT30 ****
make -j16 all 
arm-none-eabi-gcc "../Core/Src/main.c" -mcpu=cortex-m3 -std=gnu11 -g3 -DDEBUG -DUSE_HAL_DRIVER -DSTM32F103xB -c -I../Core/Inc -I../Drivers/STM32F1xx_HAL_Driver/Inc/Legacy -I../Drivers/STM32F1xx_HAL_Driver/Inc -I../Drivers/CMSIS/Device/ST/STM32F1xx/Include -I../Drivers/CMSIS/Include -O0 -ffunction-sections -fdata-sections -Wall -fstack-usage -fcyclomatic-complexity -MMD -MP -MF"Core/Src/main.d" -MT"Core/Src/main.o" --specs=nano.specs -mfloat-abi=soft -mthumb -o "Core/Src/main.o"
arm-none-eabi-gcc -o "I2C_SHT30.elf" @"objects.list"   -mcpu=cortex-m3 -T"D:\smart_garden\I2C_SHT30\STM32F103C8TX_FLASH.ld" --specs=nosys.specs -Wl,-Map="I2C_SHT30.map" -Wl,--gc-sections -static --specs=nano.specs -mfloat-abi=soft -mthumb -Wl,--start-group -lc -lm -Wl,--end-group
Finished building target: I2C_SHT30.elf
 
arm-none-eabi-size   I2C_SHT30.elf 
arm-none-eabi-objdump -h -S  I2C_SHT30.elf  > "I2C_SHT30.list"
   text	   data	    bss	    dec	    hex	filename
   9236	     28	   1668	  10932	   2ab4	I2C_SHT30.elf
Finished building: default.size.stdout
 
Finished building: I2C_SHT30.list
 
17:55:33 **** Incremental Build of configuration Debug for project I2C_SHT30 ****
make -j16 all 
arm-none-eabi-size   I2C_SHT30.elf 
   text	   data	    bss	    dec	    hex	filename
   9236	     28	   1668	  10932	   2ab4	I2C_SHT30.elf
Finished building: default.size.stdout
 
17:58:07 **** Incremental Build of configuration Debug for project I2C_SHT30 ****
make -j16 all 
arm-none-eabi-size   I2C_SHT30.elf 
   text	   data	    bss	    dec	    hex	filename
   9236	     28	   1668	  10932	   2ab4	I2C_SHT30.elf
Finished building: default.size.stdout
 
18:01:17 **** Incremental Build of configuration Debug for project I2C_SHT30 ****
make -j16 all 
arm-none-eabi-gcc "../Core/Src/main.c" -mcpu=cortex-m3 -std=gnu11 -g3 -DDEBUG -DUSE_HAL_DRIVER -DSTM32F103xB -c -I../Core/Inc -I../Drivers/STM32F1xx_HAL_Driver/Inc/Legacy -I../Drivers/STM32F1xx_HAL_Driver/Inc -I../Drivers/CMSIS/Device/ST/STM32F1xx/Include -I../Drivers/CMSIS/Include -O0 -ffunction-sections -fdata-sections -Wall -fstack-usage -fcyclomatic-complexity -MMD -MP -MF"Core/Src/main.d" -MT"Core/Src/main.o" --specs=nano.specs -mfloat-abi=soft -mthumb -o "Core/Src/main.o"
arm-none-eabi-gcc -o "I2C_SHT30.elf" @"objects.list"   -mcpu=cortex-m3 -T"D:\smart_garden\I2C_SHT30\STM32F103C8TX_FLASH.ld" --specs=nosys.specs -Wl,-Map="I2C_SHT30.map" -Wl,--gc-sections -static --specs=nano.specs -mfloat-abi=soft -mthumb -Wl,--start-group -lc -lm -Wl,--end-group
Finished building target: I2C_SHT30.elf
 
arm-none-eabi-size   I2C_SHT30.elf 
arm-none-eabi-objdump -h -S  I2C_SHT30.elf  > "I2C_SHT30.list"
   text	   data	    bss	    dec	    hex	filename
   9236	     28	   1668	  10932	   2ab4	I2C_SHT30.elf
Finished building: default.size.stdout
 
Finished building: I2C_SHT30.list
 
18:03:31 **** Incremental Build of configuration Debug for project I2C_SHT30 ****
make -j16 all 
arm-none-eabi-gcc "../Core/Src/main.c" -mcpu=cortex-m3 -std=gnu11 -g3 -DDEBUG -DUSE_HAL_DRIVER -DSTM32F103xB -c -I../Core/Inc -I../Drivers/STM32F1xx_HAL_Driver/Inc/Legacy -I../Drivers/STM32F1xx_HAL_Driver/Inc -I../Drivers/CMSIS/Device/ST/STM32F1xx/Include -I../Drivers/CMSIS/Include -O0 -ffunction-sections -fdata-sections -Wall -fstack-usage -fcyclomatic-complexity -MMD -MP -MF"Core/Src/main.d" -MT"Core/Src/main.o" --specs=nano.specs -mfloat-abi=soft -mthumb -o "Core/Src/main.o"
arm-none-eabi-gcc -o "I2C_SHT30.elf" @"objects.list"   -mcpu=cortex-m3 -T"D:\smart_garden\I2C_SHT30\STM32F103C8TX_FLASH.ld" --specs=nosys.specs -Wl,-Map="I2C_SHT30.map" -Wl,--gc-sections -static --specs=nano.specs -mfloat-abi=soft -mthumb -Wl,--start-group -lc -lm -Wl,--end-group
Finished building target: I2C_SHT30.elf
 
arm-none-eabi-size   I2C_SHT30.elf 
arm-none-eabi-objdump -h -S  I2C_SHT30.elf  > "I2C_SHT30.list"
   text	   data	    bss	    dec	    hex	filename
   9236	     28	   1668	  10932	   2ab4	I2C_SHT30.elf
Finished building: default.size.stdout
 
Finished building: I2C_SHT30.list
 
18:05:06 **** Incremental Build of configuration Debug for project I2C_SHT30 ****
make -j16 all 
arm-none-eabi-gcc "../Core/Src/main.c" -mcpu=cortex-m3 -std=gnu11 -g3 -DDEBUG -DUSE_HAL_DRIVER -DSTM32F103xB -c -I../Core/Inc -I../Drivers/STM32F1xx_HAL_Driver/Inc/Legacy -I../Drivers/STM32F1xx_HAL_Driver/Inc -I../Drivers/CMSIS/Device/ST/STM32F1xx/Include -I../Drivers/CMSIS/Include -O0 -ffunction-sections -fdata-sections -Wall -fstack-usage -fcyclomatic-complexity -MMD -MP -MF"Core/Src/main.d" -MT"Core/Src/main.o" --specs=nano.specs -mfloat-abi=soft -mthumb -o "Core/Src/main.o"
arm-none-eabi-gcc -o "I2C_SHT30.elf" @"objects.list"   -mcpu=cortex-m3 -T"D:\smart_garden\I2C_SHT30\STM32F103C8TX_FLASH.ld" --specs=nosys.specs -Wl,-Map="I2C_SHT30.map" -Wl,--gc-sections -static --specs=nano.specs -mfloat-abi=soft -mthumb -Wl,--start-group -lc -lm -Wl,--end-group
Finished building target: I2C_SHT30.elf
 
arm-none-eabi-size   I2C_SHT30.elf 
arm-none-eabi-objdump -h -S  I2C_SHT30.elf  > "I2C_SHT30.list"
   text	   data	    bss	    dec	    hex	filename
   9228	     28	   1668	  10924	   2aac	I2C_SHT30.elf
Finished building: default.size.stdout
 
Finished building: I2C_SHT30.list
 
18:08:23 **** Incremental Build of configuration Debug for project I2C_SHT30 ****
make -j16 all 
arm-none-eabi-gcc "../Core/Src/main.c" -mcpu=cortex-m3 -std=gnu11 -g3 -DDEBUG -DUSE_HAL_DRIVER -DSTM32F103xB -c -I../Core/Inc -I../Drivers/STM32F1xx_HAL_Driver/Inc/Legacy -I../Drivers/STM32F1xx_HAL_Driver/Inc -I../Drivers/CMSIS/Device/ST/STM32F1xx/Include -I../Drivers/CMSIS/Include -O0 -ffunction-sections -fdata-sections -Wall -fstack-usage -fcyclomatic-complexity -MMD -MP -MF"Core/Src/main.d" -MT"Core/Src/main.o" --specs=nano.specs -mfloat-abi=soft -mthumb -o "Core/Src/main.o"
../Core/Src/main.c: In function 'main':
../Core/Src/main.c:165:11: warning: implicit declaration of function 'SHT_30_receive_data'; did you mean 'SHT30_receive_data'? [-Wimplicit-function-declaration]
  165 |           SHT_30_receive_data(&hi2c1, ADDR, data);
      |           ^~~~~~~~~~~~~~~~~~~
      |           SHT30_receive_data
../Core/Src/main.c:166:11: warning: implicit declaration of function 'SHT_30_read_data'; did you mean 'SHT30_read_data'? [-Wimplicit-function-declaration]
  166 |           SHT_30_read_data(data, &temp, &humi);
      |           ^~~~~~~~~~~~~~~~
      |           SHT30_read_data
arm-none-eabi-gcc -o "I2C_SHT30.elf" @"objects.list"   -mcpu=cortex-m3 -T"D:\smart_garden\I2C_SHT30\STM32F103C8TX_FLASH.ld" --specs=nosys.specs -Wl,-Map="I2C_SHT30.map" -Wl,--gc-sections -static --specs=nano.specs -mfloat-abi=soft -mthumb -Wl,--start-group -lc -lm -Wl,--end-group
C:/ST/STM32CubeIDE_1.13.1/STM32CubeIDE/plugins/com.st.stm32cube.ide.mcu.externaltools.gnu-tools-for-stm32.11.3.rel1.win32_1.1.0.202305231506/tools/bin/../lib/gcc/arm-none-eabi/11.3.1/../../../../arm-none-eabi/bin/ld.exe: ./Core/Src/main.o: in function `main':
D:/smart_garden/I2C_SHT30/Debug/../Core/Src/main.c:165: undefined reference to `SHT_30_receive_data'
C:/ST/STM32CubeIDE_1.13.1/STM32CubeIDE/plugins/com.st.stm32cube.ide.mcu.externaltools.gnu-tools-for-stm32.11.3.rel1.win32_1.1.0.202305231506/tools/bin/../lib/gcc/arm-none-eabi/11.3.1/../../../../arm-none-eabi/bin/ld.exe: D:/smart_garden/I2C_SHT30/Debug/../Core/Src/main.c:166: undefined reference to `SHT_30_read_data'
collect2.exe: error: ld returned 1 exit status
make: *** [makefile:64: I2C_SHT30.elf] Error 1
"make -j16 all" terminated with exit code 2. Build might be incomplete.
18:09:53 **** Incremental Build of configuration Debug for project I2C_SHT30 ****
make -j16 all 
arm-none-eabi-gcc "../Core/Src/main.c" -mcpu=cortex-m3 -std=gnu11 -g3 -DDEBUG -DUSE_HAL_DRIVER -DSTM32F103xB -c -I../Core/Inc -I../Drivers/STM32F1xx_HAL_Driver/Inc/Legacy -I../Drivers/STM32F1xx_HAL_Driver/Inc -I../Drivers/CMSIS/Device/ST/STM32F1xx/Include -I../Drivers/CMSIS/Include -O0 -ffunction-sections -fdata-sections -Wall -fstack-usage -fcyclomatic-complexity -MMD -MP -MF"Core/Src/main.d" -MT"Core/Src/main.o" --specs=nano.specs -mfloat-abi=soft -mthumb -o "Core/Src/main.o"
../Core/Src/main.c: In function 'main':
../Core/Src/main.c:166:46: error: expected ';' before 'HAL_Delay'
  166 |           SHT30_read_data(data, &temp, &humi)
      |                                              ^
      |                                              ;
  167 |           HAL_Delay(2000);
      |           ~~~~~~~~~                           
make: *** [Core/Src/subdir.mk:34: Core/Src/main.o] Error 1
"make -j16 all" terminated with exit code 2. Build might be incomplete.
18:10:06 **** Incremental Build of configuration Debug for project I2C_SHT30 ****
make -j16 all 
arm-none-eabi-gcc "../Core/Src/main.c" -mcpu=cortex-m3 -std=gnu11 -g3 -DDEBUG -DUSE_HAL_DRIVER -DSTM32F103xB -c -I../Core/Inc -I../Drivers/STM32F1xx_HAL_Driver/Inc/Legacy -I../Drivers/STM32F1xx_HAL_Driver/Inc -I../Drivers/CMSIS/Device/ST/STM32F1xx/Include -I../Drivers/CMSIS/Include -O0 -ffunction-sections -fdata-sections -Wall -fstack-usage -fcyclomatic-complexity -MMD -MP -MF"Core/Src/main.d" -MT"Core/Src/main.o" --specs=nano.specs -mfloat-abi=soft -mthumb -o "Core/Src/main.o"
arm-none-eabi-gcc -o "I2C_SHT30.elf" @"objects.list"   -mcpu=cortex-m3 -T"D:\smart_garden\I2C_SHT30\STM32F103C8TX_FLASH.ld" --specs=nosys.specs -Wl,-Map="I2C_SHT30.map" -Wl,--gc-sections -static --specs=nano.specs -mfloat-abi=soft -mthumb -Wl,--start-group -lc -lm -Wl,--end-group
Finished building target: I2C_SHT30.elf
 
arm-none-eabi-size   I2C_SHT30.elf 
arm-none-eabi-objdump -h -S  I2C_SHT30.elf  > "I2C_SHT30.list"
   text	   data	    bss	    dec	    hex	filename
  10492	     28	   1668	  12188	   2f9c	I2C_SHT30.elf
Finished building: default.size.stdout
 
Finished building: I2C_SHT30.list
 
18:11:25 **** Incremental Build of configuration Debug for project I2C_SHT30 ****
make -j16 all 
arm-none-eabi-gcc "../Core/Src/main.c" -mcpu=cortex-m3 -std=gnu11 -g3 -DDEBUG -DUSE_HAL_DRIVER -DSTM32F103xB -c -I../Core/Inc -I../Drivers/STM32F1xx_HAL_Driver/Inc/Legacy -I../Drivers/STM32F1xx_HAL_Driver/Inc -I../Drivers/CMSIS/Device/ST/STM32F1xx/Include -I../Drivers/CMSIS/Include -O0 -ffunction-sections -fdata-sections -Wall -fstack-usage -fcyclomatic-complexity -MMD -MP -MF"Core/Src/main.d" -MT"Core/Src/main.o" --specs=nano.specs -mfloat-abi=soft -mthumb -o "Core/Src/main.o"
arm-none-eabi-gcc -o "I2C_SHT30.elf" @"objects.list"   -mcpu=cortex-m3 -T"D:\smart_garden\I2C_SHT30\STM32F103C8TX_FLASH.ld" --specs=nosys.specs -Wl,-Map="I2C_SHT30.map" -Wl,--gc-sections -static --specs=nano.specs -mfloat-abi=soft -mthumb -Wl,--start-group -lc -lm -Wl,--end-group
Finished building target: I2C_SHT30.elf
 
arm-none-eabi-size   I2C_SHT30.elf 
arm-none-eabi-objdump -h -S  I2C_SHT30.elf  > "I2C_SHT30.list"
   text	   data	    bss	    dec	    hex	filename
  10492	     28	   1668	  12188	   2f9c	I2C_SHT30.elf
Finished building: default.size.stdout
 
Finished building: I2C_SHT30.list
 
18:14:01 **** Incremental Build of configuration Debug for project I2C_SHT30 ****
make -j16 all 
arm-none-eabi-gcc "../Core/Src/main.c" -mcpu=cortex-m3 -std=gnu11 -g3 -DDEBUG -DUSE_HAL_DRIVER -DSTM32F103xB -c -I../Core/Inc -I../Drivers/STM32F1xx_HAL_Driver/Inc/Legacy -I../Drivers/STM32F1xx_HAL_Driver/Inc -I../Drivers/CMSIS/Device/ST/STM32F1xx/Include -I../Drivers/CMSIS/Include -O0 -ffunction-sections -fdata-sections -Wall -fstack-usage -fcyclomatic-complexity -MMD -MP -MF"Core/Src/main.d" -MT"Core/Src/main.o" --specs=nano.specs -mfloat-abi=soft -mthumb -o "Core/Src/main.o"
arm-none-eabi-gcc -o "I2C_SHT30.elf" @"objects.list"   -mcpu=cortex-m3 -T"D:\smart_garden\I2C_SHT30\STM32F103C8TX_FLASH.ld" --specs=nosys.specs -Wl,-Map="I2C_SHT30.map" -Wl,--gc-sections -static --specs=nano.specs -mfloat-abi=soft -mthumb -Wl,--start-group -lc -lm -Wl,--end-group
Finished building target: I2C_SHT30.elf
 
arm-none-eabi-size   I2C_SHT30.elf 
arm-none-eabi-objdump -h -S  I2C_SHT30.elf  > "I2C_SHT30.list"
   text	   data	    bss	    dec	    hex	filename
  10492	     28	   1668	  12188	   2f9c	I2C_SHT30.elf
Finished building: default.size.stdout
 
Finished building: I2C_SHT30.list
 
18:16:36 **** Incremental Build of configuration Debug for project I2C_SHT30 ****
make -j16 all 
arm-none-eabi-gcc "../Core/Src/main.c" -mcpu=cortex-m3 -std=gnu11 -g3 -DDEBUG -DUSE_HAL_DRIVER -DSTM32F103xB -c -I../Core/Inc -I../Drivers/STM32F1xx_HAL_Driver/Inc/Legacy -I../Drivers/STM32F1xx_HAL_Driver/Inc -I../Drivers/CMSIS/Device/ST/STM32F1xx/Include -I../Drivers/CMSIS/Include -O0 -ffunction-sections -fdata-sections -Wall -fstack-usage -fcyclomatic-complexity -MMD -MP -MF"Core/Src/main.d" -MT"Core/Src/main.o" --specs=nano.specs -mfloat-abi=soft -mthumb -o "Core/Src/main.o"
../Core/Src/main.c: In function 'main':
../Core/Src/main.c:160:34: error: 'ADDR' undeclared (first use in this function)
  160 |           SHT30_send_cmd(&hi2c1, ADDR, SHT30_cmd);
      |                                  ^~~~
../Core/Src/main.c:160:34: note: each undeclared identifier is reported only once for each function it appears in
../Core/Src/main.c:161:44: error: 'data' undeclared (first use in this function)
  161 |           SHT30_receive_data(&hi2c1, ADDR, data);
      |                                            ^~~~
../Core/Src/main.c:162:34: error: 'temp' undeclared (first use in this function)
  162 |           SHT30_read_data(data, &temp, &humi);
      |                                  ^~~~
../Core/Src/main.c:162:41: error: 'humi' undeclared (first use in this function)
  162 |           SHT30_read_data(data, &temp, &humi);
      |                                         ^~~~
make: *** [Core/Src/subdir.mk:34: Core/Src/main.o] Error 1
"make -j16 all" terminated with exit code 2. Build might be incomplete.
18:17:48 **** Incremental Build of configuration Debug for project I2C_SHT30 ****
make -j16 all 
arm-none-eabi-gcc "../Core/Src/main.c" -mcpu=cortex-m3 -std=gnu11 -g3 -DDEBUG -DUSE_HAL_DRIVER -DSTM32F103xB -c -I../Core/Inc -I../Drivers/STM32F1xx_HAL_Driver/Inc/Legacy -I../Drivers/STM32F1xx_HAL_Driver/Inc -I../Drivers/CMSIS/Device/ST/STM32F1xx/Include -I../Drivers/CMSIS/Include -O0 -ffunction-sections -fdata-sections -Wall -fstack-usage -fcyclomatic-complexity -MMD -MP -MF"Core/Src/main.d" -MT"Core/Src/main.o" --specs=nano.specs -mfloat-abi=soft -mthumb -o "Core/Src/main.o"
../Core/Src/main.c: In function 'main':
../Core/Src/main.c:161:44: error: 'data' undeclared (first use in this function)
  161 |           SHT30_receive_data(&hi2c1, ADDR, data);
      |                                            ^~~~
../Core/Src/main.c:161:44: note: each undeclared identifier is reported only once for each function it appears in
../Core/Src/main.c:162:34: error: 'temp' undeclared (first use in this function)
  162 |           SHT30_read_data(data, &temp, &humi);
      |                                  ^~~~
../Core/Src/main.c:162:41: error: 'humi' undeclared (first use in this function)
  162 |           SHT30_read_data(data, &temp, &humi);
      |                                         ^~~~
make: *** [Core/Src/subdir.mk:34: Core/Src/main.o] Error 1
"make -j16 all" terminated with exit code 2. Build might be incomplete.
18:18:53 **** Incremental Build of configuration Debug for project I2C_SHT30 ****
make -j16 all 
arm-none-eabi-gcc "../Core/Src/main.c" -mcpu=cortex-m3 -std=gnu11 -g3 -DDEBUG -DUSE_HAL_DRIVER -DSTM32F103xB -c -I../Core/Inc -I../Drivers/STM32F1xx_HAL_Driver/Inc/Legacy -I../Drivers/STM32F1xx_HAL_Driver/Inc -I../Drivers/CMSIS/Device/ST/STM32F1xx/Include -I../Drivers/CMSIS/Include -O0 -ffunction-sections -fdata-sections -Wall -fstack-usage -fcyclomatic-complexity -MMD -MP -MF"Core/Src/main.d" -MT"Core/Src/main.o" --specs=nano.specs -mfloat-abi=soft -mthumb -o "Core/Src/main.o"
../Core/Src/main.c: In function 'main':
../Core/Src/main.c:163:34: error: 'temp' undeclared (first use in this function)
  163 |           SHT30_read_data(data, &temp, &humi);
      |                                  ^~~~
../Core/Src/main.c:163:34: note: each undeclared identifier is reported only once for each function it appears in
../Core/Src/main.c:163:41: error: 'humi' undeclared (first use in this function)
  163 |           SHT30_read_data(data, &temp, &humi);
      |                                         ^~~~
make: *** [Core/Src/subdir.mk:34: Core/Src/main.o] Error 1
"make -j16 all" terminated with exit code 2. Build might be incomplete.
18:19:24 **** Incremental Build of configuration Debug for project I2C_SHT30 ****
make -j16 all 
arm-none-eabi-gcc "../Core/Src/main.c" -mcpu=cortex-m3 -std=gnu11 -g3 -DDEBUG -DUSE_HAL_DRIVER -DSTM32F103xB -c -I../Core/Inc -I../Drivers/STM32F1xx_HAL_Driver/Inc/Legacy -I../Drivers/STM32F1xx_HAL_Driver/Inc -I../Drivers/CMSIS/Device/ST/STM32F1xx/Include -I../Drivers/CMSIS/Include -O0 -ffunction-sections -fdata-sections -Wall -fstack-usage -fcyclomatic-complexity -MMD -MP -MF"Core/Src/main.d" -MT"Core/Src/main.o" --specs=nano.specs -mfloat-abi=soft -mthumb -o "Core/Src/main.o"
arm-none-eabi-gcc -o "I2C_SHT30.elf" @"objects.list"   -mcpu=cortex-m3 -T"D:\smart_garden\I2C_SHT30\STM32F103C8TX_FLASH.ld" --specs=nosys.specs -Wl,-Map="I2C_SHT30.map" -Wl,--gc-sections -static --specs=nano.specs -mfloat-abi=soft -mthumb -Wl,--start-group -lc -lm -Wl,--end-group
Finished building target: I2C_SHT30.elf
 
arm-none-eabi-size   I2C_SHT30.elf 
arm-none-eabi-objdump -h -S  I2C_SHT30.elf  > "I2C_SHT30.list"
   text	   data	    bss	    dec	    hex	filename
  10492	     28	   1668	  12188	   2f9c	I2C_SHT30.elf
Finished building: default.size.stdout
 
Finished building: I2C_SHT30.list
 
18:20:22 **** Incremental Build of configuration Debug for project I2C_SHT30 ****
make -j16 all 
arm-none-eabi-gcc "../Core/Src/main.c" -mcpu=cortex-m3 -std=gnu11 -g3 -DDEBUG -DUSE_HAL_DRIVER -DSTM32F103xB -c -I../Core/Inc -I../Drivers/STM32F1xx_HAL_Driver/Inc/Legacy -I../Drivers/STM32F1xx_HAL_Driver/Inc -I../Drivers/CMSIS/Device/ST/STM32F1xx/Include -I../Drivers/CMSIS/Include -O0 -ffunction-sections -fdata-sections -Wall -fstack-usage -fcyclomatic-complexity -MMD -MP -MF"Core/Src/main.d" -MT"Core/Src/main.o" --specs=nano.specs -mfloat-abi=soft -mthumb -o "Core/Src/main.o"
arm-none-eabi-gcc -o "I2C_SHT30.elf" @"objects.list"   -mcpu=cortex-m3 -T"D:\smart_garden\I2C_SHT30\STM32F103C8TX_FLASH.ld" --specs=nosys.specs -Wl,-Map="I2C_SHT30.map" -Wl,--gc-sections -static --specs=nano.specs -mfloat-abi=soft -mthumb -Wl,--start-group -lc -lm -Wl,--end-group
Finished building target: I2C_SHT30.elf
 
arm-none-eabi-size   I2C_SHT30.elf 
arm-none-eabi-objdump -h -S  I2C_SHT30.elf  > "I2C_SHT30.list"
   text	   data	    bss	    dec	    hex	filename
  10492	     28	   1668	  12188	   2f9c	I2C_SHT30.elf
Finished building: default.size.stdout
 
Finished building: I2C_SHT30.list
 
18:21:40 **** Incremental Build of configuration Debug for project I2C_SHT30 ****
make -j16 all 
arm-none-eabi-gcc "../Core/Src/main.c" -mcpu=cortex-m3 -std=gnu11 -g3 -DDEBUG -DUSE_HAL_DRIVER -DSTM32F103xB -c -I../Core/Inc -I../Drivers/STM32F1xx_HAL_Driver/Inc/Legacy -I../Drivers/STM32F1xx_HAL_Driver/Inc -I../Drivers/CMSIS/Device/ST/STM32F1xx/Include -I../Drivers/CMSIS/Include -O0 -ffunction-sections -fdata-sections -Wall -fstack-usage -fcyclomatic-complexity -MMD -MP -MF"Core/Src/main.d" -MT"Core/Src/main.o" --specs=nano.specs -mfloat-abi=soft -mthumb -o "Core/Src/main.o"
arm-none-eabi-gcc -o "I2C_SHT30.elf" @"objects.list"   -mcpu=cortex-m3 -T"D:\smart_garden\I2C_SHT30\STM32F103C8TX_FLASH.ld" --specs=nosys.specs -Wl,-Map="I2C_SHT30.map" -Wl,--gc-sections -static --specs=nano.specs -mfloat-abi=soft -mthumb -Wl,--start-group -lc -lm -Wl,--end-group
Finished building target: I2C_SHT30.elf
 
arm-none-eabi-size   I2C_SHT30.elf 
arm-none-eabi-objdump -h -S  I2C_SHT30.elf  > "I2C_SHT30.list"
   text	   data	    bss	    dec	    hex	filename
  10492	     28	   1668	  12188	   2f9c	I2C_SHT30.elf
Finished building: default.size.stdout
 
Finished building: I2C_SHT30.list
 
18:28:05 **** Incremental Build of configuration Debug for project I2C_SHT30 ****
make -j16 all 
arm-none-eabi-gcc "../Core/Src/main.c" -mcpu=cortex-m3 -std=gnu11 -g3 -DDEBUG -DUSE_HAL_DRIVER -DSTM32F103xB -c -I../Core/Inc -I../Drivers/STM32F1xx_HAL_Driver/Inc/Legacy -I../Drivers/STM32F1xx_HAL_Driver/Inc -I../Drivers/CMSIS/Device/ST/STM32F1xx/Include -I../Drivers/CMSIS/Include -O0 -ffunction-sections -fdata-sections -Wall -fstack-usage -fcyclomatic-complexity -MMD -MP -MF"Core/Src/main.d" -MT"Core/Src/main.o" --specs=nano.specs -mfloat-abi=soft -mthumb -o "Core/Src/main.o"
arm-none-eabi-gcc -o "I2C_SHT30.elf" @"objects.list"   -mcpu=cortex-m3 -T"D:\smart_garden\I2C_SHT30\STM32F103C8TX_FLASH.ld" --specs=nosys.specs -Wl,-Map="I2C_SHT30.map" -Wl,--gc-sections -static --specs=nano.specs -mfloat-abi=soft -mthumb -Wl,--start-group -lc -lm -Wl,--end-group
Finished building target: I2C_SHT30.elf
 
arm-none-eabi-size   I2C_SHT30.elf 
arm-none-eabi-objdump -h -S  I2C_SHT30.elf  > "I2C_SHT30.list"
   text	   data	    bss	    dec	    hex	filename
  10496	     28	   1668	  12192	   2fa0	I2C_SHT30.elf
Finished building: default.size.stdout
 
Finished building: I2C_SHT30.list
 
18:28:51 **** Incremental Build of configuration Debug for project I2C_SHT30 ****
make -j16 all 
arm-none-eabi-size   I2C_SHT30.elf 
   text	   data	    bss	    dec	    hex	filename
  10496	     28	   1668	  12192	   2fa0	I2C_SHT30.elf
Finished building: default.size.stdout
 
18:35:44 **** Incremental Build of configuration Debug for project I2C_SHT30 ****
make -j16 all 
arm-none-eabi-gcc "../Core/Src/main.c" -mcpu=cortex-m3 -std=gnu11 -g3 -DDEBUG -DUSE_HAL_DRIVER -DSTM32F103xB -c -I../Core/Inc -I../Drivers/STM32F1xx_HAL_Driver/Inc/Legacy -I../Drivers/STM32F1xx_HAL_Driver/Inc -I../Drivers/CMSIS/Device/ST/STM32F1xx/Include -I../Drivers/CMSIS/Include -O0 -ffunction-sections -fdata-sections -Wall -fstack-usage -fcyclomatic-complexity -MMD -MP -MF"Core/Src/main.d" -MT"Core/Src/main.o" --specs=nano.specs -mfloat-abi=soft -mthumb -o "Core/Src/main.o"
arm-none-eabi-gcc -o "I2C_SHT30.elf" @"objects.list"   -mcpu=cortex-m3 -T"D:\smart_garden\I2C_SHT30\STM32F103C8TX_FLASH.ld" --specs=nosys.specs -Wl,-Map="I2C_SHT30.map" -Wl,--gc-sections -static --specs=nano.specs -mfloat-abi=soft -mthumb -Wl,--start-group -lc -lm -Wl,--end-group
Finished building target: I2C_SHT30.elf
 
arm-none-eabi-size   I2C_SHT30.elf 
arm-none-eabi-objdump -h -S  I2C_SHT30.elf  > "I2C_SHT30.list"
   text	   data	    bss	    dec	    hex	filename
  10508	     28	   1676	  12212	   2fb4	I2C_SHT30.elf
Finished building: default.size.stdout
 
Finished building: I2C_SHT30.list
 
18:38:11 **** Incremental Build of configuration Debug for project I2C_SHT30 ****
make -j16 all 
arm-none-eabi-gcc "../Core/Src/main.c" -mcpu=cortex-m3 -std=gnu11 -g3 -DDEBUG -DUSE_HAL_DRIVER -DSTM32F103xB -c -I../Core/Inc -I../Drivers/STM32F1xx_HAL_Driver/Inc/Legacy -I../Drivers/STM32F1xx_HAL_Driver/Inc -I../Drivers/CMSIS/Device/ST/STM32F1xx/Include -I../Drivers/CMSIS/Include -O0 -ffunction-sections -fdata-sections -Wall -fstack-usage -fcyclomatic-complexity -MMD -MP -MF"Core/Src/main.d" -MT"Core/Src/main.o" --specs=nano.specs -mfloat-abi=soft -mthumb -o "Core/Src/main.o"
arm-none-eabi-gcc -o "I2C_SHT30.elf" @"objects.list"   -mcpu=cortex-m3 -T"D:\smart_garden\I2C_SHT30\STM32F103C8TX_FLASH.ld" --specs=nosys.specs -Wl,-Map="I2C_SHT30.map" -Wl,--gc-sections -static --specs=nano.specs -mfloat-abi=soft -mthumb -Wl,--start-group -lc -lm -Wl,--end-group
Finished building target: I2C_SHT30.elf
 
arm-none-eabi-size   I2C_SHT30.elf 
arm-none-eabi-objdump -h -S  I2C_SHT30.elf  > "I2C_SHT30.list"
   text	   data	    bss	    dec	    hex	filename
  10508	     28	   1676	  12212	   2fb4	I2C_SHT30.elf
Finished building: default.size.stdout
 
Finished building: I2C_SHT30.list
 
18:39:33 **** Incremental Build of configuration Debug for project I2C_SHT30 ****
make -j16 all 
arm-none-eabi-gcc "../Core/Src/main.c" -mcpu=cortex-m3 -std=gnu11 -g3 -DDEBUG -DUSE_HAL_DRIVER -DSTM32F103xB -c -I../Core/Inc -I../Drivers/STM32F1xx_HAL_Driver/Inc/Legacy -I../Drivers/STM32F1xx_HAL_Driver/Inc -I../Drivers/CMSIS/Device/ST/STM32F1xx/Include -I../Drivers/CMSIS/Include -O0 -ffunction-sections -fdata-sections -Wall -fstack-usage -fcyclomatic-complexity -MMD -MP -MF"Core/Src/main.d" -MT"Core/Src/main.o" --specs=nano.specs -mfloat-abi=soft -mthumb -o "Core/Src/main.o"
arm-none-eabi-gcc -o "I2C_SHT30.elf" @"objects.list"   -mcpu=cortex-m3 -T"D:\smart_garden\I2C_SHT30\STM32F103C8TX_FLASH.ld" --specs=nosys.specs -Wl,-Map="I2C_SHT30.map" -Wl,--gc-sections -static --specs=nano.specs -mfloat-abi=soft -mthumb -Wl,--start-group -lc -lm -Wl,--end-group
Finished building target: I2C_SHT30.elf
 
arm-none-eabi-size   I2C_SHT30.elf 
arm-none-eabi-objdump -h -S  I2C_SHT30.elf  > "I2C_SHT30.list"
   text	   data	    bss	    dec	    hex	filename
  10508	     28	   1676	  12212	   2fb4	I2C_SHT30.elf
Finished building: default.size.stdout
 
Finished building: I2C_SHT30.list
 
18:58:13 **** Incremental Build of configuration Debug for project I2C_SHT30 ****
make -j16 all 
arm-none-eabi-gcc "../Core/Src/main.c" -mcpu=cortex-m3 -std=gnu11 -g3 -DDEBUG -DUSE_HAL_DRIVER -DSTM32F103xB -c -I../Core/Inc -I../Drivers/STM32F1xx_HAL_Driver/Inc/Legacy -I../Drivers/STM32F1xx_HAL_Driver/Inc -I../Drivers/CMSIS/Device/ST/STM32F1xx/Include -I../Drivers/CMSIS/Include -O0 -ffunction-sections -fdata-sections -Wall -fstack-usage -fcyclomatic-complexity -MMD -MP -MF"Core/Src/main.d" -MT"Core/Src/main.o" --specs=nano.specs -mfloat-abi=soft -mthumb -o "Core/Src/main.o"
arm-none-eabi-gcc -o "I2C_SHT30.elf" @"objects.list"   -mcpu=cortex-m3 -T"D:\smart_garden\I2C_SHT30\STM32F103C8TX_FLASH.ld" --specs=nosys.specs -Wl,-Map="I2C_SHT30.map" -Wl,--gc-sections -static --specs=nano.specs -mfloat-abi=soft -mthumb -Wl,--start-group -lc -lm -Wl,--end-group
Finished building target: I2C_SHT30.elf
 
arm-none-eabi-size   I2C_SHT30.elf 
arm-none-eabi-objdump -h -S  I2C_SHT30.elf  > "I2C_SHT30.list"
   text	   data	    bss	    dec	    hex	filename
   9736	     28	   1660	  11424	   2ca0	I2C_SHT30.elf
Finished building: default.size.stdout
 
Finished building: I2C_SHT30.list
 
18:59:44 **** Incremental Build of configuration Debug for project I2C_SHT30 ****
make -j16 all 
arm-none-eabi-gcc "../Core/Src/main.c" -mcpu=cortex-m3 -std=gnu11 -g3 -DDEBUG -DUSE_HAL_DRIVER -DSTM32F103xB -c -I../Core/Inc -I../Drivers/STM32F1xx_HAL_Driver/Inc/Legacy -I../Drivers/STM32F1xx_HAL_Driver/Inc -I../Drivers/CMSIS/Device/ST/STM32F1xx/Include -I../Drivers/CMSIS/Include -O0 -ffunction-sections -fdata-sections -Wall -fstack-usage -fcyclomatic-complexity -MMD -MP -MF"Core/Src/main.d" -MT"Core/Src/main.o" --specs=nano.specs -mfloat-abi=soft -mthumb -o "Core/Src/main.o"
arm-none-eabi-gcc -o "I2C_SHT30.elf" @"objects.list"   -mcpu=cortex-m3 -T"D:\smart_garden\I2C_SHT30\STM32F103C8TX_FLASH.ld" --specs=nosys.specs -Wl,-Map="I2C_SHT30.map" -Wl,--gc-sections -static --specs=nano.specs -mfloat-abi=soft -mthumb -Wl,--start-group -lc -lm -Wl,--end-group
Finished building target: I2C_SHT30.elf
 
arm-none-eabi-size   I2C_SHT30.elf 
arm-none-eabi-objdump -h -S  I2C_SHT30.elf  > "I2C_SHT30.list"
   text	   data	    bss	    dec	    hex	filename
   9748	     28	   1660	  11436	   2cac	I2C_SHT30.elf
Finished building: default.size.stdout
 
Finished building: I2C_SHT30.list
 
19:00:38 **** Incremental Build of configuration Debug for project I2C_SHT30 ****
make -j16 all 
arm-none-eabi-gcc "../Core/Src/main.c" -mcpu=cortex-m3 -std=gnu11 -g3 -DDEBUG -DUSE_HAL_DRIVER -DSTM32F103xB -c -I../Core/Inc -I../Drivers/STM32F1xx_HAL_Driver/Inc/Legacy -I../Drivers/STM32F1xx_HAL_Driver/Inc -I../Drivers/CMSIS/Device/ST/STM32F1xx/Include -I../Drivers/CMSIS/Include -O0 -ffunction-sections -fdata-sections -Wall -fstack-usage -fcyclomatic-complexity -MMD -MP -MF"Core/Src/main.d" -MT"Core/Src/main.o" --specs=nano.specs -mfloat-abi=soft -mthumb -o "Core/Src/main.o"
arm-none-eabi-gcc -o "I2C_SHT30.elf" @"objects.list"   -mcpu=cortex-m3 -T"D:\smart_garden\I2C_SHT30\STM32F103C8TX_FLASH.ld" --specs=nosys.specs -Wl,-Map="I2C_SHT30.map" -Wl,--gc-sections -static --specs=nano.specs -mfloat-abi=soft -mthumb -Wl,--start-group -lc -lm -Wl,--end-group
Finished building target: I2C_SHT30.elf
 
arm-none-eabi-size   I2C_SHT30.elf 
arm-none-eabi-objdump -h -S  I2C_SHT30.elf  > "I2C_SHT30.list"
   text	   data	    bss	    dec	    hex	filename
   9748	     28	   1660	  11436	   2cac	I2C_SHT30.elf
Finished building: default.size.stdout
 
Finished building: I2C_SHT30.list
 
19:01:33 **** Incremental Build of configuration Debug for project I2C_SHT30 ****
make -j16 all 
arm-none-eabi-gcc "../Core/Src/main.c" -mcpu=cortex-m3 -std=gnu11 -g3 -DDEBUG -DUSE_HAL_DRIVER -DSTM32F103xB -c -I../Core/Inc -I../Drivers/STM32F1xx_HAL_Driver/Inc/Legacy -I../Drivers/STM32F1xx_HAL_Driver/Inc -I../Drivers/CMSIS/Device/ST/STM32F1xx/Include -I../Drivers/CMSIS/Include -O0 -ffunction-sections -fdata-sections -Wall -fstack-usage -fcyclomatic-complexity -MMD -MP -MF"Core/Src/main.d" -MT"Core/Src/main.o" --specs=nano.specs -mfloat-abi=soft -mthumb -o "Core/Src/main.o"
arm-none-eabi-gcc -o "I2C_SHT30.elf" @"objects.list"   -mcpu=cortex-m3 -T"D:\smart_garden\I2C_SHT30\STM32F103C8TX_FLASH.ld" --specs=nosys.specs -Wl,-Map="I2C_SHT30.map" -Wl,--gc-sections -static --specs=nano.specs -mfloat-abi=soft -mthumb -Wl,--start-group -lc -lm -Wl,--end-group
Finished building target: I2C_SHT30.elf
 
arm-none-eabi-size   I2C_SHT30.elf 
arm-none-eabi-objdump -h -S  I2C_SHT30.elf  > "I2C_SHT30.list"
   text	   data	    bss	    dec	    hex	filename
   9748	     28	   1660	  11436	   2cac	I2C_SHT30.elf
Finished building: default.size.stdout
 
Finished building: I2C_SHT30.list
 
19:03:24 **** Incremental Build of configuration Debug for project I2C_SHT30 ****
make -j16 all 
arm-none-eabi-gcc "../Core/Src/main.c" -mcpu=cortex-m3 -std=gnu11 -g3 -DDEBUG -DUSE_HAL_DRIVER -DSTM32F103xB -c -I../Core/Inc -I../Drivers/STM32F1xx_HAL_Driver/Inc/Legacy -I../Drivers/STM32F1xx_HAL_Driver/Inc -I../Drivers/CMSIS/Device/ST/STM32F1xx/Include -I../Drivers/CMSIS/Include -O0 -ffunction-sections -fdata-sections -Wall -fstack-usage -fcyclomatic-complexity -MMD -MP -MF"Core/Src/main.d" -MT"Core/Src/main.o" --specs=nano.specs -mfloat-abi=soft -mthumb -o "Core/Src/main.o"
arm-none-eabi-gcc -o "I2C_SHT30.elf" @"objects.list"   -mcpu=cortex-m3 -T"D:\smart_garden\I2C_SHT30\STM32F103C8TX_FLASH.ld" --specs=nosys.specs -Wl,-Map="I2C_SHT30.map" -Wl,--gc-sections -static --specs=nano.specs -mfloat-abi=soft -mthumb -Wl,--start-group -lc -lm -Wl,--end-group
Finished building target: I2C_SHT30.elf
 
arm-none-eabi-size   I2C_SHT30.elf 
arm-none-eabi-objdump -h -S  I2C_SHT30.elf  > "I2C_SHT30.list"
   text	   data	    bss	    dec	    hex	filename
   9748	     28	   1660	  11436	   2cac	I2C_SHT30.elf
Finished building: default.size.stdout
 
Finished building: I2C_SHT30.list
 
19:03:56 **** Incremental Build of configuration Debug for project I2C_SHT30 ****
make -j16 all 
arm-none-eabi-gcc "../Core/Src/main.c" -mcpu=cortex-m3 -std=gnu11 -g3 -DDEBUG -DUSE_HAL_DRIVER -DSTM32F103xB -c -I../Core/Inc -I../Drivers/STM32F1xx_HAL_Driver/Inc/Legacy -I../Drivers/STM32F1xx_HAL_Driver/Inc -I../Drivers/CMSIS/Device/ST/STM32F1xx/Include -I../Drivers/CMSIS/Include -O0 -ffunction-sections -fdata-sections -Wall -fstack-usage -fcyclomatic-complexity -MMD -MP -MF"Core/Src/main.d" -MT"Core/Src/main.o" --specs=nano.specs -mfloat-abi=soft -mthumb -o "Core/Src/main.o"
arm-none-eabi-gcc -o "I2C_SHT30.elf" @"objects.list"   -mcpu=cortex-m3 -T"D:\smart_garden\I2C_SHT30\STM32F103C8TX_FLASH.ld" --specs=nosys.specs -Wl,-Map="I2C_SHT30.map" -Wl,--gc-sections -static --specs=nano.specs -mfloat-abi=soft -mthumb -Wl,--start-group -lc -lm -Wl,--end-group
Finished building target: I2C_SHT30.elf
 
arm-none-eabi-size   I2C_SHT30.elf 
arm-none-eabi-objdump -h -S  I2C_SHT30.elf  > "I2C_SHT30.list"
   text	   data	    bss	    dec	    hex	filename
   9748	     28	   1660	  11436	   2cac	I2C_SHT30.elf
Finished building: default.size.stdout
 
Finished building: I2C_SHT30.list
 
19:10:15 **** Incremental Build of configuration Debug for project I2C_SHT30 ****
make -j16 all 
arm-none-eabi-size   I2C_SHT30.elf 
   text	   data	    bss	    dec	    hex	filename
   9748	     28	   1660	  11436	   2cac	I2C_SHT30.elf
Finished building: default.size.stdout
 
19:22:03 **** Incremental Build of configuration Debug for project I2C_SHT30 ****
make -j16 all 
arm-none-eabi-gcc "../Core/Src/main.c" -mcpu=cortex-m3 -std=gnu11 -g3 -DDEBUG -DUSE_HAL_DRIVER -DSTM32F103xB -c -I../Core/Inc -I../Drivers/STM32F1xx_HAL_Driver/Inc/Legacy -I../Drivers/STM32F1xx_HAL_Driver/Inc -I../Drivers/CMSIS/Device/ST/STM32F1xx/Include -I../Drivers/CMSIS/Include -O0 -ffunction-sections -fdata-sections -Wall -fstack-usage -fcyclomatic-complexity -MMD -MP -MF"Core/Src/main.d" -MT"Core/Src/main.o" --specs=nano.specs -mfloat-abi=soft -mthumb -o "Core/Src/main.o"
arm-none-eabi-gcc -o "I2C_SHT30.elf" @"objects.list"   -mcpu=cortex-m3 -T"D:\smart_garden\I2C_SHT30\STM32F103C8TX_FLASH.ld" --specs=nosys.specs -Wl,-Map="I2C_SHT30.map" -Wl,--gc-sections -static --specs=nano.specs -mfloat-abi=soft -mthumb -Wl,--start-group -lc -lm -Wl,--end-group
Finished building target: I2C_SHT30.elf
 
arm-none-eabi-size   I2C_SHT30.elf 
arm-none-eabi-objdump -h -S  I2C_SHT30.elf  > "I2C_SHT30.list"
   text	   data	    bss	    dec	    hex	filename
   6200	     20	   1660	   7880	   1ec8	I2C_SHT30.elf
Finished building: default.size.stdout
 
Finished building: I2C_SHT30.list
 
19:23:03 **** Incremental Build of configuration Debug for project I2C_SHT30 ****
make -j16 all 
arm-none-eabi-gcc "../Core/Src/main.c" -mcpu=cortex-m3 -std=gnu11 -g3 -DDEBUG -DUSE_HAL_DRIVER -DSTM32F103xB -c -I../Core/Inc -I../Drivers/STM32F1xx_HAL_Driver/Inc/Legacy -I../Drivers/STM32F1xx_HAL_Driver/Inc -I../Drivers/CMSIS/Device/ST/STM32F1xx/Include -I../Drivers/CMSIS/Include -O0 -ffunction-sections -fdata-sections -Wall -fstack-usage -fcyclomatic-complexity -MMD -MP -MF"Core/Src/main.d" -MT"Core/Src/main.o" --specs=nano.specs -mfloat-abi=soft -mthumb -o "Core/Src/main.o"
arm-none-eabi-gcc -o "I2C_SHT30.elf" @"objects.list"   -mcpu=cortex-m3 -T"D:\smart_garden\I2C_SHT30\STM32F103C8TX_FLASH.ld" --specs=nosys.specs -Wl,-Map="I2C_SHT30.map" -Wl,--gc-sections -static --specs=nano.specs -mfloat-abi=soft -mthumb -Wl,--start-group -lc -lm -Wl,--end-group
Finished building target: I2C_SHT30.elf
 
arm-none-eabi-size   I2C_SHT30.elf 
arm-none-eabi-objdump -h -S  I2C_SHT30.elf  > "I2C_SHT30.list"
   text	   data	    bss	    dec	    hex	filename
   6280	     20	   1660	   7960	   1f18	I2C_SHT30.elf
Finished building: default.size.stdout
 
Finished building: I2C_SHT30.list
 
19:24:20 **** Incremental Build of configuration Debug for project I2C_SHT30 ****
make -j16 all 
arm-none-eabi-gcc "../Core/Src/main.c" -mcpu=cortex-m3 -std=gnu11 -g3 -DDEBUG -DUSE_HAL_DRIVER -DSTM32F103xB -c -I../Core/Inc -I../Drivers/STM32F1xx_HAL_Driver/Inc/Legacy -I../Drivers/STM32F1xx_HAL_Driver/Inc -I../Drivers/CMSIS/Device/ST/STM32F1xx/Include -I../Drivers/CMSIS/Include -O0 -ffunction-sections -fdata-sections -Wall -fstack-usage -fcyclomatic-complexity -MMD -MP -MF"Core/Src/main.d" -MT"Core/Src/main.o" --specs=nano.specs -mfloat-abi=soft -mthumb -o "Core/Src/main.o"
arm-none-eabi-gcc -o "I2C_SHT30.elf" @"objects.list"   -mcpu=cortex-m3 -T"D:\smart_garden\I2C_SHT30\STM32F103C8TX_FLASH.ld" --specs=nosys.specs -Wl,-Map="I2C_SHT30.map" -Wl,--gc-sections -static --specs=nano.specs -mfloat-abi=soft -mthumb -Wl,--start-group -lc -lm -Wl,--end-group
Finished building target: I2C_SHT30.elf
 
arm-none-eabi-size   I2C_SHT30.elf 
arm-none-eabi-objdump -h -S  I2C_SHT30.elf  > "I2C_SHT30.list"
   text	   data	    bss	    dec	    hex	filename
   6280	     20	   1660	   7960	   1f18	I2C_SHT30.elf
Finished building: default.size.stdout
 
Finished building: I2C_SHT30.list
 
19:25:09 **** Incremental Build of configuration Debug for project I2C_SHT30 ****
make -j16 all 
arm-none-eabi-gcc "../Core/Src/main.c" -mcpu=cortex-m3 -std=gnu11 -g3 -DDEBUG -DUSE_HAL_DRIVER -DSTM32F103xB -c -I../Core/Inc -I../Drivers/STM32F1xx_HAL_Driver/Inc/Legacy -I../Drivers/STM32F1xx_HAL_Driver/Inc -I../Drivers/CMSIS/Device/ST/STM32F1xx/Include -I../Drivers/CMSIS/Include -O0 -ffunction-sections -fdata-sections -Wall -fstack-usage -fcyclomatic-complexity -MMD -MP -MF"Core/Src/main.d" -MT"Core/Src/main.o" --specs=nano.specs -mfloat-abi=soft -mthumb -o "Core/Src/main.o"
arm-none-eabi-gcc -o "I2C_SHT30.elf" @"objects.list"   -mcpu=cortex-m3 -T"D:\smart_garden\I2C_SHT30\STM32F103C8TX_FLASH.ld" --specs=nosys.specs -Wl,-Map="I2C_SHT30.map" -Wl,--gc-sections -static --specs=nano.specs -mfloat-abi=soft -mthumb -Wl,--start-group -lc -lm -Wl,--end-group
Finished building target: I2C_SHT30.elf
 
arm-none-eabi-size   I2C_SHT30.elf 
arm-none-eabi-objdump -h -S  I2C_SHT30.elf  > "I2C_SHT30.list"
   text	   data	    bss	    dec	    hex	filename
   6280	     20	   1660	   7960	   1f18	I2C_SHT30.elf
Finished building: default.size.stdout
 
Finished building: I2C_SHT30.list
 
19:27:14 **** Incremental Build of configuration Debug for project I2C_SHT30 ****
make -j16 all 
arm-none-eabi-gcc "../Core/Src/main.c" -mcpu=cortex-m3 -std=gnu11 -g3 -DDEBUG -DUSE_HAL_DRIVER -DSTM32F103xB -c -I../Core/Inc -I../Drivers/STM32F1xx_HAL_Driver/Inc/Legacy -I../Drivers/STM32F1xx_HAL_Driver/Inc -I../Drivers/CMSIS/Device/ST/STM32F1xx/Include -I../Drivers/CMSIS/Include -O0 -ffunction-sections -fdata-sections -Wall -fstack-usage -fcyclomatic-complexity -MMD -MP -MF"Core/Src/main.d" -MT"Core/Src/main.o" --specs=nano.specs -mfloat-abi=soft -mthumb -o "Core/Src/main.o"
arm-none-eabi-gcc -o "I2C_SHT30.elf" @"objects.list"   -mcpu=cortex-m3 -T"D:\smart_garden\I2C_SHT30\STM32F103C8TX_FLASH.ld" --specs=nosys.specs -Wl,-Map="I2C_SHT30.map" -Wl,--gc-sections -static --specs=nano.specs -mfloat-abi=soft -mthumb -Wl,--start-group -lc -lm -Wl,--end-group
Finished building target: I2C_SHT30.elf
 
arm-none-eabi-size   I2C_SHT30.elf 
arm-none-eabi-objdump -h -S  I2C_SHT30.elf  > "I2C_SHT30.list"
   text	   data	    bss	    dec	    hex	filename
   6280	     20	   1660	   7960	   1f18	I2C_SHT30.elf
Finished building: default.size.stdout
 
Finished building: I2C_SHT30.list
 
19:30:05 **** Incremental Build of configuration Debug for project I2C_SHT30 ****
make -j16 all 
arm-none-eabi-gcc "../Core/Src/main.c" -mcpu=cortex-m3 -std=gnu11 -g3 -DDEBUG -DUSE_HAL_DRIVER -DSTM32F103xB -c -I../Core/Inc -I../Drivers/STM32F1xx_HAL_Driver/Inc/Legacy -I../Drivers/STM32F1xx_HAL_Driver/Inc -I../Drivers/CMSIS/Device/ST/STM32F1xx/Include -I../Drivers/CMSIS/Include -O0 -ffunction-sections -fdata-sections -Wall -fstack-usage -fcyclomatic-complexity -MMD -MP -MF"Core/Src/main.d" -MT"Core/Src/main.o" --specs=nano.specs -mfloat-abi=soft -mthumb -o "Core/Src/main.o"
arm-none-eabi-gcc -o "I2C_SHT30.elf" @"objects.list"   -mcpu=cortex-m3 -T"D:\smart_garden\I2C_SHT30\STM32F103C8TX_FLASH.ld" --specs=nosys.specs -Wl,-Map="I2C_SHT30.map" -Wl,--gc-sections -static --specs=nano.specs -mfloat-abi=soft -mthumb -Wl,--start-group -lc -lm -Wl,--end-group
Finished building target: I2C_SHT30.elf
 
arm-none-eabi-size   I2C_SHT30.elf 
arm-none-eabi-objdump -h -S  I2C_SHT30.elf  > "I2C_SHT30.list"
   text	   data	    bss	    dec	    hex	filename
   5412	     20	   1660	   7092	   1bb4	I2C_SHT30.elf
Finished building: default.size.stdout
 
Finished building: I2C_SHT30.list
 
19:30:39 **** Incremental Build of configuration Debug for project I2C_SHT30 ****
make -j16 all 
arm-none-eabi-gcc "../Core/Src/main.c" -mcpu=cortex-m3 -std=gnu11 -g3 -DDEBUG -DUSE_HAL_DRIVER -DSTM32F103xB -c -I../Core/Inc -I../Drivers/STM32F1xx_HAL_Driver/Inc/Legacy -I../Drivers/STM32F1xx_HAL_Driver/Inc -I../Drivers/CMSIS/Device/ST/STM32F1xx/Include -I../Drivers/CMSIS/Include -O0 -ffunction-sections -fdata-sections -Wall -fstack-usage -fcyclomatic-complexity -MMD -MP -MF"Core/Src/main.d" -MT"Core/Src/main.o" --specs=nano.specs -mfloat-abi=soft -mthumb -o "Core/Src/main.o"
arm-none-eabi-gcc -o "I2C_SHT30.elf" @"objects.list"   -mcpu=cortex-m3 -T"D:\smart_garden\I2C_SHT30\STM32F103C8TX_FLASH.ld" --specs=nosys.specs -Wl,-Map="I2C_SHT30.map" -Wl,--gc-sections -static --specs=nano.specs -mfloat-abi=soft -mthumb -Wl,--start-group -lc -lm -Wl,--end-group
Finished building target: I2C_SHT30.elf
 
arm-none-eabi-size   I2C_SHT30.elf 
arm-none-eabi-objdump -h -S  I2C_SHT30.elf  > "I2C_SHT30.list"
   text	   data	    bss	    dec	    hex	filename
   6284	     20	   1660	   7964	   1f1c	I2C_SHT30.elf
Finished building: default.size.stdout
 
Finished building: I2C_SHT30.list
 
19:37:33 **** Incremental Build of configuration Debug for project I2C_SHT30 ****
make -j16 all 
arm-none-eabi-gcc "../Core/Src/main.c" -mcpu=cortex-m3 -std=gnu11 -g3 -DDEBUG -DUSE_HAL_DRIVER -DSTM32F103xB -c -I../Core/Inc -I../Drivers/STM32F1xx_HAL_Driver/Inc/Legacy -I../Drivers/STM32F1xx_HAL_Driver/Inc -I../Drivers/CMSIS/Device/ST/STM32F1xx/Include -I../Drivers/CMSIS/Include -O0 -ffunction-sections -fdata-sections -Wall -fstack-usage -fcyclomatic-complexity -MMD -MP -MF"Core/Src/main.d" -MT"Core/Src/main.o" --specs=nano.specs -mfloat-abi=soft -mthumb -o "Core/Src/main.o"
arm-none-eabi-gcc -o "I2C_SHT30.elf" @"objects.list"   -mcpu=cortex-m3 -T"D:\smart_garden\I2C_SHT30\STM32F103C8TX_FLASH.ld" --specs=nosys.specs -Wl,-Map="I2C_SHT30.map" -Wl,--gc-sections -static --specs=nano.specs -mfloat-abi=soft -mthumb -Wl,--start-group -lc -lm -Wl,--end-group
Finished building target: I2C_SHT30.elf
 
arm-none-eabi-size   I2C_SHT30.elf 
arm-none-eabi-objdump -h -S  I2C_SHT30.elf  > "I2C_SHT30.list"
   text	   data	    bss	    dec	    hex	filename
   6280	     20	   1660	   7960	   1f18	I2C_SHT30.elf
Finished building: default.size.stdout
 
Finished building: I2C_SHT30.list
 
19:57:35 **** Incremental Build of configuration Debug for project I2C_SHT30 ****
make -j16 all 
arm-none-eabi-gcc "../Core/Src/main.c" -mcpu=cortex-m3 -std=gnu11 -g3 -DDEBUG -DUSE_HAL_DRIVER -DSTM32F103xB -c -I../Core/Inc -I../Drivers/STM32F1xx_HAL_Driver/Inc/Legacy -I../Drivers/STM32F1xx_HAL_Driver/Inc -I../Drivers/CMSIS/Device/ST/STM32F1xx/Include -I../Drivers/CMSIS/Include -O0 -ffunction-sections -fdata-sections -Wall -fstack-usage -fcyclomatic-complexity -MMD -MP -MF"Core/Src/main.d" -MT"Core/Src/main.o" --specs=nano.specs -mfloat-abi=soft -mthumb -o "Core/Src/main.o"
arm-none-eabi-gcc -o "I2C_SHT30.elf" @"objects.list"   -mcpu=cortex-m3 -T"D:\smart_garden\I2C_SHT30\STM32F103C8TX_FLASH.ld" --specs=nosys.specs -Wl,-Map="I2C_SHT30.map" -Wl,--gc-sections -static --specs=nano.specs -mfloat-abi=soft -mthumb -Wl,--start-group -lc -lm -Wl,--end-group
Finished building target: I2C_SHT30.elf
 
arm-none-eabi-size   I2C_SHT30.elf 
arm-none-eabi-objdump -h -S  I2C_SHT30.elf  > "I2C_SHT30.list"
   text	   data	    bss	    dec	    hex	filename
   6280	     20	   1660	   7960	   1f18	I2C_SHT30.elf
Finished building: default.size.stdout
 
Finished building: I2C_SHT30.list
 
21:12:20 **** Incremental Build of configuration Debug for project I2C_SHT30 ****
make -j16 all 
arm-none-eabi-size   I2C_SHT30.elf 
   text	   data	    bss	    dec	    hex	filename
   6280	     20	   1660	   7960	   1f18	I2C_SHT30.elf
Finished building: default.size.stdout
 
21:12:20 **** Incremental Build of configuration Debug for project I2C_SHT30_DS3231 ****
make -j16 all 
arm-none-eabi-size   I2C_SHT30_DS3231.elf 
   text	   data	    bss	    dec	    hex	filename
  10068	     24	   1664	  11756	   2dec	I2C_SHT30_DS3231.elf
Finished building: default.size.stdout
 
21:12:21 **** Incremental Build of configuration Debug for project LORA_V2 ****
make -j16 all 
arm-none-eabi-size   LORA_V2.elf 
   text	   data	    bss	    dec	    hex	filename
  14572	     24	   1872	  16468	   4054	LORA_V2.elf
Finished building: default.size.stdout
 
21:12:21 **** Build of configuration Debug for project Low_Power ****
make -j16 all 
arm-none-eabi-gcc "../Drivers/STM32F1xx_HAL_Driver/Src/stm32f1xx_hal.c" -mcpu=cortex-m3 -std=gnu11 -g3 -DDEBUG -DUSE_HAL_DRIVER -DSTM32F103xB -c -I../Core/Inc -I../Drivers/STM32F1xx_HAL_Driver/Inc/Legacy -I../Drivers/STM32F1xx_HAL_Driver/Inc -I../Drivers/CMSIS/Device/ST/STM32F1xx/Include -I../Drivers/CMSIS/Include -O0 -ffunction-sections -fdata-sections -Wall -fstack-usage -fcyclomatic-complexity -MMD -MP -MF"Drivers/STM32F1xx_HAL_Driver/Src/stm32f1xx_hal.d" -MT"Drivers/STM32F1xx_HAL_Driver/Src/stm32f1xx_hal.o" --specs=nano.specs -mfloat-abi=soft -mthumb -o "Drivers/STM32F1xx_HAL_Driver/Src/stm32f1xx_hal.o"
arm-none-eabi-gcc "../Drivers/STM32F1xx_HAL_Driver/Src/stm32f1xx_hal_cortex.c" -mcpu=cortex-m3 -std=gnu11 -g3 -DDEBUG -DUSE_HAL_DRIVER -DSTM32F103xB -c -I../Core/Inc -I../Drivers/STM32F1xx_HAL_Driver/Inc/Legacy -I../Drivers/STM32F1xx_HAL_Driver/Inc -I../Drivers/CMSIS/Device/ST/STM32F1xx/Include -I../Drivers/CMSIS/Include -O0 -ffunction-sections -fdata-sections -Wall -fstack-usage -fcyclomatic-complexity -MMD -MP -MF"Drivers/STM32F1xx_HAL_Driver/Src/stm32f1xx_hal_cortex.d" -MT"Drivers/STM32F1xx_HAL_Driver/Src/stm32f1xx_hal_cortex.o" --specs=nano.specs -mfloat-abi=soft -mthumb -o "Drivers/STM32F1xx_HAL_Driver/Src/stm32f1xx_hal_cortex.o"
arm-none-eabi-gcc "../Drivers/STM32F1xx_HAL_Driver/Src/stm32f1xx_hal_dma.c" -mcpu=cortex-m3 -std=gnu11 -g3 -DDEBUG -DUSE_HAL_DRIVER -DSTM32F103xB -c -I../Core/Inc -I../Drivers/STM32F1xx_HAL_Driver/Inc/Legacy -I../Drivers/STM32F1xx_HAL_Driver/Inc -I../Drivers/CMSIS/Device/ST/STM32F1xx/Include -I../Drivers/CMSIS/Include -O0 -ffunction-sections -fdata-sections -Wall -fstack-usage -fcyclomatic-complexity -MMD -MP -MF"Drivers/STM32F1xx_HAL_Driver/Src/stm32f1xx_hal_dma.d" -MT"Drivers/STM32F1xx_HAL_Driver/Src/stm32f1xx_hal_dma.o" --specs=nano.specs -mfloat-abi=soft -mthumb -o "Drivers/STM32F1xx_HAL_Driver/Src/stm32f1xx_hal_dma.o"
arm-none-eabi-gcc "../Drivers/STM32F1xx_HAL_Driver/Src/stm32f1xx_hal_exti.c" -mcpu=cortex-m3 -std=gnu11 -g3 -DDEBUG -DUSE_HAL_DRIVER -DSTM32F103xB -c -I../Core/Inc -I../Drivers/STM32F1xx_HAL_Driver/Inc/Legacy -I../Drivers/STM32F1xx_HAL_Driver/Inc -I../Drivers/CMSIS/Device/ST/STM32F1xx/Include -I../Drivers/CMSIS/Include -O0 -ffunction-sections -fdata-sections -Wall -fstack-usage -fcyclomatic-complexity -MMD -MP -MF"Drivers/STM32F1xx_HAL_Driver/Src/stm32f1xx_hal_exti.d" -MT"Drivers/STM32F1xx_HAL_Driver/Src/stm32f1xx_hal_exti.o" --specs=nano.specs -mfloat-abi=soft -mthumb -o "Drivers/STM32F1xx_HAL_Driver/Src/stm32f1xx_hal_exti.o"
arm-none-eabi-gcc "../Drivers/STM32F1xx_HAL_Driver/Src/stm32f1xx_hal_flash.c" -mcpu=cortex-m3 -std=gnu11 -g3 -DDEBUG -DUSE_HAL_DRIVER -DSTM32F103xB -c -I../Core/Inc -I../Drivers/STM32F1xx_HAL_Driver/Inc/Legacy -I../Drivers/STM32F1xx_HAL_Driver/Inc -I../Drivers/CMSIS/Device/ST/STM32F1xx/Include -I../Drivers/CMSIS/Include -O0 -ffunction-sections -fdata-sections -Wall -fstack-usage -fcyclomatic-complexity -MMD -MP -MF"Drivers/STM32F1xx_HAL_Driver/Src/stm32f1xx_hal_flash.d" -MT"Drivers/STM32F1xx_HAL_Driver/Src/stm32f1xx_hal_flash.o" --specs=nano.specs -mfloat-abi=soft -mthumb -o "Drivers/STM32F1xx_HAL_Driver/Src/stm32f1xx_hal_flash.o"
arm-none-eabi-gcc "../Drivers/STM32F1xx_HAL_Driver/Src/stm32f1xx_hal_flash_ex.c" -mcpu=cortex-m3 -std=gnu11 -g3 -DDEBUG -DUSE_HAL_DRIVER -DSTM32F103xB -c -I../Core/Inc -I../Drivers/STM32F1xx_HAL_Driver/Inc/Legacy -I../Drivers/STM32F1xx_HAL_Driver/Inc -I../Drivers/CMSIS/Device/ST/STM32F1xx/Include -I../Drivers/CMSIS/Include -O0 -ffunction-sections -fdata-sections -Wall -fstack-usage -fcyclomatic-complexity -MMD -MP -MF"Drivers/STM32F1xx_HAL_Driver/Src/stm32f1xx_hal_flash_ex.d" -MT"Drivers/STM32F1xx_HAL_Driver/Src/stm32f1xx_hal_flash_ex.o" --specs=nano.specs -mfloat-abi=soft -mthumb -o "Drivers/STM32F1xx_HAL_Driver/Src/stm32f1xx_hal_flash_ex.o"
arm-none-eabi-gcc "../Drivers/STM32F1xx_HAL_Driver/Src/stm32f1xx_hal_gpio.c" -mcpu=cortex-m3 -std=gnu11 -g3 -DDEBUG -DUSE_HAL_DRIVER -DSTM32F103xB -c -I../Core/Inc -I../Drivers/STM32F1xx_HAL_Driver/Inc/Legacy -I../Drivers/STM32F1xx_HAL_Driver/Inc -I../Drivers/CMSIS/Device/ST/STM32F1xx/Include -I../Drivers/CMSIS/Include -O0 -ffunction-sections -fdata-sections -Wall -fstack-usage -fcyclomatic-complexity -MMD -MP -MF"Drivers/STM32F1xx_HAL_Driver/Src/stm32f1xx_hal_gpio.d" -MT"Drivers/STM32F1xx_HAL_Driver/Src/stm32f1xx_hal_gpio.o" --specs=nano.specs -mfloat-abi=soft -mthumb -o "Drivers/STM32F1xx_HAL_Driver/Src/stm32f1xx_hal_gpio.o"
arm-none-eabi-gcc "../Drivers/STM32F1xx_HAL_Driver/Src/stm32f1xx_hal_gpio_ex.c" -mcpu=cortex-m3 -std=gnu11 -g3 -DDEBUG -DUSE_HAL_DRIVER -DSTM32F103xB -c -I../Core/Inc -I../Drivers/STM32F1xx_HAL_Driver/Inc/Legacy -I../Drivers/STM32F1xx_HAL_Driver/Inc -I../Drivers/CMSIS/Device/ST/STM32F1xx/Include -I../Drivers/CMSIS/Include -O0 -ffunction-sections -fdata-sections -Wall -fstack-usage -fcyclomatic-complexity -MMD -MP -MF"Drivers/STM32F1xx_HAL_Driver/Src/stm32f1xx_hal_gpio_ex.d" -MT"Drivers/STM32F1xx_HAL_Driver/Src/stm32f1xx_hal_gpio_ex.o" --specs=nano.specs -mfloat-abi=soft -mthumb -o "Drivers/STM32F1xx_HAL_Driver/Src/stm32f1xx_hal_gpio_ex.o"
arm-none-eabi-gcc "../Drivers/STM32F1xx_HAL_Driver/Src/stm32f1xx_hal_pwr.c" -mcpu=cortex-m3 -std=gnu11 -g3 -DDEBUG -DUSE_HAL_DRIVER -DSTM32F103xB -c -I../Core/Inc -I../Drivers/STM32F1xx_HAL_Driver/Inc/Legacy -I../Drivers/STM32F1xx_HAL_Driver/Inc -I../Drivers/CMSIS/Device/ST/STM32F1xx/Include -I../Drivers/CMSIS/Include -O0 -ffunction-sections -fdata-sections -Wall -fstack-usage -fcyclomatic-complexity -MMD -MP -MF"Drivers/STM32F1xx_HAL_Driver/Src/stm32f1xx_hal_pwr.d" -MT"Drivers/STM32F1xx_HAL_Driver/Src/stm32f1xx_hal_pwr.o" --specs=nano.specs -mfloat-abi=soft -mthumb -o "Drivers/STM32F1xx_HAL_Driver/Src/stm32f1xx_hal_pwr.o"
arm-none-eabi-gcc "../Drivers/STM32F1xx_HAL_Driver/Src/stm32f1xx_hal_rcc.c" -mcpu=cortex-m3 -std=gnu11 -g3 -DDEBUG -DUSE_HAL_DRIVER -DSTM32F103xB -c -I../Core/Inc -I../Drivers/STM32F1xx_HAL_Driver/Inc/Legacy -I../Drivers/STM32F1xx_HAL_Driver/Inc -I../Drivers/CMSIS/Device/ST/STM32F1xx/Include -I../Drivers/CMSIS/Include -O0 -ffunction-sections -fdata-sections -Wall -fstack-usage -fcyclomatic-complexity -MMD -MP -MF"Drivers/STM32F1xx_HAL_Driver/Src/stm32f1xx_hal_rcc.d" -MT"Drivers/STM32F1xx_HAL_Driver/Src/stm32f1xx_hal_rcc.o" --specs=nano.specs -mfloat-abi=soft -mthumb -o "Drivers/STM32F1xx_HAL_Driver/Src/stm32f1xx_hal_rcc.o"
arm-none-eabi-gcc "../Drivers/STM32F1xx_HAL_Driver/Src/stm32f1xx_hal_rcc_ex.c" -mcpu=cortex-m3 -std=gnu11 -g3 -DDEBUG -DUSE_HAL_DRIVER -DSTM32F103xB -c -I../Core/Inc -I../Drivers/STM32F1xx_HAL_Driver/Inc/Legacy -I../Drivers/STM32F1xx_HAL_Driver/Inc -I../Drivers/CMSIS/Device/ST/STM32F1xx/Include -I../Drivers/CMSIS/Include -O0 -ffunction-sections -fdata-sections -Wall -fstack-usage -fcyclomatic-complexity -MMD -MP -MF"Drivers/STM32F1xx_HAL_Driver/Src/stm32f1xx_hal_rcc_ex.d" -MT"Drivers/STM32F1xx_HAL_Driver/Src/stm32f1xx_hal_rcc_ex.o" --specs=nano.specs -mfloat-abi=soft -mthumb -o "Drivers/STM32F1xx_HAL_Driver/Src/stm32f1xx_hal_rcc_ex.o"
arm-none-eabi-gcc "../Drivers/STM32F1xx_HAL_Driver/Src/stm32f1xx_hal_tim.c" -mcpu=cortex-m3 -std=gnu11 -g3 -DDEBUG -DUSE_HAL_DRIVER -DSTM32F103xB -c -I../Core/Inc -I../Drivers/STM32F1xx_HAL_Driver/Inc/Legacy -I../Drivers/STM32F1xx_HAL_Driver/Inc -I../Drivers/CMSIS/Device/ST/STM32F1xx/Include -I../Drivers/CMSIS/Include -O0 -ffunction-sections -fdata-sections -Wall -fstack-usage -fcyclomatic-complexity -MMD -MP -MF"Drivers/STM32F1xx_HAL_Driver/Src/stm32f1xx_hal_tim.d" -MT"Drivers/STM32F1xx_HAL_Driver/Src/stm32f1xx_hal_tim.o" --specs=nano.specs -mfloat-abi=soft -mthumb -o "Drivers/STM32F1xx_HAL_Driver/Src/stm32f1xx_hal_tim.o"
arm-none-eabi-gcc "../Drivers/STM32F1xx_HAL_Driver/Src/stm32f1xx_hal_tim_ex.c" -mcpu=cortex-m3 -std=gnu11 -g3 -DDEBUG -DUSE_HAL_DRIVER -DSTM32F103xB -c -I../Core/Inc -I../Drivers/STM32F1xx_HAL_Driver/Inc/Legacy -I../Drivers/STM32F1xx_HAL_Driver/Inc -I../Drivers/CMSIS/Device/ST/STM32F1xx/Include -I../Drivers/CMSIS/Include -O0 -ffunction-sections -fdata-sections -Wall -fstack-usage -fcyclomatic-complexity -MMD -MP -MF"Drivers/STM32F1xx_HAL_Driver/Src/stm32f1xx_hal_tim_ex.d" -MT"Drivers/STM32F1xx_HAL_Driver/Src/stm32f1xx_hal_tim_ex.o" --specs=nano.specs -mfloat-abi=soft -mthumb -o "Drivers/STM32F1xx_HAL_Driver/Src/stm32f1xx_hal_tim_ex.o"
arm-none-eabi-gcc "../Drivers/STM32F1xx_HAL_Driver/Src/stm32f1xx_hal_uart.c" -mcpu=cortex-m3 -std=gnu11 -g3 -DDEBUG -DUSE_HAL_DRIVER -DSTM32F103xB -c -I../Core/Inc -I../Drivers/STM32F1xx_HAL_Driver/Inc/Legacy -I../Drivers/STM32F1xx_HAL_Driver/Inc -I../Drivers/CMSIS/Device/ST/STM32F1xx/Include -I../Drivers/CMSIS/Include -O0 -ffunction-sections -fdata-sections -Wall -fstack-usage -fcyclomatic-complexity -MMD -MP -MF"Drivers/STM32F1xx_HAL_Driver/Src/stm32f1xx_hal_uart.d" -MT"Drivers/STM32F1xx_HAL_Driver/Src/stm32f1xx_hal_uart.o" --specs=nano.specs -mfloat-abi=soft -mthumb -o "Drivers/STM32F1xx_HAL_Driver/Src/stm32f1xx_hal_uart.o"
arm-none-eabi-gcc -mcpu=cortex-m3 -g3 -DDEBUG -c -x assembler-with-cpp -MMD -MP -MF"Core/Startup/startup_stm32f103c8tx.d" -MT"Core/Startup/startup_stm32f103c8tx.o" --specs=nano.specs -mfloat-abi=soft -mthumb -o "Core/Startup/startup_stm32f103c8tx.o" "../Core/Startup/startup_stm32f103c8tx.s"
arm-none-eabi-gcc "../Core/Src/main.c" -mcpu=cortex-m3 -std=gnu11 -g3 -DDEBUG -DUSE_HAL_DRIVER -DSTM32F103xB -c -I../Core/Inc -I../Drivers/STM32F1xx_HAL_Driver/Inc/Legacy -I../Drivers/STM32F1xx_HAL_Driver/Inc -I../Drivers/CMSIS/Device/ST/STM32F1xx/Include -I../Drivers/CMSIS/Include -O0 -ffunction-sections -fdata-sections -Wall -fstack-usage -fcyclomatic-complexity -MMD -MP -MF"Core/Src/main.d" -MT"Core/Src/main.o" --specs=nano.specs -mfloat-abi=soft -mthumb -o "Core/Src/main.o"
arm-none-eabi-gcc "../Core/Src/stm32f1xx_hal_msp.c" -mcpu=cortex-m3 -std=gnu11 -g3 -DDEBUG -DUSE_HAL_DRIVER -DSTM32F103xB -c -I../Core/Inc -I../Drivers/STM32F1xx_HAL_Driver/Inc/Legacy -I../Drivers/STM32F1xx_HAL_Driver/Inc -I../Drivers/CMSIS/Device/ST/STM32F1xx/Include -I../Drivers/CMSIS/Include -O0 -ffunction-sections -fdata-sections -Wall -fstack-usage -fcyclomatic-complexity -MMD -MP -MF"Core/Src/stm32f1xx_hal_msp.d" -MT"Core/Src/stm32f1xx_hal_msp.o" --specs=nano.specs -mfloat-abi=soft -mthumb -o "Core/Src/stm32f1xx_hal_msp.o"
../Core/Src/main.c:47:15: error: expected ';' before 'void'
   47 | uint8_t Rxdata
      |               ^
      |               ;
......
   51 | void SystemClock_Config(void);
      | ~~~~           
../Core/Src/main.c: In function 'HAL_UART_RxCpltCallback':
../Core/Src/main.c:61:37: error: 'Rxdata' undeclared (first use in this function)
   61 |         HAL_UART_Receive_IT(huart, &Rxdata, 1);
      |                                     ^~~~~~
../Core/Src/main.c:61:37: note: each undeclared identifier is reported only once for each function it appears in
../Core/Src/main.c: In function 'main':
../Core/Src/main.c:102:14: error: assignment to expression with array type
  102 |           str="about to go to sleep mode";
      |              ^
../Core/Src/main.c:103:53: warning: implicit declaration of function 'strlen' [-Wimplicit-function-declaration]
  103 |           HAL_UART_Transmit(&huart1, (uint8_t*)str, strlen(str), 1000);
      |                                                     ^~~~~~
../Core/Src/main.c:21:1: note: include '<string.h>' or provide a declaration of 'strlen'
   20 | #include "main.h"
  +++ |+#include <string.h>
   21 | 
../Core/Src/main.c:103:53: warning: incompatible implicit declaration of built-in function 'strlen' [-Wbuiltin-declaration-mismatch]
  103 |           HAL_UART_Transmit(&huart1, (uint8_t*)str, strlen(str), 1000);
      |                                                     ^~~~~~
../Core/Src/main.c:103:53: note: include '<string.h>' or provide a declaration of 'strlen'
../Core/Src/main.c:113:14: error: assignment to expression with array type
  113 |           str="wake up from sleep mode";
      |              ^
make: *** [Core/Src/subdir.mk:34: Core/Src/main.o] Error 1
make: *** Waiting for unfinished jobs....
"make -j16 all" terminated with exit code 2. Build might be incomplete.
21:12:34 **** Incremental Build of configuration Debug for project I2C_SHT30 ****
make -j16 all 
arm-none-eabi-size   I2C_SHT30.elf 
   text	   data	    bss	    dec	    hex	filename
   6280	     20	   1660	   7960	   1f18	I2C_SHT30.elf
Finished building: default.size.stdout
 
21:12:35 **** Incremental Build of configuration Debug for project I2C_SHT30_DS3231 ****
make -j16 all 
arm-none-eabi-size   I2C_SHT30_DS3231.elf 
   text	   data	    bss	    dec	    hex	filename
  10068	     24	   1664	  11756	   2dec	I2C_SHT30_DS3231.elf
Finished building: default.size.stdout
 
21:12:35 **** Incremental Build of configuration Debug for project LORA_V2 ****
make -j16 all 
arm-none-eabi-size   LORA_V2.elf 
   text	   data	    bss	    dec	    hex	filename
  14572	     24	   1872	  16468	   4054	LORA_V2.elf
Finished building: default.size.stdout
 
21:12:35 **** Incremental Build of configuration Debug for project Low_Power ****
make -j16 all 
arm-none-eabi-gcc "../Core/Src/main.c" -mcpu=cortex-m3 -std=gnu11 -g3 -DDEBUG -DUSE_HAL_DRIVER -DSTM32F103xB -c -I../Core/Inc -I../Drivers/STM32F1xx_HAL_Driver/Inc/Legacy -I../Drivers/STM32F1xx_HAL_Driver/Inc -I../Drivers/CMSIS/Device/ST/STM32F1xx/Include -I../Drivers/CMSIS/Include -O0 -ffunction-sections -fdata-sections -Wall -fstack-usage -fcyclomatic-complexity -MMD -MP -MF"Core/Src/main.d" -MT"Core/Src/main.o" --specs=nano.specs -mfloat-abi=soft -mthumb -o "Core/Src/main.o"
arm-none-eabi-gcc "../Core/Src/stm32f1xx_it.c" -mcpu=cortex-m3 -std=gnu11 -g3 -DDEBUG -DUSE_HAL_DRIVER -DSTM32F103xB -c -I../Core/Inc -I../Drivers/STM32F1xx_HAL_Driver/Inc/Legacy -I../Drivers/STM32F1xx_HAL_Driver/Inc -I../Drivers/CMSIS/Device/ST/STM32F1xx/Include -I../Drivers/CMSIS/Include -O0 -ffunction-sections -fdata-sections -Wall -fstack-usage -fcyclomatic-complexity -MMD -MP -MF"Core/Src/stm32f1xx_it.d" -MT"Core/Src/stm32f1xx_it.o" --specs=nano.specs -mfloat-abi=soft -mthumb -o "Core/Src/stm32f1xx_it.o"
arm-none-eabi-gcc "../Core/Src/syscalls.c" -mcpu=cortex-m3 -std=gnu11 -g3 -DDEBUG -DUSE_HAL_DRIVER -DSTM32F103xB -c -I../Core/Inc -I../Drivers/STM32F1xx_HAL_Driver/Inc/Legacy -I../Drivers/STM32F1xx_HAL_Driver/Inc -I../Drivers/CMSIS/Device/ST/STM32F1xx/Include -I../Drivers/CMSIS/Include -O0 -ffunction-sections -fdata-sections -Wall -fstack-usage -fcyclomatic-complexity -MMD -MP -MF"Core/Src/syscalls.d" -MT"Core/Src/syscalls.o" --specs=nano.specs -mfloat-abi=soft -mthumb -o "Core/Src/syscalls.o"
arm-none-eabi-gcc "../Core/Src/sysmem.c" -mcpu=cortex-m3 -std=gnu11 -g3 -DDEBUG -DUSE_HAL_DRIVER -DSTM32F103xB -c -I../Core/Inc -I../Drivers/STM32F1xx_HAL_Driver/Inc/Legacy -I../Drivers/STM32F1xx_HAL_Driver/Inc -I../Drivers/CMSIS/Device/ST/STM32F1xx/Include -I../Drivers/CMSIS/Include -O0 -ffunction-sections -fdata-sections -Wall -fstack-usage -fcyclomatic-complexity -MMD -MP -MF"Core/Src/sysmem.d" -MT"Core/Src/sysmem.o" --specs=nano.specs -mfloat-abi=soft -mthumb -o "Core/Src/sysmem.o"
arm-none-eabi-gcc "../Core/Src/system_stm32f1xx.c" -mcpu=cortex-m3 -std=gnu11 -g3 -DDEBUG -DUSE_HAL_DRIVER -DSTM32F103xB -c -I../Core/Inc -I../Drivers/STM32F1xx_HAL_Driver/Inc/Legacy -I../Drivers/STM32F1xx_HAL_Driver/Inc -I../Drivers/CMSIS/Device/ST/STM32F1xx/Include -I../Drivers/CMSIS/Include -O0 -ffunction-sections -fdata-sections -Wall -fstack-usage -fcyclomatic-complexity -MMD -MP -MF"Core/Src/system_stm32f1xx.d" -MT"Core/Src/system_stm32f1xx.o" --specs=nano.specs -mfloat-abi=soft -mthumb -o "Core/Src/system_stm32f1xx.o"
../Core/Src/main.c: In function 'main':
../Core/Src/main.c:102:14: error: assignment to expression with array type
  102 |           str="about to go to sleep mode";
      |              ^
../Core/Src/main.c:103:53: warning: implicit declaration of function 'strlen' [-Wimplicit-function-declaration]
  103 |           HAL_UART_Transmit(&huart1, (uint8_t*)str, strlen(str), 1000);
      |                                                     ^~~~~~
../Core/Src/main.c:21:1: note: include '<string.h>' or provide a declaration of 'strlen'
   20 | #include "main.h"
  +++ |+#include <string.h>
   21 | 
../Core/Src/main.c:103:53: warning: incompatible implicit declaration of built-in function 'strlen' [-Wbuiltin-declaration-mismatch]
  103 |           HAL_UART_Transmit(&huart1, (uint8_t*)str, strlen(str), 1000);
      |                                                     ^~~~~~
../Core/Src/main.c:103:53: note: include '<string.h>' or provide a declaration of 'strlen'
../Core/Src/main.c:113:14: error: assignment to expression with array type
  113 |           str="wake up from sleep mode";
      |              ^
make: *** [Core/Src/subdir.mk:34: Core/Src/main.o] Error 1
make: *** Waiting for unfinished jobs....
"make -j16 all" terminated with exit code 2. Build might be incomplete.
21:16:30 **** Incremental Build of configuration Debug for project I2C_SHT30 ****
make -j16 all 
arm-none-eabi-size   I2C_SHT30.elf 
   text	   data	    bss	    dec	    hex	filename
   6280	     20	   1660	   7960	   1f18	I2C_SHT30.elf
Finished building: default.size.stdout
 
21:16:30 **** Incremental Build of configuration Debug for project I2C_SHT30_DS3231 ****
make -j16 all 
arm-none-eabi-size   I2C_SHT30_DS3231.elf 
   text	   data	    bss	    dec	    hex	filename
  10068	     24	   1664	  11756	   2dec	I2C_SHT30_DS3231.elf
Finished building: default.size.stdout
 
21:16:31 **** Incremental Build of configuration Debug for project LORA_V2 ****
make -j16 all 
arm-none-eabi-size   LORA_V2.elf 
   text	   data	    bss	    dec	    hex	filename
  14572	     24	   1872	  16468	   4054	LORA_V2.elf
Finished building: default.size.stdout
 
21:16:31 **** Incremental Build of configuration Debug for project Low_Power ****
make -j16 all 
arm-none-eabi-gcc "../Core/Src/main.c" -mcpu=cortex-m3 -std=gnu11 -g3 -DDEBUG -DUSE_HAL_DRIVER -DSTM32F103xB -c -I../Core/Inc -I../Drivers/STM32F1xx_HAL_Driver/Inc/Legacy -I../Drivers/STM32F1xx_HAL_Driver/Inc -I../Drivers/CMSIS/Device/ST/STM32F1xx/Include -I../Drivers/CMSIS/Include -O0 -ffunction-sections -fdata-sections -Wall -fstack-usage -fcyclomatic-complexity -MMD -MP -MF"Core/Src/main.d" -MT"Core/Src/main.o" --specs=nano.specs -mfloat-abi=soft -mthumb -o "Core/Src/main.o"
../Core/Src/main.c: In function 'main':
../Core/Src/main.c:102:14: error: assignment to expression with array type
  102 |           str="about to go to sleep mode";
      |              ^
../Core/Src/main.c:103:53: warning: implicit declaration of function 'strlen' [-Wimplicit-function-declaration]
  103 |           HAL_UART_Transmit(&huart1, (uint8_t*)str, strlen(str), 1000);
      |                                                     ^~~~~~
../Core/Src/main.c:21:1: note: include '<string.h>' or provide a declaration of 'strlen'
   20 | #include "main.h"
  +++ |+#include <string.h>
   21 | 
../Core/Src/main.c:103:53: warning: incompatible implicit declaration of built-in function 'strlen' [-Wbuiltin-declaration-mismatch]
  103 |           HAL_UART_Transmit(&huart1, (uint8_t*)str, strlen(str), 1000);
      |                                                     ^~~~~~
../Core/Src/main.c:103:53: note: include '<string.h>' or provide a declaration of 'strlen'
../Core/Src/main.c:113:14: error: assignment to expression with array type
  113 |           str="wake up from sleep mode";
      |              ^
make: *** [Core/Src/subdir.mk:34: Core/Src/main.o] Error 1
"make -j16 all" terminated with exit code 2. Build might be incomplete.
21:17:04 **** Incremental Build of configuration Debug for project I2C_SHT30 ****
make -j16 all 
arm-none-eabi-size   I2C_SHT30.elf 
   text	   data	    bss	    dec	    hex	filename
   6280	     20	   1660	   7960	   1f18	I2C_SHT30.elf
Finished building: default.size.stdout
 
21:17:04 **** Incremental Build of configuration Debug for project I2C_SHT30_DS3231 ****
make -j16 all 
arm-none-eabi-size   I2C_SHT30_DS3231.elf 
   text	   data	    bss	    dec	    hex	filename
  10068	     24	   1664	  11756	   2dec	I2C_SHT30_DS3231.elf
Finished building: default.size.stdout
 
21:17:04 **** Incremental Build of configuration Debug for project LORA_V2 ****
make -j16 all 
arm-none-eabi-size   LORA_V2.elf 
   text	   data	    bss	    dec	    hex	filename
  14572	     24	   1872	  16468	   4054	LORA_V2.elf
Finished building: default.size.stdout
 
21:17:04 **** Incremental Build of configuration Debug for project Low_Power ****
make -j16 all 
arm-none-eabi-gcc "../Core/Src/main.c" -mcpu=cortex-m3 -std=gnu11 -g3 -DDEBUG -DUSE_HAL_DRIVER -DSTM32F103xB -c -I../Core/Inc -I../Drivers/STM32F1xx_HAL_Driver/Inc/Legacy -I../Drivers/STM32F1xx_HAL_Driver/Inc -I../Drivers/CMSIS/Device/ST/STM32F1xx/Include -I../Drivers/CMSIS/Include -O0 -ffunction-sections -fdata-sections -Wall -fstack-usage -fcyclomatic-complexity -MMD -MP -MF"Core/Src/main.d" -MT"Core/Src/main.o" --specs=nano.specs -mfloat-abi=soft -mthumb -o "Core/Src/main.o"
../Core/Src/main.c: In function 'main':
../Core/Src/main.c:102:14: error: assignment to expression with array type
  102 |           str="about to go to sleep mode";
      |              ^
../Core/Src/main.c:103:53: warning: implicit declaration of function 'strlen' [-Wimplicit-function-declaration]
  103 |           HAL_UART_Transmit(&huart1, (uint8_t*)str, strlen(str), 1000);
      |                                                     ^~~~~~
../Core/Src/main.c:21:1: note: include '<string.h>' or provide a declaration of 'strlen'
   20 | #include "main.h"
  +++ |+#include <string.h>
   21 | 
../Core/Src/main.c:103:53: warning: incompatible implicit declaration of built-in function 'strlen' [-Wbuiltin-declaration-mismatch]
  103 |           HAL_UART_Transmit(&huart1, (uint8_t*)str, strlen(str), 1000);
      |                                                     ^~~~~~
../Core/Src/main.c:103:53: note: include '<string.h>' or provide a declaration of 'strlen'
../Core/Src/main.c:113:14: error: assignment to expression with array type
  113 |           str="wake up from sleep mode";
      |              ^
make: *** [Core/Src/subdir.mk:34: Core/Src/main.o] Error 1
"make -j16 all" terminated with exit code 2. Build might be incomplete.
21:17:57 **** Incremental Build of configuration Debug for project I2C_SHT30 ****
make -j16 all 
arm-none-eabi-size   I2C_SHT30.elf 
   text	   data	    bss	    dec	    hex	filename
   6280	     20	   1660	   7960	   1f18	I2C_SHT30.elf
Finished building: default.size.stdout
 
21:17:57 **** Incremental Build of configuration Debug for project I2C_SHT30_DS3231 ****
make -j16 all 
arm-none-eabi-size   I2C_SHT30_DS3231.elf 
   text	   data	    bss	    dec	    hex	filename
  10068	     24	   1664	  11756	   2dec	I2C_SHT30_DS3231.elf
Finished building: default.size.stdout
 
21:17:58 **** Incremental Build of configuration Debug for project LORA_V2 ****
make -j16 all 
arm-none-eabi-size   LORA_V2.elf 
   text	   data	    bss	    dec	    hex	filename
  14572	     24	   1872	  16468	   4054	LORA_V2.elf
Finished building: default.size.stdout
 
21:17:58 **** Incremental Build of configuration Debug for project Low_Power ****
make -j16 all 
arm-none-eabi-gcc "../Core/Src/main.c" -mcpu=cortex-m3 -std=gnu11 -g3 -DDEBUG -DUSE_HAL_DRIVER -DSTM32F103xB -c -I../Core/Inc -I../Drivers/STM32F1xx_HAL_Driver/Inc/Legacy -I../Drivers/STM32F1xx_HAL_Driver/Inc -I../Drivers/CMSIS/Device/ST/STM32F1xx/Include -I../Drivers/CMSIS/Include -O0 -ffunction-sections -fdata-sections -Wall -fstack-usage -fcyclomatic-complexity -MMD -MP -MF"Core/Src/main.d" -MT"Core/Src/main.o" --specs=nano.specs -mfloat-abi=soft -mthumb -o "Core/Src/main.o"
../Core/Src/main.c: In function 'main':
../Core/Src/main.c:102:14: error: assignment to expression with array type
  102 |           str="about to go to sleep mode";
      |              ^
../Core/Src/main.c:103:53: warning: implicit declaration of function 'strlen' [-Wimplicit-function-declaration]
  103 |           HAL_UART_Transmit(&huart1, (uint8_t*)str, strlen(str), 1000);
      |                                                     ^~~~~~
../Core/Src/main.c:21:1: note: include '<string.h>' or provide a declaration of 'strlen'
   20 | #include "main.h"
  +++ |+#include <string.h>
   21 | 
../Core/Src/main.c:103:53: warning: incompatible implicit declaration of built-in function 'strlen' [-Wbuiltin-declaration-mismatch]
  103 |           HAL_UART_Transmit(&huart1, (uint8_t*)str, strlen(str), 1000);
      |                                                     ^~~~~~
../Core/Src/main.c:103:53: note: include '<string.h>' or provide a declaration of 'strlen'
../Core/Src/main.c:113:14: error: assignment to expression with array type
  113 |           str="wake up from sleep mode";
      |              ^
make: *** [Core/Src/subdir.mk:34: Core/Src/main.o] Error 1
"make -j16 all" terminated with exit code 2. Build might be incomplete.
21:19:13 **** Incremental Build of configuration Debug for project Low_Power ****
make -j16 all 
arm-none-eabi-gcc "../Core/Src/main.c" -mcpu=cortex-m3 -std=gnu11 -g3 -DDEBUG -DUSE_HAL_DRIVER -DSTM32F103xB -c -I../Core/Inc -I../Drivers/STM32F1xx_HAL_Driver/Inc/Legacy -I../Drivers/STM32F1xx_HAL_Driver/Inc -I../Drivers/CMSIS/Device/ST/STM32F1xx/Include -I../Drivers/CMSIS/Include -O0 -ffunction-sections -fdata-sections -Wall -fstack-usage -fcyclomatic-complexity -MMD -MP -MF"Core/Src/main.d" -MT"Core/Src/main.o" --specs=nano.specs -mfloat-abi=soft -mthumb -o "Core/Src/main.o"
../Core/Src/main.c: In function 'main':
../Core/Src/main.c:103:53: warning: implicit declaration of function 'strlen' [-Wimplicit-function-declaration]
  103 |           HAL_UART_Transmit(&huart1, (uint8_t*)str, strlen(str), 1000);
      |                                                     ^~~~~~
../Core/Src/main.c:21:1: note: include '<string.h>' or provide a declaration of 'strlen'
   20 | #include "main.h"
  +++ |+#include <string.h>
   21 | 
../Core/Src/main.c:103:53: warning: incompatible implicit declaration of built-in function 'strlen' [-Wbuiltin-declaration-mismatch]
  103 |           HAL_UART_Transmit(&huart1, (uint8_t*)str, strlen(str), 1000);
      |                                                     ^~~~~~
../Core/Src/main.c:103:53: note: include '<string.h>' or provide a declaration of 'strlen'
arm-none-eabi-gcc -o "Low_Power.elf" @"objects.list"   -mcpu=cortex-m3 -T"D:\smart_garden\Low_Power\STM32F103C8TX_FLASH.ld" --specs=nosys.specs -Wl,-Map="Low_Power.map" -Wl,--gc-sections -static --specs=nano.specs -mfloat-abi=soft -mthumb -Wl,--start-group -lc -lm -Wl,--end-group
Finished building target: Low_Power.elf
 
arm-none-eabi-size   Low_Power.elf 
arm-none-eabi-objdump -h -S  Low_Power.elf  > "Low_Power.list"
   text	   data	    bss	    dec	    hex	filename
   9224	     20	   1652	  10896	   2a90	Low_Power.elf
Finished building: default.size.stdout
 
Finished building: Low_Power.list
 
21:19:39 **** Incremental Build of configuration Debug for project I2C_SHT30 ****
make -j16 all 
arm-none-eabi-size   I2C_SHT30.elf 
   text	   data	    bss	    dec	    hex	filename
   6280	     20	   1660	   7960	   1f18	I2C_SHT30.elf
Finished building: default.size.stdout
 
21:19:39 **** Incremental Build of configuration Debug for project I2C_SHT30_DS3231 ****
make -j16 all 
arm-none-eabi-size   I2C_SHT30_DS3231.elf 
   text	   data	    bss	    dec	    hex	filename
  10068	     24	   1664	  11756	   2dec	I2C_SHT30_DS3231.elf
Finished building: default.size.stdout
 
21:19:39 **** Incremental Build of configuration Debug for project LORA_V2 ****
make -j16 all 
arm-none-eabi-size   LORA_V2.elf 
   text	   data	    bss	    dec	    hex	filename
  14572	     24	   1872	  16468	   4054	LORA_V2.elf
Finished building: default.size.stdout
 
21:19:39 **** Incremental Build of configuration Debug for project Low_Power ****
make -j16 all 
arm-none-eabi-gcc "../Core/Src/main.c" -mcpu=cortex-m3 -std=gnu11 -g3 -DDEBUG -DUSE_HAL_DRIVER -DSTM32F103xB -c -I../Core/Inc -I../Drivers/STM32F1xx_HAL_Driver/Inc/Legacy -I../Drivers/STM32F1xx_HAL_Driver/Inc -I../Drivers/CMSIS/Device/ST/STM32F1xx/Include -I../Drivers/CMSIS/Include -O0 -ffunction-sections -fdata-sections -Wall -fstack-usage -fcyclomatic-complexity -MMD -MP -MF"Core/Src/main.d" -MT"Core/Src/main.o" --specs=nano.specs -mfloat-abi=soft -mthumb -o "Core/Src/main.o"
arm-none-eabi-gcc -o "Low_Power.elf" @"objects.list"   -mcpu=cortex-m3 -T"D:\smart_garden\Low_Power\STM32F103C8TX_FLASH.ld" --specs=nosys.specs -Wl,-Map="Low_Power.map" -Wl,--gc-sections -static --specs=nano.specs -mfloat-abi=soft -mthumb -Wl,--start-group -lc -lm -Wl,--end-group
Finished building target: Low_Power.elf
 
arm-none-eabi-size   Low_Power.elf 
arm-none-eabi-objdump -h -S  Low_Power.elf  > "Low_Power.list"
   text	   data	    bss	    dec	    hex	filename
   9224	     20	   1652	  10896	   2a90	Low_Power.elf
Finished building: default.size.stdout
 
Finished building: Low_Power.list
 
21:19:57 **** Incremental Build of configuration Debug for project Low_Power ****
make -j16 all 
arm-none-eabi-size   Low_Power.elf 
   text	   data	    bss	    dec	    hex	filename
   9224	     20	   1652	  10896	   2a90	Low_Power.elf
Finished building: default.size.stdout
 
21:21:06 **** Incremental Build of configuration Debug for project Low_Power ****
make -j16 all 
arm-none-eabi-size   Low_Power.elf 
   text	   data	    bss	    dec	    hex	filename
   9224	     20	   1652	  10896	   2a90	Low_Power.elf
Finished building: default.size.stdout
 
21:21:22 **** Incremental Build of configuration Debug for project Low_Power ****
make -j16 all 
arm-none-eabi-size   Low_Power.elf 
   text	   data	    bss	    dec	    hex	filename
   9224	     20	   1652	  10896	   2a90	Low_Power.elf
Finished building: default.size.stdout
 
21:24:12 **** Incremental Build of configuration Debug for project Low_Power ****
make -j16 all 
arm-none-eabi-gcc "../Core/Src/main.c" -mcpu=cortex-m3 -std=gnu11 -g3 -DDEBUG -DUSE_HAL_DRIVER -DSTM32F103xB -c -I../Core/Inc -I../Drivers/STM32F1xx_HAL_Driver/Inc/Legacy -I../Drivers/STM32F1xx_HAL_Driver/Inc -I../Drivers/CMSIS/Device/ST/STM32F1xx/Include -I../Drivers/CMSIS/Include -O0 -ffunction-sections -fdata-sections -Wall -fstack-usage -fcyclomatic-complexity -MMD -MP -MF"Core/Src/main.d" -MT"Core/Src/main.o" --specs=nano.specs -mfloat-abi=soft -mthumb -o "Core/Src/main.o"
../Core/Src/main.c: In function 'main':
../Core/Src/main.c:106:11: warning: implicit declaration of function 'HAL_delay'; did you mean 'HAL_Delay'? [-Wimplicit-function-declaration]
  106 |           HAL_delay(5000);
      |           ^~~~~~~~~
      |           HAL_Delay
arm-none-eabi-gcc -o "Low_Power.elf" @"objects.list"   -mcpu=cortex-m3 -T"D:\smart_garden\Low_Power\STM32F103C8TX_FLASH.ld" --specs=nosys.specs -Wl,-Map="Low_Power.map" -Wl,--gc-sections -static --specs=nano.specs -mfloat-abi=soft -mthumb -Wl,--start-group -lc -lm -Wl,--end-group
C:/ST/STM32CubeIDE_1.13.1/STM32CubeIDE/plugins/com.st.stm32cube.ide.mcu.externaltools.gnu-tools-for-stm32.11.3.rel1.win32_1.1.0.202305231506/tools/bin/../lib/gcc/arm-none-eabi/11.3.1/../../../../arm-none-eabi/bin/ld.exe: ./Core/Src/main.o: in function `main':
D:/smart_garden/Low_Power/Debug/../Core/Src/main.c:106: undefined reference to `HAL_delay'
collect2.exe: error: ld returned 1 exit status
make: *** [makefile:64: Low_Power.elf] Error 1
"make -j16 all" terminated with exit code 2. Build might be incomplete.
21:24:38 **** Incremental Build of configuration Debug for project Low_Power ****
make -j16 all 
arm-none-eabi-gcc "../Core/Src/main.c" -mcpu=cortex-m3 -std=gnu11 -g3 -DDEBUG -DUSE_HAL_DRIVER -DSTM32F103xB -c -I../Core/Inc -I../Drivers/STM32F1xx_HAL_Driver/Inc/Legacy -I../Drivers/STM32F1xx_HAL_Driver/Inc -I../Drivers/CMSIS/Device/ST/STM32F1xx/Include -I../Drivers/CMSIS/Include -O0 -ffunction-sections -fdata-sections -Wall -fstack-usage -fcyclomatic-complexity -MMD -MP -MF"Core/Src/main.d" -MT"Core/Src/main.o" --specs=nano.specs -mfloat-abi=soft -mthumb -o "Core/Src/main.o"
arm-none-eabi-gcc -o "Low_Power.elf" @"objects.list"   -mcpu=cortex-m3 -T"D:\smart_garden\Low_Power\STM32F103C8TX_FLASH.ld" --specs=nosys.specs -Wl,-Map="Low_Power.map" -Wl,--gc-sections -static --specs=nano.specs -mfloat-abi=soft -mthumb -Wl,--start-group -lc -lm -Wl,--end-group
Finished building target: Low_Power.elf
 
arm-none-eabi-size   Low_Power.elf 
arm-none-eabi-objdump -h -S  Low_Power.elf  > "Low_Power.list"
   text	   data	    bss	    dec	    hex	filename
   9232	     20	   1652	  10904	   2a98	Low_Power.elf
Finished building: default.size.stdout
 
Finished building: Low_Power.list
 
21:24:45 **** Incremental Build of configuration Debug for project Low_Power ****
make -j16 all 
arm-none-eabi-size   Low_Power.elf 
   text	   data	    bss	    dec	    hex	filename
   9232	     20	   1652	  10904	   2a98	Low_Power.elf
Finished building: default.size.stdout
 
21:25:12 **** Incremental Build of configuration Debug for project Low_Power ****
make -j16 all 
arm-none-eabi-size   Low_Power.elf 
   text	   data	    bss	    dec	    hex	filename
   9232	     20	   1652	  10904	   2a98	Low_Power.elf
Finished building: default.size.stdout
 
21:27:23 **** Incremental Build of configuration Debug for project Low_Power ****
make -j16 all 
arm-none-eabi-gcc "../Core/Src/main.c" -mcpu=cortex-m3 -std=gnu11 -g3 -DDEBUG -DUSE_HAL_DRIVER -DSTM32F103xB -c -I../Core/Inc -I../Drivers/STM32F1xx_HAL_Driver/Inc/Legacy -I../Drivers/STM32F1xx_HAL_Driver/Inc -I../Drivers/CMSIS/Device/ST/STM32F1xx/Include -I../Drivers/CMSIS/Include -O0 -ffunction-sections -fdata-sections -Wall -fstack-usage -fcyclomatic-complexity -MMD -MP -MF"Core/Src/main.d" -MT"Core/Src/main.o" --specs=nano.specs -mfloat-abi=soft -mthumb -o "Core/Src/main.o"
arm-none-eabi-gcc -o "Low_Power.elf" @"objects.list"   -mcpu=cortex-m3 -T"D:\smart_garden\Low_Power\STM32F103C8TX_FLASH.ld" --specs=nosys.specs -Wl,-Map="Low_Power.map" -Wl,--gc-sections -static --specs=nano.specs -mfloat-abi=soft -mthumb -Wl,--start-group -lc -lm -Wl,--end-group
Finished building target: Low_Power.elf
 
arm-none-eabi-size   Low_Power.elf 
arm-none-eabi-objdump -h -S  Low_Power.elf  > "Low_Power.list"
   text	   data	    bss	    dec	    hex	filename
   9224	     20	   1652	  10896	   2a90	Low_Power.elf
Finished building: default.size.stdout
 
Finished building: Low_Power.list
 
21:27:30 **** Incremental Build of configuration Debug for project Low_Power ****
make -j16 all 
arm-none-eabi-size   Low_Power.elf 
   text	   data	    bss	    dec	    hex	filename
   9224	     20	   1652	  10896	   2a90	Low_Power.elf
Finished building: default.size.stdout
 
21:27:37 **** Incremental Build of configuration Debug for project Low_Power ****
make -j16 all 
arm-none-eabi-size   Low_Power.elf 
   text	   data	    bss	    dec	    hex	filename
   9224	     20	   1652	  10896	   2a90	Low_Power.elf
Finished building: default.size.stdout
 
21:36:58 **** Incremental Build of configuration Debug for project Low_Power ****
make -j16 all 
arm-none-eabi-gcc "../Core/Src/main.c" -mcpu=cortex-m3 -std=gnu11 -g3 -DDEBUG -DUSE_HAL_DRIVER -DSTM32F103xB -c -I../Core/Inc -I../Drivers/STM32F1xx_HAL_Driver/Inc/Legacy -I../Drivers/STM32F1xx_HAL_Driver/Inc -I../Drivers/CMSIS/Device/ST/STM32F1xx/Include -I../Drivers/CMSIS/Include -O0 -ffunction-sections -fdata-sections -Wall -fstack-usage -fcyclomatic-complexity -MMD -MP -MF"Core/Src/main.d" -MT"Core/Src/main.o" --specs=nano.specs -mfloat-abi=soft -mthumb -o "Core/Src/main.o"
arm-none-eabi-gcc -o "Low_Power.elf" @"objects.list"   -mcpu=cortex-m3 -T"D:\smart_garden\Low_Power\STM32F103C8TX_FLASH.ld" --specs=nosys.specs -Wl,-Map="Low_Power.map" -Wl,--gc-sections -static --specs=nano.specs -mfloat-abi=soft -mthumb -Wl,--start-group -lc -lm -Wl,--end-group
Finished building target: Low_Power.elf
 
arm-none-eabi-size   Low_Power.elf 
arm-none-eabi-objdump -h -S  Low_Power.elf  > "Low_Power.list"
   text	   data	    bss	    dec	    hex	filename
   9232	     20	   1652	  10904	   2a98	Low_Power.elf
Finished building: default.size.stdout
 
Finished building: Low_Power.list
 
22:06:48 **** Incremental Build of configuration Debug for project I2C_SHT30 ****
make -j16 all 
arm-none-eabi-size   I2C_SHT30.elf 
   text	   data	    bss	    dec	    hex	filename
   6280	     20	   1660	   7960	   1f18	I2C_SHT30.elf
Finished building: default.size.stdout
 
22:06:49 **** Incremental Build of configuration Debug for project I2C_SHT30_DS3231 ****
make -j16 all 
arm-none-eabi-size   I2C_SHT30_DS3231.elf 
   text	   data	    bss	    dec	    hex	filename
  10068	     24	   1664	  11756	   2dec	I2C_SHT30_DS3231.elf
Finished building: default.size.stdout
 
22:06:49 **** Incremental Build of configuration Debug for project LORA_V2 ****
make -j16 all 
arm-none-eabi-size   LORA_V2.elf 
   text	   data	    bss	    dec	    hex	filename
  14572	     24	   1872	  16468	   4054	LORA_V2.elf
Finished building: default.size.stdout
 
22:06:49 **** Incremental Build of configuration Debug for project Low_Power ****
make -j16 all 
arm-none-eabi-gcc "../Core/Src/main.c" -mcpu=cortex-m3 -std=gnu11 -g3 -DDEBUG -DUSE_HAL_DRIVER -DSTM32F103xB -c -I../Core/Inc -I../Drivers/STM32F1xx_HAL_Driver/Inc/Legacy -I../Drivers/STM32F1xx_HAL_Driver/Inc -I../Drivers/CMSIS/Device/ST/STM32F1xx/Include -I../Drivers/CMSIS/Include -O0 -ffunction-sections -fdata-sections -Wall -fstack-usage -fcyclomatic-complexity -MMD -MP -MF"Core/Src/main.d" -MT"Core/Src/main.o" --specs=nano.specs -mfloat-abi=soft -mthumb -o "Core/Src/main.o"
arm-none-eabi-gcc -o "Low_Power.elf" @"objects.list"   -mcpu=cortex-m3 -T"D:\smart_garden\Low_Power\STM32F103C8TX_FLASH.ld" --specs=nosys.specs -Wl,-Map="Low_Power.map" -Wl,--gc-sections -static --specs=nano.specs -mfloat-abi=soft -mthumb -Wl,--start-group -lc -lm -Wl,--end-group
Finished building target: Low_Power.elf
 
arm-none-eabi-size   Low_Power.elf 
arm-none-eabi-objdump -h -S  Low_Power.elf  > "Low_Power.list"
   text	   data	    bss	    dec	    hex	filename
   9244	     20	   1652	  10916	   2aa4	Low_Power.elf
Finished building: default.size.stdout
 
Finished building: Low_Power.list
 
22:08:18 **** Incremental Build of configuration Debug for project Low_Power ****
make -j16 all 
arm-none-eabi-gcc "../Core/Src/main.c" -mcpu=cortex-m3 -std=gnu11 -g3 -DDEBUG -DUSE_HAL_DRIVER -DSTM32F103xB -c -I../Core/Inc -I../Drivers/STM32F1xx_HAL_Driver/Inc/Legacy -I../Drivers/STM32F1xx_HAL_Driver/Inc -I../Drivers/CMSIS/Device/ST/STM32F1xx/Include -I../Drivers/CMSIS/Include -O0 -ffunction-sections -fdata-sections -Wall -fstack-usage -fcyclomatic-complexity -MMD -MP -MF"Core/Src/main.d" -MT"Core/Src/main.o" --specs=nano.specs -mfloat-abi=soft -mthumb -o "Core/Src/main.o"
arm-none-eabi-gcc -o "Low_Power.elf" @"objects.list"   -mcpu=cortex-m3 -T"D:\smart_garden\Low_Power\STM32F103C8TX_FLASH.ld" --specs=nosys.specs -Wl,-Map="Low_Power.map" -Wl,--gc-sections -static --specs=nano.specs -mfloat-abi=soft -mthumb -Wl,--start-group -lc -lm -Wl,--end-group
Finished building target: Low_Power.elf
 
arm-none-eabi-size   Low_Power.elf 
arm-none-eabi-objdump -h -S  Low_Power.elf  > "Low_Power.list"
   text	   data	    bss	    dec	    hex	filename
   9244	     20	   1652	  10916	   2aa4	Low_Power.elf
Finished building: default.size.stdout
 
Finished building: Low_Power.list
 
22:08:45 **** Incremental Build of configuration Debug for project Low_Power ****
make -j16 all 
arm-none-eabi-size   Low_Power.elf 
   text	   data	    bss	    dec	    hex	filename
   9244	     20	   1652	  10916	   2aa4	Low_Power.elf
Finished building: default.size.stdout
 
22:12:17 **** Incremental Build of configuration Debug for project Low_Power ****
make -j16 all 
arm-none-eabi-gcc "../Core/Src/main.c" -mcpu=cortex-m3 -std=gnu11 -g3 -DDEBUG -DUSE_HAL_DRIVER -DSTM32F103xB -c -I../Core/Inc -I../Drivers/STM32F1xx_HAL_Driver/Inc/Legacy -I../Drivers/STM32F1xx_HAL_Driver/Inc -I../Drivers/CMSIS/Device/ST/STM32F1xx/Include -I../Drivers/CMSIS/Include -O0 -ffunction-sections -fdata-sections -Wall -fstack-usage -fcyclomatic-complexity -MMD -MP -MF"Core/Src/main.d" -MT"Core/Src/main.o" --specs=nano.specs -mfloat-abi=soft -mthumb -o "Core/Src/main.o"
arm-none-eabi-gcc -o "Low_Power.elf" @"objects.list"   -mcpu=cortex-m3 -T"D:\smart_garden\Low_Power\STM32F103C8TX_FLASH.ld" --specs=nosys.specs -Wl,-Map="Low_Power.map" -Wl,--gc-sections -static --specs=nano.specs -mfloat-abi=soft -mthumb -Wl,--start-group -lc -lm -Wl,--end-group
Finished building target: Low_Power.elf
 
arm-none-eabi-size   Low_Power.elf 
arm-none-eabi-objdump -h -S  Low_Power.elf  > "Low_Power.list"
   text	   data	    bss	    dec	    hex	filename
   9248	     20	   1652	  10920	   2aa8	Low_Power.elf
Finished building: default.size.stdout
 
Finished building: Low_Power.list
 
22:19:43 **** Incremental Build of configuration Debug for project Low_Power ****
make -j16 all 
arm-none-eabi-size   Low_Power.elf 
   text	   data	    bss	    dec	    hex	filename
   9248	     20	   1652	  10920	   2aa8	Low_Power.elf
Finished building: default.size.stdout
 
22:19:58 **** Incremental Build of configuration Debug for project Low_Power ****
make -j16 all 
arm-none-eabi-size   Low_Power.elf 
   text	   data	    bss	    dec	    hex	filename
   9248	     20	   1652	  10920	   2aa8	Low_Power.elf
Finished building: default.size.stdout
 
22:21:13 **** Incremental Build of configuration Debug for project Low_Power ****
make -j16 all 
arm-none-eabi-size   Low_Power.elf 
   text	   data	    bss	    dec	    hex	filename
   9248	     20	   1652	  10920	   2aa8	Low_Power.elf
Finished building: default.size.stdout
 
22:25:36 **** Incremental Build of configuration Debug for project Low_Power ****
make -j16 all 
arm-none-eabi-gcc "../Core/Src/main.c" -mcpu=cortex-m3 -std=gnu11 -g3 -DDEBUG -DUSE_HAL_DRIVER -DSTM32F103xB -c -I../Core/Inc -I../Drivers/STM32F1xx_HAL_Driver/Inc/Legacy -I../Drivers/STM32F1xx_HAL_Driver/Inc -I../Drivers/CMSIS/Device/ST/STM32F1xx/Include -I../Drivers/CMSIS/Include -O0 -ffunction-sections -fdata-sections -Wall -fstack-usage -fcyclomatic-complexity -MMD -MP -MF"Core/Src/main.d" -MT"Core/Src/main.o" --specs=nano.specs -mfloat-abi=soft -mthumb -o "Core/Src/main.o"
arm-none-eabi-gcc -o "Low_Power.elf" @"objects.list"   -mcpu=cortex-m3 -T"D:\smart_garden\Low_Power\STM32F103C8TX_FLASH.ld" --specs=nosys.specs -Wl,-Map="Low_Power.map" -Wl,--gc-sections -static --specs=nano.specs -mfloat-abi=soft -mthumb -Wl,--start-group -lc -lm -Wl,--end-group
Finished building target: Low_Power.elf
 
arm-none-eabi-size   Low_Power.elf 
arm-none-eabi-objdump -h -S  Low_Power.elf  > "Low_Power.list"
   text	   data	    bss	    dec	    hex	filename
   8456	     20	   1644	  10120	   2788	Low_Power.elf
Finished building: default.size.stdout
 
Finished building: Low_Power.list
 
03:46:42 **** Build of configuration Debug for project I2C_SHT30 ****
make -j16 all 
arm-none-eabi-size   I2C_SHT30.elf 
   text	   data	    bss	    dec	    hex	filename
   6280	     20	   1660	   7960	   1f18	I2C_SHT30.elf
Finished building: default.size.stdout
 
03:46:42 **** Build of configuration Debug for project I2C_SHT30_DS3231 ****
make -j16 all 
arm-none-eabi-size   I2C_SHT30_DS3231.elf 
   text	   data	    bss	    dec	    hex	filename
  10068	     24	   1664	  11756	   2dec	I2C_SHT30_DS3231.elf
Finished building: default.size.stdout
 
03:46:42 **** Build of configuration Debug for project LORA_V2 ****
make -j16 all 
arm-none-eabi-size   LORA_V2.elf 
   text	   data	    bss	    dec	    hex	filename
  14572	     24	   1872	  16468	   4054	LORA_V2.elf
Finished building: default.size.stdout
 
03:46:43 **** Build of configuration Debug for project Low_Power ****
make -j16 all 
arm-none-eabi-gcc "../Core/Src/main.c" -mcpu=cortex-m3 -std=gnu11 -g3 -DDEBUG -DUSE_HAL_DRIVER -DSTM32F103xB -c -I../Core/Inc -I../Drivers/STM32F1xx_HAL_Driver/Inc/Legacy -I../Drivers/STM32F1xx_HAL_Driver/Inc -I../Drivers/CMSIS/Device/ST/STM32F1xx/Include -I../Drivers/CMSIS/Include -O0 -ffunction-sections -fdata-sections -Wall -fstack-usage -fcyclomatic-complexity -MMD -MP -MF"Core/Src/main.d" -MT"Core/Src/main.o" --specs=nano.specs -mfloat-abi=soft -mthumb -o "Core/Src/main.o"
arm-none-eabi-gcc -o "Low_Power.elf" @"objects.list"   -mcpu=cortex-m3 -T"D:\smart_garden\Low_Power\STM32F103C8TX_FLASH.ld" --specs=nosys.specs -Wl,-Map="Low_Power.map" -Wl,--gc-sections -static --specs=nano.specs -mfloat-abi=soft -mthumb -Wl,--start-group -lc -lm -Wl,--end-group
Finished building target: Low_Power.elf
 
arm-none-eabi-size   Low_Power.elf 
arm-none-eabi-objdump -h -S  Low_Power.elf  > "Low_Power.list"
   text	   data	    bss	    dec	    hex	filename
   9248	     20	   1652	  10920	   2aa8	Low_Power.elf
Finished building: default.size.stdout
 
Finished building: Low_Power.list
 
05:33:42 **** Incremental Build of configuration Debug for project I2C_SHT30 ****
make -j16 all 
arm-none-eabi-size   I2C_SHT30.elf 
   text	   data	    bss	    dec	    hex	filename
   6280	     20	   1660	   7960	   1f18	I2C_SHT30.elf
Finished building: default.size.stdout
 
05:33:42 **** Incremental Build of configuration Debug for project I2C_SHT30_DS3231 ****
make -j16 all 
arm-none-eabi-size   I2C_SHT30_DS3231.elf 
   text	   data	    bss	    dec	    hex	filename
  10068	     24	   1664	  11756	   2dec	I2C_SHT30_DS3231.elf
Finished building: default.size.stdout
 
05:33:42 **** Incremental Build of configuration Debug for project LORA_V2 ****
make -j16 all 
arm-none-eabi-size   LORA_V2.elf 
   text	   data	    bss	    dec	    hex	filename
  14572	     24	   1872	  16468	   4054	LORA_V2.elf
Finished building: default.size.stdout
 
05:33:43 **** Incremental Build of configuration Debug for project Low_Power ****
make -j16 all 
arm-none-eabi-gcc "../Core/Src/main.c" -mcpu=cortex-m3 -std=gnu11 -g3 -DDEBUG -DUSE_HAL_DRIVER -DSTM32F103xB -c -I../Core/Inc -I../Drivers/STM32F1xx_HAL_Driver/Inc/Legacy -I../Drivers/STM32F1xx_HAL_Driver/Inc -I../Drivers/CMSIS/Device/ST/STM32F1xx/Include -I../Drivers/CMSIS/Include -O0 -ffunction-sections -fdata-sections -Wall -fstack-usage -fcyclomatic-complexity -MMD -MP -MF"Core/Src/main.d" -MT"Core/Src/main.o" --specs=nano.specs -mfloat-abi=soft -mthumb -o "Core/Src/main.o"
arm-none-eabi-gcc -o "Low_Power.elf" @"objects.list"   -mcpu=cortex-m3 -T"D:\smart_garden\Low_Power\STM32F103C8TX_FLASH.ld" --specs=nosys.specs -Wl,-Map="Low_Power.map" -Wl,--gc-sections -static --specs=nano.specs -mfloat-abi=soft -mthumb -Wl,--start-group -lc -lm -Wl,--end-group
Finished building target: Low_Power.elf
 
arm-none-eabi-size   Low_Power.elf 
arm-none-eabi-objdump -h -S  Low_Power.elf  > "Low_Power.list"
   text	   data	    bss	    dec	    hex	filename
   9248	     20	   1652	  10920	   2aa8	Low_Power.elf
Finished building: default.size.stdout
 
Finished building: Low_Power.list
 
05:33:43 **** Build of configuration Debug for project Sleep_mode ****
make -j16 all 
arm-none-eabi-gcc "../Drivers/STM32F1xx_HAL_Driver/Src/stm32f1xx_hal.c" -mcpu=cortex-m3 -std=gnu11 -g3 -DDEBUG -DUSE_HAL_DRIVER -DSTM32F103xB -c -I../Core/Inc -I../Drivers/STM32F1xx_HAL_Driver/Inc/Legacy -I../Drivers/STM32F1xx_HAL_Driver/Inc -I../Drivers/CMSIS/Device/ST/STM32F1xx/Include -I../Drivers/CMSIS/Include -O0 -ffunction-sections -fdata-sections -Wall -fstack-usage -fcyclomatic-complexity -MMD -MP -MF"Drivers/STM32F1xx_HAL_Driver/Src/stm32f1xx_hal.d" -MT"Drivers/STM32F1xx_HAL_Driver/Src/stm32f1xx_hal.o" --specs=nano.specs -mfloat-abi=soft -mthumb -o "Drivers/STM32F1xx_HAL_Driver/Src/stm32f1xx_hal.o"
arm-none-eabi-gcc "../Drivers/STM32F1xx_HAL_Driver/Src/stm32f1xx_hal_cortex.c" -mcpu=cortex-m3 -std=gnu11 -g3 -DDEBUG -DUSE_HAL_DRIVER -DSTM32F103xB -c -I../Core/Inc -I../Drivers/STM32F1xx_HAL_Driver/Inc/Legacy -I../Drivers/STM32F1xx_HAL_Driver/Inc -I../Drivers/CMSIS/Device/ST/STM32F1xx/Include -I../Drivers/CMSIS/Include -O0 -ffunction-sections -fdata-sections -Wall -fstack-usage -fcyclomatic-complexity -MMD -MP -MF"Drivers/STM32F1xx_HAL_Driver/Src/stm32f1xx_hal_cortex.d" -MT"Drivers/STM32F1xx_HAL_Driver/Src/stm32f1xx_hal_cortex.o" --specs=nano.specs -mfloat-abi=soft -mthumb -o "Drivers/STM32F1xx_HAL_Driver/Src/stm32f1xx_hal_cortex.o"
arm-none-eabi-gcc "../Drivers/STM32F1xx_HAL_Driver/Src/stm32f1xx_hal_dma.c" -mcpu=cortex-m3 -std=gnu11 -g3 -DDEBUG -DUSE_HAL_DRIVER -DSTM32F103xB -c -I../Core/Inc -I../Drivers/STM32F1xx_HAL_Driver/Inc/Legacy -I../Drivers/STM32F1xx_HAL_Driver/Inc -I../Drivers/CMSIS/Device/ST/STM32F1xx/Include -I../Drivers/CMSIS/Include -O0 -ffunction-sections -fdata-sections -Wall -fstack-usage -fcyclomatic-complexity -MMD -MP -MF"Drivers/STM32F1xx_HAL_Driver/Src/stm32f1xx_hal_dma.d" -MT"Drivers/STM32F1xx_HAL_Driver/Src/stm32f1xx_hal_dma.o" --specs=nano.specs -mfloat-abi=soft -mthumb -o "Drivers/STM32F1xx_HAL_Driver/Src/stm32f1xx_hal_dma.o"
arm-none-eabi-gcc "../Drivers/STM32F1xx_HAL_Driver/Src/stm32f1xx_hal_exti.c" -mcpu=cortex-m3 -std=gnu11 -g3 -DDEBUG -DUSE_HAL_DRIVER -DSTM32F103xB -c -I../Core/Inc -I../Drivers/STM32F1xx_HAL_Driver/Inc/Legacy -I../Drivers/STM32F1xx_HAL_Driver/Inc -I../Drivers/CMSIS/Device/ST/STM32F1xx/Include -I../Drivers/CMSIS/Include -O0 -ffunction-sections -fdata-sections -Wall -fstack-usage -fcyclomatic-complexity -MMD -MP -MF"Drivers/STM32F1xx_HAL_Driver/Src/stm32f1xx_hal_exti.d" -MT"Drivers/STM32F1xx_HAL_Driver/Src/stm32f1xx_hal_exti.o" --specs=nano.specs -mfloat-abi=soft -mthumb -o "Drivers/STM32F1xx_HAL_Driver/Src/stm32f1xx_hal_exti.o"
arm-none-eabi-gcc "../Drivers/STM32F1xx_HAL_Driver/Src/stm32f1xx_hal_flash.c" -mcpu=cortex-m3 -std=gnu11 -g3 -DDEBUG -DUSE_HAL_DRIVER -DSTM32F103xB -c -I../Core/Inc -I../Drivers/STM32F1xx_HAL_Driver/Inc/Legacy -I../Drivers/STM32F1xx_HAL_Driver/Inc -I../Drivers/CMSIS/Device/ST/STM32F1xx/Include -I../Drivers/CMSIS/Include -O0 -ffunction-sections -fdata-sections -Wall -fstack-usage -fcyclomatic-complexity -MMD -MP -MF"Drivers/STM32F1xx_HAL_Driver/Src/stm32f1xx_hal_flash.d" -MT"Drivers/STM32F1xx_HAL_Driver/Src/stm32f1xx_hal_flash.o" --specs=nano.specs -mfloat-abi=soft -mthumb -o "Drivers/STM32F1xx_HAL_Driver/Src/stm32f1xx_hal_flash.o"
arm-none-eabi-gcc "../Drivers/STM32F1xx_HAL_Driver/Src/stm32f1xx_hal_flash_ex.c" -mcpu=cortex-m3 -std=gnu11 -g3 -DDEBUG -DUSE_HAL_DRIVER -DSTM32F103xB -c -I../Core/Inc -I../Drivers/STM32F1xx_HAL_Driver/Inc/Legacy -I../Drivers/STM32F1xx_HAL_Driver/Inc -I../Drivers/CMSIS/Device/ST/STM32F1xx/Include -I../Drivers/CMSIS/Include -O0 -ffunction-sections -fdata-sections -Wall -fstack-usage -fcyclomatic-complexity -MMD -MP -MF"Drivers/STM32F1xx_HAL_Driver/Src/stm32f1xx_hal_flash_ex.d" -MT"Drivers/STM32F1xx_HAL_Driver/Src/stm32f1xx_hal_flash_ex.o" --specs=nano.specs -mfloat-abi=soft -mthumb -o "Drivers/STM32F1xx_HAL_Driver/Src/stm32f1xx_hal_flash_ex.o"
arm-none-eabi-gcc "../Drivers/STM32F1xx_HAL_Driver/Src/stm32f1xx_hal_gpio.c" -mcpu=cortex-m3 -std=gnu11 -g3 -DDEBUG -DUSE_HAL_DRIVER -DSTM32F103xB -c -I../Core/Inc -I../Drivers/STM32F1xx_HAL_Driver/Inc/Legacy -I../Drivers/STM32F1xx_HAL_Driver/Inc -I../Drivers/CMSIS/Device/ST/STM32F1xx/Include -I../Drivers/CMSIS/Include -O0 -ffunction-sections -fdata-sections -Wall -fstack-usage -fcyclomatic-complexity -MMD -MP -MF"Drivers/STM32F1xx_HAL_Driver/Src/stm32f1xx_hal_gpio.d" -MT"Drivers/STM32F1xx_HAL_Driver/Src/stm32f1xx_hal_gpio.o" --specs=nano.specs -mfloat-abi=soft -mthumb -o "Drivers/STM32F1xx_HAL_Driver/Src/stm32f1xx_hal_gpio.o"
arm-none-eabi-gcc "../Drivers/STM32F1xx_HAL_Driver/Src/stm32f1xx_hal_gpio_ex.c" -mcpu=cortex-m3 -std=gnu11 -g3 -DDEBUG -DUSE_HAL_DRIVER -DSTM32F103xB -c -I../Core/Inc -I../Drivers/STM32F1xx_HAL_Driver/Inc/Legacy -I../Drivers/STM32F1xx_HAL_Driver/Inc -I../Drivers/CMSIS/Device/ST/STM32F1xx/Include -I../Drivers/CMSIS/Include -O0 -ffunction-sections -fdata-sections -Wall -fstack-usage -fcyclomatic-complexity -MMD -MP -MF"Drivers/STM32F1xx_HAL_Driver/Src/stm32f1xx_hal_gpio_ex.d" -MT"Drivers/STM32F1xx_HAL_Driver/Src/stm32f1xx_hal_gpio_ex.o" --specs=nano.specs -mfloat-abi=soft -mthumb -o "Drivers/STM32F1xx_HAL_Driver/Src/stm32f1xx_hal_gpio_ex.o"
arm-none-eabi-gcc "../Drivers/STM32F1xx_HAL_Driver/Src/stm32f1xx_hal_pwr.c" -mcpu=cortex-m3 -std=gnu11 -g3 -DDEBUG -DUSE_HAL_DRIVER -DSTM32F103xB -c -I../Core/Inc -I../Drivers/STM32F1xx_HAL_Driver/Inc/Legacy -I../Drivers/STM32F1xx_HAL_Driver/Inc -I../Drivers/CMSIS/Device/ST/STM32F1xx/Include -I../Drivers/CMSIS/Include -O0 -ffunction-sections -fdata-sections -Wall -fstack-usage -fcyclomatic-complexity -MMD -MP -MF"Drivers/STM32F1xx_HAL_Driver/Src/stm32f1xx_hal_pwr.d" -MT"Drivers/STM32F1xx_HAL_Driver/Src/stm32f1xx_hal_pwr.o" --specs=nano.specs -mfloat-abi=soft -mthumb -o "Drivers/STM32F1xx_HAL_Driver/Src/stm32f1xx_hal_pwr.o"
arm-none-eabi-gcc "../Drivers/STM32F1xx_HAL_Driver/Src/stm32f1xx_hal_rcc.c" -mcpu=cortex-m3 -std=gnu11 -g3 -DDEBUG -DUSE_HAL_DRIVER -DSTM32F103xB -c -I../Core/Inc -I../Drivers/STM32F1xx_HAL_Driver/Inc/Legacy -I../Drivers/STM32F1xx_HAL_Driver/Inc -I../Drivers/CMSIS/Device/ST/STM32F1xx/Include -I../Drivers/CMSIS/Include -O0 -ffunction-sections -fdata-sections -Wall -fstack-usage -fcyclomatic-complexity -MMD -MP -MF"Drivers/STM32F1xx_HAL_Driver/Src/stm32f1xx_hal_rcc.d" -MT"Drivers/STM32F1xx_HAL_Driver/Src/stm32f1xx_hal_rcc.o" --specs=nano.specs -mfloat-abi=soft -mthumb -o "Drivers/STM32F1xx_HAL_Driver/Src/stm32f1xx_hal_rcc.o"
arm-none-eabi-gcc "../Drivers/STM32F1xx_HAL_Driver/Src/stm32f1xx_hal_rcc_ex.c" -mcpu=cortex-m3 -std=gnu11 -g3 -DDEBUG -DUSE_HAL_DRIVER -DSTM32F103xB -c -I../Core/Inc -I../Drivers/STM32F1xx_HAL_Driver/Inc/Legacy -I../Drivers/STM32F1xx_HAL_Driver/Inc -I../Drivers/CMSIS/Device/ST/STM32F1xx/Include -I../Drivers/CMSIS/Include -O0 -ffunction-sections -fdata-sections -Wall -fstack-usage -fcyclomatic-complexity -MMD -MP -MF"Drivers/STM32F1xx_HAL_Driver/Src/stm32f1xx_hal_rcc_ex.d" -MT"Drivers/STM32F1xx_HAL_Driver/Src/stm32f1xx_hal_rcc_ex.o" --specs=nano.specs -mfloat-abi=soft -mthumb -o "Drivers/STM32F1xx_HAL_Driver/Src/stm32f1xx_hal_rcc_ex.o"
arm-none-eabi-gcc "../Drivers/STM32F1xx_HAL_Driver/Src/stm32f1xx_hal_tim.c" -mcpu=cortex-m3 -std=gnu11 -g3 -DDEBUG -DUSE_HAL_DRIVER -DSTM32F103xB -c -I../Core/Inc -I../Drivers/STM32F1xx_HAL_Driver/Inc/Legacy -I../Drivers/STM32F1xx_HAL_Driver/Inc -I../Drivers/CMSIS/Device/ST/STM32F1xx/Include -I../Drivers/CMSIS/Include -O0 -ffunction-sections -fdata-sections -Wall -fstack-usage -fcyclomatic-complexity -MMD -MP -MF"Drivers/STM32F1xx_HAL_Driver/Src/stm32f1xx_hal_tim.d" -MT"Drivers/STM32F1xx_HAL_Driver/Src/stm32f1xx_hal_tim.o" --specs=nano.specs -mfloat-abi=soft -mthumb -o "Drivers/STM32F1xx_HAL_Driver/Src/stm32f1xx_hal_tim.o"
arm-none-eabi-gcc "../Drivers/STM32F1xx_HAL_Driver/Src/stm32f1xx_hal_tim_ex.c" -mcpu=cortex-m3 -std=gnu11 -g3 -DDEBUG -DUSE_HAL_DRIVER -DSTM32F103xB -c -I../Core/Inc -I../Drivers/STM32F1xx_HAL_Driver/Inc/Legacy -I../Drivers/STM32F1xx_HAL_Driver/Inc -I../Drivers/CMSIS/Device/ST/STM32F1xx/Include -I../Drivers/CMSIS/Include -O0 -ffunction-sections -fdata-sections -Wall -fstack-usage -fcyclomatic-complexity -MMD -MP -MF"Drivers/STM32F1xx_HAL_Driver/Src/stm32f1xx_hal_tim_ex.d" -MT"Drivers/STM32F1xx_HAL_Driver/Src/stm32f1xx_hal_tim_ex.o" --specs=nano.specs -mfloat-abi=soft -mthumb -o "Drivers/STM32F1xx_HAL_Driver/Src/stm32f1xx_hal_tim_ex.o"
arm-none-eabi-gcc "../Drivers/STM32F1xx_HAL_Driver/Src/stm32f1xx_hal_uart.c" -mcpu=cortex-m3 -std=gnu11 -g3 -DDEBUG -DUSE_HAL_DRIVER -DSTM32F103xB -c -I../Core/Inc -I../Drivers/STM32F1xx_HAL_Driver/Inc/Legacy -I../Drivers/STM32F1xx_HAL_Driver/Inc -I../Drivers/CMSIS/Device/ST/STM32F1xx/Include -I../Drivers/CMSIS/Include -O0 -ffunction-sections -fdata-sections -Wall -fstack-usage -fcyclomatic-complexity -MMD -MP -MF"Drivers/STM32F1xx_HAL_Driver/Src/stm32f1xx_hal_uart.d" -MT"Drivers/STM32F1xx_HAL_Driver/Src/stm32f1xx_hal_uart.o" --specs=nano.specs -mfloat-abi=soft -mthumb -o "Drivers/STM32F1xx_HAL_Driver/Src/stm32f1xx_hal_uart.o"
arm-none-eabi-gcc -mcpu=cortex-m3 -g3 -DDEBUG -c -x assembler-with-cpp -MMD -MP -MF"Core/Startup/startup_stm32f103c8tx.d" -MT"Core/Startup/startup_stm32f103c8tx.o" --specs=nano.specs -mfloat-abi=soft -mthumb -o "Core/Startup/startup_stm32f103c8tx.o" "../Core/Startup/startup_stm32f103c8tx.s"
arm-none-eabi-gcc "../Core/Src/main.c" -mcpu=cortex-m3 -std=gnu11 -g3 -DDEBUG -DUSE_HAL_DRIVER -DSTM32F103xB -c -I../Core/Inc -I../Drivers/STM32F1xx_HAL_Driver/Inc/Legacy -I../Drivers/STM32F1xx_HAL_Driver/Inc -I../Drivers/CMSIS/Device/ST/STM32F1xx/Include -I../Drivers/CMSIS/Include -O0 -ffunction-sections -fdata-sections -Wall -fstack-usage -fcyclomatic-complexity -MMD -MP -MF"Core/Src/main.d" -MT"Core/Src/main.o" --specs=nano.specs -mfloat-abi=soft -mthumb -o "Core/Src/main.o"
arm-none-eabi-gcc "../Core/Src/stm32f1xx_hal_msp.c" -mcpu=cortex-m3 -std=gnu11 -g3 -DDEBUG -DUSE_HAL_DRIVER -DSTM32F103xB -c -I../Core/Inc -I../Drivers/STM32F1xx_HAL_Driver/Inc/Legacy -I../Drivers/STM32F1xx_HAL_Driver/Inc -I../Drivers/CMSIS/Device/ST/STM32F1xx/Include -I../Drivers/CMSIS/Include -O0 -ffunction-sections -fdata-sections -Wall -fstack-usage -fcyclomatic-complexity -MMD -MP -MF"Core/Src/stm32f1xx_hal_msp.d" -MT"Core/Src/stm32f1xx_hal_msp.o" --specs=nano.specs -mfloat-abi=soft -mthumb -o "Core/Src/stm32f1xx_hal_msp.o"
arm-none-eabi-gcc "../Core/Src/stm32f1xx_it.c" -mcpu=cortex-m3 -std=gnu11 -g3 -DDEBUG -DUSE_HAL_DRIVER -DSTM32F103xB -c -I../Core/Inc -I../Drivers/STM32F1xx_HAL_Driver/Inc/Legacy -I../Drivers/STM32F1xx_HAL_Driver/Inc -I../Drivers/CMSIS/Device/ST/STM32F1xx/Include -I../Drivers/CMSIS/Include -O0 -ffunction-sections -fdata-sections -Wall -fstack-usage -fcyclomatic-complexity -MMD -MP -MF"Core/Src/stm32f1xx_it.d" -MT"Core/Src/stm32f1xx_it.o" --specs=nano.specs -mfloat-abi=soft -mthumb -o "Core/Src/stm32f1xx_it.o"
arm-none-eabi-gcc "../Core/Src/syscalls.c" -mcpu=cortex-m3 -std=gnu11 -g3 -DDEBUG -DUSE_HAL_DRIVER -DSTM32F103xB -c -I../Core/Inc -I../Drivers/STM32F1xx_HAL_Driver/Inc/Legacy -I../Drivers/STM32F1xx_HAL_Driver/Inc -I../Drivers/CMSIS/Device/ST/STM32F1xx/Include -I../Drivers/CMSIS/Include -O0 -ffunction-sections -fdata-sections -Wall -fstack-usage -fcyclomatic-complexity -MMD -MP -MF"Core/Src/syscalls.d" -MT"Core/Src/syscalls.o" --specs=nano.specs -mfloat-abi=soft -mthumb -o "Core/Src/syscalls.o"
arm-none-eabi-gcc "../Core/Src/sysmem.c" -mcpu=cortex-m3 -std=gnu11 -g3 -DDEBUG -DUSE_HAL_DRIVER -DSTM32F103xB -c -I../Core/Inc -I../Drivers/STM32F1xx_HAL_Driver/Inc/Legacy -I../Drivers/STM32F1xx_HAL_Driver/Inc -I../Drivers/CMSIS/Device/ST/STM32F1xx/Include -I../Drivers/CMSIS/Include -O0 -ffunction-sections -fdata-sections -Wall -fstack-usage -fcyclomatic-complexity -MMD -MP -MF"Core/Src/sysmem.d" -MT"Core/Src/sysmem.o" --specs=nano.specs -mfloat-abi=soft -mthumb -o "Core/Src/sysmem.o"
arm-none-eabi-gcc "../Core/Src/system_stm32f1xx.c" -mcpu=cortex-m3 -std=gnu11 -g3 -DDEBUG -DUSE_HAL_DRIVER -DSTM32F103xB -c -I../Core/Inc -I../Drivers/STM32F1xx_HAL_Driver/Inc/Legacy -I../Drivers/STM32F1xx_HAL_Driver/Inc -I../Drivers/CMSIS/Device/ST/STM32F1xx/Include -I../Drivers/CMSIS/Include -O0 -ffunction-sections -fdata-sections -Wall -fstack-usage -fcyclomatic-complexity -MMD -MP -MF"Core/Src/system_stm32f1xx.d" -MT"Core/Src/system_stm32f1xx.o" --specs=nano.specs -mfloat-abi=soft -mthumb -o "Core/Src/system_stm32f1xx.o"
arm-none-eabi-gcc -o "Sleep_mode.elf" @"objects.list"   -mcpu=cortex-m3 -T"D:\smart_garden\Sleep_mode\STM32F103C8TX_FLASH.ld" --specs=nosys.specs -Wl,-Map="Sleep_mode.map" -Wl,--gc-sections -static --specs=nano.specs -mfloat-abi=soft -mthumb -Wl,--start-group -lc -lm -Wl,--end-group
Finished building target: Sleep_mode.elf
 
arm-none-eabi-size   Sleep_mode.elf 
arm-none-eabi-objdump -h -S  Sleep_mode.elf  > "Sleep_mode.list"
   text	   data	    bss	    dec	    hex	filename
   8360	     20	   1644	  10024	   2728	Sleep_mode.elf
Finished building: default.size.stdout
 
Finished building: Sleep_mode.list
 
05:42:31 **** Incremental Build of configuration Debug for project Sleep_mode ****
make -j16 all 
arm-none-eabi-size   Sleep_mode.elf 
   text	   data	    bss	    dec	    hex	filename
   8360	     20	   1644	  10024	   2728	Sleep_mode.elf
Finished building: default.size.stdout
 
05:42:42 **** Incremental Build of configuration Debug for project Sleep_mode ****
make -j16 all 
arm-none-eabi-size   Sleep_mode.elf 
   text	   data	    bss	    dec	    hex	filename
   8360	     20	   1644	  10024	   2728	Sleep_mode.elf
Finished building: default.size.stdout
 
05:42:58 **** Incremental Build of configuration Debug for project Sleep_mode ****
make -j16 all 
arm-none-eabi-size   Sleep_mode.elf 
   text	   data	    bss	    dec	    hex	filename
   8360	     20	   1644	  10024	   2728	Sleep_mode.elf
Finished building: default.size.stdout
 
05:45:03 **** Incremental Build of configuration Debug for project Sleep_mode ****
make -j16 all 
arm-none-eabi-size   Sleep_mode.elf 
   text	   data	    bss	    dec	    hex	filename
   8360	     20	   1644	  10024	   2728	Sleep_mode.elf
Finished building: default.size.stdout
 
05:47:56 **** Incremental Build of configuration Debug for project Sleep_mode ****
make -j16 all 
arm-none-eabi-gcc "../Core/Src/main.c" -mcpu=cortex-m3 -std=gnu11 -g3 -DDEBUG -DUSE_HAL_DRIVER -DSTM32F103xB -c -I../Core/Inc -I../Drivers/STM32F1xx_HAL_Driver/Inc/Legacy -I../Drivers/STM32F1xx_HAL_Driver/Inc -I../Drivers/CMSIS/Device/ST/STM32F1xx/Include -I../Drivers/CMSIS/Include -O0 -ffunction-sections -fdata-sections -Wall -fstack-usage -fcyclomatic-complexity -MMD -MP -MF"Core/Src/main.d" -MT"Core/Src/main.o" --specs=nano.specs -mfloat-abi=soft -mthumb -o "Core/Src/main.o"
arm-none-eabi-gcc -o "Sleep_mode.elf" @"objects.list"   -mcpu=cortex-m3 -T"D:\smart_garden\Sleep_mode\STM32F103C8TX_FLASH.ld" --specs=nosys.specs -Wl,-Map="Sleep_mode.map" -Wl,--gc-sections -static --specs=nano.specs -mfloat-abi=soft -mthumb -Wl,--start-group -lc -lm -Wl,--end-group
Finished building target: Sleep_mode.elf
 
arm-none-eabi-size   Sleep_mode.elf 
arm-none-eabi-objdump -h -S  Sleep_mode.elf  > "Sleep_mode.list"
   text	   data	    bss	    dec	    hex	filename
   8360	     20	   1644	  10024	   2728	Sleep_mode.elf
Finished building: default.size.stdout
 
Finished building: Sleep_mode.list
 
05:56:59 **** Incremental Build of configuration Debug for project Sleep_mode ****
make -j16 all 
arm-none-eabi-gcc "../Core/Src/main.c" -mcpu=cortex-m3 -std=gnu11 -g3 -DDEBUG -DUSE_HAL_DRIVER -DSTM32F103xB -c -I../Core/Inc -I../Drivers/STM32F1xx_HAL_Driver/Inc/Legacy -I../Drivers/STM32F1xx_HAL_Driver/Inc -I../Drivers/CMSIS/Device/ST/STM32F1xx/Include -I../Drivers/CMSIS/Include -O0 -ffunction-sections -fdata-sections -Wall -fstack-usage -fcyclomatic-complexity -MMD -MP -MF"Core/Src/main.d" -MT"Core/Src/main.o" --specs=nano.specs -mfloat-abi=soft -mthumb -o "Core/Src/main.o"
arm-none-eabi-gcc -o "Sleep_mode.elf" @"objects.list"   -mcpu=cortex-m3 -T"D:\smart_garden\Sleep_mode\STM32F103C8TX_FLASH.ld" --specs=nosys.specs -Wl,-Map="Sleep_mode.map" -Wl,--gc-sections -static --specs=nano.specs -mfloat-abi=soft -mthumb -Wl,--start-group -lc -lm -Wl,--end-group
Finished building target: Sleep_mode.elf
 
arm-none-eabi-size   Sleep_mode.elf 
arm-none-eabi-objdump -h -S  Sleep_mode.elf  > "Sleep_mode.list"
   text	   data	    bss	    dec	    hex	filename
   8452	     20	   1644	  10116	   2784	Sleep_mode.elf
Finished building: default.size.stdout
 
Finished building: Sleep_mode.list
 
05:59:36 **** Incremental Build of configuration Debug for project Sleep_mode ****
make -j16 all 
arm-none-eabi-gcc "../Core/Src/main.c" -mcpu=cortex-m3 -std=gnu11 -g3 -DDEBUG -DUSE_HAL_DRIVER -DSTM32F103xB -c -I../Core/Inc -I../Drivers/STM32F1xx_HAL_Driver/Inc/Legacy -I../Drivers/STM32F1xx_HAL_Driver/Inc -I../Drivers/CMSIS/Device/ST/STM32F1xx/Include -I../Drivers/CMSIS/Include -O0 -ffunction-sections -fdata-sections -Wall -fstack-usage -fcyclomatic-complexity -MMD -MP -MF"Core/Src/main.d" -MT"Core/Src/main.o" --specs=nano.specs -mfloat-abi=soft -mthumb -o "Core/Src/main.o"
arm-none-eabi-gcc -o "Sleep_mode.elf" @"objects.list"   -mcpu=cortex-m3 -T"D:\smart_garden\Sleep_mode\STM32F103C8TX_FLASH.ld" --specs=nosys.specs -Wl,-Map="Sleep_mode.map" -Wl,--gc-sections -static --specs=nano.specs -mfloat-abi=soft -mthumb -Wl,--start-group -lc -lm -Wl,--end-group
Finished building target: Sleep_mode.elf
 
arm-none-eabi-size   Sleep_mode.elf 
arm-none-eabi-objdump -h -S  Sleep_mode.elf  > "Sleep_mode.list"
   text	   data	    bss	    dec	    hex	filename
   8452	     20	   1644	  10116	   2784	Sleep_mode.elf
Finished building: default.size.stdout
 
Finished building: Sleep_mode.list
 
06:01:11 **** Incremental Build of configuration Debug for project Sleep_mode ****
make -j16 all 
arm-none-eabi-gcc "../Core/Src/main.c" -mcpu=cortex-m3 -std=gnu11 -g3 -DDEBUG -DUSE_HAL_DRIVER -DSTM32F103xB -c -I../Core/Inc -I../Drivers/STM32F1xx_HAL_Driver/Inc/Legacy -I../Drivers/STM32F1xx_HAL_Driver/Inc -I../Drivers/CMSIS/Device/ST/STM32F1xx/Include -I../Drivers/CMSIS/Include -O0 -ffunction-sections -fdata-sections -Wall -fstack-usage -fcyclomatic-complexity -MMD -MP -MF"Core/Src/main.d" -MT"Core/Src/main.o" --specs=nano.specs -mfloat-abi=soft -mthumb -o "Core/Src/main.o"
arm-none-eabi-gcc -o "Sleep_mode.elf" @"objects.list"   -mcpu=cortex-m3 -T"D:\smart_garden\Sleep_mode\STM32F103C8TX_FLASH.ld" --specs=nosys.specs -Wl,-Map="Sleep_mode.map" -Wl,--gc-sections -static --specs=nano.specs -mfloat-abi=soft -mthumb -Wl,--start-group -lc -lm -Wl,--end-group
Finished building target: Sleep_mode.elf
 
arm-none-eabi-size   Sleep_mode.elf 
arm-none-eabi-objdump -h -S  Sleep_mode.elf  > "Sleep_mode.list"
   text	   data	    bss	    dec	    hex	filename
   8420	     20	   1644	  10084	   2764	Sleep_mode.elf
Finished building: default.size.stdout
 
Finished building: Sleep_mode.list
 
06:02:10 **** Incremental Build of configuration Debug for project Sleep_mode ****
make -j16 all 
arm-none-eabi-gcc "../Core/Src/main.c" -mcpu=cortex-m3 -std=gnu11 -g3 -DDEBUG -DUSE_HAL_DRIVER -DSTM32F103xB -c -I../Core/Inc -I../Drivers/STM32F1xx_HAL_Driver/Inc/Legacy -I../Drivers/STM32F1xx_HAL_Driver/Inc -I../Drivers/CMSIS/Device/ST/STM32F1xx/Include -I../Drivers/CMSIS/Include -O0 -ffunction-sections -fdata-sections -Wall -fstack-usage -fcyclomatic-complexity -MMD -MP -MF"Core/Src/main.d" -MT"Core/Src/main.o" --specs=nano.specs -mfloat-abi=soft -mthumb -o "Core/Src/main.o"
arm-none-eabi-gcc -o "Sleep_mode.elf" @"objects.list"   -mcpu=cortex-m3 -T"D:\smart_garden\Sleep_mode\STM32F103C8TX_FLASH.ld" --specs=nosys.specs -Wl,-Map="Sleep_mode.map" -Wl,--gc-sections -static --specs=nano.specs -mfloat-abi=soft -mthumb -Wl,--start-group -lc -lm -Wl,--end-group
Finished building target: Sleep_mode.elf
 
arm-none-eabi-size   Sleep_mode.elf 
arm-none-eabi-objdump -h -S  Sleep_mode.elf  > "Sleep_mode.list"
   text	   data	    bss	    dec	    hex	filename
   8452	     20	   1644	  10116	   2784	Sleep_mode.elf
Finished building: default.size.stdout
 
Finished building: Sleep_mode.list
 
06:04:35 **** Incremental Build of configuration Debug for project Sleep_mode ****
make -j16 all 
arm-none-eabi-gcc "../Core/Src/main.c" -mcpu=cortex-m3 -std=gnu11 -g3 -DDEBUG -DUSE_HAL_DRIVER -DSTM32F103xB -c -I../Core/Inc -I../Drivers/STM32F1xx_HAL_Driver/Inc/Legacy -I../Drivers/STM32F1xx_HAL_Driver/Inc -I../Drivers/CMSIS/Device/ST/STM32F1xx/Include -I../Drivers/CMSIS/Include -O0 -ffunction-sections -fdata-sections -Wall -fstack-usage -fcyclomatic-complexity -MMD -MP -MF"Core/Src/main.d" -MT"Core/Src/main.o" --specs=nano.specs -mfloat-abi=soft -mthumb -o "Core/Src/main.o"
arm-none-eabi-gcc -o "Sleep_mode.elf" @"objects.list"   -mcpu=cortex-m3 -T"D:\smart_garden\Sleep_mode\STM32F103C8TX_FLASH.ld" --specs=nosys.specs -Wl,-Map="Sleep_mode.map" -Wl,--gc-sections -static --specs=nano.specs -mfloat-abi=soft -mthumb -Wl,--start-group -lc -lm -Wl,--end-group
Finished building target: Sleep_mode.elf
 
arm-none-eabi-size   Sleep_mode.elf 
arm-none-eabi-objdump -h -S  Sleep_mode.elf  > "Sleep_mode.list"
   text	   data	    bss	    dec	    hex	filename
   8456	     20	   1644	  10120	   2788	Sleep_mode.elf
Finished building: default.size.stdout
 
Finished building: Sleep_mode.list
 
06:06:20 **** Incremental Build of configuration Debug for project Sleep_mode ****
make -j16 all 
arm-none-eabi-gcc "../Core/Src/main.c" -mcpu=cortex-m3 -std=gnu11 -g3 -DDEBUG -DUSE_HAL_DRIVER -DSTM32F103xB -c -I../Core/Inc -I../Drivers/STM32F1xx_HAL_Driver/Inc/Legacy -I../Drivers/STM32F1xx_HAL_Driver/Inc -I../Drivers/CMSIS/Device/ST/STM32F1xx/Include -I../Drivers/CMSIS/Include -O0 -ffunction-sections -fdata-sections -Wall -fstack-usage -fcyclomatic-complexity -MMD -MP -MF"Core/Src/main.d" -MT"Core/Src/main.o" --specs=nano.specs -mfloat-abi=soft -mthumb -o "Core/Src/main.o"
arm-none-eabi-gcc -o "Sleep_mode.elf" @"objects.list"   -mcpu=cortex-m3 -T"D:\smart_garden\Sleep_mode\STM32F103C8TX_FLASH.ld" --specs=nosys.specs -Wl,-Map="Sleep_mode.map" -Wl,--gc-sections -static --specs=nano.specs -mfloat-abi=soft -mthumb -Wl,--start-group -lc -lm -Wl,--end-group
Finished building target: Sleep_mode.elf
 
arm-none-eabi-size   Sleep_mode.elf 
arm-none-eabi-objdump -h -S  Sleep_mode.elf  > "Sleep_mode.list"
   text	   data	    bss	    dec	    hex	filename
   8484	     20	   1644	  10148	   27a4	Sleep_mode.elf
Finished building: default.size.stdout
 
Finished building: Sleep_mode.list
 
06:11:47 **** Incremental Build of configuration Debug for project Sleep_mode ****
make -j16 all 
arm-none-eabi-gcc "../Core/Src/main.c" -mcpu=cortex-m3 -std=gnu11 -g3 -DDEBUG -DUSE_HAL_DRIVER -DSTM32F103xB -c -I../Core/Inc -I../Drivers/STM32F1xx_HAL_Driver/Inc/Legacy -I../Drivers/STM32F1xx_HAL_Driver/Inc -I../Drivers/CMSIS/Device/ST/STM32F1xx/Include -I../Drivers/CMSIS/Include -O0 -ffunction-sections -fdata-sections -Wall -fstack-usage -fcyclomatic-complexity -MMD -MP -MF"Core/Src/main.d" -MT"Core/Src/main.o" --specs=nano.specs -mfloat-abi=soft -mthumb -o "Core/Src/main.o"
arm-none-eabi-gcc "../Core/Src/stm32f1xx_it.c" -mcpu=cortex-m3 -std=gnu11 -g3 -DDEBUG -DUSE_HAL_DRIVER -DSTM32F103xB -c -I../Core/Inc -I../Drivers/STM32F1xx_HAL_Driver/Inc/Legacy -I../Drivers/STM32F1xx_HAL_Driver/Inc -I../Drivers/CMSIS/Device/ST/STM32F1xx/Include -I../Drivers/CMSIS/Include -O0 -ffunction-sections -fdata-sections -Wall -fstack-usage -fcyclomatic-complexity -MMD -MP -MF"Core/Src/stm32f1xx_it.d" -MT"Core/Src/stm32f1xx_it.o" --specs=nano.specs -mfloat-abi=soft -mthumb -o "Core/Src/stm32f1xx_it.o"
arm-none-eabi-gcc -o "Sleep_mode.elf" @"objects.list"   -mcpu=cortex-m3 -T"D:\smart_garden\Sleep_mode\STM32F103C8TX_FLASH.ld" --specs=nosys.specs -Wl,-Map="Sleep_mode.map" -Wl,--gc-sections -static --specs=nano.specs -mfloat-abi=soft -mthumb -Wl,--start-group -lc -lm -Wl,--end-group
Finished building target: Sleep_mode.elf
 
arm-none-eabi-size   Sleep_mode.elf 
arm-none-eabi-objdump -h -S  Sleep_mode.elf  > "Sleep_mode.list"
   text	   data	    bss	    dec	    hex	filename
   8628	     20	   1644	  10292	   2834	Sleep_mode.elf
Finished building: default.size.stdout
 
Finished building: Sleep_mode.list
 
06:40:09 **** Build of configuration Debug for project Stanby_mode ****
make -j16 all 
arm-none-eabi-gcc "../Drivers/STM32F1xx_HAL_Driver/Src/stm32f1xx_hal.c" -mcpu=cortex-m3 -std=gnu11 -g3 -DDEBUG -DUSE_HAL_DRIVER -DSTM32F103xB -c -I../Core/Inc -I../Drivers/STM32F1xx_HAL_Driver/Inc/Legacy -I../Drivers/STM32F1xx_HAL_Driver/Inc -I../Drivers/CMSIS/Device/ST/STM32F1xx/Include -I../Drivers/CMSIS/Include -O0 -ffunction-sections -fdata-sections -Wall -fstack-usage -fcyclomatic-complexity -MMD -MP -MF"Drivers/STM32F1xx_HAL_Driver/Src/stm32f1xx_hal.d" -MT"Drivers/STM32F1xx_HAL_Driver/Src/stm32f1xx_hal.o" --specs=nano.specs -mfloat-abi=soft -mthumb -o "Drivers/STM32F1xx_HAL_Driver/Src/stm32f1xx_hal.o"
arm-none-eabi-gcc "../Drivers/STM32F1xx_HAL_Driver/Src/stm32f1xx_hal_cortex.c" -mcpu=cortex-m3 -std=gnu11 -g3 -DDEBUG -DUSE_HAL_DRIVER -DSTM32F103xB -c -I../Core/Inc -I../Drivers/STM32F1xx_HAL_Driver/Inc/Legacy -I../Drivers/STM32F1xx_HAL_Driver/Inc -I../Drivers/CMSIS/Device/ST/STM32F1xx/Include -I../Drivers/CMSIS/Include -O0 -ffunction-sections -fdata-sections -Wall -fstack-usage -fcyclomatic-complexity -MMD -MP -MF"Drivers/STM32F1xx_HAL_Driver/Src/stm32f1xx_hal_cortex.d" -MT"Drivers/STM32F1xx_HAL_Driver/Src/stm32f1xx_hal_cortex.o" --specs=nano.specs -mfloat-abi=soft -mthumb -o "Drivers/STM32F1xx_HAL_Driver/Src/stm32f1xx_hal_cortex.o"
arm-none-eabi-gcc "../Drivers/STM32F1xx_HAL_Driver/Src/stm32f1xx_hal_dma.c" -mcpu=cortex-m3 -std=gnu11 -g3 -DDEBUG -DUSE_HAL_DRIVER -DSTM32F103xB -c -I../Core/Inc -I../Drivers/STM32F1xx_HAL_Driver/Inc/Legacy -I../Drivers/STM32F1xx_HAL_Driver/Inc -I../Drivers/CMSIS/Device/ST/STM32F1xx/Include -I../Drivers/CMSIS/Include -O0 -ffunction-sections -fdata-sections -Wall -fstack-usage -fcyclomatic-complexity -MMD -MP -MF"Drivers/STM32F1xx_HAL_Driver/Src/stm32f1xx_hal_dma.d" -MT"Drivers/STM32F1xx_HAL_Driver/Src/stm32f1xx_hal_dma.o" --specs=nano.specs -mfloat-abi=soft -mthumb -o "Drivers/STM32F1xx_HAL_Driver/Src/stm32f1xx_hal_dma.o"
arm-none-eabi-gcc "../Drivers/STM32F1xx_HAL_Driver/Src/stm32f1xx_hal_exti.c" -mcpu=cortex-m3 -std=gnu11 -g3 -DDEBUG -DUSE_HAL_DRIVER -DSTM32F103xB -c -I../Core/Inc -I../Drivers/STM32F1xx_HAL_Driver/Inc/Legacy -I../Drivers/STM32F1xx_HAL_Driver/Inc -I../Drivers/CMSIS/Device/ST/STM32F1xx/Include -I../Drivers/CMSIS/Include -O0 -ffunction-sections -fdata-sections -Wall -fstack-usage -fcyclomatic-complexity -MMD -MP -MF"Drivers/STM32F1xx_HAL_Driver/Src/stm32f1xx_hal_exti.d" -MT"Drivers/STM32F1xx_HAL_Driver/Src/stm32f1xx_hal_exti.o" --specs=nano.specs -mfloat-abi=soft -mthumb -o "Drivers/STM32F1xx_HAL_Driver/Src/stm32f1xx_hal_exti.o"
arm-none-eabi-gcc "../Drivers/STM32F1xx_HAL_Driver/Src/stm32f1xx_hal_flash.c" -mcpu=cortex-m3 -std=gnu11 -g3 -DDEBUG -DUSE_HAL_DRIVER -DSTM32F103xB -c -I../Core/Inc -I../Drivers/STM32F1xx_HAL_Driver/Inc/Legacy -I../Drivers/STM32F1xx_HAL_Driver/Inc -I../Drivers/CMSIS/Device/ST/STM32F1xx/Include -I../Drivers/CMSIS/Include -O0 -ffunction-sections -fdata-sections -Wall -fstack-usage -fcyclomatic-complexity -MMD -MP -MF"Drivers/STM32F1xx_HAL_Driver/Src/stm32f1xx_hal_flash.d" -MT"Drivers/STM32F1xx_HAL_Driver/Src/stm32f1xx_hal_flash.o" --specs=nano.specs -mfloat-abi=soft -mthumb -o "Drivers/STM32F1xx_HAL_Driver/Src/stm32f1xx_hal_flash.o"
arm-none-eabi-gcc "../Drivers/STM32F1xx_HAL_Driver/Src/stm32f1xx_hal_flash_ex.c" -mcpu=cortex-m3 -std=gnu11 -g3 -DDEBUG -DUSE_HAL_DRIVER -DSTM32F103xB -c -I../Core/Inc -I../Drivers/STM32F1xx_HAL_Driver/Inc/Legacy -I../Drivers/STM32F1xx_HAL_Driver/Inc -I../Drivers/CMSIS/Device/ST/STM32F1xx/Include -I../Drivers/CMSIS/Include -O0 -ffunction-sections -fdata-sections -Wall -fstack-usage -fcyclomatic-complexity -MMD -MP -MF"Drivers/STM32F1xx_HAL_Driver/Src/stm32f1xx_hal_flash_ex.d" -MT"Drivers/STM32F1xx_HAL_Driver/Src/stm32f1xx_hal_flash_ex.o" --specs=nano.specs -mfloat-abi=soft -mthumb -o "Drivers/STM32F1xx_HAL_Driver/Src/stm32f1xx_hal_flash_ex.o"
arm-none-eabi-gcc "../Drivers/STM32F1xx_HAL_Driver/Src/stm32f1xx_hal_gpio.c" -mcpu=cortex-m3 -std=gnu11 -g3 -DDEBUG -DUSE_HAL_DRIVER -DSTM32F103xB -c -I../Core/Inc -I../Drivers/STM32F1xx_HAL_Driver/Inc/Legacy -I../Drivers/STM32F1xx_HAL_Driver/Inc -I../Drivers/CMSIS/Device/ST/STM32F1xx/Include -I../Drivers/CMSIS/Include -O0 -ffunction-sections -fdata-sections -Wall -fstack-usage -fcyclomatic-complexity -MMD -MP -MF"Drivers/STM32F1xx_HAL_Driver/Src/stm32f1xx_hal_gpio.d" -MT"Drivers/STM32F1xx_HAL_Driver/Src/stm32f1xx_hal_gpio.o" --specs=nano.specs -mfloat-abi=soft -mthumb -o "Drivers/STM32F1xx_HAL_Driver/Src/stm32f1xx_hal_gpio.o"
arm-none-eabi-gcc "../Drivers/STM32F1xx_HAL_Driver/Src/stm32f1xx_hal_gpio_ex.c" -mcpu=cortex-m3 -std=gnu11 -g3 -DDEBUG -DUSE_HAL_DRIVER -DSTM32F103xB -c -I../Core/Inc -I../Drivers/STM32F1xx_HAL_Driver/Inc/Legacy -I../Drivers/STM32F1xx_HAL_Driver/Inc -I../Drivers/CMSIS/Device/ST/STM32F1xx/Include -I../Drivers/CMSIS/Include -O0 -ffunction-sections -fdata-sections -Wall -fstack-usage -fcyclomatic-complexity -MMD -MP -MF"Drivers/STM32F1xx_HAL_Driver/Src/stm32f1xx_hal_gpio_ex.d" -MT"Drivers/STM32F1xx_HAL_Driver/Src/stm32f1xx_hal_gpio_ex.o" --specs=nano.specs -mfloat-abi=soft -mthumb -o "Drivers/STM32F1xx_HAL_Driver/Src/stm32f1xx_hal_gpio_ex.o"
arm-none-eabi-gcc "../Drivers/STM32F1xx_HAL_Driver/Src/stm32f1xx_hal_pwr.c" -mcpu=cortex-m3 -std=gnu11 -g3 -DDEBUG -DUSE_HAL_DRIVER -DSTM32F103xB -c -I../Core/Inc -I../Drivers/STM32F1xx_HAL_Driver/Inc/Legacy -I../Drivers/STM32F1xx_HAL_Driver/Inc -I../Drivers/CMSIS/Device/ST/STM32F1xx/Include -I../Drivers/CMSIS/Include -O0 -ffunction-sections -fdata-sections -Wall -fstack-usage -fcyclomatic-complexity -MMD -MP -MF"Drivers/STM32F1xx_HAL_Driver/Src/stm32f1xx_hal_pwr.d" -MT"Drivers/STM32F1xx_HAL_Driver/Src/stm32f1xx_hal_pwr.o" --specs=nano.specs -mfloat-abi=soft -mthumb -o "Drivers/STM32F1xx_HAL_Driver/Src/stm32f1xx_hal_pwr.o"
arm-none-eabi-gcc "../Drivers/STM32F1xx_HAL_Driver/Src/stm32f1xx_hal_rcc.c" -mcpu=cortex-m3 -std=gnu11 -g3 -DDEBUG -DUSE_HAL_DRIVER -DSTM32F103xB -c -I../Core/Inc -I../Drivers/STM32F1xx_HAL_Driver/Inc/Legacy -I../Drivers/STM32F1xx_HAL_Driver/Inc -I../Drivers/CMSIS/Device/ST/STM32F1xx/Include -I../Drivers/CMSIS/Include -O0 -ffunction-sections -fdata-sections -Wall -fstack-usage -fcyclomatic-complexity -MMD -MP -MF"Drivers/STM32F1xx_HAL_Driver/Src/stm32f1xx_hal_rcc.d" -MT"Drivers/STM32F1xx_HAL_Driver/Src/stm32f1xx_hal_rcc.o" --specs=nano.specs -mfloat-abi=soft -mthumb -o "Drivers/STM32F1xx_HAL_Driver/Src/stm32f1xx_hal_rcc.o"
arm-none-eabi-gcc "../Drivers/STM32F1xx_HAL_Driver/Src/stm32f1xx_hal_rcc_ex.c" -mcpu=cortex-m3 -std=gnu11 -g3 -DDEBUG -DUSE_HAL_DRIVER -DSTM32F103xB -c -I../Core/Inc -I../Drivers/STM32F1xx_HAL_Driver/Inc/Legacy -I../Drivers/STM32F1xx_HAL_Driver/Inc -I../Drivers/CMSIS/Device/ST/STM32F1xx/Include -I../Drivers/CMSIS/Include -O0 -ffunction-sections -fdata-sections -Wall -fstack-usage -fcyclomatic-complexity -MMD -MP -MF"Drivers/STM32F1xx_HAL_Driver/Src/stm32f1xx_hal_rcc_ex.d" -MT"Drivers/STM32F1xx_HAL_Driver/Src/stm32f1xx_hal_rcc_ex.o" --specs=nano.specs -mfloat-abi=soft -mthumb -o "Drivers/STM32F1xx_HAL_Driver/Src/stm32f1xx_hal_rcc_ex.o"
arm-none-eabi-gcc "../Drivers/STM32F1xx_HAL_Driver/Src/stm32f1xx_hal_tim.c" -mcpu=cortex-m3 -std=gnu11 -g3 -DDEBUG -DUSE_HAL_DRIVER -DSTM32F103xB -c -I../Core/Inc -I../Drivers/STM32F1xx_HAL_Driver/Inc/Legacy -I../Drivers/STM32F1xx_HAL_Driver/Inc -I../Drivers/CMSIS/Device/ST/STM32F1xx/Include -I../Drivers/CMSIS/Include -O0 -ffunction-sections -fdata-sections -Wall -fstack-usage -fcyclomatic-complexity -MMD -MP -MF"Drivers/STM32F1xx_HAL_Driver/Src/stm32f1xx_hal_tim.d" -MT"Drivers/STM32F1xx_HAL_Driver/Src/stm32f1xx_hal_tim.o" --specs=nano.specs -mfloat-abi=soft -mthumb -o "Drivers/STM32F1xx_HAL_Driver/Src/stm32f1xx_hal_tim.o"
arm-none-eabi-gcc "../Drivers/STM32F1xx_HAL_Driver/Src/stm32f1xx_hal_tim_ex.c" -mcpu=cortex-m3 -std=gnu11 -g3 -DDEBUG -DUSE_HAL_DRIVER -DSTM32F103xB -c -I../Core/Inc -I../Drivers/STM32F1xx_HAL_Driver/Inc/Legacy -I../Drivers/STM32F1xx_HAL_Driver/Inc -I../Drivers/CMSIS/Device/ST/STM32F1xx/Include -I../Drivers/CMSIS/Include -O0 -ffunction-sections -fdata-sections -Wall -fstack-usage -fcyclomatic-complexity -MMD -MP -MF"Drivers/STM32F1xx_HAL_Driver/Src/stm32f1xx_hal_tim_ex.d" -MT"Drivers/STM32F1xx_HAL_Driver/Src/stm32f1xx_hal_tim_ex.o" --specs=nano.specs -mfloat-abi=soft -mthumb -o "Drivers/STM32F1xx_HAL_Driver/Src/stm32f1xx_hal_tim_ex.o"
arm-none-eabi-gcc "../Drivers/STM32F1xx_HAL_Driver/Src/stm32f1xx_hal_uart.c" -mcpu=cortex-m3 -std=gnu11 -g3 -DDEBUG -DUSE_HAL_DRIVER -DSTM32F103xB -c -I../Core/Inc -I../Drivers/STM32F1xx_HAL_Driver/Inc/Legacy -I../Drivers/STM32F1xx_HAL_Driver/Inc -I../Drivers/CMSIS/Device/ST/STM32F1xx/Include -I../Drivers/CMSIS/Include -O0 -ffunction-sections -fdata-sections -Wall -fstack-usage -fcyclomatic-complexity -MMD -MP -MF"Drivers/STM32F1xx_HAL_Driver/Src/stm32f1xx_hal_uart.d" -MT"Drivers/STM32F1xx_HAL_Driver/Src/stm32f1xx_hal_uart.o" --specs=nano.specs -mfloat-abi=soft -mthumb -o "Drivers/STM32F1xx_HAL_Driver/Src/stm32f1xx_hal_uart.o"
arm-none-eabi-gcc -mcpu=cortex-m3 -g3 -DDEBUG -c -x assembler-with-cpp -MMD -MP -MF"Core/Startup/startup_stm32f103c8tx.d" -MT"Core/Startup/startup_stm32f103c8tx.o" --specs=nano.specs -mfloat-abi=soft -mthumb -o "Core/Startup/startup_stm32f103c8tx.o" "../Core/Startup/startup_stm32f103c8tx.s"
arm-none-eabi-gcc "../Core/Src/main.c" -mcpu=cortex-m3 -std=gnu11 -g3 -DDEBUG -DUSE_HAL_DRIVER -DSTM32F103xB -c -I../Core/Inc -I../Drivers/STM32F1xx_HAL_Driver/Inc/Legacy -I../Drivers/STM32F1xx_HAL_Driver/Inc -I../Drivers/CMSIS/Device/ST/STM32F1xx/Include -I../Drivers/CMSIS/Include -O0 -ffunction-sections -fdata-sections -Wall -fstack-usage -fcyclomatic-complexity -MMD -MP -MF"Core/Src/main.d" -MT"Core/Src/main.o" --specs=nano.specs -mfloat-abi=soft -mthumb -o "Core/Src/main.o"
arm-none-eabi-gcc "../Core/Src/stm32f1xx_hal_msp.c" -mcpu=cortex-m3 -std=gnu11 -g3 -DDEBUG -DUSE_HAL_DRIVER -DSTM32F103xB -c -I../Core/Inc -I../Drivers/STM32F1xx_HAL_Driver/Inc/Legacy -I../Drivers/STM32F1xx_HAL_Driver/Inc -I../Drivers/CMSIS/Device/ST/STM32F1xx/Include -I../Drivers/CMSIS/Include -O0 -ffunction-sections -fdata-sections -Wall -fstack-usage -fcyclomatic-complexity -MMD -MP -MF"Core/Src/stm32f1xx_hal_msp.d" -MT"Core/Src/stm32f1xx_hal_msp.o" --specs=nano.specs -mfloat-abi=soft -mthumb -o "Core/Src/stm32f1xx_hal_msp.o"
arm-none-eabi-gcc "../Core/Src/stm32f1xx_it.c" -mcpu=cortex-m3 -std=gnu11 -g3 -DDEBUG -DUSE_HAL_DRIVER -DSTM32F103xB -c -I../Core/Inc -I../Drivers/STM32F1xx_HAL_Driver/Inc/Legacy -I../Drivers/STM32F1xx_HAL_Driver/Inc -I../Drivers/CMSIS/Device/ST/STM32F1xx/Include -I../Drivers/CMSIS/Include -O0 -ffunction-sections -fdata-sections -Wall -fstack-usage -fcyclomatic-complexity -MMD -MP -MF"Core/Src/stm32f1xx_it.d" -MT"Core/Src/stm32f1xx_it.o" --specs=nano.specs -mfloat-abi=soft -mthumb -o "Core/Src/stm32f1xx_it.o"
arm-none-eabi-gcc "../Core/Src/syscalls.c" -mcpu=cortex-m3 -std=gnu11 -g3 -DDEBUG -DUSE_HAL_DRIVER -DSTM32F103xB -c -I../Core/Inc -I../Drivers/STM32F1xx_HAL_Driver/Inc/Legacy -I../Drivers/STM32F1xx_HAL_Driver/Inc -I../Drivers/CMSIS/Device/ST/STM32F1xx/Include -I../Drivers/CMSIS/Include -O0 -ffunction-sections -fdata-sections -Wall -fstack-usage -fcyclomatic-complexity -MMD -MP -MF"Core/Src/syscalls.d" -MT"Core/Src/syscalls.o" --specs=nano.specs -mfloat-abi=soft -mthumb -o "Core/Src/syscalls.o"
arm-none-eabi-gcc "../Core/Src/sysmem.c" -mcpu=cortex-m3 -std=gnu11 -g3 -DDEBUG -DUSE_HAL_DRIVER -DSTM32F103xB -c -I../Core/Inc -I../Drivers/STM32F1xx_HAL_Driver/Inc/Legacy -I../Drivers/STM32F1xx_HAL_Driver/Inc -I../Drivers/CMSIS/Device/ST/STM32F1xx/Include -I../Drivers/CMSIS/Include -O0 -ffunction-sections -fdata-sections -Wall -fstack-usage -fcyclomatic-complexity -MMD -MP -MF"Core/Src/sysmem.d" -MT"Core/Src/sysmem.o" --specs=nano.specs -mfloat-abi=soft -mthumb -o "Core/Src/sysmem.o"
arm-none-eabi-gcc "../Core/Src/system_stm32f1xx.c" -mcpu=cortex-m3 -std=gnu11 -g3 -DDEBUG -DUSE_HAL_DRIVER -DSTM32F103xB -c -I../Core/Inc -I../Drivers/STM32F1xx_HAL_Driver/Inc/Legacy -I../Drivers/STM32F1xx_HAL_Driver/Inc -I../Drivers/CMSIS/Device/ST/STM32F1xx/Include -I../Drivers/CMSIS/Include -O0 -ffunction-sections -fdata-sections -Wall -fstack-usage -fcyclomatic-complexity -MMD -MP -MF"Core/Src/system_stm32f1xx.d" -MT"Core/Src/system_stm32f1xx.o" --specs=nano.specs -mfloat-abi=soft -mthumb -o "Core/Src/system_stm32f1xx.o"
arm-none-eabi-gcc -o "Stanby_mode.elf" @"objects.list"   -mcpu=cortex-m3 -T"D:\smart_garden\Stanby_mode\STM32F103C8TX_FLASH.ld" --specs=nosys.specs -Wl,-Map="Stanby_mode.map" -Wl,--gc-sections -static --specs=nano.specs -mfloat-abi=soft -mthumb -Wl,--start-group -lc -lm -Wl,--end-group
Finished building target: Stanby_mode.elf
 
arm-none-eabi-size   Stanby_mode.elf 
arm-none-eabi-objdump -h -S  Stanby_mode.elf  > "Stanby_mode.list"
   text	   data	    bss	    dec	    hex	filename
   5772	     20	   1644	   7436	   1d0c	Stanby_mode.elf
Finished building: default.size.stdout
 
Finished building: Stanby_mode.list
 
06:40:17 **** Incremental Build of configuration Debug for project Stanby_mode ****
make -j16 all 
arm-none-eabi-size   Stanby_mode.elf 
   text	   data	    bss	    dec	    hex	filename
   5772	     20	   1644	   7436	   1d0c	Stanby_mode.elf
Finished building: default.size.stdout
 
06:41:20 **** Incremental Build of configuration Debug for project Stanby_mode ****
make -j16 all 
arm-none-eabi-gcc "../Core/Src/main.c" -mcpu=cortex-m3 -std=gnu11 -g3 -DDEBUG -DUSE_HAL_DRIVER -DSTM32F103xB -c -I../Core/Inc -I../Drivers/STM32F1xx_HAL_Driver/Inc/Legacy -I../Drivers/STM32F1xx_HAL_Driver/Inc -I../Drivers/CMSIS/Device/ST/STM32F1xx/Include -I../Drivers/CMSIS/Include -O0 -ffunction-sections -fdata-sections -Wall -fstack-usage -fcyclomatic-complexity -MMD -MP -MF"Core/Src/main.d" -MT"Core/Src/main.o" --specs=nano.specs -mfloat-abi=soft -mthumb -o "Core/Src/main.o"
arm-none-eabi-gcc -o "Stanby_mode.elf" @"objects.list"   -mcpu=cortex-m3 -T"D:\smart_garden\Stanby_mode\STM32F103C8TX_FLASH.ld" --specs=nosys.specs -Wl,-Map="Stanby_mode.map" -Wl,--gc-sections -static --specs=nano.specs -mfloat-abi=soft -mthumb -Wl,--start-group -lc -lm -Wl,--end-group
Finished building target: Stanby_mode.elf
 
arm-none-eabi-size   Stanby_mode.elf 
arm-none-eabi-objdump -h -S  Stanby_mode.elf  > "Stanby_mode.list"
   text	   data	    bss	    dec	    hex	filename
   5772	     20	   1644	   7436	   1d0c	Stanby_mode.elf
Finished building: default.size.stdout
 
Finished building: Stanby_mode.list
 
06:56:52 **** Build of configuration Debug for project Stop_mode ****
make -j16 all 
arm-none-eabi-gcc "../Drivers/STM32F1xx_HAL_Driver/Src/stm32f1xx_hal.c" -mcpu=cortex-m3 -std=gnu11 -g3 -DDEBUG -DUSE_HAL_DRIVER -DSTM32F103xB -c -I../Core/Inc -I../Drivers/STM32F1xx_HAL_Driver/Inc/Legacy -I../Drivers/STM32F1xx_HAL_Driver/Inc -I../Drivers/CMSIS/Device/ST/STM32F1xx/Include -I../Drivers/CMSIS/Include -O0 -ffunction-sections -fdata-sections -Wall -fstack-usage -fcyclomatic-complexity -MMD -MP -MF"Drivers/STM32F1xx_HAL_Driver/Src/stm32f1xx_hal.d" -MT"Drivers/STM32F1xx_HAL_Driver/Src/stm32f1xx_hal.o" --specs=nano.specs -mfloat-abi=soft -mthumb -o "Drivers/STM32F1xx_HAL_Driver/Src/stm32f1xx_hal.o"
arm-none-eabi-gcc "../Drivers/STM32F1xx_HAL_Driver/Src/stm32f1xx_hal_cortex.c" -mcpu=cortex-m3 -std=gnu11 -g3 -DDEBUG -DUSE_HAL_DRIVER -DSTM32F103xB -c -I../Core/Inc -I../Drivers/STM32F1xx_HAL_Driver/Inc/Legacy -I../Drivers/STM32F1xx_HAL_Driver/Inc -I../Drivers/CMSIS/Device/ST/STM32F1xx/Include -I../Drivers/CMSIS/Include -O0 -ffunction-sections -fdata-sections -Wall -fstack-usage -fcyclomatic-complexity -MMD -MP -MF"Drivers/STM32F1xx_HAL_Driver/Src/stm32f1xx_hal_cortex.d" -MT"Drivers/STM32F1xx_HAL_Driver/Src/stm32f1xx_hal_cortex.o" --specs=nano.specs -mfloat-abi=soft -mthumb -o "Drivers/STM32F1xx_HAL_Driver/Src/stm32f1xx_hal_cortex.o"
arm-none-eabi-gcc "../Drivers/STM32F1xx_HAL_Driver/Src/stm32f1xx_hal_dma.c" -mcpu=cortex-m3 -std=gnu11 -g3 -DDEBUG -DUSE_HAL_DRIVER -DSTM32F103xB -c -I../Core/Inc -I../Drivers/STM32F1xx_HAL_Driver/Inc/Legacy -I../Drivers/STM32F1xx_HAL_Driver/Inc -I../Drivers/CMSIS/Device/ST/STM32F1xx/Include -I../Drivers/CMSIS/Include -O0 -ffunction-sections -fdata-sections -Wall -fstack-usage -fcyclomatic-complexity -MMD -MP -MF"Drivers/STM32F1xx_HAL_Driver/Src/stm32f1xx_hal_dma.d" -MT"Drivers/STM32F1xx_HAL_Driver/Src/stm32f1xx_hal_dma.o" --specs=nano.specs -mfloat-abi=soft -mthumb -o "Drivers/STM32F1xx_HAL_Driver/Src/stm32f1xx_hal_dma.o"
arm-none-eabi-gcc "../Drivers/STM32F1xx_HAL_Driver/Src/stm32f1xx_hal_exti.c" -mcpu=cortex-m3 -std=gnu11 -g3 -DDEBUG -DUSE_HAL_DRIVER -DSTM32F103xB -c -I../Core/Inc -I../Drivers/STM32F1xx_HAL_Driver/Inc/Legacy -I../Drivers/STM32F1xx_HAL_Driver/Inc -I../Drivers/CMSIS/Device/ST/STM32F1xx/Include -I../Drivers/CMSIS/Include -O0 -ffunction-sections -fdata-sections -Wall -fstack-usage -fcyclomatic-complexity -MMD -MP -MF"Drivers/STM32F1xx_HAL_Driver/Src/stm32f1xx_hal_exti.d" -MT"Drivers/STM32F1xx_HAL_Driver/Src/stm32f1xx_hal_exti.o" --specs=nano.specs -mfloat-abi=soft -mthumb -o "Drivers/STM32F1xx_HAL_Driver/Src/stm32f1xx_hal_exti.o"
arm-none-eabi-gcc "../Drivers/STM32F1xx_HAL_Driver/Src/stm32f1xx_hal_flash.c" -mcpu=cortex-m3 -std=gnu11 -g3 -DDEBUG -DUSE_HAL_DRIVER -DSTM32F103xB -c -I../Core/Inc -I../Drivers/STM32F1xx_HAL_Driver/Inc/Legacy -I../Drivers/STM32F1xx_HAL_Driver/Inc -I../Drivers/CMSIS/Device/ST/STM32F1xx/Include -I../Drivers/CMSIS/Include -O0 -ffunction-sections -fdata-sections -Wall -fstack-usage -fcyclomatic-complexity -MMD -MP -MF"Drivers/STM32F1xx_HAL_Driver/Src/stm32f1xx_hal_flash.d" -MT"Drivers/STM32F1xx_HAL_Driver/Src/stm32f1xx_hal_flash.o" --specs=nano.specs -mfloat-abi=soft -mthumb -o "Drivers/STM32F1xx_HAL_Driver/Src/stm32f1xx_hal_flash.o"
arm-none-eabi-gcc "../Drivers/STM32F1xx_HAL_Driver/Src/stm32f1xx_hal_flash_ex.c" -mcpu=cortex-m3 -std=gnu11 -g3 -DDEBUG -DUSE_HAL_DRIVER -DSTM32F103xB -c -I../Core/Inc -I../Drivers/STM32F1xx_HAL_Driver/Inc/Legacy -I../Drivers/STM32F1xx_HAL_Driver/Inc -I../Drivers/CMSIS/Device/ST/STM32F1xx/Include -I../Drivers/CMSIS/Include -O0 -ffunction-sections -fdata-sections -Wall -fstack-usage -fcyclomatic-complexity -MMD -MP -MF"Drivers/STM32F1xx_HAL_Driver/Src/stm32f1xx_hal_flash_ex.d" -MT"Drivers/STM32F1xx_HAL_Driver/Src/stm32f1xx_hal_flash_ex.o" --specs=nano.specs -mfloat-abi=soft -mthumb -o "Drivers/STM32F1xx_HAL_Driver/Src/stm32f1xx_hal_flash_ex.o"
arm-none-eabi-gcc "../Drivers/STM32F1xx_HAL_Driver/Src/stm32f1xx_hal_gpio.c" -mcpu=cortex-m3 -std=gnu11 -g3 -DDEBUG -DUSE_HAL_DRIVER -DSTM32F103xB -c -I../Core/Inc -I../Drivers/STM32F1xx_HAL_Driver/Inc/Legacy -I../Drivers/STM32F1xx_HAL_Driver/Inc -I../Drivers/CMSIS/Device/ST/STM32F1xx/Include -I../Drivers/CMSIS/Include -O0 -ffunction-sections -fdata-sections -Wall -fstack-usage -fcyclomatic-complexity -MMD -MP -MF"Drivers/STM32F1xx_HAL_Driver/Src/stm32f1xx_hal_gpio.d" -MT"Drivers/STM32F1xx_HAL_Driver/Src/stm32f1xx_hal_gpio.o" --specs=nano.specs -mfloat-abi=soft -mthumb -o "Drivers/STM32F1xx_HAL_Driver/Src/stm32f1xx_hal_gpio.o"
arm-none-eabi-gcc "../Drivers/STM32F1xx_HAL_Driver/Src/stm32f1xx_hal_gpio_ex.c" -mcpu=cortex-m3 -std=gnu11 -g3 -DDEBUG -DUSE_HAL_DRIVER -DSTM32F103xB -c -I../Core/Inc -I../Drivers/STM32F1xx_HAL_Driver/Inc/Legacy -I../Drivers/STM32F1xx_HAL_Driver/Inc -I../Drivers/CMSIS/Device/ST/STM32F1xx/Include -I../Drivers/CMSIS/Include -O0 -ffunction-sections -fdata-sections -Wall -fstack-usage -fcyclomatic-complexity -MMD -MP -MF"Drivers/STM32F1xx_HAL_Driver/Src/stm32f1xx_hal_gpio_ex.d" -MT"Drivers/STM32F1xx_HAL_Driver/Src/stm32f1xx_hal_gpio_ex.o" --specs=nano.specs -mfloat-abi=soft -mthumb -o "Drivers/STM32F1xx_HAL_Driver/Src/stm32f1xx_hal_gpio_ex.o"
arm-none-eabi-gcc "../Drivers/STM32F1xx_HAL_Driver/Src/stm32f1xx_hal_pwr.c" -mcpu=cortex-m3 -std=gnu11 -g3 -DDEBUG -DUSE_HAL_DRIVER -DSTM32F103xB -c -I../Core/Inc -I../Drivers/STM32F1xx_HAL_Driver/Inc/Legacy -I../Drivers/STM32F1xx_HAL_Driver/Inc -I../Drivers/CMSIS/Device/ST/STM32F1xx/Include -I../Drivers/CMSIS/Include -O0 -ffunction-sections -fdata-sections -Wall -fstack-usage -fcyclomatic-complexity -MMD -MP -MF"Drivers/STM32F1xx_HAL_Driver/Src/stm32f1xx_hal_pwr.d" -MT"Drivers/STM32F1xx_HAL_Driver/Src/stm32f1xx_hal_pwr.o" --specs=nano.specs -mfloat-abi=soft -mthumb -o "Drivers/STM32F1xx_HAL_Driver/Src/stm32f1xx_hal_pwr.o"
arm-none-eabi-gcc "../Drivers/STM32F1xx_HAL_Driver/Src/stm32f1xx_hal_rcc.c" -mcpu=cortex-m3 -std=gnu11 -g3 -DDEBUG -DUSE_HAL_DRIVER -DSTM32F103xB -c -I../Core/Inc -I../Drivers/STM32F1xx_HAL_Driver/Inc/Legacy -I../Drivers/STM32F1xx_HAL_Driver/Inc -I../Drivers/CMSIS/Device/ST/STM32F1xx/Include -I../Drivers/CMSIS/Include -O0 -ffunction-sections -fdata-sections -Wall -fstack-usage -fcyclomatic-complexity -MMD -MP -MF"Drivers/STM32F1xx_HAL_Driver/Src/stm32f1xx_hal_rcc.d" -MT"Drivers/STM32F1xx_HAL_Driver/Src/stm32f1xx_hal_rcc.o" --specs=nano.specs -mfloat-abi=soft -mthumb -o "Drivers/STM32F1xx_HAL_Driver/Src/stm32f1xx_hal_rcc.o"
arm-none-eabi-gcc "../Drivers/STM32F1xx_HAL_Driver/Src/stm32f1xx_hal_rcc_ex.c" -mcpu=cortex-m3 -std=gnu11 -g3 -DDEBUG -DUSE_HAL_DRIVER -DSTM32F103xB -c -I../Core/Inc -I../Drivers/STM32F1xx_HAL_Driver/Inc/Legacy -I../Drivers/STM32F1xx_HAL_Driver/Inc -I../Drivers/CMSIS/Device/ST/STM32F1xx/Include -I../Drivers/CMSIS/Include -O0 -ffunction-sections -fdata-sections -Wall -fstack-usage -fcyclomatic-complexity -MMD -MP -MF"Drivers/STM32F1xx_HAL_Driver/Src/stm32f1xx_hal_rcc_ex.d" -MT"Drivers/STM32F1xx_HAL_Driver/Src/stm32f1xx_hal_rcc_ex.o" --specs=nano.specs -mfloat-abi=soft -mthumb -o "Drivers/STM32F1xx_HAL_Driver/Src/stm32f1xx_hal_rcc_ex.o"
arm-none-eabi-gcc "../Drivers/STM32F1xx_HAL_Driver/Src/stm32f1xx_hal_tim.c" -mcpu=cortex-m3 -std=gnu11 -g3 -DDEBUG -DUSE_HAL_DRIVER -DSTM32F103xB -c -I../Core/Inc -I../Drivers/STM32F1xx_HAL_Driver/Inc/Legacy -I../Drivers/STM32F1xx_HAL_Driver/Inc -I../Drivers/CMSIS/Device/ST/STM32F1xx/Include -I../Drivers/CMSIS/Include -O0 -ffunction-sections -fdata-sections -Wall -fstack-usage -fcyclomatic-complexity -MMD -MP -MF"Drivers/STM32F1xx_HAL_Driver/Src/stm32f1xx_hal_tim.d" -MT"Drivers/STM32F1xx_HAL_Driver/Src/stm32f1xx_hal_tim.o" --specs=nano.specs -mfloat-abi=soft -mthumb -o "Drivers/STM32F1xx_HAL_Driver/Src/stm32f1xx_hal_tim.o"
arm-none-eabi-gcc "../Drivers/STM32F1xx_HAL_Driver/Src/stm32f1xx_hal_tim_ex.c" -mcpu=cortex-m3 -std=gnu11 -g3 -DDEBUG -DUSE_HAL_DRIVER -DSTM32F103xB -c -I../Core/Inc -I../Drivers/STM32F1xx_HAL_Driver/Inc/Legacy -I../Drivers/STM32F1xx_HAL_Driver/Inc -I../Drivers/CMSIS/Device/ST/STM32F1xx/Include -I../Drivers/CMSIS/Include -O0 -ffunction-sections -fdata-sections -Wall -fstack-usage -fcyclomatic-complexity -MMD -MP -MF"Drivers/STM32F1xx_HAL_Driver/Src/stm32f1xx_hal_tim_ex.d" -MT"Drivers/STM32F1xx_HAL_Driver/Src/stm32f1xx_hal_tim_ex.o" --specs=nano.specs -mfloat-abi=soft -mthumb -o "Drivers/STM32F1xx_HAL_Driver/Src/stm32f1xx_hal_tim_ex.o"
arm-none-eabi-gcc -mcpu=cortex-m3 -g3 -DDEBUG -c -x assembler-with-cpp -MMD -MP -MF"Core/Startup/startup_stm32f103c8tx.d" -MT"Core/Startup/startup_stm32f103c8tx.o" --specs=nano.specs -mfloat-abi=soft -mthumb -o "Core/Startup/startup_stm32f103c8tx.o" "../Core/Startup/startup_stm32f103c8tx.s"
arm-none-eabi-gcc "../Core/Src/main.c" -mcpu=cortex-m3 -std=gnu11 -g3 -DDEBUG -DUSE_HAL_DRIVER -DSTM32F103xB -c -I../Core/Inc -I../Drivers/STM32F1xx_HAL_Driver/Inc/Legacy -I../Drivers/STM32F1xx_HAL_Driver/Inc -I../Drivers/CMSIS/Device/ST/STM32F1xx/Include -I../Drivers/CMSIS/Include -O0 -ffunction-sections -fdata-sections -Wall -fstack-usage -fcyclomatic-complexity -MMD -MP -MF"Core/Src/main.d" -MT"Core/Src/main.o" --specs=nano.specs -mfloat-abi=soft -mthumb -o "Core/Src/main.o"
arm-none-eabi-gcc "../Core/Src/stm32f1xx_hal_msp.c" -mcpu=cortex-m3 -std=gnu11 -g3 -DDEBUG -DUSE_HAL_DRIVER -DSTM32F103xB -c -I../Core/Inc -I../Drivers/STM32F1xx_HAL_Driver/Inc/Legacy -I../Drivers/STM32F1xx_HAL_Driver/Inc -I../Drivers/CMSIS/Device/ST/STM32F1xx/Include -I../Drivers/CMSIS/Include -O0 -ffunction-sections -fdata-sections -Wall -fstack-usage -fcyclomatic-complexity -MMD -MP -MF"Core/Src/stm32f1xx_hal_msp.d" -MT"Core/Src/stm32f1xx_hal_msp.o" --specs=nano.specs -mfloat-abi=soft -mthumb -o "Core/Src/stm32f1xx_hal_msp.o"
arm-none-eabi-gcc "../Core/Src/stm32f1xx_it.c" -mcpu=cortex-m3 -std=gnu11 -g3 -DDEBUG -DUSE_HAL_DRIVER -DSTM32F103xB -c -I../Core/Inc -I../Drivers/STM32F1xx_HAL_Driver/Inc/Legacy -I../Drivers/STM32F1xx_HAL_Driver/Inc -I../Drivers/CMSIS/Device/ST/STM32F1xx/Include -I../Drivers/CMSIS/Include -O0 -ffunction-sections -fdata-sections -Wall -fstack-usage -fcyclomatic-complexity -MMD -MP -MF"Core/Src/stm32f1xx_it.d" -MT"Core/Src/stm32f1xx_it.o" --specs=nano.specs -mfloat-abi=soft -mthumb -o "Core/Src/stm32f1xx_it.o"
arm-none-eabi-gcc "../Core/Src/syscalls.c" -mcpu=cortex-m3 -std=gnu11 -g3 -DDEBUG -DUSE_HAL_DRIVER -DSTM32F103xB -c -I../Core/Inc -I../Drivers/STM32F1xx_HAL_Driver/Inc/Legacy -I../Drivers/STM32F1xx_HAL_Driver/Inc -I../Drivers/CMSIS/Device/ST/STM32F1xx/Include -I../Drivers/CMSIS/Include -O0 -ffunction-sections -fdata-sections -Wall -fstack-usage -fcyclomatic-complexity -MMD -MP -MF"Core/Src/syscalls.d" -MT"Core/Src/syscalls.o" --specs=nano.specs -mfloat-abi=soft -mthumb -o "Core/Src/syscalls.o"
arm-none-eabi-gcc "../Core/Src/sysmem.c" -mcpu=cortex-m3 -std=gnu11 -g3 -DDEBUG -DUSE_HAL_DRIVER -DSTM32F103xB -c -I../Core/Inc -I../Drivers/STM32F1xx_HAL_Driver/Inc/Legacy -I../Drivers/STM32F1xx_HAL_Driver/Inc -I../Drivers/CMSIS/Device/ST/STM32F1xx/Include -I../Drivers/CMSIS/Include -O0 -ffunction-sections -fdata-sections -Wall -fstack-usage -fcyclomatic-complexity -MMD -MP -MF"Core/Src/sysmem.d" -MT"Core/Src/sysmem.o" --specs=nano.specs -mfloat-abi=soft -mthumb -o "Core/Src/sysmem.o"
arm-none-eabi-gcc "../Core/Src/system_stm32f1xx.c" -mcpu=cortex-m3 -std=gnu11 -g3 -DDEBUG -DUSE_HAL_DRIVER -DSTM32F103xB -c -I../Core/Inc -I../Drivers/STM32F1xx_HAL_Driver/Inc/Legacy -I../Drivers/STM32F1xx_HAL_Driver/Inc -I../Drivers/CMSIS/Device/ST/STM32F1xx/Include -I../Drivers/CMSIS/Include -O0 -ffunction-sections -fdata-sections -Wall -fstack-usage -fcyclomatic-complexity -MMD -MP -MF"Core/Src/system_stm32f1xx.d" -MT"Core/Src/system_stm32f1xx.o" --specs=nano.specs -mfloat-abi=soft -mthumb -o "Core/Src/system_stm32f1xx.o"
arm-none-eabi-gcc -o "Stop_mode.elf" @"objects.list"   -mcpu=cortex-m3 -T"D:\smart_garden\Stop_mode\STM32F103C8TX_FLASH.ld" --specs=nosys.specs -Wl,-Map="Stop_mode.map" -Wl,--gc-sections -static --specs=nano.specs -mfloat-abi=soft -mthumb -Wl,--start-group -lc -lm -Wl,--end-group
Finished building target: Stop_mode.elf
 
arm-none-eabi-size   Stop_mode.elf 
arm-none-eabi-objdump -h -S  Stop_mode.elf  > "Stop_mode.list"
   text	   data	    bss	    dec	    hex	filename
   5132	     20	   1572	   6724	   1a44	Stop_mode.elf
Finished building: default.size.stdout
 
Finished building: Stop_mode.list
 
06:57:05 **** Incremental Build of configuration Debug for project Stop_mode ****
make -j16 all 
arm-none-eabi-size   Stop_mode.elf 
   text	   data	    bss	    dec	    hex	filename
   5132	     20	   1572	   6724	   1a44	Stop_mode.elf
Finished building: default.size.stdout
 
07:11:02 **** Incremental Build of configuration Debug for project Stop_mode ****
make -j16 all 
arm-none-eabi-gcc "../Core/Src/main.c" -mcpu=cortex-m3 -std=gnu11 -g3 -DDEBUG -DUSE_HAL_DRIVER -DSTM32F103xB -c -I../Core/Inc -I../Drivers/STM32F1xx_HAL_Driver/Inc/Legacy -I../Drivers/STM32F1xx_HAL_Driver/Inc -I../Drivers/CMSIS/Device/ST/STM32F1xx/Include -I../Drivers/CMSIS/Include -O0 -ffunction-sections -fdata-sections -Wall -fstack-usage -fcyclomatic-complexity -MMD -MP -MF"Core/Src/main.d" -MT"Core/Src/main.o" --specs=nano.specs -mfloat-abi=soft -mthumb -o "Core/Src/main.o"
arm-none-eabi-gcc -o "Stop_mode.elf" @"objects.list"   -mcpu=cortex-m3 -T"D:\smart_garden\Stop_mode\STM32F103C8TX_FLASH.ld" --specs=nosys.specs -Wl,-Map="Stop_mode.map" -Wl,--gc-sections -static --specs=nano.specs -mfloat-abi=soft -mthumb -Wl,--start-group -lc -lm -Wl,--end-group
Finished building target: Stop_mode.elf
 
arm-none-eabi-size   Stop_mode.elf 
arm-none-eabi-objdump -h -S  Stop_mode.elf  > "Stop_mode.list"
   text	   data	    bss	    dec	    hex	filename
   5144	     20	   1572	   6736	   1a50	Stop_mode.elf
Finished building: default.size.stdout
 
Finished building: Stop_mode.list
 
10:48:20 **** Incremental Build of configuration Debug for project I2C_SHT30 ****
make -j16 all 
arm-none-eabi-size   I2C_SHT30.elf 
   text	   data	    bss	    dec	    hex	filename
   6280	     20	   1660	   7960	   1f18	I2C_SHT30.elf
Finished building: default.size.stdout
 
10:48:20 **** Incremental Build of configuration Debug for project I2C_SHT30_DS3231 ****
make -j16 all 
arm-none-eabi-size   I2C_SHT30_DS3231.elf 
   text	   data	    bss	    dec	    hex	filename
  10068	     24	   1664	  11756	   2dec	I2C_SHT30_DS3231.elf
Finished building: default.size.stdout
 
10:48:21 **** Incremental Build of configuration Debug for project LORA_V2 ****
make -j16 all 
arm-none-eabi-size   LORA_V2.elf 
   text	   data	    bss	    dec	    hex	filename
  14572	     24	   1872	  16468	   4054	LORA_V2.elf
Finished building: default.size.stdout
 
10:48:21 **** Incremental Build of configuration Debug for project Low_Power ****
make -j16 all 
arm-none-eabi-size   Low_Power.elf 
   text	   data	    bss	    dec	    hex	filename
   9248	     20	   1652	  10920	   2aa8	Low_Power.elf
Finished building: default.size.stdout
 
10:48:22 **** Incremental Build of configuration Debug for project Sleep_mode ****
make -j16 all 
arm-none-eabi-size   Sleep_mode.elf 
   text	   data	    bss	    dec	    hex	filename
   8628	     20	   1644	  10292	   2834	Sleep_mode.elf
Finished building: default.size.stdout
 
10:48:23 **** Incremental Build of configuration Debug for project Stanby_mode ****
make -j16 all 
arm-none-eabi-size   Stanby_mode.elf 
   text	   data	    bss	    dec	    hex	filename
   5772	     20	   1644	   7436	   1d0c	Stanby_mode.elf
Finished building: default.size.stdout
 
10:48:23 **** Incremental Build of configuration Debug for project Stop_mode ****
make -j16 all 
arm-none-eabi-gcc "../Drivers/STM32F1xx_HAL_Driver/Src/stm32f1xx_hal.c" -mcpu=cortex-m3 -std=gnu11 -g3 -DDEBUG -DUSE_HAL_DRIVER -DSTM32F103xB -c -I../Core/Inc -I../Drivers/STM32F1xx_HAL_Driver/Inc/Legacy -I../Drivers/STM32F1xx_HAL_Driver/Inc -I../Drivers/CMSIS/Device/ST/STM32F1xx/Include -I../Drivers/CMSIS/Include -O0 -ffunction-sections -fdata-sections -Wall -fstack-usage -fcyclomatic-complexity -MMD -MP -MF"Drivers/STM32F1xx_HAL_Driver/Src/stm32f1xx_hal.d" -MT"Drivers/STM32F1xx_HAL_Driver/Src/stm32f1xx_hal.o" --specs=nano.specs -mfloat-abi=soft -mthumb -o "Drivers/STM32F1xx_HAL_Driver/Src/stm32f1xx_hal.o"
arm-none-eabi-gcc "../Drivers/STM32F1xx_HAL_Driver/Src/stm32f1xx_hal_cortex.c" -mcpu=cortex-m3 -std=gnu11 -g3 -DDEBUG -DUSE_HAL_DRIVER -DSTM32F103xB -c -I../Core/Inc -I../Drivers/STM32F1xx_HAL_Driver/Inc/Legacy -I../Drivers/STM32F1xx_HAL_Driver/Inc -I../Drivers/CMSIS/Device/ST/STM32F1xx/Include -I../Drivers/CMSIS/Include -O0 -ffunction-sections -fdata-sections -Wall -fstack-usage -fcyclomatic-complexity -MMD -MP -MF"Drivers/STM32F1xx_HAL_Driver/Src/stm32f1xx_hal_cortex.d" -MT"Drivers/STM32F1xx_HAL_Driver/Src/stm32f1xx_hal_cortex.o" --specs=nano.specs -mfloat-abi=soft -mthumb -o "Drivers/STM32F1xx_HAL_Driver/Src/stm32f1xx_hal_cortex.o"
arm-none-eabi-gcc "../Drivers/STM32F1xx_HAL_Driver/Src/stm32f1xx_hal_dma.c" -mcpu=cortex-m3 -std=gnu11 -g3 -DDEBUG -DUSE_HAL_DRIVER -DSTM32F103xB -c -I../Core/Inc -I../Drivers/STM32F1xx_HAL_Driver/Inc/Legacy -I../Drivers/STM32F1xx_HAL_Driver/Inc -I../Drivers/CMSIS/Device/ST/STM32F1xx/Include -I../Drivers/CMSIS/Include -O0 -ffunction-sections -fdata-sections -Wall -fstack-usage -fcyclomatic-complexity -MMD -MP -MF"Drivers/STM32F1xx_HAL_Driver/Src/stm32f1xx_hal_dma.d" -MT"Drivers/STM32F1xx_HAL_Driver/Src/stm32f1xx_hal_dma.o" --specs=nano.specs -mfloat-abi=soft -mthumb -o "Drivers/STM32F1xx_HAL_Driver/Src/stm32f1xx_hal_dma.o"
arm-none-eabi-gcc "../Drivers/STM32F1xx_HAL_Driver/Src/stm32f1xx_hal_exti.c" -mcpu=cortex-m3 -std=gnu11 -g3 -DDEBUG -DUSE_HAL_DRIVER -DSTM32F103xB -c -I../Core/Inc -I../Drivers/STM32F1xx_HAL_Driver/Inc/Legacy -I../Drivers/STM32F1xx_HAL_Driver/Inc -I../Drivers/CMSIS/Device/ST/STM32F1xx/Include -I../Drivers/CMSIS/Include -O0 -ffunction-sections -fdata-sections -Wall -fstack-usage -fcyclomatic-complexity -MMD -MP -MF"Drivers/STM32F1xx_HAL_Driver/Src/stm32f1xx_hal_exti.d" -MT"Drivers/STM32F1xx_HAL_Driver/Src/stm32f1xx_hal_exti.o" --specs=nano.specs -mfloat-abi=soft -mthumb -o "Drivers/STM32F1xx_HAL_Driver/Src/stm32f1xx_hal_exti.o"
arm-none-eabi-gcc "../Drivers/STM32F1xx_HAL_Driver/Src/stm32f1xx_hal_flash.c" -mcpu=cortex-m3 -std=gnu11 -g3 -DDEBUG -DUSE_HAL_DRIVER -DSTM32F103xB -c -I../Core/Inc -I../Drivers/STM32F1xx_HAL_Driver/Inc/Legacy -I../Drivers/STM32F1xx_HAL_Driver/Inc -I../Drivers/CMSIS/Device/ST/STM32F1xx/Include -I../Drivers/CMSIS/Include -O0 -ffunction-sections -fdata-sections -Wall -fstack-usage -fcyclomatic-complexity -MMD -MP -MF"Drivers/STM32F1xx_HAL_Driver/Src/stm32f1xx_hal_flash.d" -MT"Drivers/STM32F1xx_HAL_Driver/Src/stm32f1xx_hal_flash.o" --specs=nano.specs -mfloat-abi=soft -mthumb -o "Drivers/STM32F1xx_HAL_Driver/Src/stm32f1xx_hal_flash.o"
arm-none-eabi-gcc "../Drivers/STM32F1xx_HAL_Driver/Src/stm32f1xx_hal_flash_ex.c" -mcpu=cortex-m3 -std=gnu11 -g3 -DDEBUG -DUSE_HAL_DRIVER -DSTM32F103xB -c -I../Core/Inc -I../Drivers/STM32F1xx_HAL_Driver/Inc/Legacy -I../Drivers/STM32F1xx_HAL_Driver/Inc -I../Drivers/CMSIS/Device/ST/STM32F1xx/Include -I../Drivers/CMSIS/Include -O0 -ffunction-sections -fdata-sections -Wall -fstack-usage -fcyclomatic-complexity -MMD -MP -MF"Drivers/STM32F1xx_HAL_Driver/Src/stm32f1xx_hal_flash_ex.d" -MT"Drivers/STM32F1xx_HAL_Driver/Src/stm32f1xx_hal_flash_ex.o" --specs=nano.specs -mfloat-abi=soft -mthumb -o "Drivers/STM32F1xx_HAL_Driver/Src/stm32f1xx_hal_flash_ex.o"
arm-none-eabi-gcc "../Drivers/STM32F1xx_HAL_Driver/Src/stm32f1xx_hal_gpio.c" -mcpu=cortex-m3 -std=gnu11 -g3 -DDEBUG -DUSE_HAL_DRIVER -DSTM32F103xB -c -I../Core/Inc -I../Drivers/STM32F1xx_HAL_Driver/Inc/Legacy -I../Drivers/STM32F1xx_HAL_Driver/Inc -I../Drivers/CMSIS/Device/ST/STM32F1xx/Include -I../Drivers/CMSIS/Include -O0 -ffunction-sections -fdata-sections -Wall -fstack-usage -fcyclomatic-complexity -MMD -MP -MF"Drivers/STM32F1xx_HAL_Driver/Src/stm32f1xx_hal_gpio.d" -MT"Drivers/STM32F1xx_HAL_Driver/Src/stm32f1xx_hal_gpio.o" --specs=nano.specs -mfloat-abi=soft -mthumb -o "Drivers/STM32F1xx_HAL_Driver/Src/stm32f1xx_hal_gpio.o"
arm-none-eabi-gcc "../Drivers/STM32F1xx_HAL_Driver/Src/stm32f1xx_hal_gpio_ex.c" -mcpu=cortex-m3 -std=gnu11 -g3 -DDEBUG -DUSE_HAL_DRIVER -DSTM32F103xB -c -I../Core/Inc -I../Drivers/STM32F1xx_HAL_Driver/Inc/Legacy -I../Drivers/STM32F1xx_HAL_Driver/Inc -I../Drivers/CMSIS/Device/ST/STM32F1xx/Include -I../Drivers/CMSIS/Include -O0 -ffunction-sections -fdata-sections -Wall -fstack-usage -fcyclomatic-complexity -MMD -MP -MF"Drivers/STM32F1xx_HAL_Driver/Src/stm32f1xx_hal_gpio_ex.d" -MT"Drivers/STM32F1xx_HAL_Driver/Src/stm32f1xx_hal_gpio_ex.o" --specs=nano.specs -mfloat-abi=soft -mthumb -o "Drivers/STM32F1xx_HAL_Driver/Src/stm32f1xx_hal_gpio_ex.o"
arm-none-eabi-gcc "../Drivers/STM32F1xx_HAL_Driver/Src/stm32f1xx_hal_pwr.c" -mcpu=cortex-m3 -std=gnu11 -g3 -DDEBUG -DUSE_HAL_DRIVER -DSTM32F103xB -c -I../Core/Inc -I../Drivers/STM32F1xx_HAL_Driver/Inc/Legacy -I../Drivers/STM32F1xx_HAL_Driver/Inc -I../Drivers/CMSIS/Device/ST/STM32F1xx/Include -I../Drivers/CMSIS/Include -O0 -ffunction-sections -fdata-sections -Wall -fstack-usage -fcyclomatic-complexity -MMD -MP -MF"Drivers/STM32F1xx_HAL_Driver/Src/stm32f1xx_hal_pwr.d" -MT"Drivers/STM32F1xx_HAL_Driver/Src/stm32f1xx_hal_pwr.o" --specs=nano.specs -mfloat-abi=soft -mthumb -o "Drivers/STM32F1xx_HAL_Driver/Src/stm32f1xx_hal_pwr.o"
arm-none-eabi-gcc "../Drivers/STM32F1xx_HAL_Driver/Src/stm32f1xx_hal_rcc.c" -mcpu=cortex-m3 -std=gnu11 -g3 -DDEBUG -DUSE_HAL_DRIVER -DSTM32F103xB -c -I../Core/Inc -I../Drivers/STM32F1xx_HAL_Driver/Inc/Legacy -I../Drivers/STM32F1xx_HAL_Driver/Inc -I../Drivers/CMSIS/Device/ST/STM32F1xx/Include -I../Drivers/CMSIS/Include -O0 -ffunction-sections -fdata-sections -Wall -fstack-usage -fcyclomatic-complexity -MMD -MP -MF"Drivers/STM32F1xx_HAL_Driver/Src/stm32f1xx_hal_rcc.d" -MT"Drivers/STM32F1xx_HAL_Driver/Src/stm32f1xx_hal_rcc.o" --specs=nano.specs -mfloat-abi=soft -mthumb -o "Drivers/STM32F1xx_HAL_Driver/Src/stm32f1xx_hal_rcc.o"
arm-none-eabi-gcc "../Drivers/STM32F1xx_HAL_Driver/Src/stm32f1xx_hal_rcc_ex.c" -mcpu=cortex-m3 -std=gnu11 -g3 -DDEBUG -DUSE_HAL_DRIVER -DSTM32F103xB -c -I../Core/Inc -I../Drivers/STM32F1xx_HAL_Driver/Inc/Legacy -I../Drivers/STM32F1xx_HAL_Driver/Inc -I../Drivers/CMSIS/Device/ST/STM32F1xx/Include -I../Drivers/CMSIS/Include -O0 -ffunction-sections -fdata-sections -Wall -fstack-usage -fcyclomatic-complexity -MMD -MP -MF"Drivers/STM32F1xx_HAL_Driver/Src/stm32f1xx_hal_rcc_ex.d" -MT"Drivers/STM32F1xx_HAL_Driver/Src/stm32f1xx_hal_rcc_ex.o" --specs=nano.specs -mfloat-abi=soft -mthumb -o "Drivers/STM32F1xx_HAL_Driver/Src/stm32f1xx_hal_rcc_ex.o"
arm-none-eabi-gcc "../Drivers/STM32F1xx_HAL_Driver/Src/stm32f1xx_hal_rtc.c" -mcpu=cortex-m3 -std=gnu11 -g3 -DDEBUG -DUSE_HAL_DRIVER -DSTM32F103xB -c -I../Core/Inc -I../Drivers/STM32F1xx_HAL_Driver/Inc/Legacy -I../Drivers/STM32F1xx_HAL_Driver/Inc -I../Drivers/CMSIS/Device/ST/STM32F1xx/Include -I../Drivers/CMSIS/Include -O0 -ffunction-sections -fdata-sections -Wall -fstack-usage -fcyclomatic-complexity -MMD -MP -MF"Drivers/STM32F1xx_HAL_Driver/Src/stm32f1xx_hal_rtc.d" -MT"Drivers/STM32F1xx_HAL_Driver/Src/stm32f1xx_hal_rtc.o" --specs=nano.specs -mfloat-abi=soft -mthumb -o "Drivers/STM32F1xx_HAL_Driver/Src/stm32f1xx_hal_rtc.o"
arm-none-eabi-gcc "../Drivers/STM32F1xx_HAL_Driver/Src/stm32f1xx_hal_rtc_ex.c" -mcpu=cortex-m3 -std=gnu11 -g3 -DDEBUG -DUSE_HAL_DRIVER -DSTM32F103xB -c -I../Core/Inc -I../Drivers/STM32F1xx_HAL_Driver/Inc/Legacy -I../Drivers/STM32F1xx_HAL_Driver/Inc -I../Drivers/CMSIS/Device/ST/STM32F1xx/Include -I../Drivers/CMSIS/Include -O0 -ffunction-sections -fdata-sections -Wall -fstack-usage -fcyclomatic-complexity -MMD -MP -MF"Drivers/STM32F1xx_HAL_Driver/Src/stm32f1xx_hal_rtc_ex.d" -MT"Drivers/STM32F1xx_HAL_Driver/Src/stm32f1xx_hal_rtc_ex.o" --specs=nano.specs -mfloat-abi=soft -mthumb -o "Drivers/STM32F1xx_HAL_Driver/Src/stm32f1xx_hal_rtc_ex.o"
arm-none-eabi-gcc "../Drivers/STM32F1xx_HAL_Driver/Src/stm32f1xx_hal_tim.c" -mcpu=cortex-m3 -std=gnu11 -g3 -DDEBUG -DUSE_HAL_DRIVER -DSTM32F103xB -c -I../Core/Inc -I../Drivers/STM32F1xx_HAL_Driver/Inc/Legacy -I../Drivers/STM32F1xx_HAL_Driver/Inc -I../Drivers/CMSIS/Device/ST/STM32F1xx/Include -I../Drivers/CMSIS/Include -O0 -ffunction-sections -fdata-sections -Wall -fstack-usage -fcyclomatic-complexity -MMD -MP -MF"Drivers/STM32F1xx_HAL_Driver/Src/stm32f1xx_hal_tim.d" -MT"Drivers/STM32F1xx_HAL_Driver/Src/stm32f1xx_hal_tim.o" --specs=nano.specs -mfloat-abi=soft -mthumb -o "Drivers/STM32F1xx_HAL_Driver/Src/stm32f1xx_hal_tim.o"
arm-none-eabi-gcc "../Drivers/STM32F1xx_HAL_Driver/Src/stm32f1xx_hal_tim_ex.c" -mcpu=cortex-m3 -std=gnu11 -g3 -DDEBUG -DUSE_HAL_DRIVER -DSTM32F103xB -c -I../Core/Inc -I../Drivers/STM32F1xx_HAL_Driver/Inc/Legacy -I../Drivers/STM32F1xx_HAL_Driver/Inc -I../Drivers/CMSIS/Device/ST/STM32F1xx/Include -I../Drivers/CMSIS/Include -O0 -ffunction-sections -fdata-sections -Wall -fstack-usage -fcyclomatic-complexity -MMD -MP -MF"Drivers/STM32F1xx_HAL_Driver/Src/stm32f1xx_hal_tim_ex.d" -MT"Drivers/STM32F1xx_HAL_Driver/Src/stm32f1xx_hal_tim_ex.o" --specs=nano.specs -mfloat-abi=soft -mthumb -o "Drivers/STM32F1xx_HAL_Driver/Src/stm32f1xx_hal_tim_ex.o"
arm-none-eabi-gcc "../Core/Src/main.c" -mcpu=cortex-m3 -std=gnu11 -g3 -DDEBUG -DUSE_HAL_DRIVER -DSTM32F103xB -c -I../Core/Inc -I../Drivers/STM32F1xx_HAL_Driver/Inc/Legacy -I../Drivers/STM32F1xx_HAL_Driver/Inc -I../Drivers/CMSIS/Device/ST/STM32F1xx/Include -I../Drivers/CMSIS/Include -O0 -ffunction-sections -fdata-sections -Wall -fstack-usage -fcyclomatic-complexity -MMD -MP -MF"Core/Src/main.d" -MT"Core/Src/main.o" --specs=nano.specs -mfloat-abi=soft -mthumb -o "Core/Src/main.o"
arm-none-eabi-gcc "../Core/Src/stm32f1xx_hal_msp.c" -mcpu=cortex-m3 -std=gnu11 -g3 -DDEBUG -DUSE_HAL_DRIVER -DSTM32F103xB -c -I../Core/Inc -I../Drivers/STM32F1xx_HAL_Driver/Inc/Legacy -I../Drivers/STM32F1xx_HAL_Driver/Inc -I../Drivers/CMSIS/Device/ST/STM32F1xx/Include -I../Drivers/CMSIS/Include -O0 -ffunction-sections -fdata-sections -Wall -fstack-usage -fcyclomatic-complexity -MMD -MP -MF"Core/Src/stm32f1xx_hal_msp.d" -MT"Core/Src/stm32f1xx_hal_msp.o" --specs=nano.specs -mfloat-abi=soft -mthumb -o "Core/Src/stm32f1xx_hal_msp.o"
arm-none-eabi-gcc "../Core/Src/stm32f1xx_it.c" -mcpu=cortex-m3 -std=gnu11 -g3 -DDEBUG -DUSE_HAL_DRIVER -DSTM32F103xB -c -I../Core/Inc -I../Drivers/STM32F1xx_HAL_Driver/Inc/Legacy -I../Drivers/STM32F1xx_HAL_Driver/Inc -I../Drivers/CMSIS/Device/ST/STM32F1xx/Include -I../Drivers/CMSIS/Include -O0 -ffunction-sections -fdata-sections -Wall -fstack-usage -fcyclomatic-complexity -MMD -MP -MF"Core/Src/stm32f1xx_it.d" -MT"Core/Src/stm32f1xx_it.o" --specs=nano.specs -mfloat-abi=soft -mthumb -o "Core/Src/stm32f1xx_it.o"
arm-none-eabi-gcc "../Core/Src/system_stm32f1xx.c" -mcpu=cortex-m3 -std=gnu11 -g3 -DDEBUG -DUSE_HAL_DRIVER -DSTM32F103xB -c -I../Core/Inc -I../Drivers/STM32F1xx_HAL_Driver/Inc/Legacy -I../Drivers/STM32F1xx_HAL_Driver/Inc -I../Drivers/CMSIS/Device/ST/STM32F1xx/Include -I../Drivers/CMSIS/Include -O0 -ffunction-sections -fdata-sections -Wall -fstack-usage -fcyclomatic-complexity -MMD -MP -MF"Core/Src/system_stm32f1xx.d" -MT"Core/Src/system_stm32f1xx.o" --specs=nano.specs -mfloat-abi=soft -mthumb -o "Core/Src/system_stm32f1xx.o"
arm-none-eabi-gcc -o "Stop_mode.elf" @"objects.list"   -mcpu=cortex-m3 -T"D:\smart_garden\Stop_mode\STM32F103C8TX_FLASH.ld" --specs=nosys.specs -Wl,-Map="Stop_mode.map" -Wl,--gc-sections -static --specs=nano.specs -mfloat-abi=soft -mthumb -Wl,--start-group -lc -lm -Wl,--end-group
Finished building target: Stop_mode.elf
 
arm-none-eabi-size   Stop_mode.elf 
arm-none-eabi-objdump -h -S  Stop_mode.elf  > "Stop_mode.list"
   text	   data	    bss	    dec	    hex	filename
   8604	     20	   1588	  10212	   27e4	Stop_mode.elf
Finished building: default.size.stdout
 
Finished building: Stop_mode.list
 
10:50:58 **** Incremental Build of configuration Debug for project Stop_mode ****
make -j16 all 
arm-none-eabi-size   Stop_mode.elf 
   text	   data	    bss	    dec	    hex	filename
   8604	     20	   1588	  10212	   27e4	Stop_mode.elf
Finished building: default.size.stdout
 
10:51:12 **** Incremental Build of configuration Debug for project Stop_mode ****
make -j16 all 
arm-none-eabi-size   Stop_mode.elf 
   text	   data	    bss	    dec	    hex	filename
   8604	     20	   1588	  10212	   27e4	Stop_mode.elf
Finished building: default.size.stdout
 
11:34:47 **** Incremental Build of configuration Debug for project Stop_mode ****
make -j16 all 
arm-none-eabi-gcc "../Drivers/STM32F1xx_HAL_Driver/Src/stm32f1xx_hal.c" -mcpu=cortex-m3 -std=gnu11 -g3 -DDEBUG -DUSE_HAL_DRIVER -DSTM32F103xB -c -I../Core/Inc -I../Drivers/STM32F1xx_HAL_Driver/Inc/Legacy -I../Drivers/STM32F1xx_HAL_Driver/Inc -I../Drivers/CMSIS/Device/ST/STM32F1xx/Include -I../Drivers/CMSIS/Include -O0 -ffunction-sections -fdata-sections -Wall -fstack-usage -fcyclomatic-complexity -MMD -MP -MF"Drivers/STM32F1xx_HAL_Driver/Src/stm32f1xx_hal.d" -MT"Drivers/STM32F1xx_HAL_Driver/Src/stm32f1xx_hal.o" --specs=nano.specs -mfloat-abi=soft -mthumb -o "Drivers/STM32F1xx_HAL_Driver/Src/stm32f1xx_hal.o"
arm-none-eabi-gcc "../Drivers/STM32F1xx_HAL_Driver/Src/stm32f1xx_hal_cortex.c" -mcpu=cortex-m3 -std=gnu11 -g3 -DDEBUG -DUSE_HAL_DRIVER -DSTM32F103xB -c -I../Core/Inc -I../Drivers/STM32F1xx_HAL_Driver/Inc/Legacy -I../Drivers/STM32F1xx_HAL_Driver/Inc -I../Drivers/CMSIS/Device/ST/STM32F1xx/Include -I../Drivers/CMSIS/Include -O0 -ffunction-sections -fdata-sections -Wall -fstack-usage -fcyclomatic-complexity -MMD -MP -MF"Drivers/STM32F1xx_HAL_Driver/Src/stm32f1xx_hal_cortex.d" -MT"Drivers/STM32F1xx_HAL_Driver/Src/stm32f1xx_hal_cortex.o" --specs=nano.specs -mfloat-abi=soft -mthumb -o "Drivers/STM32F1xx_HAL_Driver/Src/stm32f1xx_hal_cortex.o"
arm-none-eabi-gcc "../Drivers/STM32F1xx_HAL_Driver/Src/stm32f1xx_hal_dma.c" -mcpu=cortex-m3 -std=gnu11 -g3 -DDEBUG -DUSE_HAL_DRIVER -DSTM32F103xB -c -I../Core/Inc -I../Drivers/STM32F1xx_HAL_Driver/Inc/Legacy -I../Drivers/STM32F1xx_HAL_Driver/Inc -I../Drivers/CMSIS/Device/ST/STM32F1xx/Include -I../Drivers/CMSIS/Include -O0 -ffunction-sections -fdata-sections -Wall -fstack-usage -fcyclomatic-complexity -MMD -MP -MF"Drivers/STM32F1xx_HAL_Driver/Src/stm32f1xx_hal_dma.d" -MT"Drivers/STM32F1xx_HAL_Driver/Src/stm32f1xx_hal_dma.o" --specs=nano.specs -mfloat-abi=soft -mthumb -o "Drivers/STM32F1xx_HAL_Driver/Src/stm32f1xx_hal_dma.o"
arm-none-eabi-gcc "../Drivers/STM32F1xx_HAL_Driver/Src/stm32f1xx_hal_exti.c" -mcpu=cortex-m3 -std=gnu11 -g3 -DDEBUG -DUSE_HAL_DRIVER -DSTM32F103xB -c -I../Core/Inc -I../Drivers/STM32F1xx_HAL_Driver/Inc/Legacy -I../Drivers/STM32F1xx_HAL_Driver/Inc -I../Drivers/CMSIS/Device/ST/STM32F1xx/Include -I../Drivers/CMSIS/Include -O0 -ffunction-sections -fdata-sections -Wall -fstack-usage -fcyclomatic-complexity -MMD -MP -MF"Drivers/STM32F1xx_HAL_Driver/Src/stm32f1xx_hal_exti.d" -MT"Drivers/STM32F1xx_HAL_Driver/Src/stm32f1xx_hal_exti.o" --specs=nano.specs -mfloat-abi=soft -mthumb -o "Drivers/STM32F1xx_HAL_Driver/Src/stm32f1xx_hal_exti.o"
arm-none-eabi-gcc "../Drivers/STM32F1xx_HAL_Driver/Src/stm32f1xx_hal_flash.c" -mcpu=cortex-m3 -std=gnu11 -g3 -DDEBUG -DUSE_HAL_DRIVER -DSTM32F103xB -c -I../Core/Inc -I../Drivers/STM32F1xx_HAL_Driver/Inc/Legacy -I../Drivers/STM32F1xx_HAL_Driver/Inc -I../Drivers/CMSIS/Device/ST/STM32F1xx/Include -I../Drivers/CMSIS/Include -O0 -ffunction-sections -fdata-sections -Wall -fstack-usage -fcyclomatic-complexity -MMD -MP -MF"Drivers/STM32F1xx_HAL_Driver/Src/stm32f1xx_hal_flash.d" -MT"Drivers/STM32F1xx_HAL_Driver/Src/stm32f1xx_hal_flash.o" --specs=nano.specs -mfloat-abi=soft -mthumb -o "Drivers/STM32F1xx_HAL_Driver/Src/stm32f1xx_hal_flash.o"
arm-none-eabi-gcc "../Drivers/STM32F1xx_HAL_Driver/Src/stm32f1xx_hal_flash_ex.c" -mcpu=cortex-m3 -std=gnu11 -g3 -DDEBUG -DUSE_HAL_DRIVER -DSTM32F103xB -c -I../Core/Inc -I../Drivers/STM32F1xx_HAL_Driver/Inc/Legacy -I../Drivers/STM32F1xx_HAL_Driver/Inc -I../Drivers/CMSIS/Device/ST/STM32F1xx/Include -I../Drivers/CMSIS/Include -O0 -ffunction-sections -fdata-sections -Wall -fstack-usage -fcyclomatic-complexity -MMD -MP -MF"Drivers/STM32F1xx_HAL_Driver/Src/stm32f1xx_hal_flash_ex.d" -MT"Drivers/STM32F1xx_HAL_Driver/Src/stm32f1xx_hal_flash_ex.o" --specs=nano.specs -mfloat-abi=soft -mthumb -o "Drivers/STM32F1xx_HAL_Driver/Src/stm32f1xx_hal_flash_ex.o"
arm-none-eabi-gcc "../Drivers/STM32F1xx_HAL_Driver/Src/stm32f1xx_hal_gpio.c" -mcpu=cortex-m3 -std=gnu11 -g3 -DDEBUG -DUSE_HAL_DRIVER -DSTM32F103xB -c -I../Core/Inc -I../Drivers/STM32F1xx_HAL_Driver/Inc/Legacy -I../Drivers/STM32F1xx_HAL_Driver/Inc -I../Drivers/CMSIS/Device/ST/STM32F1xx/Include -I../Drivers/CMSIS/Include -O0 -ffunction-sections -fdata-sections -Wall -fstack-usage -fcyclomatic-complexity -MMD -MP -MF"Drivers/STM32F1xx_HAL_Driver/Src/stm32f1xx_hal_gpio.d" -MT"Drivers/STM32F1xx_HAL_Driver/Src/stm32f1xx_hal_gpio.o" --specs=nano.specs -mfloat-abi=soft -mthumb -o "Drivers/STM32F1xx_HAL_Driver/Src/stm32f1xx_hal_gpio.o"
arm-none-eabi-gcc "../Drivers/STM32F1xx_HAL_Driver/Src/stm32f1xx_hal_gpio_ex.c" -mcpu=cortex-m3 -std=gnu11 -g3 -DDEBUG -DUSE_HAL_DRIVER -DSTM32F103xB -c -I../Core/Inc -I../Drivers/STM32F1xx_HAL_Driver/Inc/Legacy -I../Drivers/STM32F1xx_HAL_Driver/Inc -I../Drivers/CMSIS/Device/ST/STM32F1xx/Include -I../Drivers/CMSIS/Include -O0 -ffunction-sections -fdata-sections -Wall -fstack-usage -fcyclomatic-complexity -MMD -MP -MF"Drivers/STM32F1xx_HAL_Driver/Src/stm32f1xx_hal_gpio_ex.d" -MT"Drivers/STM32F1xx_HAL_Driver/Src/stm32f1xx_hal_gpio_ex.o" --specs=nano.specs -mfloat-abi=soft -mthumb -o "Drivers/STM32F1xx_HAL_Driver/Src/stm32f1xx_hal_gpio_ex.o"
arm-none-eabi-gcc "../Drivers/STM32F1xx_HAL_Driver/Src/stm32f1xx_hal_pwr.c" -mcpu=cortex-m3 -std=gnu11 -g3 -DDEBUG -DUSE_HAL_DRIVER -DSTM32F103xB -c -I../Core/Inc -I../Drivers/STM32F1xx_HAL_Driver/Inc/Legacy -I../Drivers/STM32F1xx_HAL_Driver/Inc -I../Drivers/CMSIS/Device/ST/STM32F1xx/Include -I../Drivers/CMSIS/Include -O0 -ffunction-sections -fdata-sections -Wall -fstack-usage -fcyclomatic-complexity -MMD -MP -MF"Drivers/STM32F1xx_HAL_Driver/Src/stm32f1xx_hal_pwr.d" -MT"Drivers/STM32F1xx_HAL_Driver/Src/stm32f1xx_hal_pwr.o" --specs=nano.specs -mfloat-abi=soft -mthumb -o "Drivers/STM32F1xx_HAL_Driver/Src/stm32f1xx_hal_pwr.o"
arm-none-eabi-gcc "../Drivers/STM32F1xx_HAL_Driver/Src/stm32f1xx_hal_rcc.c" -mcpu=cortex-m3 -std=gnu11 -g3 -DDEBUG -DUSE_HAL_DRIVER -DSTM32F103xB -c -I../Core/Inc -I../Drivers/STM32F1xx_HAL_Driver/Inc/Legacy -I../Drivers/STM32F1xx_HAL_Driver/Inc -I../Drivers/CMSIS/Device/ST/STM32F1xx/Include -I../Drivers/CMSIS/Include -O0 -ffunction-sections -fdata-sections -Wall -fstack-usage -fcyclomatic-complexity -MMD -MP -MF"Drivers/STM32F1xx_HAL_Driver/Src/stm32f1xx_hal_rcc.d" -MT"Drivers/STM32F1xx_HAL_Driver/Src/stm32f1xx_hal_rcc.o" --specs=nano.specs -mfloat-abi=soft -mthumb -o "Drivers/STM32F1xx_HAL_Driver/Src/stm32f1xx_hal_rcc.o"
arm-none-eabi-gcc "../Drivers/STM32F1xx_HAL_Driver/Src/stm32f1xx_hal_rcc_ex.c" -mcpu=cortex-m3 -std=gnu11 -g3 -DDEBUG -DUSE_HAL_DRIVER -DSTM32F103xB -c -I../Core/Inc -I../Drivers/STM32F1xx_HAL_Driver/Inc/Legacy -I../Drivers/STM32F1xx_HAL_Driver/Inc -I../Drivers/CMSIS/Device/ST/STM32F1xx/Include -I../Drivers/CMSIS/Include -O0 -ffunction-sections -fdata-sections -Wall -fstack-usage -fcyclomatic-complexity -MMD -MP -MF"Drivers/STM32F1xx_HAL_Driver/Src/stm32f1xx_hal_rcc_ex.d" -MT"Drivers/STM32F1xx_HAL_Driver/Src/stm32f1xx_hal_rcc_ex.o" --specs=nano.specs -mfloat-abi=soft -mthumb -o "Drivers/STM32F1xx_HAL_Driver/Src/stm32f1xx_hal_rcc_ex.o"
arm-none-eabi-gcc "../Drivers/STM32F1xx_HAL_Driver/Src/stm32f1xx_hal_rtc.c" -mcpu=cortex-m3 -std=gnu11 -g3 -DDEBUG -DUSE_HAL_DRIVER -DSTM32F103xB -c -I../Core/Inc -I../Drivers/STM32F1xx_HAL_Driver/Inc/Legacy -I../Drivers/STM32F1xx_HAL_Driver/Inc -I../Drivers/CMSIS/Device/ST/STM32F1xx/Include -I../Drivers/CMSIS/Include -O0 -ffunction-sections -fdata-sections -Wall -fstack-usage -fcyclomatic-complexity -MMD -MP -MF"Drivers/STM32F1xx_HAL_Driver/Src/stm32f1xx_hal_rtc.d" -MT"Drivers/STM32F1xx_HAL_Driver/Src/stm32f1xx_hal_rtc.o" --specs=nano.specs -mfloat-abi=soft -mthumb -o "Drivers/STM32F1xx_HAL_Driver/Src/stm32f1xx_hal_rtc.o"
arm-none-eabi-gcc "../Drivers/STM32F1xx_HAL_Driver/Src/stm32f1xx_hal_rtc_ex.c" -mcpu=cortex-m3 -std=gnu11 -g3 -DDEBUG -DUSE_HAL_DRIVER -DSTM32F103xB -c -I../Core/Inc -I../Drivers/STM32F1xx_HAL_Driver/Inc/Legacy -I../Drivers/STM32F1xx_HAL_Driver/Inc -I../Drivers/CMSIS/Device/ST/STM32F1xx/Include -I../Drivers/CMSIS/Include -O0 -ffunction-sections -fdata-sections -Wall -fstack-usage -fcyclomatic-complexity -MMD -MP -MF"Drivers/STM32F1xx_HAL_Driver/Src/stm32f1xx_hal_rtc_ex.d" -MT"Drivers/STM32F1xx_HAL_Driver/Src/stm32f1xx_hal_rtc_ex.o" --specs=nano.specs -mfloat-abi=soft -mthumb -o "Drivers/STM32F1xx_HAL_Driver/Src/stm32f1xx_hal_rtc_ex.o"
arm-none-eabi-gcc "../Drivers/STM32F1xx_HAL_Driver/Src/stm32f1xx_hal_tim.c" -mcpu=cortex-m3 -std=gnu11 -g3 -DDEBUG -DUSE_HAL_DRIVER -DSTM32F103xB -c -I../Core/Inc -I../Drivers/STM32F1xx_HAL_Driver/Inc/Legacy -I../Drivers/STM32F1xx_HAL_Driver/Inc -I../Drivers/CMSIS/Device/ST/STM32F1xx/Include -I../Drivers/CMSIS/Include -O0 -ffunction-sections -fdata-sections -Wall -fstack-usage -fcyclomatic-complexity -MMD -MP -MF"Drivers/STM32F1xx_HAL_Driver/Src/stm32f1xx_hal_tim.d" -MT"Drivers/STM32F1xx_HAL_Driver/Src/stm32f1xx_hal_tim.o" --specs=nano.specs -mfloat-abi=soft -mthumb -o "Drivers/STM32F1xx_HAL_Driver/Src/stm32f1xx_hal_tim.o"
arm-none-eabi-gcc "../Drivers/STM32F1xx_HAL_Driver/Src/stm32f1xx_hal_tim_ex.c" -mcpu=cortex-m3 -std=gnu11 -g3 -DDEBUG -DUSE_HAL_DRIVER -DSTM32F103xB -c -I../Core/Inc -I../Drivers/STM32F1xx_HAL_Driver/Inc/Legacy -I../Drivers/STM32F1xx_HAL_Driver/Inc -I../Drivers/CMSIS/Device/ST/STM32F1xx/Include -I../Drivers/CMSIS/Include -O0 -ffunction-sections -fdata-sections -Wall -fstack-usage -fcyclomatic-complexity -MMD -MP -MF"Drivers/STM32F1xx_HAL_Driver/Src/stm32f1xx_hal_tim_ex.d" -MT"Drivers/STM32F1xx_HAL_Driver/Src/stm32f1xx_hal_tim_ex.o" --specs=nano.specs -mfloat-abi=soft -mthumb -o "Drivers/STM32F1xx_HAL_Driver/Src/stm32f1xx_hal_tim_ex.o"
arm-none-eabi-gcc "../Core/Src/main.c" -mcpu=cortex-m3 -std=gnu11 -g3 -DDEBUG -DUSE_HAL_DRIVER -DSTM32F103xB -c -I../Core/Inc -I../Drivers/STM32F1xx_HAL_Driver/Inc/Legacy -I../Drivers/STM32F1xx_HAL_Driver/Inc -I../Drivers/CMSIS/Device/ST/STM32F1xx/Include -I../Drivers/CMSIS/Include -O0 -ffunction-sections -fdata-sections -Wall -fstack-usage -fcyclomatic-complexity -MMD -MP -MF"Core/Src/main.d" -MT"Core/Src/main.o" --specs=nano.specs -mfloat-abi=soft -mthumb -o "Core/Src/main.o"
arm-none-eabi-gcc "../Core/Src/stm32f1xx_hal_msp.c" -mcpu=cortex-m3 -std=gnu11 -g3 -DDEBUG -DUSE_HAL_DRIVER -DSTM32F103xB -c -I../Core/Inc -I../Drivers/STM32F1xx_HAL_Driver/Inc/Legacy -I../Drivers/STM32F1xx_HAL_Driver/Inc -I../Drivers/CMSIS/Device/ST/STM32F1xx/Include -I../Drivers/CMSIS/Include -O0 -ffunction-sections -fdata-sections -Wall -fstack-usage -fcyclomatic-complexity -MMD -MP -MF"Core/Src/stm32f1xx_hal_msp.d" -MT"Core/Src/stm32f1xx_hal_msp.o" --specs=nano.specs -mfloat-abi=soft -mthumb -o "Core/Src/stm32f1xx_hal_msp.o"
arm-none-eabi-gcc "../Core/Src/stm32f1xx_it.c" -mcpu=cortex-m3 -std=gnu11 -g3 -DDEBUG -DUSE_HAL_DRIVER -DSTM32F103xB -c -I../Core/Inc -I../Drivers/STM32F1xx_HAL_Driver/Inc/Legacy -I../Drivers/STM32F1xx_HAL_Driver/Inc -I../Drivers/CMSIS/Device/ST/STM32F1xx/Include -I../Drivers/CMSIS/Include -O0 -ffunction-sections -fdata-sections -Wall -fstack-usage -fcyclomatic-complexity -MMD -MP -MF"Core/Src/stm32f1xx_it.d" -MT"Core/Src/stm32f1xx_it.o" --specs=nano.specs -mfloat-abi=soft -mthumb -o "Core/Src/stm32f1xx_it.o"
arm-none-eabi-gcc "../Core/Src/system_stm32f1xx.c" -mcpu=cortex-m3 -std=gnu11 -g3 -DDEBUG -DUSE_HAL_DRIVER -DSTM32F103xB -c -I../Core/Inc -I../Drivers/STM32F1xx_HAL_Driver/Inc/Legacy -I../Drivers/STM32F1xx_HAL_Driver/Inc -I../Drivers/CMSIS/Device/ST/STM32F1xx/Include -I../Drivers/CMSIS/Include -O0 -ffunction-sections -fdata-sections -Wall -fstack-usage -fcyclomatic-complexity -MMD -MP -MF"Core/Src/system_stm32f1xx.d" -MT"Core/Src/system_stm32f1xx.o" --specs=nano.specs -mfloat-abi=soft -mthumb -o "Core/Src/system_stm32f1xx.o"
arm-none-eabi-gcc -o "Stop_mode.elf" @"objects.list"   -mcpu=cortex-m3 -T"D:\smart_garden\Stop_mode\STM32F103C8TX_FLASH.ld" --specs=nosys.specs -Wl,-Map="Stop_mode.map" -Wl,--gc-sections -static --specs=nano.specs -mfloat-abi=soft -mthumb -Wl,--start-group -lc -lm -Wl,--end-group
Finished building target: Stop_mode.elf
 
arm-none-eabi-size   Stop_mode.elf 
arm-none-eabi-objdump -h -S  Stop_mode.elf  > "Stop_mode.list"
   text	   data	    bss	    dec	    hex	filename
   9136	     20	   1596	  10752	   2a00	Stop_mode.elf
Finished building: default.size.stdout
 
Finished building: Stop_mode.list
 
11:35:17 **** Incremental Build of configuration Debug for project Stop_mode ****
make -j16 all 
arm-none-eabi-size   Stop_mode.elf 
   text	   data	    bss	    dec	    hex	filename
   9136	     20	   1596	  10752	   2a00	Stop_mode.elf
Finished building: default.size.stdout
 
11:38:30 **** Incremental Build of configuration Debug for project Stop_mode ****
make -j16 all 
arm-none-eabi-gcc "../Core/Src/main.c" -mcpu=cortex-m3 -std=gnu11 -g3 -DDEBUG -DUSE_HAL_DRIVER -DSTM32F103xB -c -I../Core/Inc -I../Drivers/STM32F1xx_HAL_Driver/Inc/Legacy -I../Drivers/STM32F1xx_HAL_Driver/Inc -I../Drivers/CMSIS/Device/ST/STM32F1xx/Include -I../Drivers/CMSIS/Include -O0 -ffunction-sections -fdata-sections -Wall -fstack-usage -fcyclomatic-complexity -MMD -MP -MF"Core/Src/main.d" -MT"Core/Src/main.o" --specs=nano.specs -mfloat-abi=soft -mthumb -o "Core/Src/main.o"
arm-none-eabi-gcc -o "Stop_mode.elf" @"objects.list"   -mcpu=cortex-m3 -T"D:\smart_garden\Stop_mode\STM32F103C8TX_FLASH.ld" --specs=nosys.specs -Wl,-Map="Stop_mode.map" -Wl,--gc-sections -static --specs=nano.specs -mfloat-abi=soft -mthumb -Wl,--start-group -lc -lm -Wl,--end-group
Finished building target: Stop_mode.elf
 
arm-none-eabi-size   Stop_mode.elf 
arm-none-eabi-objdump -h -S  Stop_mode.elf  > "Stop_mode.list"
   text	   data	    bss	    dec	    hex	filename
   9136	     20	   1596	  10752	   2a00	Stop_mode.elf
Finished building: default.size.stdout
 
Finished building: Stop_mode.list
 
13:37:38 **** Incremental Build of configuration Debug for project Stop_mode ****
make -j16 all 
arm-none-eabi-gcc "../Core/Src/main.c" -mcpu=cortex-m3 -std=gnu11 -g3 -DDEBUG -DUSE_HAL_DRIVER -DSTM32F103xB -c -I../Core/Inc -I../Drivers/STM32F1xx_HAL_Driver/Inc/Legacy -I../Drivers/STM32F1xx_HAL_Driver/Inc -I../Drivers/CMSIS/Device/ST/STM32F1xx/Include -I../Drivers/CMSIS/Include -O0 -ffunction-sections -fdata-sections -Wall -fstack-usage -fcyclomatic-complexity -MMD -MP -MF"Core/Src/main.d" -MT"Core/Src/main.o" --specs=nano.specs -mfloat-abi=soft -mthumb -o "Core/Src/main.o"
../Core/Src/main.c: In function 'main':
../Core/Src/main.c:107:35: warning: passing argument 2 of 'HAL_RTC_GetAlarm' from incompatible pointer type [-Wincompatible-pointer-types]
  107 |           HAL_RTC_GetAlarm(&hrtc, &Time, RTC_ALARM_A, RTC_FORMAT_BIN);
      |                                   ^~~~~
      |                                   |
      |                                   RTC_TimeTypeDef *
In file included from ../Core/Inc/stm32f1xx_hal_conf.h:314,
                 from ../Drivers/STM32F1xx_HAL_Driver/Inc/stm32f1xx_hal.h:29,
                 from ../Core/Inc/main.h:30,
                 from ../Core/Src/main.c:4:
../Drivers/STM32F1xx_HAL_Driver/Inc/stm32f1xx_hal_rtc.h:562:79: note: expected 'RTC_AlarmTypeDef *' but argument is of type 'RTC_TimeTypeDef *'
  562 | HAL_StatusTypeDef HAL_RTC_GetAlarm(RTC_HandleTypeDef *hrtc, RTC_AlarmTypeDef *sAlarm, uint32_t Alarm, uint32_t Format);
      |                                                             ~~~~~~~~~~~~~~~~~~^~~~~~
arm-none-eabi-gcc -o "Stop_mode.elf" @"objects.list"   -mcpu=cortex-m3 -T"D:\smart_garden\Stop_mode\STM32F103C8TX_FLASH.ld" --specs=nosys.specs -Wl,-Map="Stop_mode.map" -Wl,--gc-sections -static --specs=nano.specs -mfloat-abi=soft -mthumb -Wl,--start-group -lc -lm -Wl,--end-group
C:/ST/STM32CubeIDE_1.13.1/STM32CubeIDE/plugins/com.st.stm32cube.ide.mcu.externaltools.gnu-tools-for-stm32.11.3.rel1.win32_1.1.0.202305231506/tools/bin/../lib/gcc/arm-none-eabi/11.3.1/../../../../arm-none-eabi/bin/ld.exe: ./Drivers/STM32F1xx_HAL_Driver/Src/stm32f1xx_hal_rtc.o: in function `HAL_RTC_AlarmIRQHandler':
D:/smart_garden/Stop_mode/Debug/../Drivers/STM32F1xx_HAL_Driver/Src/stm32f1xx_hal_rtc.c:1406: multiple definition of `HAL_RTC_AlarmIRQHandler'; ./Core/Src/main.o:D:/smart_garden/Stop_mode/Debug/../Core/Src/main.c:36: first defined here
collect2.exe: error: ld returned 1 exit status
make: *** [makefile:64: Stop_mode.elf] Error 1
"make -j16 all" terminated with exit code 2. Build might be incomplete.
13:39:35 **** Incremental Build of configuration Debug for project Stop_mode ****
make -j16 all 
arm-none-eabi-gcc "../Core/Src/main.c" -mcpu=cortex-m3 -std=gnu11 -g3 -DDEBUG -DUSE_HAL_DRIVER -DSTM32F103xB -c -I../Core/Inc -I../Drivers/STM32F1xx_HAL_Driver/Inc/Legacy -I../Drivers/STM32F1xx_HAL_Driver/Inc -I../Drivers/CMSIS/Device/ST/STM32F1xx/Include -I../Drivers/CMSIS/Include -O0 -ffunction-sections -fdata-sections -Wall -fstack-usage -fcyclomatic-complexity -MMD -MP -MF"Core/Src/main.d" -MT"Core/Src/main.o" --specs=nano.specs -mfloat-abi=soft -mthumb -o "Core/Src/main.o"
arm-none-eabi-gcc -o "Stop_mode.elf" @"objects.list"   -mcpu=cortex-m3 -T"D:\smart_garden\Stop_mode\STM32F103C8TX_FLASH.ld" --specs=nosys.specs -Wl,-Map="Stop_mode.map" -Wl,--gc-sections -static --specs=nano.specs -mfloat-abi=soft -mthumb -Wl,--start-group -lc -lm -Wl,--end-group
C:/ST/STM32CubeIDE_1.13.1/STM32CubeIDE/plugins/com.st.stm32cube.ide.mcu.externaltools.gnu-tools-for-stm32.11.3.rel1.win32_1.1.0.202305231506/tools/bin/../lib/gcc/arm-none-eabi/11.3.1/../../../../arm-none-eabi/bin/ld.exe: ./Drivers/STM32F1xx_HAL_Driver/Src/stm32f1xx_hal_rtc.o: in function `HAL_RTC_AlarmIRQHandler':
D:/smart_garden/Stop_mode/Debug/../Drivers/STM32F1xx_HAL_Driver/Src/stm32f1xx_hal_rtc.c:1406: multiple definition of `HAL_RTC_AlarmIRQHandler'; ./Core/Src/main.o:D:/smart_garden/Stop_mode/Debug/../Core/Src/main.c:37: first defined here
collect2.exe: error: ld returned 1 exit status
make: *** [makefile:64: Stop_mode.elf] Error 1
"make -j16 all" terminated with exit code 2. Build might be incomplete.
13:40:20 **** Incremental Build of configuration Debug for project I2C_SHT30 ****
make -j16 all 
arm-none-eabi-size   I2C_SHT30.elf 
   text	   data	    bss	    dec	    hex	filename
   6280	     20	   1660	   7960	   1f18	I2C_SHT30.elf
Finished building: default.size.stdout
 
13:40:20 **** Incremental Build of configuration Debug for project I2C_SHT30_DS3231 ****
make -j16 all 
arm-none-eabi-size   I2C_SHT30_DS3231.elf 
   text	   data	    bss	    dec	    hex	filename
  10068	     24	   1664	  11756	   2dec	I2C_SHT30_DS3231.elf
Finished building: default.size.stdout
 
13:40:20 **** Incremental Build of configuration Debug for project LORA_V2 ****
make -j16 all 
arm-none-eabi-size   LORA_V2.elf 
   text	   data	    bss	    dec	    hex	filename
  14572	     24	   1872	  16468	   4054	LORA_V2.elf
Finished building: default.size.stdout
 
13:40:20 **** Incremental Build of configuration Debug for project Low_Power ****
make -j16 all 
arm-none-eabi-size   Low_Power.elf 
   text	   data	    bss	    dec	    hex	filename
   9248	     20	   1652	  10920	   2aa8	Low_Power.elf
Finished building: default.size.stdout
 
13:40:21 **** Incremental Build of configuration Debug for project Sleep_mode ****
make -j16 all 
arm-none-eabi-size   Sleep_mode.elf 
   text	   data	    bss	    dec	    hex	filename
   8628	     20	   1644	  10292	   2834	Sleep_mode.elf
Finished building: default.size.stdout
 
13:40:21 **** Incremental Build of configuration Debug for project Stanby_mode ****
make -j16 all 
arm-none-eabi-size   Stanby_mode.elf 
   text	   data	    bss	    dec	    hex	filename
   5772	     20	   1644	   7436	   1d0c	Stanby_mode.elf
Finished building: default.size.stdout
 
13:40:21 **** Incremental Build of configuration Debug for project Stop_mode ****
make -j16 all 
arm-none-eabi-gcc "../Core/Src/main.c" -mcpu=cortex-m3 -std=gnu11 -g3 -DDEBUG -DUSE_HAL_DRIVER -DSTM32F103xB -c -I../Core/Inc -I../Drivers/STM32F1xx_HAL_Driver/Inc/Legacy -I../Drivers/STM32F1xx_HAL_Driver/Inc -I../Drivers/CMSIS/Device/ST/STM32F1xx/Include -I../Drivers/CMSIS/Include -O0 -ffunction-sections -fdata-sections -Wall -fstack-usage -fcyclomatic-complexity -MMD -MP -MF"Core/Src/main.d" -MT"Core/Src/main.o" --specs=nano.specs -mfloat-abi=soft -mthumb -o "Core/Src/main.o"
arm-none-eabi-gcc -o "Stop_mode.elf" @"objects.list"   -mcpu=cortex-m3 -T"D:\smart_garden\Stop_mode\STM32F103C8TX_FLASH.ld" --specs=nosys.specs -Wl,-Map="Stop_mode.map" -Wl,--gc-sections -static --specs=nano.specs -mfloat-abi=soft -mthumb -Wl,--start-group -lc -lm -Wl,--end-group
Finished building target: Stop_mode.elf
 
arm-none-eabi-size   Stop_mode.elf 
arm-none-eabi-objdump -h -S  Stop_mode.elf  > "Stop_mode.list"
   text	   data	    bss	    dec	    hex	filename
   9488	     20	   1604	  11112	   2b68	Stop_mode.elf
Finished building: default.size.stdout
 
Finished building: Stop_mode.list
 
13:40:57 **** Incremental Build of configuration Debug for project Stop_mode ****
make -j16 all 
arm-none-eabi-size   Stop_mode.elf 
   text	   data	    bss	    dec	    hex	filename
   9488	     20	   1604	  11112	   2b68	Stop_mode.elf
Finished building: default.size.stdout
 
13:49:09 **** Incremental Build of configuration Debug for project Stop_mode ****
make -j16 all 
arm-none-eabi-gcc "../Core/Src/main.c" -mcpu=cortex-m3 -std=gnu11 -g3 -DDEBUG -DUSE_HAL_DRIVER -DSTM32F103xB -c -I../Core/Inc -I../Drivers/STM32F1xx_HAL_Driver/Inc/Legacy -I../Drivers/STM32F1xx_HAL_Driver/Inc -I../Drivers/CMSIS/Device/ST/STM32F1xx/Include -I../Drivers/CMSIS/Include -O0 -ffunction-sections -fdata-sections -Wall -fstack-usage -fcyclomatic-complexity -MMD -MP -MF"Core/Src/main.d" -MT"Core/Src/main.o" --specs=nano.specs -mfloat-abi=soft -mthumb -o "Core/Src/main.o"
arm-none-eabi-gcc -o "Stop_mode.elf" @"objects.list"   -mcpu=cortex-m3 -T"D:\smart_garden\Stop_mode\STM32F103C8TX_FLASH.ld" --specs=nosys.specs -Wl,-Map="Stop_mode.map" -Wl,--gc-sections -static --specs=nano.specs -mfloat-abi=soft -mthumb -Wl,--start-group -lc -lm -Wl,--end-group
Finished building target: Stop_mode.elf
 
arm-none-eabi-size   Stop_mode.elf 
arm-none-eabi-objdump -h -S  Stop_mode.elf  > "Stop_mode.list"
   text	   data	    bss	    dec	    hex	filename
   9392	     20	   1604	  11016	   2b08	Stop_mode.elf
Finished building: default.size.stdout
 
Finished building: Stop_mode.list
 
14:08:46 **** Incremental Build of configuration Debug for project I2C_SHT30 ****
make -j16 all 
arm-none-eabi-size   I2C_SHT30.elf 
   text	   data	    bss	    dec	    hex	filename
   6280	     20	   1660	   7960	   1f18	I2C_SHT30.elf
Finished building: default.size.stdout
 
14:08:46 **** Incremental Build of configuration Debug for project I2C_SHT30_DS3231 ****
make -j16 all 
arm-none-eabi-size   I2C_SHT30_DS3231.elf 
   text	   data	    bss	    dec	    hex	filename
  10068	     24	   1664	  11756	   2dec	I2C_SHT30_DS3231.elf
Finished building: default.size.stdout
 
14:08:46 **** Incremental Build of configuration Debug for project LORA_V2 ****
make -j16 all 
arm-none-eabi-size   LORA_V2.elf 
   text	   data	    bss	    dec	    hex	filename
  14572	     24	   1872	  16468	   4054	LORA_V2.elf
Finished building: default.size.stdout
 
14:08:46 **** Incremental Build of configuration Debug for project Low_Power ****
make -j16 all 
arm-none-eabi-size   Low_Power.elf 
   text	   data	    bss	    dec	    hex	filename
   9248	     20	   1652	  10920	   2aa8	Low_Power.elf
Finished building: default.size.stdout
 
14:08:47 **** Incremental Build of configuration Debug for project Sleep_mode ****
make -j16 all 
arm-none-eabi-size   Sleep_mode.elf 
   text	   data	    bss	    dec	    hex	filename
   8628	     20	   1644	  10292	   2834	Sleep_mode.elf
Finished building: default.size.stdout
 
14:08:47 **** Incremental Build of configuration Debug for project Stanby_mode ****
make -j16 all 
arm-none-eabi-size   Stanby_mode.elf 
   text	   data	    bss	    dec	    hex	filename
   5772	     20	   1644	   7436	   1d0c	Stanby_mode.elf
Finished building: default.size.stdout
 
14:08:47 **** Incremental Build of configuration Debug for project Stop_mode ****
make -j16 all 
arm-none-eabi-gcc "../Drivers/STM32F1xx_HAL_Driver/Src/stm32f1xx_hal.c" -mcpu=cortex-m3 -std=gnu11 -g3 -DDEBUG -DUSE_HAL_DRIVER -DSTM32F103xB -c -I../Core/Inc -I../Drivers/STM32F1xx_HAL_Driver/Inc/Legacy -I../Drivers/STM32F1xx_HAL_Driver/Inc -I../Drivers/CMSIS/Device/ST/STM32F1xx/Include -I../Drivers/CMSIS/Include -O0 -ffunction-sections -fdata-sections -Wall -fstack-usage -fcyclomatic-complexity -MMD -MP -MF"Drivers/STM32F1xx_HAL_Driver/Src/stm32f1xx_hal.d" -MT"Drivers/STM32F1xx_HAL_Driver/Src/stm32f1xx_hal.o" --specs=nano.specs -mfloat-abi=soft -mthumb -o "Drivers/STM32F1xx_HAL_Driver/Src/stm32f1xx_hal.o"
arm-none-eabi-gcc "../Drivers/STM32F1xx_HAL_Driver/Src/stm32f1xx_hal_cortex.c" -mcpu=cortex-m3 -std=gnu11 -g3 -DDEBUG -DUSE_HAL_DRIVER -DSTM32F103xB -c -I../Core/Inc -I../Drivers/STM32F1xx_HAL_Driver/Inc/Legacy -I../Drivers/STM32F1xx_HAL_Driver/Inc -I../Drivers/CMSIS/Device/ST/STM32F1xx/Include -I../Drivers/CMSIS/Include -O0 -ffunction-sections -fdata-sections -Wall -fstack-usage -fcyclomatic-complexity -MMD -MP -MF"Drivers/STM32F1xx_HAL_Driver/Src/stm32f1xx_hal_cortex.d" -MT"Drivers/STM32F1xx_HAL_Driver/Src/stm32f1xx_hal_cortex.o" --specs=nano.specs -mfloat-abi=soft -mthumb -o "Drivers/STM32F1xx_HAL_Driver/Src/stm32f1xx_hal_cortex.o"
arm-none-eabi-gcc "../Drivers/STM32F1xx_HAL_Driver/Src/stm32f1xx_hal_dma.c" -mcpu=cortex-m3 -std=gnu11 -g3 -DDEBUG -DUSE_HAL_DRIVER -DSTM32F103xB -c -I../Core/Inc -I../Drivers/STM32F1xx_HAL_Driver/Inc/Legacy -I../Drivers/STM32F1xx_HAL_Driver/Inc -I../Drivers/CMSIS/Device/ST/STM32F1xx/Include -I../Drivers/CMSIS/Include -O0 -ffunction-sections -fdata-sections -Wall -fstack-usage -fcyclomatic-complexity -MMD -MP -MF"Drivers/STM32F1xx_HAL_Driver/Src/stm32f1xx_hal_dma.d" -MT"Drivers/STM32F1xx_HAL_Driver/Src/stm32f1xx_hal_dma.o" --specs=nano.specs -mfloat-abi=soft -mthumb -o "Drivers/STM32F1xx_HAL_Driver/Src/stm32f1xx_hal_dma.o"
arm-none-eabi-gcc "../Drivers/STM32F1xx_HAL_Driver/Src/stm32f1xx_hal_exti.c" -mcpu=cortex-m3 -std=gnu11 -g3 -DDEBUG -DUSE_HAL_DRIVER -DSTM32F103xB -c -I../Core/Inc -I../Drivers/STM32F1xx_HAL_Driver/Inc/Legacy -I../Drivers/STM32F1xx_HAL_Driver/Inc -I../Drivers/CMSIS/Device/ST/STM32F1xx/Include -I../Drivers/CMSIS/Include -O0 -ffunction-sections -fdata-sections -Wall -fstack-usage -fcyclomatic-complexity -MMD -MP -MF"Drivers/STM32F1xx_HAL_Driver/Src/stm32f1xx_hal_exti.d" -MT"Drivers/STM32F1xx_HAL_Driver/Src/stm32f1xx_hal_exti.o" --specs=nano.specs -mfloat-abi=soft -mthumb -o "Drivers/STM32F1xx_HAL_Driver/Src/stm32f1xx_hal_exti.o"
arm-none-eabi-gcc "../Drivers/STM32F1xx_HAL_Driver/Src/stm32f1xx_hal_flash.c" -mcpu=cortex-m3 -std=gnu11 -g3 -DDEBUG -DUSE_HAL_DRIVER -DSTM32F103xB -c -I../Core/Inc -I../Drivers/STM32F1xx_HAL_Driver/Inc/Legacy -I../Drivers/STM32F1xx_HAL_Driver/Inc -I../Drivers/CMSIS/Device/ST/STM32F1xx/Include -I../Drivers/CMSIS/Include -O0 -ffunction-sections -fdata-sections -Wall -fstack-usage -fcyclomatic-complexity -MMD -MP -MF"Drivers/STM32F1xx_HAL_Driver/Src/stm32f1xx_hal_flash.d" -MT"Drivers/STM32F1xx_HAL_Driver/Src/stm32f1xx_hal_flash.o" --specs=nano.specs -mfloat-abi=soft -mthumb -o "Drivers/STM32F1xx_HAL_Driver/Src/stm32f1xx_hal_flash.o"
arm-none-eabi-gcc "../Drivers/STM32F1xx_HAL_Driver/Src/stm32f1xx_hal_flash_ex.c" -mcpu=cortex-m3 -std=gnu11 -g3 -DDEBUG -DUSE_HAL_DRIVER -DSTM32F103xB -c -I../Core/Inc -I../Drivers/STM32F1xx_HAL_Driver/Inc/Legacy -I../Drivers/STM32F1xx_HAL_Driver/Inc -I../Drivers/CMSIS/Device/ST/STM32F1xx/Include -I../Drivers/CMSIS/Include -O0 -ffunction-sections -fdata-sections -Wall -fstack-usage -fcyclomatic-complexity -MMD -MP -MF"Drivers/STM32F1xx_HAL_Driver/Src/stm32f1xx_hal_flash_ex.d" -MT"Drivers/STM32F1xx_HAL_Driver/Src/stm32f1xx_hal_flash_ex.o" --specs=nano.specs -mfloat-abi=soft -mthumb -o "Drivers/STM32F1xx_HAL_Driver/Src/stm32f1xx_hal_flash_ex.o"
arm-none-eabi-gcc "../Drivers/STM32F1xx_HAL_Driver/Src/stm32f1xx_hal_gpio.c" -mcpu=cortex-m3 -std=gnu11 -g3 -DDEBUG -DUSE_HAL_DRIVER -DSTM32F103xB -c -I../Core/Inc -I../Drivers/STM32F1xx_HAL_Driver/Inc/Legacy -I../Drivers/STM32F1xx_HAL_Driver/Inc -I../Drivers/CMSIS/Device/ST/STM32F1xx/Include -I../Drivers/CMSIS/Include -O0 -ffunction-sections -fdata-sections -Wall -fstack-usage -fcyclomatic-complexity -MMD -MP -MF"Drivers/STM32F1xx_HAL_Driver/Src/stm32f1xx_hal_gpio.d" -MT"Drivers/STM32F1xx_HAL_Driver/Src/stm32f1xx_hal_gpio.o" --specs=nano.specs -mfloat-abi=soft -mthumb -o "Drivers/STM32F1xx_HAL_Driver/Src/stm32f1xx_hal_gpio.o"
arm-none-eabi-gcc "../Drivers/STM32F1xx_HAL_Driver/Src/stm32f1xx_hal_gpio_ex.c" -mcpu=cortex-m3 -std=gnu11 -g3 -DDEBUG -DUSE_HAL_DRIVER -DSTM32F103xB -c -I../Core/Inc -I../Drivers/STM32F1xx_HAL_Driver/Inc/Legacy -I../Drivers/STM32F1xx_HAL_Driver/Inc -I../Drivers/CMSIS/Device/ST/STM32F1xx/Include -I../Drivers/CMSIS/Include -O0 -ffunction-sections -fdata-sections -Wall -fstack-usage -fcyclomatic-complexity -MMD -MP -MF"Drivers/STM32F1xx_HAL_Driver/Src/stm32f1xx_hal_gpio_ex.d" -MT"Drivers/STM32F1xx_HAL_Driver/Src/stm32f1xx_hal_gpio_ex.o" --specs=nano.specs -mfloat-abi=soft -mthumb -o "Drivers/STM32F1xx_HAL_Driver/Src/stm32f1xx_hal_gpio_ex.o"
arm-none-eabi-gcc "../Drivers/STM32F1xx_HAL_Driver/Src/stm32f1xx_hal_pwr.c" -mcpu=cortex-m3 -std=gnu11 -g3 -DDEBUG -DUSE_HAL_DRIVER -DSTM32F103xB -c -I../Core/Inc -I../Drivers/STM32F1xx_HAL_Driver/Inc/Legacy -I../Drivers/STM32F1xx_HAL_Driver/Inc -I../Drivers/CMSIS/Device/ST/STM32F1xx/Include -I../Drivers/CMSIS/Include -O0 -ffunction-sections -fdata-sections -Wall -fstack-usage -fcyclomatic-complexity -MMD -MP -MF"Drivers/STM32F1xx_HAL_Driver/Src/stm32f1xx_hal_pwr.d" -MT"Drivers/STM32F1xx_HAL_Driver/Src/stm32f1xx_hal_pwr.o" --specs=nano.specs -mfloat-abi=soft -mthumb -o "Drivers/STM32F1xx_HAL_Driver/Src/stm32f1xx_hal_pwr.o"
arm-none-eabi-gcc "../Drivers/STM32F1xx_HAL_Driver/Src/stm32f1xx_hal_rcc.c" -mcpu=cortex-m3 -std=gnu11 -g3 -DDEBUG -DUSE_HAL_DRIVER -DSTM32F103xB -c -I../Core/Inc -I../Drivers/STM32F1xx_HAL_Driver/Inc/Legacy -I../Drivers/STM32F1xx_HAL_Driver/Inc -I../Drivers/CMSIS/Device/ST/STM32F1xx/Include -I../Drivers/CMSIS/Include -O0 -ffunction-sections -fdata-sections -Wall -fstack-usage -fcyclomatic-complexity -MMD -MP -MF"Drivers/STM32F1xx_HAL_Driver/Src/stm32f1xx_hal_rcc.d" -MT"Drivers/STM32F1xx_HAL_Driver/Src/stm32f1xx_hal_rcc.o" --specs=nano.specs -mfloat-abi=soft -mthumb -o "Drivers/STM32F1xx_HAL_Driver/Src/stm32f1xx_hal_rcc.o"
arm-none-eabi-gcc "../Drivers/STM32F1xx_HAL_Driver/Src/stm32f1xx_hal_rcc_ex.c" -mcpu=cortex-m3 -std=gnu11 -g3 -DDEBUG -DUSE_HAL_DRIVER -DSTM32F103xB -c -I../Core/Inc -I../Drivers/STM32F1xx_HAL_Driver/Inc/Legacy -I../Drivers/STM32F1xx_HAL_Driver/Inc -I../Drivers/CMSIS/Device/ST/STM32F1xx/Include -I../Drivers/CMSIS/Include -O0 -ffunction-sections -fdata-sections -Wall -fstack-usage -fcyclomatic-complexity -MMD -MP -MF"Drivers/STM32F1xx_HAL_Driver/Src/stm32f1xx_hal_rcc_ex.d" -MT"Drivers/STM32F1xx_HAL_Driver/Src/stm32f1xx_hal_rcc_ex.o" --specs=nano.specs -mfloat-abi=soft -mthumb -o "Drivers/STM32F1xx_HAL_Driver/Src/stm32f1xx_hal_rcc_ex.o"
arm-none-eabi-gcc "../Drivers/STM32F1xx_HAL_Driver/Src/stm32f1xx_hal_rtc.c" -mcpu=cortex-m3 -std=gnu11 -g3 -DDEBUG -DUSE_HAL_DRIVER -DSTM32F103xB -c -I../Core/Inc -I../Drivers/STM32F1xx_HAL_Driver/Inc/Legacy -I../Drivers/STM32F1xx_HAL_Driver/Inc -I../Drivers/CMSIS/Device/ST/STM32F1xx/Include -I../Drivers/CMSIS/Include -O0 -ffunction-sections -fdata-sections -Wall -fstack-usage -fcyclomatic-complexity -MMD -MP -MF"Drivers/STM32F1xx_HAL_Driver/Src/stm32f1xx_hal_rtc.d" -MT"Drivers/STM32F1xx_HAL_Driver/Src/stm32f1xx_hal_rtc.o" --specs=nano.specs -mfloat-abi=soft -mthumb -o "Drivers/STM32F1xx_HAL_Driver/Src/stm32f1xx_hal_rtc.o"
arm-none-eabi-gcc "../Drivers/STM32F1xx_HAL_Driver/Src/stm32f1xx_hal_rtc_ex.c" -mcpu=cortex-m3 -std=gnu11 -g3 -DDEBUG -DUSE_HAL_DRIVER -DSTM32F103xB -c -I../Core/Inc -I../Drivers/STM32F1xx_HAL_Driver/Inc/Legacy -I../Drivers/STM32F1xx_HAL_Driver/Inc -I../Drivers/CMSIS/Device/ST/STM32F1xx/Include -I../Drivers/CMSIS/Include -O0 -ffunction-sections -fdata-sections -Wall -fstack-usage -fcyclomatic-complexity -MMD -MP -MF"Drivers/STM32F1xx_HAL_Driver/Src/stm32f1xx_hal_rtc_ex.d" -MT"Drivers/STM32F1xx_HAL_Driver/Src/stm32f1xx_hal_rtc_ex.o" --specs=nano.specs -mfloat-abi=soft -mthumb -o "Drivers/STM32F1xx_HAL_Driver/Src/stm32f1xx_hal_rtc_ex.o"
arm-none-eabi-gcc "../Drivers/STM32F1xx_HAL_Driver/Src/stm32f1xx_hal_tim.c" -mcpu=cortex-m3 -std=gnu11 -g3 -DDEBUG -DUSE_HAL_DRIVER -DSTM32F103xB -c -I../Core/Inc -I../Drivers/STM32F1xx_HAL_Driver/Inc/Legacy -I../Drivers/STM32F1xx_HAL_Driver/Inc -I../Drivers/CMSIS/Device/ST/STM32F1xx/Include -I../Drivers/CMSIS/Include -O0 -ffunction-sections -fdata-sections -Wall -fstack-usage -fcyclomatic-complexity -MMD -MP -MF"Drivers/STM32F1xx_HAL_Driver/Src/stm32f1xx_hal_tim.d" -MT"Drivers/STM32F1xx_HAL_Driver/Src/stm32f1xx_hal_tim.o" --specs=nano.specs -mfloat-abi=soft -mthumb -o "Drivers/STM32F1xx_HAL_Driver/Src/stm32f1xx_hal_tim.o"
arm-none-eabi-gcc "../Drivers/STM32F1xx_HAL_Driver/Src/stm32f1xx_hal_tim_ex.c" -mcpu=cortex-m3 -std=gnu11 -g3 -DDEBUG -DUSE_HAL_DRIVER -DSTM32F103xB -c -I../Core/Inc -I../Drivers/STM32F1xx_HAL_Driver/Inc/Legacy -I../Drivers/STM32F1xx_HAL_Driver/Inc -I../Drivers/CMSIS/Device/ST/STM32F1xx/Include -I../Drivers/CMSIS/Include -O0 -ffunction-sections -fdata-sections -Wall -fstack-usage -fcyclomatic-complexity -MMD -MP -MF"Drivers/STM32F1xx_HAL_Driver/Src/stm32f1xx_hal_tim_ex.d" -MT"Drivers/STM32F1xx_HAL_Driver/Src/stm32f1xx_hal_tim_ex.o" --specs=nano.specs -mfloat-abi=soft -mthumb -o "Drivers/STM32F1xx_HAL_Driver/Src/stm32f1xx_hal_tim_ex.o"
arm-none-eabi-gcc "../Drivers/STM32F1xx_HAL_Driver/Src/stm32f1xx_hal_uart.c" -mcpu=cortex-m3 -std=gnu11 -g3 -DDEBUG -DUSE_HAL_DRIVER -DSTM32F103xB -c -I../Core/Inc -I../Drivers/STM32F1xx_HAL_Driver/Inc/Legacy -I../Drivers/STM32F1xx_HAL_Driver/Inc -I../Drivers/CMSIS/Device/ST/STM32F1xx/Include -I../Drivers/CMSIS/Include -O0 -ffunction-sections -fdata-sections -Wall -fstack-usage -fcyclomatic-complexity -MMD -MP -MF"Drivers/STM32F1xx_HAL_Driver/Src/stm32f1xx_hal_uart.d" -MT"Drivers/STM32F1xx_HAL_Driver/Src/stm32f1xx_hal_uart.o" --specs=nano.specs -mfloat-abi=soft -mthumb -o "Drivers/STM32F1xx_HAL_Driver/Src/stm32f1xx_hal_uart.o"
arm-none-eabi-gcc "../Core/Src/main.c" -mcpu=cortex-m3 -std=gnu11 -g3 -DDEBUG -DUSE_HAL_DRIVER -DSTM32F103xB -c -I../Core/Inc -I../Drivers/STM32F1xx_HAL_Driver/Inc/Legacy -I../Drivers/STM32F1xx_HAL_Driver/Inc -I../Drivers/CMSIS/Device/ST/STM32F1xx/Include -I../Drivers/CMSIS/Include -O0 -ffunction-sections -fdata-sections -Wall -fstack-usage -fcyclomatic-complexity -MMD -MP -MF"Core/Src/main.d" -MT"Core/Src/main.o" --specs=nano.specs -mfloat-abi=soft -mthumb -o "Core/Src/main.o"
arm-none-eabi-gcc "../Core/Src/stm32f1xx_hal_msp.c" -mcpu=cortex-m3 -std=gnu11 -g3 -DDEBUG -DUSE_HAL_DRIVER -DSTM32F103xB -c -I../Core/Inc -I../Drivers/STM32F1xx_HAL_Driver/Inc/Legacy -I../Drivers/STM32F1xx_HAL_Driver/Inc -I../Drivers/CMSIS/Device/ST/STM32F1xx/Include -I../Drivers/CMSIS/Include -O0 -ffunction-sections -fdata-sections -Wall -fstack-usage -fcyclomatic-complexity -MMD -MP -MF"Core/Src/stm32f1xx_hal_msp.d" -MT"Core/Src/stm32f1xx_hal_msp.o" --specs=nano.specs -mfloat-abi=soft -mthumb -o "Core/Src/stm32f1xx_hal_msp.o"
arm-none-eabi-gcc "../Core/Src/stm32f1xx_it.c" -mcpu=cortex-m3 -std=gnu11 -g3 -DDEBUG -DUSE_HAL_DRIVER -DSTM32F103xB -c -I../Core/Inc -I../Drivers/STM32F1xx_HAL_Driver/Inc/Legacy -I../Drivers/STM32F1xx_HAL_Driver/Inc -I../Drivers/CMSIS/Device/ST/STM32F1xx/Include -I../Drivers/CMSIS/Include -O0 -ffunction-sections -fdata-sections -Wall -fstack-usage -fcyclomatic-complexity -MMD -MP -MF"Core/Src/stm32f1xx_it.d" -MT"Core/Src/stm32f1xx_it.o" --specs=nano.specs -mfloat-abi=soft -mthumb -o "Core/Src/stm32f1xx_it.o"
arm-none-eabi-gcc "../Core/Src/system_stm32f1xx.c" -mcpu=cortex-m3 -std=gnu11 -g3 -DDEBUG -DUSE_HAL_DRIVER -DSTM32F103xB -c -I../Core/Inc -I../Drivers/STM32F1xx_HAL_Driver/Inc/Legacy -I../Drivers/STM32F1xx_HAL_Driver/Inc -I../Drivers/CMSIS/Device/ST/STM32F1xx/Include -I../Drivers/CMSIS/Include -O0 -ffunction-sections -fdata-sections -Wall -fstack-usage -fcyclomatic-complexity -MMD -MP -MF"Core/Src/system_stm32f1xx.d" -MT"Core/Src/system_stm32f1xx.o" --specs=nano.specs -mfloat-abi=soft -mthumb -o "Core/Src/system_stm32f1xx.o"
../Core/Src/main.c: In function 'HAL_GPIO_EXTI_Callback':
../Core/Src/main.c:49:12: error: 'GPIO_pin' undeclared (first use in this function); did you mean 'GPIO_Pin'?
   49 |         if(GPIO_pin == GPIO_PIN_1){
      |            ^~~~~~~~
      |            GPIO_Pin
../Core/Src/main.c:49:12: note: each undeclared identifier is reported only once for each function it appears in
../Core/Src/main.c: In function 'main':
../Core/Src/main.c:89:1: warning: implicit declaration of function 'HAL_DELAY'; did you mean 'HAL_Delay'? [-Wimplicit-function-declaration]
   89 | HAL_DELAY(2500);
      | ^~~~~~~~~
      | HAL_Delay
make: *** [Core/Src/subdir.mk:34: Core/Src/main.o] Error 1
make: *** Waiting for unfinished jobs....
"make -j16 all" terminated with exit code 2. Build might be incomplete.
14:09:14 **** Incremental Build of configuration Debug for project I2C_SHT30 ****
make -j16 all 
arm-none-eabi-size   I2C_SHT30.elf 
   text	   data	    bss	    dec	    hex	filename
   6280	     20	   1660	   7960	   1f18	I2C_SHT30.elf
Finished building: default.size.stdout
 
14:09:14 **** Incremental Build of configuration Debug for project I2C_SHT30_DS3231 ****
make -j16 all 
arm-none-eabi-size   I2C_SHT30_DS3231.elf 
   text	   data	    bss	    dec	    hex	filename
  10068	     24	   1664	  11756	   2dec	I2C_SHT30_DS3231.elf
Finished building: default.size.stdout
 
14:09:14 **** Incremental Build of configuration Debug for project LORA_V2 ****
make -j16 all 
arm-none-eabi-size   LORA_V2.elf 
   text	   data	    bss	    dec	    hex	filename
  14572	     24	   1872	  16468	   4054	LORA_V2.elf
Finished building: default.size.stdout
 
14:09:15 **** Incremental Build of configuration Debug for project Low_Power ****
make -j16 all 
arm-none-eabi-size   Low_Power.elf 
   text	   data	    bss	    dec	    hex	filename
   9248	     20	   1652	  10920	   2aa8	Low_Power.elf
Finished building: default.size.stdout
 
14:09:15 **** Incremental Build of configuration Debug for project Sleep_mode ****
make -j16 all 
arm-none-eabi-size   Sleep_mode.elf 
   text	   data	    bss	    dec	    hex	filename
   8628	     20	   1644	  10292	   2834	Sleep_mode.elf
Finished building: default.size.stdout
 
14:09:15 **** Incremental Build of configuration Debug for project Stanby_mode ****
make -j16 all 
arm-none-eabi-size   Stanby_mode.elf 
   text	   data	    bss	    dec	    hex	filename
   5772	     20	   1644	   7436	   1d0c	Stanby_mode.elf
Finished building: default.size.stdout
 
14:09:15 **** Incremental Build of configuration Debug for project Stop_mode ****
make -j16 all 
arm-none-eabi-gcc "../Core/Src/main.c" -mcpu=cortex-m3 -std=gnu11 -g3 -DDEBUG -DUSE_HAL_DRIVER -DSTM32F103xB -c -I../Core/Inc -I../Drivers/STM32F1xx_HAL_Driver/Inc/Legacy -I../Drivers/STM32F1xx_HAL_Driver/Inc -I../Drivers/CMSIS/Device/ST/STM32F1xx/Include -I../Drivers/CMSIS/Include -O0 -ffunction-sections -fdata-sections -Wall -fstack-usage -fcyclomatic-complexity -MMD -MP -MF"Core/Src/main.d" -MT"Core/Src/main.o" --specs=nano.specs -mfloat-abi=soft -mthumb -o "Core/Src/main.o"
../Core/Src/main.c: In function 'main':
../Core/Src/main.c:89:1: warning: implicit declaration of function 'HAL_DELAY'; did you mean 'HAL_Delay'? [-Wimplicit-function-declaration]
   89 | HAL_DELAY(2500);
      | ^~~~~~~~~
      | HAL_Delay
arm-none-eabi-gcc -o "Stop_mode.elf" @"objects.list"   -mcpu=cortex-m3 -T"D:\smart_garden\Stop_mode\STM32F103C8TX_FLASH.ld" --specs=nosys.specs -Wl,-Map="Stop_mode.map" -Wl,--gc-sections -static --specs=nano.specs -mfloat-abi=soft -mthumb -Wl,--start-group -lc -lm -Wl,--end-group
C:/ST/STM32CubeIDE_1.13.1/STM32CubeIDE/plugins/com.st.stm32cube.ide.mcu.externaltools.gnu-tools-for-stm32.11.3.rel1.win32_1.1.0.202305231506/tools/bin/../lib/gcc/arm-none-eabi/11.3.1/../../../../arm-none-eabi/bin/ld.exe: ./Core/Src/main.o: in function `main':
D:/smart_garden/Stop_mode/Debug/../Core/Src/main.c:89: undefined reference to `HAL_DELAY'
collect2.exe: error: ld returned 1 exit status
make: *** [makefile:64: Stop_mode.elf] Error 1
"make -j16 all" terminated with exit code 2. Build might be incomplete.
14:09:37 **** Incremental Build of configuration Debug for project I2C_SHT30 ****
make -j16 all 
arm-none-eabi-size   I2C_SHT30.elf 
   text	   data	    bss	    dec	    hex	filename
   6280	     20	   1660	   7960	   1f18	I2C_SHT30.elf
Finished building: default.size.stdout
 
14:09:37 **** Incremental Build of configuration Debug for project I2C_SHT30_DS3231 ****
make -j16 all 
arm-none-eabi-size   I2C_SHT30_DS3231.elf 
   text	   data	    bss	    dec	    hex	filename
  10068	     24	   1664	  11756	   2dec	I2C_SHT30_DS3231.elf
Finished building: default.size.stdout
 
14:09:37 **** Incremental Build of configuration Debug for project LORA_V2 ****
make -j16 all 
arm-none-eabi-size   LORA_V2.elf 
   text	   data	    bss	    dec	    hex	filename
  14572	     24	   1872	  16468	   4054	LORA_V2.elf
Finished building: default.size.stdout
 
14:09:38 **** Incremental Build of configuration Debug for project Low_Power ****
make -j16 all 
arm-none-eabi-size   Low_Power.elf 
   text	   data	    bss	    dec	    hex	filename
   9248	     20	   1652	  10920	   2aa8	Low_Power.elf
Finished building: default.size.stdout
 
14:09:38 **** Incremental Build of configuration Debug for project Sleep_mode ****
make -j16 all 
arm-none-eabi-size   Sleep_mode.elf 
   text	   data	    bss	    dec	    hex	filename
   8628	     20	   1644	  10292	   2834	Sleep_mode.elf
Finished building: default.size.stdout
 
14:09:38 **** Incremental Build of configuration Debug for project Stanby_mode ****
make -j16 all 
arm-none-eabi-size   Stanby_mode.elf 
   text	   data	    bss	    dec	    hex	filename
   5772	     20	   1644	   7436	   1d0c	Stanby_mode.elf
Finished building: default.size.stdout
 
14:09:38 **** Incremental Build of configuration Debug for project Stop_mode ****
make -j16 all 
arm-none-eabi-gcc "../Core/Src/main.c" -mcpu=cortex-m3 -std=gnu11 -g3 -DDEBUG -DUSE_HAL_DRIVER -DSTM32F103xB -c -I../Core/Inc -I../Drivers/STM32F1xx_HAL_Driver/Inc/Legacy -I../Drivers/STM32F1xx_HAL_Driver/Inc -I../Drivers/CMSIS/Device/ST/STM32F1xx/Include -I../Drivers/CMSIS/Include -O0 -ffunction-sections -fdata-sections -Wall -fstack-usage -fcyclomatic-complexity -MMD -MP -MF"Core/Src/main.d" -MT"Core/Src/main.o" --specs=nano.specs -mfloat-abi=soft -mthumb -o "Core/Src/main.o"
arm-none-eabi-gcc -o "Stop_mode.elf" @"objects.list"   -mcpu=cortex-m3 -T"D:\smart_garden\Stop_mode\STM32F103C8TX_FLASH.ld" --specs=nosys.specs -Wl,-Map="Stop_mode.map" -Wl,--gc-sections -static --specs=nano.specs -mfloat-abi=soft -mthumb -Wl,--start-group -lc -lm -Wl,--end-group
Finished building target: Stop_mode.elf
 
arm-none-eabi-size   Stop_mode.elf 
arm-none-eabi-objdump -h -S  Stop_mode.elf  > "Stop_mode.list"
   text	   data	    bss	    dec	    hex	filename
   9764	     20	   1668	  11452	   2cbc	Stop_mode.elf
Finished building: default.size.stdout
 
Finished building: Stop_mode.list
 
14:09:48 **** Incremental Build of configuration Debug for project Stop_mode ****
make -j16 all 
arm-none-eabi-size   Stop_mode.elf 
   text	   data	    bss	    dec	    hex	filename
   9764	     20	   1668	  11452	   2cbc	Stop_mode.elf
Finished building: default.size.stdout
 
14:10:14 **** Incremental Build of configuration Debug for project Stop_mode ****
make -j16 all 
arm-none-eabi-size   Stop_mode.elf 
   text	   data	    bss	    dec	    hex	filename
   9764	     20	   1668	  11452	   2cbc	Stop_mode.elf
Finished building: default.size.stdout
 
14:11:30 **** Incremental Build of configuration Debug for project Stop_mode ****
make -j16 all 
arm-none-eabi-gcc "../Core/Src/main.c" -mcpu=cortex-m3 -std=gnu11 -g3 -DDEBUG -DUSE_HAL_DRIVER -DSTM32F103xB -c -I../Core/Inc -I../Drivers/STM32F1xx_HAL_Driver/Inc/Legacy -I../Drivers/STM32F1xx_HAL_Driver/Inc -I../Drivers/CMSIS/Device/ST/STM32F1xx/Include -I../Drivers/CMSIS/Include -O0 -ffunction-sections -fdata-sections -Wall -fstack-usage -fcyclomatic-complexity -MMD -MP -MF"Core/Src/main.d" -MT"Core/Src/main.o" --specs=nano.specs -mfloat-abi=soft -mthumb -o "Core/Src/main.o"
arm-none-eabi-gcc -o "Stop_mode.elf" @"objects.list"   -mcpu=cortex-m3 -T"D:\smart_garden\Stop_mode\STM32F103C8TX_FLASH.ld" --specs=nosys.specs -Wl,-Map="Stop_mode.map" -Wl,--gc-sections -static --specs=nano.specs -mfloat-abi=soft -mthumb -Wl,--start-group -lc -lm -Wl,--end-group
Finished building target: Stop_mode.elf
 
arm-none-eabi-size   Stop_mode.elf 
arm-none-eabi-objdump -h -S  Stop_mode.elf  > "Stop_mode.list"
   text	   data	    bss	    dec	    hex	filename
   9776	     20	   1668	  11464	   2cc8	Stop_mode.elf
Finished building: default.size.stdout
 
Finished building: Stop_mode.list
 
14:11:40 **** Incremental Build of configuration Debug for project Stop_mode ****
make -j16 all 
arm-none-eabi-size   Stop_mode.elf 
   text	   data	    bss	    dec	    hex	filename
   9776	     20	   1668	  11464	   2cc8	Stop_mode.elf
Finished building: default.size.stdout
 
14:12:37 **** Incremental Build of configuration Debug for project I2C_SHT30 ****
make -j16 all 
arm-none-eabi-size   I2C_SHT30.elf 
   text	   data	    bss	    dec	    hex	filename
   6280	     20	   1660	   7960	   1f18	I2C_SHT30.elf
Finished building: default.size.stdout
 
14:12:37 **** Incremental Build of configuration Debug for project I2C_SHT30_DS3231 ****
make -j16 all 
arm-none-eabi-size   I2C_SHT30_DS3231.elf 
   text	   data	    bss	    dec	    hex	filename
  10068	     24	   1664	  11756	   2dec	I2C_SHT30_DS3231.elf
Finished building: default.size.stdout
 
14:12:38 **** Incremental Build of configuration Debug for project LORA_V2 ****
make -j16 all 
arm-none-eabi-size   LORA_V2.elf 
   text	   data	    bss	    dec	    hex	filename
  14572	     24	   1872	  16468	   4054	LORA_V2.elf
Finished building: default.size.stdout
 
14:12:38 **** Incremental Build of configuration Debug for project Low_Power ****
make -j16 all 
arm-none-eabi-size   Low_Power.elf 
   text	   data	    bss	    dec	    hex	filename
   9248	     20	   1652	  10920	   2aa8	Low_Power.elf
Finished building: default.size.stdout
 
14:12:38 **** Incremental Build of configuration Debug for project Sleep_mode ****
make -j16 all 
arm-none-eabi-size   Sleep_mode.elf 
   text	   data	    bss	    dec	    hex	filename
   8628	     20	   1644	  10292	   2834	Sleep_mode.elf
Finished building: default.size.stdout
 
14:12:38 **** Incremental Build of configuration Debug for project Stanby_mode ****
make -j16 all 
arm-none-eabi-size   Stanby_mode.elf 
   text	   data	    bss	    dec	    hex	filename
   5772	     20	   1644	   7436	   1d0c	Stanby_mode.elf
Finished building: default.size.stdout
 
14:12:38 **** Incremental Build of configuration Debug for project Stop_mode ****
make -j16 all 
arm-none-eabi-size   Stop_mode.elf 
   text	   data	    bss	    dec	    hex	filename
   9776	     20	   1668	  11464	   2cc8	Stop_mode.elf
Finished building: default.size.stdout
 
14:13:18 **** Incremental Build of configuration Debug for project Stop_mode ****
make -j16 all 
arm-none-eabi-size   Stop_mode.elf 
   text	   data	    bss	    dec	    hex	filename
   9776	     20	   1668	  11464	   2cc8	Stop_mode.elf
Finished building: default.size.stdout
 
14:29:57 **** Incremental Build of configuration Debug for project I2C_SHT30 ****
make -j16 all 
arm-none-eabi-size   I2C_SHT30.elf 
   text	   data	    bss	    dec	    hex	filename
   6280	     20	   1660	   7960	   1f18	I2C_SHT30.elf
Finished building: default.size.stdout
 
14:29:57 **** Incremental Build of configuration Debug for project I2C_SHT30_DS3231 ****
make -j16 all 
arm-none-eabi-size   I2C_SHT30_DS3231.elf 
   text	   data	    bss	    dec	    hex	filename
  10068	     24	   1664	  11756	   2dec	I2C_SHT30_DS3231.elf
Finished building: default.size.stdout
 
14:29:57 **** Incremental Build of configuration Debug for project LORA_V2 ****
make -j16 all 
arm-none-eabi-size   LORA_V2.elf 
   text	   data	    bss	    dec	    hex	filename
  14572	     24	   1872	  16468	   4054	LORA_V2.elf
Finished building: default.size.stdout
 
14:29:57 **** Incremental Build of configuration Debug for project Low_Power ****
make -j16 all 
arm-none-eabi-size   Low_Power.elf 
   text	   data	    bss	    dec	    hex	filename
   9248	     20	   1652	  10920	   2aa8	Low_Power.elf
Finished building: default.size.stdout
 
14:29:58 **** Incremental Build of configuration Debug for project Sleep_mode ****
make -j16 all 
arm-none-eabi-size   Sleep_mode.elf 
   text	   data	    bss	    dec	    hex	filename
   8628	     20	   1644	  10292	   2834	Sleep_mode.elf
Finished building: default.size.stdout
 
14:29:58 **** Incremental Build of configuration Debug for project Stanby_mode ****
make -j16 all 
arm-none-eabi-size   Stanby_mode.elf 
   text	   data	    bss	    dec	    hex	filename
   5772	     20	   1644	   7436	   1d0c	Stanby_mode.elf
Finished building: default.size.stdout
 
14:29:58 **** Incremental Build of configuration Debug for project Stop_mode ****
make -j16 all 
arm-none-eabi-gcc "../Core/Src/main.c" -mcpu=cortex-m3 -std=gnu11 -g3 -DDEBUG -DUSE_HAL_DRIVER -DSTM32F103xB -c -I../Core/Inc -I../Drivers/STM32F1xx_HAL_Driver/Inc/Legacy -I../Drivers/STM32F1xx_HAL_Driver/Inc -I../Drivers/CMSIS/Device/ST/STM32F1xx/Include -I../Drivers/CMSIS/Include -O0 -ffunction-sections -fdata-sections -Wall -fstack-usage -fcyclomatic-complexity -MMD -MP -MF"Core/Src/main.d" -MT"Core/Src/main.o" --specs=nano.specs -mfloat-abi=soft -mthumb -o "Core/Src/main.o"
arm-none-eabi-gcc "../Core/Src/stm32f1xx_hal_msp.c" -mcpu=cortex-m3 -std=gnu11 -g3 -DDEBUG -DUSE_HAL_DRIVER -DSTM32F103xB -c -I../Core/Inc -I../Drivers/STM32F1xx_HAL_Driver/Inc/Legacy -I../Drivers/STM32F1xx_HAL_Driver/Inc -I../Drivers/CMSIS/Device/ST/STM32F1xx/Include -I../Drivers/CMSIS/Include -O0 -ffunction-sections -fdata-sections -Wall -fstack-usage -fcyclomatic-complexity -MMD -MP -MF"Core/Src/stm32f1xx_hal_msp.d" -MT"Core/Src/stm32f1xx_hal_msp.o" --specs=nano.specs -mfloat-abi=soft -mthumb -o "Core/Src/stm32f1xx_hal_msp.o"
arm-none-eabi-gcc "../Core/Src/stm32f1xx_it.c" -mcpu=cortex-m3 -std=gnu11 -g3 -DDEBUG -DUSE_HAL_DRIVER -DSTM32F103xB -c -I../Core/Inc -I../Drivers/STM32F1xx_HAL_Driver/Inc/Legacy -I../Drivers/STM32F1xx_HAL_Driver/Inc -I../Drivers/CMSIS/Device/ST/STM32F1xx/Include -I../Drivers/CMSIS/Include -O0 -ffunction-sections -fdata-sections -Wall -fstack-usage -fcyclomatic-complexity -MMD -MP -MF"Core/Src/stm32f1xx_it.d" -MT"Core/Src/stm32f1xx_it.o" --specs=nano.specs -mfloat-abi=soft -mthumb -o "Core/Src/stm32f1xx_it.o"
../Core/Src/main.c: In function 'main':
../Core/Src/main.c:94:43: warning: implicit declaration of function 'strlen' [-Wimplicit-function-declaration]
   94 | HAL_UART_Transmit(&huart1, (uint8_t*)str, strlen(str),1000);
      |                                           ^~~~~~
../Core/Src/main.c:5:1: note: include '<string.h>' or provide a declaration of 'strlen'
    4 | #include "main.h"
  +++ |+#include <string.h>
    5 | 
../Core/Src/main.c:94:43: warning: incompatible implicit declaration of built-in function 'strlen' [-Wbuiltin-declaration-mismatch]
   94 | HAL_UART_Transmit(&huart1, (uint8_t*)str, strlen(str),1000);
      |                                           ^~~~~~
../Core/Src/main.c:94:43: note: include '<string.h>' or provide a declaration of 'strlen'
../Core/Src/main.c: In function 'MX_RTC_Init':
../Core/Src/main.c:189:3: error: 'sAlarm' undeclared (first use in this function); did you mean 'Alarm'?
  189 |   sAlarm.AlarmTime.Hours=0;
      |   ^~~~~~
      |   Alarm
../Core/Src/main.c:189:3: note: each undeclared identifier is reported only once for each function it appears in
../Core/Src/main.c:228:7: error: too many arguments to function 'HAL_RTC_SetAlarm_IT'
  228 |   if (HAL_RTC_SetAlarm_IT(&hrtc, &sAlarm,RTC_ALARM_A,RTC_FORMAT_BIN) != HAL_OK)
      |       ^~~~~~~~~~~~~~~~~~~
In file included from ../Core/Inc/stm32f1xx_hal_conf.h:314,
                 from ../Drivers/STM32F1xx_HAL_Driver/Inc/stm32f1xx_hal.h:29,
                 from ../Core/Inc/main.h:30,
                 from ../Core/Src/main.c:4:
../Drivers/STM32F1xx_HAL_Driver/Inc/stm32f1xx_hal_rtc.h:560:19: note: declared here
  560 | HAL_StatusTypeDef HAL_RTC_SetAlarm_IT(RTC_HandleTypeDef *hrtc, RTC_AlarmTypeDef *sAlarm, uint32_t Format);
      |                   ^~~~~~~~~~~~~~~~~~~
make: *** [Core/Src/subdir.mk:34: Core/Src/main.o] Error 1
make: *** Waiting for unfinished jobs....
"make -j16 all" terminated with exit code 2. Build might be incomplete.
14:31:08 **** Incremental Build of configuration Debug for project I2C_SHT30 ****
make -j16 all 
arm-none-eabi-size   I2C_SHT30.elf 
   text	   data	    bss	    dec	    hex	filename
   6280	     20	   1660	   7960	   1f18	I2C_SHT30.elf
Finished building: default.size.stdout
 
14:31:08 **** Incremental Build of configuration Debug for project I2C_SHT30_DS3231 ****
make -j16 all 
arm-none-eabi-size   I2C_SHT30_DS3231.elf 
   text	   data	    bss	    dec	    hex	filename
  10068	     24	   1664	  11756	   2dec	I2C_SHT30_DS3231.elf
Finished building: default.size.stdout
 
14:31:08 **** Incremental Build of configuration Debug for project LORA_V2 ****
make -j16 all 
arm-none-eabi-size   LORA_V2.elf 
   text	   data	    bss	    dec	    hex	filename
  14572	     24	   1872	  16468	   4054	LORA_V2.elf
Finished building: default.size.stdout
 
14:31:08 **** Incremental Build of configuration Debug for project Low_Power ****
make -j16 all 
arm-none-eabi-size   Low_Power.elf 
   text	   data	    bss	    dec	    hex	filename
   9248	     20	   1652	  10920	   2aa8	Low_Power.elf
Finished building: default.size.stdout
 
14:31:09 **** Incremental Build of configuration Debug for project Sleep_mode ****
make -j16 all 
arm-none-eabi-size   Sleep_mode.elf 
   text	   data	    bss	    dec	    hex	filename
   8628	     20	   1644	  10292	   2834	Sleep_mode.elf
Finished building: default.size.stdout
 
14:31:09 **** Incremental Build of configuration Debug for project Stanby_mode ****
make -j16 all 
arm-none-eabi-size   Stanby_mode.elf 
   text	   data	    bss	    dec	    hex	filename
   5772	     20	   1644	   7436	   1d0c	Stanby_mode.elf
Finished building: default.size.stdout
 
14:31:09 **** Incremental Build of configuration Debug for project Stop_mode ****
make -j16 all 
arm-none-eabi-gcc "../Core/Src/main.c" -mcpu=cortex-m3 -std=gnu11 -g3 -DDEBUG -DUSE_HAL_DRIVER -DSTM32F103xB -c -I../Core/Inc -I../Drivers/STM32F1xx_HAL_Driver/Inc/Legacy -I../Drivers/STM32F1xx_HAL_Driver/Inc -I../Drivers/CMSIS/Device/ST/STM32F1xx/Include -I../Drivers/CMSIS/Include -O0 -ffunction-sections -fdata-sections -Wall -fstack-usage -fcyclomatic-complexity -MMD -MP -MF"Core/Src/main.d" -MT"Core/Src/main.o" --specs=nano.specs -mfloat-abi=soft -mthumb -o "Core/Src/main.o"
../Core/Src/main.c: In function 'MX_RTC_Init':
../Core/Src/main.c:230:7: error: too many arguments to function 'HAL_RTC_SetAlarm_IT'
  230 |   if (HAL_RTC_SetAlarm_IT(&hrtc, &sAlarm,RTC_ALARM_A,RTC_FORMAT_BIN) != HAL_OK)
      |       ^~~~~~~~~~~~~~~~~~~
In file included from ../Core/Inc/stm32f1xx_hal_conf.h:314,
                 from ../Drivers/STM32F1xx_HAL_Driver/Inc/stm32f1xx_hal.h:29,
                 from ../Core/Inc/main.h:30,
                 from ../Core/Src/main.c:4:
../Drivers/STM32F1xx_HAL_Driver/Inc/stm32f1xx_hal_rtc.h:560:19: note: declared here
  560 | HAL_StatusTypeDef HAL_RTC_SetAlarm_IT(RTC_HandleTypeDef *hrtc, RTC_AlarmTypeDef *sAlarm, uint32_t Format);
      |                   ^~~~~~~~~~~~~~~~~~~
make: *** [Core/Src/subdir.mk:34: Core/Src/main.o] Error 1
"make -j16 all" terminated with exit code 2. Build might be incomplete.
14:31:57 **** Incremental Build of configuration Debug for project I2C_SHT30 ****
make -j16 all 
arm-none-eabi-size   I2C_SHT30.elf 
   text	   data	    bss	    dec	    hex	filename
   6280	     20	   1660	   7960	   1f18	I2C_SHT30.elf
Finished building: default.size.stdout
 
14:31:57 **** Incremental Build of configuration Debug for project I2C_SHT30_DS3231 ****
make -j16 all 
arm-none-eabi-size   I2C_SHT30_DS3231.elf 
   text	   data	    bss	    dec	    hex	filename
  10068	     24	   1664	  11756	   2dec	I2C_SHT30_DS3231.elf
Finished building: default.size.stdout
 
14:31:57 **** Incremental Build of configuration Debug for project LORA_V2 ****
make -j16 all 
arm-none-eabi-size   LORA_V2.elf 
   text	   data	    bss	    dec	    hex	filename
  14572	     24	   1872	  16468	   4054	LORA_V2.elf
Finished building: default.size.stdout
 
14:31:57 **** Incremental Build of configuration Debug for project Low_Power ****
make -j16 all 
arm-none-eabi-size   Low_Power.elf 
   text	   data	    bss	    dec	    hex	filename
   9248	     20	   1652	  10920	   2aa8	Low_Power.elf
Finished building: default.size.stdout
 
14:31:58 **** Incremental Build of configuration Debug for project Sleep_mode ****
make -j16 all 
arm-none-eabi-size   Sleep_mode.elf 
   text	   data	    bss	    dec	    hex	filename
   8628	     20	   1644	  10292	   2834	Sleep_mode.elf
Finished building: default.size.stdout
 
14:31:58 **** Incremental Build of configuration Debug for project Stanby_mode ****
make -j16 all 
arm-none-eabi-size   Stanby_mode.elf 
   text	   data	    bss	    dec	    hex	filename
   5772	     20	   1644	   7436	   1d0c	Stanby_mode.elf
Finished building: default.size.stdout
 
14:31:58 **** Incremental Build of configuration Debug for project Stop_mode ****
make -j16 all 
arm-none-eabi-gcc "../Core/Src/main.c" -mcpu=cortex-m3 -std=gnu11 -g3 -DDEBUG -DUSE_HAL_DRIVER -DSTM32F103xB -c -I../Core/Inc -I../Drivers/STM32F1xx_HAL_Driver/Inc/Legacy -I../Drivers/STM32F1xx_HAL_Driver/Inc -I../Drivers/CMSIS/Device/ST/STM32F1xx/Include -I../Drivers/CMSIS/Include -O0 -ffunction-sections -fdata-sections -Wall -fstack-usage -fcyclomatic-complexity -MMD -MP -MF"Core/Src/main.d" -MT"Core/Src/main.o" --specs=nano.specs -mfloat-abi=soft -mthumb -o "Core/Src/main.o"
arm-none-eabi-gcc -o "Stop_mode.elf" @"objects.list"   -mcpu=cortex-m3 -T"D:\smart_garden\Stop_mode\STM32F103C8TX_FLASH.ld" --specs=nosys.specs -Wl,-Map="Stop_mode.map" -Wl,--gc-sections -static --specs=nano.specs -mfloat-abi=soft -mthumb -Wl,--start-group -lc -lm -Wl,--end-group
Finished building target: Stop_mode.elf
 
arm-none-eabi-size   Stop_mode.elf 
arm-none-eabi-objdump -h -S  Stop_mode.elf  > "Stop_mode.list"
   text	   data	    bss	    dec	    hex	filename
  11188	     20	   1668	  12876	   324c	Stop_mode.elf
Finished building: default.size.stdout
 
Finished building: Stop_mode.list
 
14:32:13 **** Incremental Build of configuration Debug for project Stop_mode ****
make -j16 all 
arm-none-eabi-size   Stop_mode.elf 
   text	   data	    bss	    dec	    hex	filename
  11188	     20	   1668	  12876	   324c	Stop_mode.elf
Finished building: default.size.stdout
 
14:32:31 **** Incremental Build of configuration Debug for project Stop_mode ****
make -j16 all 
arm-none-eabi-size   Stop_mode.elf 
   text	   data	    bss	    dec	    hex	filename
  11188	     20	   1668	  12876	   324c	Stop_mode.elf
Finished building: default.size.stdout
 
14:41:28 **** Incremental Build of configuration Debug for project Stop_mode ****
make -j16 all 
arm-none-eabi-gcc "../Core/Src/main.c" -mcpu=cortex-m3 -std=gnu11 -g3 -DDEBUG -DUSE_HAL_DRIVER -DSTM32F103xB -c -I../Core/Inc -I../Drivers/STM32F1xx_HAL_Driver/Inc/Legacy -I../Drivers/STM32F1xx_HAL_Driver/Inc -I../Drivers/CMSIS/Device/ST/STM32F1xx/Include -I../Drivers/CMSIS/Include -O0 -ffunction-sections -fdata-sections -Wall -fstack-usage -fcyclomatic-complexity -MMD -MP -MF"Core/Src/main.d" -MT"Core/Src/main.o" --specs=nano.specs -mfloat-abi=soft -mthumb -o "Core/Src/main.o"
arm-none-eabi-gcc -o "Stop_mode.elf" @"objects.list"   -mcpu=cortex-m3 -T"D:\smart_garden\Stop_mode\STM32F103C8TX_FLASH.ld" --specs=nosys.specs -Wl,-Map="Stop_mode.map" -Wl,--gc-sections -static --specs=nano.specs -mfloat-abi=soft -mthumb -Wl,--start-group -lc -lm -Wl,--end-group
Finished building target: Stop_mode.elf
 
arm-none-eabi-size   Stop_mode.elf 
arm-none-eabi-objdump -h -S  Stop_mode.elf  > "Stop_mode.list"
   text	   data	    bss	    dec	    hex	filename
  11184	     20	   1668	  12872	   3248	Stop_mode.elf
Finished building: default.size.stdout
 
Finished building: Stop_mode.list
 
14:41:39 **** Incremental Build of configuration Debug for project Stop_mode ****
make -j16 all 
arm-none-eabi-size   Stop_mode.elf 
   text	   data	    bss	    dec	    hex	filename
  11184	     20	   1668	  12872	   3248	Stop_mode.elf
Finished building: default.size.stdout
 
14:52:05 **** Incremental Build of configuration Debug for project I2C_SHT30 ****
make -j16 all 
arm-none-eabi-size   I2C_SHT30.elf 
   text	   data	    bss	    dec	    hex	filename
   6280	     20	   1660	   7960	   1f18	I2C_SHT30.elf
Finished building: default.size.stdout
 
14:52:05 **** Incremental Build of configuration Debug for project I2C_SHT30_DS3231 ****
make -j16 all 
arm-none-eabi-size   I2C_SHT30_DS3231.elf 
   text	   data	    bss	    dec	    hex	filename
  10068	     24	   1664	  11756	   2dec	I2C_SHT30_DS3231.elf
Finished building: default.size.stdout
 
14:52:06 **** Incremental Build of configuration Debug for project LORA_V2 ****
make -j16 all 
arm-none-eabi-size   LORA_V2.elf 
   text	   data	    bss	    dec	    hex	filename
  14572	     24	   1872	  16468	   4054	LORA_V2.elf
Finished building: default.size.stdout
 
14:52:06 **** Incremental Build of configuration Debug for project Low_Power ****
make -j16 all 
arm-none-eabi-size   Low_Power.elf 
   text	   data	    bss	    dec	    hex	filename
   9248	     20	   1652	  10920	   2aa8	Low_Power.elf
Finished building: default.size.stdout
 
14:52:06 **** Incremental Build of configuration Debug for project Sleep_mode ****
make -j16 all 
arm-none-eabi-size   Sleep_mode.elf 
   text	   data	    bss	    dec	    hex	filename
   8628	     20	   1644	  10292	   2834	Sleep_mode.elf
Finished building: default.size.stdout
 
14:52:06 **** Incremental Build of configuration Debug for project Stanby_mode ****
make -j16 all 
arm-none-eabi-size   Stanby_mode.elf 
   text	   data	    bss	    dec	    hex	filename
   5772	     20	   1644	   7436	   1d0c	Stanby_mode.elf
Finished building: default.size.stdout
 
14:52:06 **** Incremental Build of configuration Debug for project Stop_mode ****
make -j16 all 
arm-none-eabi-gcc "../Core/Src/main.c" -mcpu=cortex-m3 -std=gnu11 -g3 -DDEBUG -DUSE_HAL_DRIVER -DSTM32F103xB -c -I../Core/Inc -I../Drivers/STM32F1xx_HAL_Driver/Inc/Legacy -I../Drivers/STM32F1xx_HAL_Driver/Inc -I../Drivers/CMSIS/Device/ST/STM32F1xx/Include -I../Drivers/CMSIS/Include -O0 -ffunction-sections -fdata-sections -Wall -fstack-usage -fcyclomatic-complexity -MMD -MP -MF"Core/Src/main.d" -MT"Core/Src/main.o" --specs=nano.specs -mfloat-abi=soft -mthumb -o "Core/Src/main.o"
arm-none-eabi-gcc "../Core/Src/stm32f1xx_hal_msp.c" -mcpu=cortex-m3 -std=gnu11 -g3 -DDEBUG -DUSE_HAL_DRIVER -DSTM32F103xB -c -I../Core/Inc -I../Drivers/STM32F1xx_HAL_Driver/Inc/Legacy -I../Drivers/STM32F1xx_HAL_Driver/Inc -I../Drivers/CMSIS/Device/ST/STM32F1xx/Include -I../Drivers/CMSIS/Include -O0 -ffunction-sections -fdata-sections -Wall -fstack-usage -fcyclomatic-complexity -MMD -MP -MF"Core/Src/stm32f1xx_hal_msp.d" -MT"Core/Src/stm32f1xx_hal_msp.o" --specs=nano.specs -mfloat-abi=soft -mthumb -o "Core/Src/stm32f1xx_hal_msp.o"
arm-none-eabi-gcc "../Core/Src/stm32f1xx_it.c" -mcpu=cortex-m3 -std=gnu11 -g3 -DDEBUG -DUSE_HAL_DRIVER -DSTM32F103xB -c -I../Core/Inc -I../Drivers/STM32F1xx_HAL_Driver/Inc/Legacy -I../Drivers/STM32F1xx_HAL_Driver/Inc -I../Drivers/CMSIS/Device/ST/STM32F1xx/Include -I../Drivers/CMSIS/Include -O0 -ffunction-sections -fdata-sections -Wall -fstack-usage -fcyclomatic-complexity -MMD -MP -MF"Core/Src/stm32f1xx_it.d" -MT"Core/Src/stm32f1xx_it.o" --specs=nano.specs -mfloat-abi=soft -mthumb -o "Core/Src/stm32f1xx_it.o"
arm-none-eabi-gcc -o "Stop_mode.elf" @"objects.list"   -mcpu=cortex-m3 -T"D:\smart_garden\Stop_mode\STM32F103C8TX_FLASH.ld" --specs=nosys.specs -Wl,-Map="Stop_mode.map" -Wl,--gc-sections -static --specs=nano.specs -mfloat-abi=soft -mthumb -Wl,--start-group -lc -lm -Wl,--end-group
Finished building target: Stop_mode.elf
 
arm-none-eabi-size   Stop_mode.elf 
arm-none-eabi-objdump -h -S  Stop_mode.elf  > "Stop_mode.list"
   text	   data	    bss	    dec	    hex	filename
  10980	     20	   1668	  12668	   317c	Stop_mode.elf
Finished building: default.size.stdout
 
Finished building: Stop_mode.list
 
14:53:09 **** Incremental Build of configuration Debug for project Stop_mode ****
make -j16 all 
arm-none-eabi-size   Stop_mode.elf 
   text	   data	    bss	    dec	    hex	filename
  10980	     20	   1668	  12668	   317c	Stop_mode.elf
Finished building: default.size.stdout
 
14:54:22 **** Incremental Build of configuration Debug for project Stop_mode ****
make -j16 all 
arm-none-eabi-gcc "../Core/Src/main.c" -mcpu=cortex-m3 -std=gnu11 -g3 -DDEBUG -DUSE_HAL_DRIVER -DSTM32F103xB -c -I../Core/Inc -I../Drivers/STM32F1xx_HAL_Driver/Inc/Legacy -I../Drivers/STM32F1xx_HAL_Driver/Inc -I../Drivers/CMSIS/Device/ST/STM32F1xx/Include -I../Drivers/CMSIS/Include -O0 -ffunction-sections -fdata-sections -Wall -fstack-usage -fcyclomatic-complexity -MMD -MP -MF"Core/Src/main.d" -MT"Core/Src/main.o" --specs=nano.specs -mfloat-abi=soft -mthumb -o "Core/Src/main.o"
arm-none-eabi-gcc -o "Stop_mode.elf" @"objects.list"   -mcpu=cortex-m3 -T"D:\smart_garden\Stop_mode\STM32F103C8TX_FLASH.ld" --specs=nosys.specs -Wl,-Map="Stop_mode.map" -Wl,--gc-sections -static --specs=nano.specs -mfloat-abi=soft -mthumb -Wl,--start-group -lc -lm -Wl,--end-group
Finished building target: Stop_mode.elf
 
arm-none-eabi-size   Stop_mode.elf 
arm-none-eabi-objdump -h -S  Stop_mode.elf  > "Stop_mode.list"
   text	   data	    bss	    dec	    hex	filename
  10964	     20	   1668	  12652	   316c	Stop_mode.elf
Finished building: default.size.stdout
 
Finished building: Stop_mode.list
 
14:58:07 **** Incremental Build of configuration Debug for project Stop_mode ****
make -j16 all 
arm-none-eabi-gcc "../Core/Src/main.c" -mcpu=cortex-m3 -std=gnu11 -g3 -DDEBUG -DUSE_HAL_DRIVER -DSTM32F103xB -c -I../Core/Inc -I../Drivers/STM32F1xx_HAL_Driver/Inc/Legacy -I../Drivers/STM32F1xx_HAL_Driver/Inc -I../Drivers/CMSIS/Device/ST/STM32F1xx/Include -I../Drivers/CMSIS/Include -O0 -ffunction-sections -fdata-sections -Wall -fstack-usage -fcyclomatic-complexity -MMD -MP -MF"Core/Src/main.d" -MT"Core/Src/main.o" --specs=nano.specs -mfloat-abi=soft -mthumb -o "Core/Src/main.o"
arm-none-eabi-gcc "../Core/Src/stm32f1xx_hal_msp.c" -mcpu=cortex-m3 -std=gnu11 -g3 -DDEBUG -DUSE_HAL_DRIVER -DSTM32F103xB -c -I../Core/Inc -I../Drivers/STM32F1xx_HAL_Driver/Inc/Legacy -I../Drivers/STM32F1xx_HAL_Driver/Inc -I../Drivers/CMSIS/Device/ST/STM32F1xx/Include -I../Drivers/CMSIS/Include -O0 -ffunction-sections -fdata-sections -Wall -fstack-usage -fcyclomatic-complexity -MMD -MP -MF"Core/Src/stm32f1xx_hal_msp.d" -MT"Core/Src/stm32f1xx_hal_msp.o" --specs=nano.specs -mfloat-abi=soft -mthumb -o "Core/Src/stm32f1xx_hal_msp.o"
../Core/Src/main.c: In function 'HAL_RTC_AlarmAEventCallback':
../Core/Src/main.c:46:9: error: 'str' undeclared (first use in this function)
   46 |         str="wake up ALR_IT\r\n";
      |         ^~~
../Core/Src/main.c:46:9: note: each undeclared identifier is reported only once for each function it appears in
make: *** [Core/Src/subdir.mk:34: Core/Src/main.o] Error 1
make: *** Waiting for unfinished jobs....
"make -j16 all" terminated with exit code 2. Build might be incomplete.
14:58:30 **** Incremental Build of configuration Debug for project Stop_mode ****
make -j16 all 
arm-none-eabi-gcc "../Core/Src/main.c" -mcpu=cortex-m3 -std=gnu11 -g3 -DDEBUG -DUSE_HAL_DRIVER -DSTM32F103xB -c -I../Core/Inc -I../Drivers/STM32F1xx_HAL_Driver/Inc/Legacy -I../Drivers/STM32F1xx_HAL_Driver/Inc -I../Drivers/CMSIS/Device/ST/STM32F1xx/Include -I../Drivers/CMSIS/Include -O0 -ffunction-sections -fdata-sections -Wall -fstack-usage -fcyclomatic-complexity -MMD -MP -MF"Core/Src/main.d" -MT"Core/Src/main.o" --specs=nano.specs -mfloat-abi=soft -mthumb -o "Core/Src/main.o"
arm-none-eabi-gcc -o "Stop_mode.elf" @"objects.list"   -mcpu=cortex-m3 -T"D:\smart_garden\Stop_mode\STM32F103C8TX_FLASH.ld" --specs=nosys.specs -Wl,-Map="Stop_mode.map" -Wl,--gc-sections -static --specs=nano.specs -mfloat-abi=soft -mthumb -Wl,--start-group -lc -lm -Wl,--end-group
Finished building target: Stop_mode.elf
 
arm-none-eabi-size   Stop_mode.elf 
arm-none-eabi-objdump -h -S  Stop_mode.elf  > "Stop_mode.list"
   text	   data	    bss	    dec	    hex	filename
  10076	     20	   1676	  11772	   2dfc	Stop_mode.elf
Finished building: default.size.stdout
 
Finished building: Stop_mode.list
 
14:58:56 **** Incremental Build of configuration Debug for project Stop_mode ****
make -j16 all 
arm-none-eabi-size   Stop_mode.elf 
   text	   data	    bss	    dec	    hex	filename
  10076	     20	   1676	  11772	   2dfc	Stop_mode.elf
Finished building: default.size.stdout
 
14:59:11 **** Incremental Build of configuration Debug for project Stop_mode ****
make -j16 all 
arm-none-eabi-size   Stop_mode.elf 
   text	   data	    bss	    dec	    hex	filename
  10076	     20	   1676	  11772	   2dfc	Stop_mode.elf
Finished building: default.size.stdout
 
14:59:25 **** Incremental Build of configuration Debug for project Stop_mode ****
make -j16 all 
arm-none-eabi-size   Stop_mode.elf 
   text	   data	    bss	    dec	    hex	filename
  10076	     20	   1676	  11772	   2dfc	Stop_mode.elf
Finished building: default.size.stdout
 
15:00:25 **** Incremental Build of configuration Debug for project Stop_mode ****
make -j16 all 
arm-none-eabi-size   Stop_mode.elf 
   text	   data	    bss	    dec	    hex	filename
  10076	     20	   1676	  11772	   2dfc	Stop_mode.elf
Finished building: default.size.stdout
 
15:02:30 **** Incremental Build of configuration Debug for project Stop_mode ****
make -j16 all 
arm-none-eabi-gcc "../Core/Src/main.c" -mcpu=cortex-m3 -std=gnu11 -g3 -DDEBUG -DUSE_HAL_DRIVER -DSTM32F103xB -c -I../Core/Inc -I../Drivers/STM32F1xx_HAL_Driver/Inc/Legacy -I../Drivers/STM32F1xx_HAL_Driver/Inc -I../Drivers/CMSIS/Device/ST/STM32F1xx/Include -I../Drivers/CMSIS/Include -O0 -ffunction-sections -fdata-sections -Wall -fstack-usage -fcyclomatic-complexity -MMD -MP -MF"Core/Src/main.d" -MT"Core/Src/main.o" --specs=nano.specs -mfloat-abi=soft -mthumb -o "Core/Src/main.o"
arm-none-eabi-gcc -o "Stop_mode.elf" @"objects.list"   -mcpu=cortex-m3 -T"D:\smart_garden\Stop_mode\STM32F103C8TX_FLASH.ld" --specs=nosys.specs -Wl,-Map="Stop_mode.map" -Wl,--gc-sections -static --specs=nano.specs -mfloat-abi=soft -mthumb -Wl,--start-group -lc -lm -Wl,--end-group
Finished building target: Stop_mode.elf
 
arm-none-eabi-size   Stop_mode.elf 
arm-none-eabi-objdump -h -S  Stop_mode.elf  > "Stop_mode.list"
   text	   data	    bss	    dec	    hex	filename
  10156	     20	   1676	  11852	   2e4c	Stop_mode.elf
Finished building: default.size.stdout
 
Finished building: Stop_mode.list
 
15:27:17 **** Build of configuration Debug for project RTC ****
make -j16 all 
arm-none-eabi-gcc "../Drivers/STM32F1xx_HAL_Driver/Src/stm32f1xx_hal.c" -mcpu=cortex-m3 -std=gnu11 -g3 -DDEBUG -DUSE_HAL_DRIVER -DSTM32F103xB -c -I../Core/Inc -I../Drivers/STM32F1xx_HAL_Driver/Inc/Legacy -I../Drivers/STM32F1xx_HAL_Driver/Inc -I../Drivers/CMSIS/Device/ST/STM32F1xx/Include -I../Drivers/CMSIS/Include -O0 -ffunction-sections -fdata-sections -Wall -fstack-usage -fcyclomatic-complexity -MMD -MP -MF"Drivers/STM32F1xx_HAL_Driver/Src/stm32f1xx_hal.d" -MT"Drivers/STM32F1xx_HAL_Driver/Src/stm32f1xx_hal.o" --specs=nano.specs -mfloat-abi=soft -mthumb -o "Drivers/STM32F1xx_HAL_Driver/Src/stm32f1xx_hal.o"
arm-none-eabi-gcc "../Drivers/STM32F1xx_HAL_Driver/Src/stm32f1xx_hal_cortex.c" -mcpu=cortex-m3 -std=gnu11 -g3 -DDEBUG -DUSE_HAL_DRIVER -DSTM32F103xB -c -I../Core/Inc -I../Drivers/STM32F1xx_HAL_Driver/Inc/Legacy -I../Drivers/STM32F1xx_HAL_Driver/Inc -I../Drivers/CMSIS/Device/ST/STM32F1xx/Include -I../Drivers/CMSIS/Include -O0 -ffunction-sections -fdata-sections -Wall -fstack-usage -fcyclomatic-complexity -MMD -MP -MF"Drivers/STM32F1xx_HAL_Driver/Src/stm32f1xx_hal_cortex.d" -MT"Drivers/STM32F1xx_HAL_Driver/Src/stm32f1xx_hal_cortex.o" --specs=nano.specs -mfloat-abi=soft -mthumb -o "Drivers/STM32F1xx_HAL_Driver/Src/stm32f1xx_hal_cortex.o"
arm-none-eabi-gcc "../Drivers/STM32F1xx_HAL_Driver/Src/stm32f1xx_hal_dma.c" -mcpu=cortex-m3 -std=gnu11 -g3 -DDEBUG -DUSE_HAL_DRIVER -DSTM32F103xB -c -I../Core/Inc -I../Drivers/STM32F1xx_HAL_Driver/Inc/Legacy -I../Drivers/STM32F1xx_HAL_Driver/Inc -I../Drivers/CMSIS/Device/ST/STM32F1xx/Include -I../Drivers/CMSIS/Include -O0 -ffunction-sections -fdata-sections -Wall -fstack-usage -fcyclomatic-complexity -MMD -MP -MF"Drivers/STM32F1xx_HAL_Driver/Src/stm32f1xx_hal_dma.d" -MT"Drivers/STM32F1xx_HAL_Driver/Src/stm32f1xx_hal_dma.o" --specs=nano.specs -mfloat-abi=soft -mthumb -o "Drivers/STM32F1xx_HAL_Driver/Src/stm32f1xx_hal_dma.o"
arm-none-eabi-gcc "../Drivers/STM32F1xx_HAL_Driver/Src/stm32f1xx_hal_exti.c" -mcpu=cortex-m3 -std=gnu11 -g3 -DDEBUG -DUSE_HAL_DRIVER -DSTM32F103xB -c -I../Core/Inc -I../Drivers/STM32F1xx_HAL_Driver/Inc/Legacy -I../Drivers/STM32F1xx_HAL_Driver/Inc -I../Drivers/CMSIS/Device/ST/STM32F1xx/Include -I../Drivers/CMSIS/Include -O0 -ffunction-sections -fdata-sections -Wall -fstack-usage -fcyclomatic-complexity -MMD -MP -MF"Drivers/STM32F1xx_HAL_Driver/Src/stm32f1xx_hal_exti.d" -MT"Drivers/STM32F1xx_HAL_Driver/Src/stm32f1xx_hal_exti.o" --specs=nano.specs -mfloat-abi=soft -mthumb -o "Drivers/STM32F1xx_HAL_Driver/Src/stm32f1xx_hal_exti.o"
arm-none-eabi-gcc "../Drivers/STM32F1xx_HAL_Driver/Src/stm32f1xx_hal_flash.c" -mcpu=cortex-m3 -std=gnu11 -g3 -DDEBUG -DUSE_HAL_DRIVER -DSTM32F103xB -c -I../Core/Inc -I../Drivers/STM32F1xx_HAL_Driver/Inc/Legacy -I../Drivers/STM32F1xx_HAL_Driver/Inc -I../Drivers/CMSIS/Device/ST/STM32F1xx/Include -I../Drivers/CMSIS/Include -O0 -ffunction-sections -fdata-sections -Wall -fstack-usage -fcyclomatic-complexity -MMD -MP -MF"Drivers/STM32F1xx_HAL_Driver/Src/stm32f1xx_hal_flash.d" -MT"Drivers/STM32F1xx_HAL_Driver/Src/stm32f1xx_hal_flash.o" --specs=nano.specs -mfloat-abi=soft -mthumb -o "Drivers/STM32F1xx_HAL_Driver/Src/stm32f1xx_hal_flash.o"
arm-none-eabi-gcc "../Drivers/STM32F1xx_HAL_Driver/Src/stm32f1xx_hal_flash_ex.c" -mcpu=cortex-m3 -std=gnu11 -g3 -DDEBUG -DUSE_HAL_DRIVER -DSTM32F103xB -c -I../Core/Inc -I../Drivers/STM32F1xx_HAL_Driver/Inc/Legacy -I../Drivers/STM32F1xx_HAL_Driver/Inc -I../Drivers/CMSIS/Device/ST/STM32F1xx/Include -I../Drivers/CMSIS/Include -O0 -ffunction-sections -fdata-sections -Wall -fstack-usage -fcyclomatic-complexity -MMD -MP -MF"Drivers/STM32F1xx_HAL_Driver/Src/stm32f1xx_hal_flash_ex.d" -MT"Drivers/STM32F1xx_HAL_Driver/Src/stm32f1xx_hal_flash_ex.o" --specs=nano.specs -mfloat-abi=soft -mthumb -o "Drivers/STM32F1xx_HAL_Driver/Src/stm32f1xx_hal_flash_ex.o"
arm-none-eabi-gcc "../Drivers/STM32F1xx_HAL_Driver/Src/stm32f1xx_hal_gpio.c" -mcpu=cortex-m3 -std=gnu11 -g3 -DDEBUG -DUSE_HAL_DRIVER -DSTM32F103xB -c -I../Core/Inc -I../Drivers/STM32F1xx_HAL_Driver/Inc/Legacy -I../Drivers/STM32F1xx_HAL_Driver/Inc -I../Drivers/CMSIS/Device/ST/STM32F1xx/Include -I../Drivers/CMSIS/Include -O0 -ffunction-sections -fdata-sections -Wall -fstack-usage -fcyclomatic-complexity -MMD -MP -MF"Drivers/STM32F1xx_HAL_Driver/Src/stm32f1xx_hal_gpio.d" -MT"Drivers/STM32F1xx_HAL_Driver/Src/stm32f1xx_hal_gpio.o" --specs=nano.specs -mfloat-abi=soft -mthumb -o "Drivers/STM32F1xx_HAL_Driver/Src/stm32f1xx_hal_gpio.o"
arm-none-eabi-gcc "../Drivers/STM32F1xx_HAL_Driver/Src/stm32f1xx_hal_gpio_ex.c" -mcpu=cortex-m3 -std=gnu11 -g3 -DDEBUG -DUSE_HAL_DRIVER -DSTM32F103xB -c -I../Core/Inc -I../Drivers/STM32F1xx_HAL_Driver/Inc/Legacy -I../Drivers/STM32F1xx_HAL_Driver/Inc -I../Drivers/CMSIS/Device/ST/STM32F1xx/Include -I../Drivers/CMSIS/Include -O0 -ffunction-sections -fdata-sections -Wall -fstack-usage -fcyclomatic-complexity -MMD -MP -MF"Drivers/STM32F1xx_HAL_Driver/Src/stm32f1xx_hal_gpio_ex.d" -MT"Drivers/STM32F1xx_HAL_Driver/Src/stm32f1xx_hal_gpio_ex.o" --specs=nano.specs -mfloat-abi=soft -mthumb -o "Drivers/STM32F1xx_HAL_Driver/Src/stm32f1xx_hal_gpio_ex.o"
arm-none-eabi-gcc "../Drivers/STM32F1xx_HAL_Driver/Src/stm32f1xx_hal_pwr.c" -mcpu=cortex-m3 -std=gnu11 -g3 -DDEBUG -DUSE_HAL_DRIVER -DSTM32F103xB -c -I../Core/Inc -I../Drivers/STM32F1xx_HAL_Driver/Inc/Legacy -I../Drivers/STM32F1xx_HAL_Driver/Inc -I../Drivers/CMSIS/Device/ST/STM32F1xx/Include -I../Drivers/CMSIS/Include -O0 -ffunction-sections -fdata-sections -Wall -fstack-usage -fcyclomatic-complexity -MMD -MP -MF"Drivers/STM32F1xx_HAL_Driver/Src/stm32f1xx_hal_pwr.d" -MT"Drivers/STM32F1xx_HAL_Driver/Src/stm32f1xx_hal_pwr.o" --specs=nano.specs -mfloat-abi=soft -mthumb -o "Drivers/STM32F1xx_HAL_Driver/Src/stm32f1xx_hal_pwr.o"
arm-none-eabi-gcc "../Drivers/STM32F1xx_HAL_Driver/Src/stm32f1xx_hal_rcc.c" -mcpu=cortex-m3 -std=gnu11 -g3 -DDEBUG -DUSE_HAL_DRIVER -DSTM32F103xB -c -I../Core/Inc -I../Drivers/STM32F1xx_HAL_Driver/Inc/Legacy -I../Drivers/STM32F1xx_HAL_Driver/Inc -I../Drivers/CMSIS/Device/ST/STM32F1xx/Include -I../Drivers/CMSIS/Include -O0 -ffunction-sections -fdata-sections -Wall -fstack-usage -fcyclomatic-complexity -MMD -MP -MF"Drivers/STM32F1xx_HAL_Driver/Src/stm32f1xx_hal_rcc.d" -MT"Drivers/STM32F1xx_HAL_Driver/Src/stm32f1xx_hal_rcc.o" --specs=nano.specs -mfloat-abi=soft -mthumb -o "Drivers/STM32F1xx_HAL_Driver/Src/stm32f1xx_hal_rcc.o"
arm-none-eabi-gcc "../Drivers/STM32F1xx_HAL_Driver/Src/stm32f1xx_hal_rcc_ex.c" -mcpu=cortex-m3 -std=gnu11 -g3 -DDEBUG -DUSE_HAL_DRIVER -DSTM32F103xB -c -I../Core/Inc -I../Drivers/STM32F1xx_HAL_Driver/Inc/Legacy -I../Drivers/STM32F1xx_HAL_Driver/Inc -I../Drivers/CMSIS/Device/ST/STM32F1xx/Include -I../Drivers/CMSIS/Include -O0 -ffunction-sections -fdata-sections -Wall -fstack-usage -fcyclomatic-complexity -MMD -MP -MF"Drivers/STM32F1xx_HAL_Driver/Src/stm32f1xx_hal_rcc_ex.d" -MT"Drivers/STM32F1xx_HAL_Driver/Src/stm32f1xx_hal_rcc_ex.o" --specs=nano.specs -mfloat-abi=soft -mthumb -o "Drivers/STM32F1xx_HAL_Driver/Src/stm32f1xx_hal_rcc_ex.o"
arm-none-eabi-gcc "../Drivers/STM32F1xx_HAL_Driver/Src/stm32f1xx_hal_rtc.c" -mcpu=cortex-m3 -std=gnu11 -g3 -DDEBUG -DUSE_HAL_DRIVER -DSTM32F103xB -c -I../Core/Inc -I../Drivers/STM32F1xx_HAL_Driver/Inc/Legacy -I../Drivers/STM32F1xx_HAL_Driver/Inc -I../Drivers/CMSIS/Device/ST/STM32F1xx/Include -I../Drivers/CMSIS/Include -O0 -ffunction-sections -fdata-sections -Wall -fstack-usage -fcyclomatic-complexity -MMD -MP -MF"Drivers/STM32F1xx_HAL_Driver/Src/stm32f1xx_hal_rtc.d" -MT"Drivers/STM32F1xx_HAL_Driver/Src/stm32f1xx_hal_rtc.o" --specs=nano.specs -mfloat-abi=soft -mthumb -o "Drivers/STM32F1xx_HAL_Driver/Src/stm32f1xx_hal_rtc.o"
arm-none-eabi-gcc "../Drivers/STM32F1xx_HAL_Driver/Src/stm32f1xx_hal_rtc_ex.c" -mcpu=cortex-m3 -std=gnu11 -g3 -DDEBUG -DUSE_HAL_DRIVER -DSTM32F103xB -c -I../Core/Inc -I../Drivers/STM32F1xx_HAL_Driver/Inc/Legacy -I../Drivers/STM32F1xx_HAL_Driver/Inc -I../Drivers/CMSIS/Device/ST/STM32F1xx/Include -I../Drivers/CMSIS/Include -O0 -ffunction-sections -fdata-sections -Wall -fstack-usage -fcyclomatic-complexity -MMD -MP -MF"Drivers/STM32F1xx_HAL_Driver/Src/stm32f1xx_hal_rtc_ex.d" -MT"Drivers/STM32F1xx_HAL_Driver/Src/stm32f1xx_hal_rtc_ex.o" --specs=nano.specs -mfloat-abi=soft -mthumb -o "Drivers/STM32F1xx_HAL_Driver/Src/stm32f1xx_hal_rtc_ex.o"
arm-none-eabi-gcc "../Drivers/STM32F1xx_HAL_Driver/Src/stm32f1xx_hal_tim.c" -mcpu=cortex-m3 -std=gnu11 -g3 -DDEBUG -DUSE_HAL_DRIVER -DSTM32F103xB -c -I../Core/Inc -I../Drivers/STM32F1xx_HAL_Driver/Inc/Legacy -I../Drivers/STM32F1xx_HAL_Driver/Inc -I../Drivers/CMSIS/Device/ST/STM32F1xx/Include -I../Drivers/CMSIS/Include -O0 -ffunction-sections -fdata-sections -Wall -fstack-usage -fcyclomatic-complexity -MMD -MP -MF"Drivers/STM32F1xx_HAL_Driver/Src/stm32f1xx_hal_tim.d" -MT"Drivers/STM32F1xx_HAL_Driver/Src/stm32f1xx_hal_tim.o" --specs=nano.specs -mfloat-abi=soft -mthumb -o "Drivers/STM32F1xx_HAL_Driver/Src/stm32f1xx_hal_tim.o"
arm-none-eabi-gcc "../Drivers/STM32F1xx_HAL_Driver/Src/stm32f1xx_hal_tim_ex.c" -mcpu=cortex-m3 -std=gnu11 -g3 -DDEBUG -DUSE_HAL_DRIVER -DSTM32F103xB -c -I../Core/Inc -I../Drivers/STM32F1xx_HAL_Driver/Inc/Legacy -I../Drivers/STM32F1xx_HAL_Driver/Inc -I../Drivers/CMSIS/Device/ST/STM32F1xx/Include -I../Drivers/CMSIS/Include -O0 -ffunction-sections -fdata-sections -Wall -fstack-usage -fcyclomatic-complexity -MMD -MP -MF"Drivers/STM32F1xx_HAL_Driver/Src/stm32f1xx_hal_tim_ex.d" -MT"Drivers/STM32F1xx_HAL_Driver/Src/stm32f1xx_hal_tim_ex.o" --specs=nano.specs -mfloat-abi=soft -mthumb -o "Drivers/STM32F1xx_HAL_Driver/Src/stm32f1xx_hal_tim_ex.o"
arm-none-eabi-gcc -mcpu=cortex-m3 -g3 -DDEBUG -c -x assembler-with-cpp -MMD -MP -MF"Core/Startup/startup_stm32f103c8tx.d" -MT"Core/Startup/startup_stm32f103c8tx.o" --specs=nano.specs -mfloat-abi=soft -mthumb -o "Core/Startup/startup_stm32f103c8tx.o" "../Core/Startup/startup_stm32f103c8tx.s"
arm-none-eabi-gcc "../Core/Src/main.c" -mcpu=cortex-m3 -std=gnu11 -g3 -DDEBUG -DUSE_HAL_DRIVER -DSTM32F103xB -c -I../Core/Inc -I../Drivers/STM32F1xx_HAL_Driver/Inc/Legacy -I../Drivers/STM32F1xx_HAL_Driver/Inc -I../Drivers/CMSIS/Device/ST/STM32F1xx/Include -I../Drivers/CMSIS/Include -O0 -ffunction-sections -fdata-sections -Wall -fstack-usage -fcyclomatic-complexity -MMD -MP -MF"Core/Src/main.d" -MT"Core/Src/main.o" --specs=nano.specs -mfloat-abi=soft -mthumb -o "Core/Src/main.o"
../Core/Src/main.c: In function 'main':
../Core/Src/main.c:111:34: warning: passing argument 2 of 'HAL_RTC_GetTime' from incompatible pointer type [-Wincompatible-pointer-types]
  111 |           HAL_RTC_GetTime(&hrtc, &Time,RTC_FORMAT_BIN);
      |                                  ^~~~~
      |                                  |
      |                                  RTC_TypeDef *
In file included from ../Core/Inc/stm32f1xx_hal_conf.h:314,
                 from ../Drivers/STM32F1xx_HAL_Driver/Inc/stm32f1xx_hal.h:29,
                 from ../Core/Inc/main.h:30,
                 from ../Core/Src/main.c:20:
../Drivers/STM32F1xx_HAL_Driver/Inc/stm32f1xx_hal_rtc.h:548:77: note: expected 'RTC_TimeTypeDef *' but argument is of type 'RTC_TypeDef *'
  548 | HAL_StatusTypeDef HAL_RTC_GetTime(RTC_HandleTypeDef *hrtc, RTC_TimeTypeDef *sTime, uint32_t Format);
      |                                                            ~~~~~~~~~~~~~~~~~^~~~~
arm-none-eabi-gcc "../Core/Src/stm32f1xx_hal_msp.c" -mcpu=cortex-m3 -std=gnu11 -g3 -DDEBUG -DUSE_HAL_DRIVER -DSTM32F103xB -c -I../Core/Inc -I../Drivers/STM32F1xx_HAL_Driver/Inc/Legacy -I../Drivers/STM32F1xx_HAL_Driver/Inc -I../Drivers/CMSIS/Device/ST/STM32F1xx/Include -I../Drivers/CMSIS/Include -O0 -ffunction-sections -fdata-sections -Wall -fstack-usage -fcyclomatic-complexity -MMD -MP -MF"Core/Src/stm32f1xx_hal_msp.d" -MT"Core/Src/stm32f1xx_hal_msp.o" --specs=nano.specs -mfloat-abi=soft -mthumb -o "Core/Src/stm32f1xx_hal_msp.o"
arm-none-eabi-gcc "../Core/Src/stm32f1xx_it.c" -mcpu=cortex-m3 -std=gnu11 -g3 -DDEBUG -DUSE_HAL_DRIVER -DSTM32F103xB -c -I../Core/Inc -I../Drivers/STM32F1xx_HAL_Driver/Inc/Legacy -I../Drivers/STM32F1xx_HAL_Driver/Inc -I../Drivers/CMSIS/Device/ST/STM32F1xx/Include -I../Drivers/CMSIS/Include -O0 -ffunction-sections -fdata-sections -Wall -fstack-usage -fcyclomatic-complexity -MMD -MP -MF"Core/Src/stm32f1xx_it.d" -MT"Core/Src/stm32f1xx_it.o" --specs=nano.specs -mfloat-abi=soft -mthumb -o "Core/Src/stm32f1xx_it.o"
arm-none-eabi-gcc "../Core/Src/syscalls.c" -mcpu=cortex-m3 -std=gnu11 -g3 -DDEBUG -DUSE_HAL_DRIVER -DSTM32F103xB -c -I../Core/Inc -I../Drivers/STM32F1xx_HAL_Driver/Inc/Legacy -I../Drivers/STM32F1xx_HAL_Driver/Inc -I../Drivers/CMSIS/Device/ST/STM32F1xx/Include -I../Drivers/CMSIS/Include -O0 -ffunction-sections -fdata-sections -Wall -fstack-usage -fcyclomatic-complexity -MMD -MP -MF"Core/Src/syscalls.d" -MT"Core/Src/syscalls.o" --specs=nano.specs -mfloat-abi=soft -mthumb -o "Core/Src/syscalls.o"
arm-none-eabi-gcc "../Core/Src/sysmem.c" -mcpu=cortex-m3 -std=gnu11 -g3 -DDEBUG -DUSE_HAL_DRIVER -DSTM32F103xB -c -I../Core/Inc -I../Drivers/STM32F1xx_HAL_Driver/Inc/Legacy -I../Drivers/STM32F1xx_HAL_Driver/Inc -I../Drivers/CMSIS/Device/ST/STM32F1xx/Include -I../Drivers/CMSIS/Include -O0 -ffunction-sections -fdata-sections -Wall -fstack-usage -fcyclomatic-complexity -MMD -MP -MF"Core/Src/sysmem.d" -MT"Core/Src/sysmem.o" --specs=nano.specs -mfloat-abi=soft -mthumb -o "Core/Src/sysmem.o"
arm-none-eabi-gcc "../Core/Src/system_stm32f1xx.c" -mcpu=cortex-m3 -std=gnu11 -g3 -DDEBUG -DUSE_HAL_DRIVER -DSTM32F103xB -c -I../Core/Inc -I../Drivers/STM32F1xx_HAL_Driver/Inc/Legacy -I../Drivers/STM32F1xx_HAL_Driver/Inc -I../Drivers/CMSIS/Device/ST/STM32F1xx/Include -I../Drivers/CMSIS/Include -O0 -ffunction-sections -fdata-sections -Wall -fstack-usage -fcyclomatic-complexity -MMD -MP -MF"Core/Src/system_stm32f1xx.d" -MT"Core/Src/system_stm32f1xx.o" --specs=nano.specs -mfloat-abi=soft -mthumb -o "Core/Src/system_stm32f1xx.o"
arm-none-eabi-gcc -o "RTC.elf" @"objects.list"   -mcpu=cortex-m3 -T"D:\smart_garden\RTC\STM32F103C8TX_FLASH.ld" --specs=nosys.specs -Wl,-Map="RTC.map" -Wl,--gc-sections -static --specs=nano.specs -mfloat-abi=soft -mthumb -Wl,--start-group -lc -lm -Wl,--end-group
Finished building target: RTC.elf
 
arm-none-eabi-size   RTC.elf 
arm-none-eabi-objdump -h -S  RTC.elf  > "RTC.list"
   text	   data	    bss	    dec	    hex	filename
   9392	     20	   1636	  11048	   2b28	RTC.elf
Finished building: default.size.stdout
 
Finished building: RTC.list
 
15:27:25 **** Incremental Build of configuration Debug for project RTC ****
make -j16 all 
arm-none-eabi-size   RTC.elf 
   text	   data	    bss	    dec	    hex	filename
   9392	     20	   1636	  11048	   2b28	RTC.elf
Finished building: default.size.stdout
 
15:29:39 **** Incremental Build of configuration Debug for project RTC ****
make -j16 all 
arm-none-eabi-gcc "../Core/Src/main.c" -mcpu=cortex-m3 -std=gnu11 -g3 -DDEBUG -DUSE_HAL_DRIVER -DSTM32F103xB -c -I../Core/Inc -I../Drivers/STM32F1xx_HAL_Driver/Inc/Legacy -I../Drivers/STM32F1xx_HAL_Driver/Inc -I../Drivers/CMSIS/Device/ST/STM32F1xx/Include -I../Drivers/CMSIS/Include -O0 -ffunction-sections -fdata-sections -Wall -fstack-usage -fcyclomatic-complexity -MMD -MP -MF"Core/Src/main.d" -MT"Core/Src/main.o" --specs=nano.specs -mfloat-abi=soft -mthumb -o "Core/Src/main.o"
../Core/Src/main.c: In function 'main':
../Core/Src/main.c:111:34: warning: passing argument 2 of 'HAL_RTC_GetTime' from incompatible pointer type [-Wincompatible-pointer-types]
  111 |           HAL_RTC_GetTime(&hrtc, &Time,RTC_FORMAT_BIN);
      |                                  ^~~~~
      |                                  |
      |                                  RTC_TypeDef *
In file included from ../Core/Inc/stm32f1xx_hal_conf.h:314,
                 from ../Drivers/STM32F1xx_HAL_Driver/Inc/stm32f1xx_hal.h:29,
                 from ../Core/Inc/main.h:30,
                 from ../Core/Src/main.c:20:
../Drivers/STM32F1xx_HAL_Driver/Inc/stm32f1xx_hal_rtc.h:548:77: note: expected 'RTC_TimeTypeDef *' but argument is of type 'RTC_TypeDef *'
  548 | HAL_StatusTypeDef HAL_RTC_GetTime(RTC_HandleTypeDef *hrtc, RTC_TimeTypeDef *sTime, uint32_t Format);
      |                                                            ~~~~~~~~~~~~~~~~~^~~~~
arm-none-eabi-gcc -o "RTC.elf" @"objects.list"   -mcpu=cortex-m3 -T"D:\smart_garden\RTC\STM32F103C8TX_FLASH.ld" --specs=nosys.specs -Wl,-Map="RTC.map" -Wl,--gc-sections -static --specs=nano.specs -mfloat-abi=soft -mthumb -Wl,--start-group -lc -lm -Wl,--end-group
Finished building target: RTC.elf
 
arm-none-eabi-size   RTC.elf 
arm-none-eabi-objdump -h -S  RTC.elf  > "RTC.list"
   text	   data	    bss	    dec	    hex	filename
   9408	     20	   1636	  11064	   2b38	RTC.elf
Finished building: default.size.stdout
 
Finished building: RTC.list
 
15:31:58 **** Incremental Build of configuration Debug for project RTC ****
make -j16 all 
arm-none-eabi-gcc "../Core/Src/main.c" -mcpu=cortex-m3 -std=gnu11 -g3 -DDEBUG -DUSE_HAL_DRIVER -DSTM32F103xB -c -I../Core/Inc -I../Drivers/STM32F1xx_HAL_Driver/Inc/Legacy -I../Drivers/STM32F1xx_HAL_Driver/Inc -I../Drivers/CMSIS/Device/ST/STM32F1xx/Include -I../Drivers/CMSIS/Include -O0 -ffunction-sections -fdata-sections -Wall -fstack-usage -fcyclomatic-complexity -MMD -MP -MF"Core/Src/main.d" -MT"Core/Src/main.o" --specs=nano.specs -mfloat-abi=soft -mthumb -o "Core/Src/main.o"
arm-none-eabi-gcc -o "RTC.elf" @"objects.list"   -mcpu=cortex-m3 -T"D:\smart_garden\RTC\STM32F103C8TX_FLASH.ld" --specs=nosys.specs -Wl,-Map="RTC.map" -Wl,--gc-sections -static --specs=nano.specs -mfloat-abi=soft -mthumb -Wl,--start-group -lc -lm -Wl,--end-group
Finished building target: RTC.elf
 
arm-none-eabi-size   RTC.elf 
arm-none-eabi-objdump -h -S  RTC.elf  > "RTC.list"
   text	   data	    bss	    dec	    hex	filename
   9408	     20	   1604	  11032	   2b18	RTC.elf
Finished building: default.size.stdout
 
Finished building: RTC.list
 
15:33:37 **** Incremental Build of configuration Debug for project RTC ****
make -j16 all 
arm-none-eabi-gcc "../Core/Src/main.c" -mcpu=cortex-m3 -std=gnu11 -g3 -DDEBUG -DUSE_HAL_DRIVER -DSTM32F103xB -c -I../Core/Inc -I../Drivers/STM32F1xx_HAL_Driver/Inc/Legacy -I../Drivers/STM32F1xx_HAL_Driver/Inc -I../Drivers/CMSIS/Device/ST/STM32F1xx/Include -I../Drivers/CMSIS/Include -O0 -ffunction-sections -fdata-sections -Wall -fstack-usage -fcyclomatic-complexity -MMD -MP -MF"Core/Src/main.d" -MT"Core/Src/main.o" --specs=nano.specs -mfloat-abi=soft -mthumb -o "Core/Src/main.o"
arm-none-eabi-gcc -o "RTC.elf" @"objects.list"   -mcpu=cortex-m3 -T"D:\smart_garden\RTC\STM32F103C8TX_FLASH.ld" --specs=nosys.specs -Wl,-Map="RTC.map" -Wl,--gc-sections -static --specs=nano.specs -mfloat-abi=soft -mthumb -Wl,--start-group -lc -lm -Wl,--end-group
Finished building target: RTC.elf
 
arm-none-eabi-size   RTC.elf 
arm-none-eabi-objdump -h -S  RTC.elf  > "RTC.list"
   text	   data	    bss	    dec	    hex	filename
   9404	     20	   1604	  11028	   2b14	RTC.elf
Finished building: default.size.stdout
 
Finished building: RTC.list
 
15:34:13 **** Incremental Build of configuration Debug for project RTC ****
make -j16 all 
arm-none-eabi-gcc "../Core/Src/main.c" -mcpu=cortex-m3 -std=gnu11 -g3 -DDEBUG -DUSE_HAL_DRIVER -DSTM32F103xB -c -I../Core/Inc -I../Drivers/STM32F1xx_HAL_Driver/Inc/Legacy -I../Drivers/STM32F1xx_HAL_Driver/Inc -I../Drivers/CMSIS/Device/ST/STM32F1xx/Include -I../Drivers/CMSIS/Include -O0 -ffunction-sections -fdata-sections -Wall -fstack-usage -fcyclomatic-complexity -MMD -MP -MF"Core/Src/main.d" -MT"Core/Src/main.o" --specs=nano.specs -mfloat-abi=soft -mthumb -o "Core/Src/main.o"
arm-none-eabi-gcc -o "RTC.elf" @"objects.list"   -mcpu=cortex-m3 -T"D:\smart_garden\RTC\STM32F103C8TX_FLASH.ld" --specs=nosys.specs -Wl,-Map="RTC.map" -Wl,--gc-sections -static --specs=nano.specs -mfloat-abi=soft -mthumb -Wl,--start-group -lc -lm -Wl,--end-group
Finished building target: RTC.elf
 
arm-none-eabi-size   RTC.elf 
arm-none-eabi-objdump -h -S  RTC.elf  > "RTC.list"
   text	   data	    bss	    dec	    hex	filename
   9388	     20	   1604	  11012	   2b04	RTC.elf
Finished building: default.size.stdout
 
Finished building: RTC.list
 
15:34:42 **** Incremental Build of configuration Debug for project I2C_SHT30 ****
make -j16 all 
arm-none-eabi-size   I2C_SHT30.elf 
   text	   data	    bss	    dec	    hex	filename
   6280	     20	   1660	   7960	   1f18	I2C_SHT30.elf
Finished building: default.size.stdout
 
15:34:42 **** Incremental Build of configuration Debug for project I2C_SHT30_DS3231 ****
make -j16 all 
arm-none-eabi-size   I2C_SHT30_DS3231.elf 
   text	   data	    bss	    dec	    hex	filename
  10068	     24	   1664	  11756	   2dec	I2C_SHT30_DS3231.elf
Finished building: default.size.stdout
 
15:34:43 **** Incremental Build of configuration Debug for project LORA_V2 ****
make -j16 all 
arm-none-eabi-size   LORA_V2.elf 
   text	   data	    bss	    dec	    hex	filename
  14572	     24	   1872	  16468	   4054	LORA_V2.elf
Finished building: default.size.stdout
 
15:34:43 **** Incremental Build of configuration Debug for project Low_Power ****
make -j16 all 
arm-none-eabi-size   Low_Power.elf 
   text	   data	    bss	    dec	    hex	filename
   9248	     20	   1652	  10920	   2aa8	Low_Power.elf
Finished building: default.size.stdout
 
15:34:43 **** Incremental Build of configuration Debug for project RTC ****
make -j16 all 
arm-none-eabi-size   RTC.elf 
   text	   data	    bss	    dec	    hex	filename
   9388	     20	   1604	  11012	   2b04	RTC.elf
Finished building: default.size.stdout
 
15:34:43 **** Incremental Build of configuration Debug for project Sleep_mode ****
make -j16 all 
arm-none-eabi-size   Sleep_mode.elf 
   text	   data	    bss	    dec	    hex	filename
   8628	     20	   1644	  10292	   2834	Sleep_mode.elf
Finished building: default.size.stdout
 
15:34:43 **** Incremental Build of configuration Debug for project Stanby_mode ****
make -j16 all 
arm-none-eabi-size   Stanby_mode.elf 
   text	   data	    bss	    dec	    hex	filename
   5772	     20	   1644	   7436	   1d0c	Stanby_mode.elf
Finished building: default.size.stdout
 
15:34:43 **** Incremental Build of configuration Debug for project Stop_mode ****
make -j16 all 
arm-none-eabi-gcc "../Core/Src/main.c" -mcpu=cortex-m3 -std=gnu11 -g3 -DDEBUG -DUSE_HAL_DRIVER -DSTM32F103xB -c -I../Core/Inc -I../Drivers/STM32F1xx_HAL_Driver/Inc/Legacy -I../Drivers/STM32F1xx_HAL_Driver/Inc -I../Drivers/CMSIS/Device/ST/STM32F1xx/Include -I../Drivers/CMSIS/Include -O0 -ffunction-sections -fdata-sections -Wall -fstack-usage -fcyclomatic-complexity -MMD -MP -MF"Core/Src/main.d" -MT"Core/Src/main.o" --specs=nano.specs -mfloat-abi=soft -mthumb -o "Core/Src/main.o"
arm-none-eabi-gcc -o "Stop_mode.elf" @"objects.list"   -mcpu=cortex-m3 -T"D:\smart_garden\Stop_mode\STM32F103C8TX_FLASH.ld" --specs=nosys.specs -Wl,-Map="Stop_mode.map" -Wl,--gc-sections -static --specs=nano.specs -mfloat-abi=soft -mthumb -Wl,--start-group -lc -lm -Wl,--end-group
Finished building target: Stop_mode.elf
 
arm-none-eabi-size   Stop_mode.elf 
arm-none-eabi-objdump -h -S  Stop_mode.elf  > "Stop_mode.list"
   text	   data	    bss	    dec	    hex	filename
  10152	     20	   1676	  11848	   2e48	Stop_mode.elf
Finished building: default.size.stdout
 
Finished building: Stop_mode.list
 
15:35:00 **** Incremental Build of configuration Debug for project RTC ****
make -j16 all 
arm-none-eabi-size   RTC.elf 
   text	   data	    bss	    dec	    hex	filename
   9388	     20	   1604	  11012	   2b04	RTC.elf
Finished building: default.size.stdout
 
15:36:40 **** Incremental Build of configuration Debug for project RTC ****
make -j16 all 
arm-none-eabi-gcc "../Core/Src/main.c" -mcpu=cortex-m3 -std=gnu11 -g3 -DDEBUG -DUSE_HAL_DRIVER -DSTM32F103xB -c -I../Core/Inc -I../Drivers/STM32F1xx_HAL_Driver/Inc/Legacy -I../Drivers/STM32F1xx_HAL_Driver/Inc -I../Drivers/CMSIS/Device/ST/STM32F1xx/Include -I../Drivers/CMSIS/Include -O0 -ffunction-sections -fdata-sections -Wall -fstack-usage -fcyclomatic-complexity -MMD -MP -MF"Core/Src/main.d" -MT"Core/Src/main.o" --specs=nano.specs -mfloat-abi=soft -mthumb -o "Core/Src/main.o"
arm-none-eabi-gcc -o "RTC.elf" @"objects.list"   -mcpu=cortex-m3 -T"D:\smart_garden\RTC\STM32F103C8TX_FLASH.ld" --specs=nosys.specs -Wl,-Map="RTC.map" -Wl,--gc-sections -static --specs=nano.specs -mfloat-abi=soft -mthumb -Wl,--start-group -lc -lm -Wl,--end-group
Finished building target: RTC.elf
 
arm-none-eabi-size   RTC.elf 
arm-none-eabi-objdump -h -S  RTC.elf  > "RTC.list"
   text	   data	    bss	    dec	    hex	filename
   9408	     20	   1604	  11032	   2b18	RTC.elf
Finished building: default.size.stdout
 
Finished building: RTC.list
 
15:43:22 **** Incremental Build of configuration Debug for project Stop_mode ****
make -j16 all 
arm-none-eabi-gcc "../Core/Src/main.c" -mcpu=cortex-m3 -std=gnu11 -g3 -DDEBUG -DUSE_HAL_DRIVER -DSTM32F103xB -c -I../Core/Inc -I../Drivers/STM32F1xx_HAL_Driver/Inc/Legacy -I../Drivers/STM32F1xx_HAL_Driver/Inc -I../Drivers/CMSIS/Device/ST/STM32F1xx/Include -I../Drivers/CMSIS/Include -O0 -ffunction-sections -fdata-sections -Wall -fstack-usage -fcyclomatic-complexity -MMD -MP -MF"Core/Src/main.d" -MT"Core/Src/main.o" --specs=nano.specs -mfloat-abi=soft -mthumb -o "Core/Src/main.o"
arm-none-eabi-gcc -o "Stop_mode.elf" @"objects.list"   -mcpu=cortex-m3 -T"D:\smart_garden\Stop_mode\STM32F103C8TX_FLASH.ld" --specs=nosys.specs -Wl,-Map="Stop_mode.map" -Wl,--gc-sections -static --specs=nano.specs -mfloat-abi=soft -mthumb -Wl,--start-group -lc -lm -Wl,--end-group
Finished building target: Stop_mode.elf
 
arm-none-eabi-size   Stop_mode.elf 
arm-none-eabi-objdump -h -S  Stop_mode.elf  > "Stop_mode.list"
   text	   data	    bss	    dec	    hex	filename
  10152	     20	   1676	  11848	   2e48	Stop_mode.elf
Finished building: default.size.stdout
 
Finished building: Stop_mode.list
 
15:45:09 **** Incremental Build of configuration Debug for project I2C_SHT30 ****
make -j16 all 
arm-none-eabi-size   I2C_SHT30.elf 
   text	   data	    bss	    dec	    hex	filename
   6280	     20	   1660	   7960	   1f18	I2C_SHT30.elf
Finished building: default.size.stdout
 
15:45:09 **** Incremental Build of configuration Debug for project I2C_SHT30_DS3231 ****
make -j16 all 
arm-none-eabi-size   I2C_SHT30_DS3231.elf 
   text	   data	    bss	    dec	    hex	filename
  10068	     24	   1664	  11756	   2dec	I2C_SHT30_DS3231.elf
Finished building: default.size.stdout
 
15:45:10 **** Incremental Build of configuration Debug for project LORA_V2 ****
make -j16 all 
arm-none-eabi-size   LORA_V2.elf 
   text	   data	    bss	    dec	    hex	filename
  14572	     24	   1872	  16468	   4054	LORA_V2.elf
Finished building: default.size.stdout
 
15:45:10 **** Incremental Build of configuration Debug for project Low_Power ****
make -j16 all 
arm-none-eabi-size   Low_Power.elf 
   text	   data	    bss	    dec	    hex	filename
   9248	     20	   1652	  10920	   2aa8	Low_Power.elf
Finished building: default.size.stdout
 
15:45:10 **** Incremental Build of configuration Debug for project RTC ****
make -j16 all 
arm-none-eabi-gcc "../Core/Src/main.c" -mcpu=cortex-m3 -std=gnu11 -g3 -DDEBUG -DUSE_HAL_DRIVER -DSTM32F103xB -c -I../Core/Inc -I../Drivers/STM32F1xx_HAL_Driver/Inc/Legacy -I../Drivers/STM32F1xx_HAL_Driver/Inc -I../Drivers/CMSIS/Device/ST/STM32F1xx/Include -I../Drivers/CMSIS/Include -O0 -ffunction-sections -fdata-sections -Wall -fstack-usage -fcyclomatic-complexity -MMD -MP -MF"Core/Src/main.d" -MT"Core/Src/main.o" --specs=nano.specs -mfloat-abi=soft -mthumb -o "Core/Src/main.o"
arm-none-eabi-gcc -o "RTC.elf" @"objects.list"   -mcpu=cortex-m3 -T"D:\smart_garden\RTC\STM32F103C8TX_FLASH.ld" --specs=nosys.specs -Wl,-Map="RTC.map" -Wl,--gc-sections -static --specs=nano.specs -mfloat-abi=soft -mthumb -Wl,--start-group -lc -lm -Wl,--end-group
Finished building target: RTC.elf
 
arm-none-eabi-size   RTC.elf 
arm-none-eabi-objdump -h -S  RTC.elf  > "RTC.list"
   text	   data	    bss	    dec	    hex	filename
   9408	     20	   1604	  11032	   2b18	RTC.elf
Finished building: default.size.stdout
 
Finished building: RTC.list
 
15:45:11 **** Incremental Build of configuration Debug for project Sleep_mode ****
make -j16 all 
arm-none-eabi-size   Sleep_mode.elf 
   text	   data	    bss	    dec	    hex	filename
   8628	     20	   1644	  10292	   2834	Sleep_mode.elf
Finished building: default.size.stdout
 
15:45:11 **** Incremental Build of configuration Debug for project Stanby_mode ****
make -j16 all 
arm-none-eabi-size   Stanby_mode.elf 
   text	   data	    bss	    dec	    hex	filename
   5772	     20	   1644	   7436	   1d0c	Stanby_mode.elf
Finished building: default.size.stdout
 
15:45:11 **** Incremental Build of configuration Debug for project Stop_mode ****
make -j16 all 
arm-none-eabi-gcc "../Core/Src/main.c" -mcpu=cortex-m3 -std=gnu11 -g3 -DDEBUG -DUSE_HAL_DRIVER -DSTM32F103xB -c -I../Core/Inc -I../Drivers/STM32F1xx_HAL_Driver/Inc/Legacy -I../Drivers/STM32F1xx_HAL_Driver/Inc -I../Drivers/CMSIS/Device/ST/STM32F1xx/Include -I../Drivers/CMSIS/Include -O0 -ffunction-sections -fdata-sections -Wall -fstack-usage -fcyclomatic-complexity -MMD -MP -MF"Core/Src/main.d" -MT"Core/Src/main.o" --specs=nano.specs -mfloat-abi=soft -mthumb -o "Core/Src/main.o"
../Core/Src/main.c: In function 'Alarm_Event_Callback':
../Core/Src/main.c:47:17: error: 'str' undeclared (first use in this function)
   47 |                 str="wake up ALARM_IT\r\n";
      |                 ^~~
../Core/Src/main.c:47:17: note: each undeclared identifier is reported only once for each function it appears in
../Core/Src/main.c: In function 'HAL_GPIO_EXTI_Callback':
../Core/Src/main.c:54:17: error: 'str' undeclared (first use in this function)
   54 |                 str="wake up GPIO_IT\r\n";
      |                 ^~~
../Core/Src/main.c: In function 'main':
../Core/Src/main.c:92:1: error: 'str' undeclared (first use in this function)
   92 | str = "about to go to stop mode\r\n";
      | ^~~
make: *** [Core/Src/subdir.mk:34: Core/Src/main.o] Error 1
"make -j16 all" terminated with exit code 2. Build might be incomplete.
15:45:24 **** Incremental Build of configuration Debug for project I2C_SHT30 ****
make -j16 all 
arm-none-eabi-size   I2C_SHT30.elf 
   text	   data	    bss	    dec	    hex	filename
   6280	     20	   1660	   7960	   1f18	I2C_SHT30.elf
Finished building: default.size.stdout
 
15:45:24 **** Incremental Build of configuration Debug for project I2C_SHT30_DS3231 ****
make -j16 all 
arm-none-eabi-size   I2C_SHT30_DS3231.elf 
   text	   data	    bss	    dec	    hex	filename
  10068	     24	   1664	  11756	   2dec	I2C_SHT30_DS3231.elf
Finished building: default.size.stdout
 
15:45:24 **** Incremental Build of configuration Debug for project LORA_V2 ****
make -j16 all 
arm-none-eabi-size   LORA_V2.elf 
   text	   data	    bss	    dec	    hex	filename
  14572	     24	   1872	  16468	   4054	LORA_V2.elf
Finished building: default.size.stdout
 
15:45:24 **** Incremental Build of configuration Debug for project Low_Power ****
make -j16 all 
arm-none-eabi-size   Low_Power.elf 
   text	   data	    bss	    dec	    hex	filename
   9248	     20	   1652	  10920	   2aa8	Low_Power.elf
Finished building: default.size.stdout
 
15:45:25 **** Incremental Build of configuration Debug for project RTC ****
make -j16 all 
arm-none-eabi-size   RTC.elf 
   text	   data	    bss	    dec	    hex	filename
   9408	     20	   1604	  11032	   2b18	RTC.elf
Finished building: default.size.stdout
 
15:45:25 **** Incremental Build of configuration Debug for project Sleep_mode ****
make -j16 all 
arm-none-eabi-size   Sleep_mode.elf 
   text	   data	    bss	    dec	    hex	filename
   8628	     20	   1644	  10292	   2834	Sleep_mode.elf
Finished building: default.size.stdout
 
15:45:25 **** Incremental Build of configuration Debug for project Stanby_mode ****
make -j16 all 
arm-none-eabi-size   Stanby_mode.elf 
   text	   data	    bss	    dec	    hex	filename
   5772	     20	   1644	   7436	   1d0c	Stanby_mode.elf
Finished building: default.size.stdout
 
15:45:25 **** Incremental Build of configuration Debug for project Stop_mode ****
make -j16 all 
arm-none-eabi-gcc "../Core/Src/main.c" -mcpu=cortex-m3 -std=gnu11 -g3 -DDEBUG -DUSE_HAL_DRIVER -DSTM32F103xB -c -I../Core/Inc -I../Drivers/STM32F1xx_HAL_Driver/Inc/Legacy -I../Drivers/STM32F1xx_HAL_Driver/Inc -I../Drivers/CMSIS/Device/ST/STM32F1xx/Include -I../Drivers/CMSIS/Include -O0 -ffunction-sections -fdata-sections -Wall -fstack-usage -fcyclomatic-complexity -MMD -MP -MF"Core/Src/main.d" -MT"Core/Src/main.o" --specs=nano.specs -mfloat-abi=soft -mthumb -o "Core/Src/main.o"
arm-none-eabi-gcc -o "Stop_mode.elf" @"objects.list"   -mcpu=cortex-m3 -T"D:\smart_garden\Stop_mode\STM32F103C8TX_FLASH.ld" --specs=nosys.specs -Wl,-Map="Stop_mode.map" -Wl,--gc-sections -static --specs=nano.specs -mfloat-abi=soft -mthumb -Wl,--start-group -lc -lm -Wl,--end-group
Finished building target: Stop_mode.elf
 
arm-none-eabi-size   Stop_mode.elf 
arm-none-eabi-objdump -h -S  Stop_mode.elf  > "Stop_mode.list"
   text	   data	    bss	    dec	    hex	filename
  10940	     20	   1668	  12628	   3154	Stop_mode.elf
Finished building: default.size.stdout
 
Finished building: Stop_mode.list
 
15:45:32 **** Incremental Build of configuration Debug for project Stop_mode ****
make -j16 all 
arm-none-eabi-size   Stop_mode.elf 
   text	   data	    bss	    dec	    hex	filename
  10940	     20	   1668	  12628	   3154	Stop_mode.elf
Finished building: default.size.stdout
 
15:50:52 **** Incremental Build of configuration Debug for project Stop_mode ****
make -j16 all 
arm-none-eabi-gcc "../Core/Src/main.c" -mcpu=cortex-m3 -std=gnu11 -g3 -DDEBUG -DUSE_HAL_DRIVER -DSTM32F103xB -c -I../Core/Inc -I../Drivers/STM32F1xx_HAL_Driver/Inc/Legacy -I../Drivers/STM32F1xx_HAL_Driver/Inc -I../Drivers/CMSIS/Device/ST/STM32F1xx/Include -I../Drivers/CMSIS/Include -O0 -ffunction-sections -fdata-sections -Wall -fstack-usage -fcyclomatic-complexity -MMD -MP -MF"Core/Src/main.d" -MT"Core/Src/main.o" --specs=nano.specs -mfloat-abi=soft -mthumb -o "Core/Src/main.o"
../Core/Src/main.c:43:6: error: two or more data types in declaration specifiers
   43 | void void HAL_RTC_AlarmAEventCallback(RTC_HandleTypeDef *hrtc){
      |      ^~~~
make: *** [Core/Src/subdir.mk:34: Core/Src/main.o] Error 1
"make -j16 all" terminated with exit code 2. Build might be incomplete.
15:51:03 **** Incremental Build of configuration Debug for project Stop_mode ****
make -j16 all 
arm-none-eabi-gcc "../Core/Src/main.c" -mcpu=cortex-m3 -std=gnu11 -g3 -DDEBUG -DUSE_HAL_DRIVER -DSTM32F103xB -c -I../Core/Inc -I../Drivers/STM32F1xx_HAL_Driver/Inc/Legacy -I../Drivers/STM32F1xx_HAL_Driver/Inc -I../Drivers/CMSIS/Device/ST/STM32F1xx/Include -I../Drivers/CMSIS/Include -O0 -ffunction-sections -fdata-sections -Wall -fstack-usage -fcyclomatic-complexity -MMD -MP -MF"Core/Src/main.d" -MT"Core/Src/main.o" --specs=nano.specs -mfloat-abi=soft -mthumb -o "Core/Src/main.o"
arm-none-eabi-gcc -o "Stop_mode.elf" @"objects.list"   -mcpu=cortex-m3 -T"D:\smart_garden\Stop_mode\STM32F103C8TX_FLASH.ld" --specs=nosys.specs -Wl,-Map="Stop_mode.map" -Wl,--gc-sections -static --specs=nano.specs -mfloat-abi=soft -mthumb -Wl,--start-group -lc -lm -Wl,--end-group
Finished building target: Stop_mode.elf
 
arm-none-eabi-size   Stop_mode.elf 
arm-none-eabi-objdump -h -S  Stop_mode.elf  > "Stop_mode.list"
   text	   data	    bss	    dec	    hex	filename
  10964	     20	   1668	  12652	   316c	Stop_mode.elf
Finished building: default.size.stdout
 
Finished building: Stop_mode.list
 
15:51:16 **** Incremental Build of configuration Debug for project Stop_mode ****
make -j16 all 
arm-none-eabi-size   Stop_mode.elf 
   text	   data	    bss	    dec	    hex	filename
  10964	     20	   1668	  12652	   316c	Stop_mode.elf
Finished building: default.size.stdout
 
15:51:38 **** Incremental Build of configuration Debug for project Stop_mode ****
make -j16 all 
arm-none-eabi-size   Stop_mode.elf 
   text	   data	    bss	    dec	    hex	filename
  10964	     20	   1668	  12652	   316c	Stop_mode.elf
Finished building: default.size.stdout
 
15:52:13 **** Incremental Build of configuration Debug for project Stop_mode ****
make -j16 all 
arm-none-eabi-size   Stop_mode.elf 
   text	   data	    bss	    dec	    hex	filename
  10964	     20	   1668	  12652	   316c	Stop_mode.elf
Finished building: default.size.stdout
 
15:53:02 **** Incremental Build of configuration Debug for project I2C_SHT30 ****
make -j16 all 
arm-none-eabi-size   I2C_SHT30.elf 
   text	   data	    bss	    dec	    hex	filename
   6280	     20	   1660	   7960	   1f18	I2C_SHT30.elf
Finished building: default.size.stdout
 
15:53:02 **** Incremental Build of configuration Debug for project I2C_SHT30_DS3231 ****
make -j16 all 
arm-none-eabi-size   I2C_SHT30_DS3231.elf 
   text	   data	    bss	    dec	    hex	filename
  10068	     24	   1664	  11756	   2dec	I2C_SHT30_DS3231.elf
Finished building: default.size.stdout
 
15:53:02 **** Incremental Build of configuration Debug for project LORA_V2 ****
make -j16 all 
arm-none-eabi-size   LORA_V2.elf 
   text	   data	    bss	    dec	    hex	filename
  14572	     24	   1872	  16468	   4054	LORA_V2.elf
Finished building: default.size.stdout
 
15:53:02 **** Incremental Build of configuration Debug for project Low_Power ****
make -j16 all 
arm-none-eabi-size   Low_Power.elf 
   text	   data	    bss	    dec	    hex	filename
   9248	     20	   1652	  10920	   2aa8	Low_Power.elf
Finished building: default.size.stdout
 
15:53:02 **** Incremental Build of configuration Debug for project RTC ****
make -j16 all 
arm-none-eabi-size   RTC.elf 
   text	   data	    bss	    dec	    hex	filename
   9408	     20	   1604	  11032	   2b18	RTC.elf
Finished building: default.size.stdout
 
15:53:03 **** Incremental Build of configuration Debug for project Sleep_mode ****
make -j16 all 
arm-none-eabi-size   Sleep_mode.elf 
   text	   data	    bss	    dec	    hex	filename
   8628	     20	   1644	  10292	   2834	Sleep_mode.elf
Finished building: default.size.stdout
 
15:53:03 **** Incremental Build of configuration Debug for project Stanby_mode ****
make -j16 all 
arm-none-eabi-size   Stanby_mode.elf 
   text	   data	    bss	    dec	    hex	filename
   5772	     20	   1644	   7436	   1d0c	Stanby_mode.elf
Finished building: default.size.stdout
 
15:53:03 **** Incremental Build of configuration Debug for project Stop_mode ****
make -j16 all 
arm-none-eabi-size   Stop_mode.elf 
   text	   data	    bss	    dec	    hex	filename
  10964	     20	   1668	  12652	   316c	Stop_mode.elf
Finished building: default.size.stdout
 
15:53:09 **** Incremental Build of configuration Debug for project Stop_mode ****
make -j16 all 
arm-none-eabi-size   Stop_mode.elf 
   text	   data	    bss	    dec	    hex	filename
  10964	     20	   1668	  12652	   316c	Stop_mode.elf
Finished building: default.size.stdout
 
15:54:11 **** Incremental Build of configuration Debug for project Stop_mode ****
make -j16 all 
arm-none-eabi-size   Stop_mode.elf 
   text	   data	    bss	    dec	    hex	filename
  10964	     20	   1668	  12652	   316c	Stop_mode.elf
Finished building: default.size.stdout
 
15:54:41 **** Incremental Build of configuration Debug for project Stop_mode ****
make -j16 all 
arm-none-eabi-size   Stop_mode.elf 
   text	   data	    bss	    dec	    hex	filename
  10964	     20	   1668	  12652	   316c	Stop_mode.elf
Finished building: default.size.stdout
 
